<?xml version="1.0" encoding="utf-8"?>
<COLLADA xmlns="http://www.collada.org/2005/11/COLLADASchema" version="1.4.1" xmlns:xsi="http://www.w3.org/2001/XMLSchema-instance">
  <asset>
    <contributor>
      <author>Blender User</author>
      <authoring_tool>Blender 4.4.3 commit date:2025-04-29, commit time:14:09, hash:802179c51ccc</authoring_tool>
    </contributor>
    <created>2026-08-11T16:50:48</created>
    <modified>2026-08-11T16:50:48</modified>
    <unit name="meter" meter="1"/>
    <up_axis>Z_UP</up_axis>
  </asset>
  <library_images/>
  <library_geometries>
    <geometry id="base-mesh" name="base">
      <mesh>
        <source id="base-mesh-positions">
          <float_array id="base-mesh-positions-array" count="16833">0.002696871 -0.06348776 0 -0.008071303 -0.0630303 0 -0.01506769 -0.06152248 0 -0.01259803 0.05649995 0 -0.01299995 0.05499994 0 -0.01860743 0.0607596 0 -0.05263227 0.03560262 0 -0.04229253 0.03805238 0 -0.04732209 0.03072959 0 -0.04151326 0.03656756 0 -0.04397225 0.0297023 0 -0.04013323 0.03561502 0 -0.04031813 0.02848827 0 -0.03846853 0.03541284 0 -0.03647202 0.02867323 0 -0.03690063 0.04177421 0 -0.03846853 0.04236882 0 -0.04220908 0.04719716 0 -0.04013323 0.0421667 0 -0.04587668 0.04396927 0 -0.04151326 0.0412141 0 -0.04229253 0.03972929 0 -0.03295117 0.03023231 0 -0.03690063 0.03600752 0 -0.03022915 0.03295576 0 -0.03578865 0.03726267 0 -0.02867197 0.03647744 0 -0.03538733 0.03889083 0 -0.02848905 0.04032361 0 -0.02970498 0.04397714 0 -0.03578865 0.04051899 0 -0.03068691 0.04691714 0 -0.03066301 0.04719716 0 -0.0303657 0.05068135 0 -0.03778594 0.05109 0 -0.028445 0.05393457 0 -0.0286082 0.05674099 0 -0.02594047 0.05576074 0 -0.02419364 0.05851489 0 -0.02419364 0.05649083 0 -0.02591395 0.05577325 0 -0.01756495 0.05728471 0 -0.01604175 0.05578023 0 -0.0154311 0.05413252 0 -0.01259803 0.05349999 0 -0.004619479 0.05785703 0 -0.004611074 0.05609977 0 -0.006999969 0.05499994 0 -0.004675924 0.05362004 0 -0.007401883 0.05349999 0 -0.005823791 0.05142098 0 -0.008499979 0.0524019 0 -0.007821142 0.04994994 0 -0.00999999 0.05199998 0 -0.01026177 0.04950618 0 -0.0115 0.0524019 0 -0.01264911 0.05018001 0 -0.01449757 0.05183428 0 -0.008071303 0.0630303 0 -0.003723323 0.05980134 0 -0.019611 0.05791497 0 -0.02135157 0.05767351 0 -0.02140128 0.05765563 0 -0.007401883 0.05649995 0 -0.008499979 0.05759805 0 -0.00999999 0.05799996 0 -0.0115 0.05759805 0 0.002696871 0.06348776 0 -3.15976e-4 0.06149816 0 -0.002030134 0.0611115 0 0.01419365 0.06187188 0 0.01419365 0.05964487 0 0.01338762 0.06211876 0 0.008265733 0.06094151 0 -2.63155e-4 0.06149893 0 0.04198259 0.04770147 0 0.04246592 0.04719716 0 0.03066301 0.04719716 0 0.03331708 0.0541104 0 0.0303657 0.05068135 0 0.028445 0.05393457 0 0.02369314 0.0589627 0 0.02594047 0.05576074 0 0.02591395 0.05577325 0 0.01793116 0.0588274 0 0.05068135 0.0303657 0 0.04088109 0.03600752 0 0.04199308 0.03726267 0 0.05576074 0.02594047 0 0.05393457 0.028445 0 0.05547571 0.03099054 0 0.04944026 0.03992021 0 0.04199308 0.04051899 0 0.03548914 0.03972929 0 0.02970498 0.04397714 0 0.03626841 0.0412141 0 0.03068691 0.04691714 0 0.03764849 0.0421667 0 0.03931313 0.04236882 0 0.04088109 0.04177421 0 0.03764849 0.03561502 0 0.03295379 0.03023052 0 0.03626841 0.03656756 0 0.03023052 0.03295379 0 0.03548914 0.03805238 0 0.02867233 0.03647589 0 0.02848893 0.04032284 0 0.04239439 0.03889083 0 0.04691714 0.03068691 0 0.04397714 0.02970498 0 0.03931313 0.03541284 0 0.04032284 0.02848893 0 0.03647589 0.02867233 0 0.03626841 -0.0412141 0 0.03052997 -0.04644715 0 0.02970498 -0.04397714 0 0.04199308 -0.03726267 0 0.05547571 -0.03099054 0 0.04239439 -0.03889083 0 0.04944026 -0.03992021 0 0.03626841 -0.03656756 0 0.03295379 -0.03023052 0 0.03764849 -0.03561502 0 0.03647589 -0.02867233 0 0.03931313 -0.03541284 0 0.03548914 -0.03972929 0 0.02848893 -0.04032284 0 0.03548914 -0.03805238 0 0.02867233 -0.03647589 0 0.03023052 -0.03295379 0 0.03764849 -0.0421667 0 0.03931313 -0.04236882 0 0.04318469 -0.04644715 0 0.04088109 -0.04177421 0 0.04199308 -0.04051899 0 0.04032284 -0.02848893 0 0.04397714 -0.02970498 0 0.04088109 -0.03600752 0 0.04691714 -0.03068691 0 0.05068135 -0.0303657 0 0.05393457 -0.028445 0 0.05576074 -0.02594047 0 0.05577325 -0.02591395 0 0.05991512 -0.02116936 0 0.05839747 -0.01928532 0 0.06263095 -0.01073914 0 0.06071907 -0.009766578 0 0.06354498 0 0 0.06149953 0 0 0.06263095 0.01073914 0 0.06071907 0.009766578 0 0.05991512 0.02116936 0 0.05839747 0.01928532 0 0.05577325 0.02591395 0 0.03331708 -0.0541104 0 0.0303657 -0.05068135 0 0.04198259 -0.04770147 0 0.03068691 -0.04691714 0 0.01419365 -0.05964487 0 0.01793116 -0.0588274 0 0.0153346 -0.06152248 0 0.02369314 -0.0589627 0 0.02591395 -0.05577325 0 0.02594047 -0.05576074 0 0.028445 -0.05393457 0 -0.019611 -0.05791497 0 -0.01756495 -0.05728471 0 -0.01860743 -0.0607596 0 -0.01259803 -0.05799996 0 0.008265733 -0.06094151 0 0.01419365 -0.06152248 0 -0.003723323 -0.05980134 0 -0.002030134 -0.0611115 0 -0.007401883 -0.05799996 0 -3.15976e-4 -0.06149816 0 -0.01604175 -0.05578023 0 -0.01299995 -0.05649995 0 -0.0115 -0.05909806 0 -0.00999999 -0.05949997 0 -0.008499979 -0.05909806 0 -2.63155e-4 -0.06149893 0 -0.02419364 -0.05851489 0 -0.02140128 -0.05765563 0 -0.02135157 -0.05767351 0 -0.01299995 -0.05349999 0 -0.0154311 -0.05413252 0 -0.01259803 -0.05199998 0 -0.01449757 -0.05183428 0 -0.0115 -0.05090188 0 -0.01264911 -0.05018001 0 -0.00999999 -0.05049997 0 -0.01026177 -0.04950618 0 -0.008499979 -0.05090188 0 -0.007821142 -0.04994994 0 -0.007401883 -0.05199998 0 -0.005823791 -0.05142098 0 -0.006999969 -0.05349999 0 -0.004675924 -0.05362004 0 -0.006999969 -0.05649995 0 -0.004611074 -0.05609977 0 -0.004619479 -0.05785703 0 -0.028445 -0.05393457 0 -0.0286082 -0.05674099 0 -0.0303657 -0.05068135 0 -0.03778594 -0.05109 0 -0.03068691 -0.04691714 0 -0.04306125 -0.04644715 0 -0.03052997 -0.04644715 0 -0.02594047 -0.05576074 0 -0.02591395 -0.05577325 0 -0.02419364 -0.05649083 0 -0.05381983 -0.02853858 0 -0.05263227 -0.02923893 0 -0.05263227 -0.03560262 0 -0.05080175 -0.03031837 0 -0.04732209 -0.03072959 0 -0.03846853 -0.04236882 0 -0.03690063 -0.04177421 0 -0.02970498 -0.04397714 0 -0.03578865 -0.04051899 0 -0.02848905 -0.04032361 0 -0.03538733 -0.03889083 0 -0.02867197 -0.03647744 0 -0.03578865 -0.03726267 0 -0.04397225 -0.0297023 0 -0.04013323 -0.03561502 0 -0.04031813 -0.02848827 0 -0.03846853 -0.03541284 0 -0.03647202 -0.02867323 0 -0.03690063 -0.03600752 0 -0.03295117 -0.03023231 0 -0.03022915 -0.03295576 0 -0.04151326 -0.03656756 0 -0.04229253 -0.03805238 0 -0.04229253 -0.03972929 0 -0.04587668 -0.04396927 0 -0.04151326 -0.0412141 0 -0.04013323 -0.0421667 0 -0.06149458 -0.01601195 0 -0.06287014 -0.009236454 0 -0.06219995 -0.009236454 0 -0.05264765 -0.03558361 0 -0.057904 -0.02617424 0 -0.05586361 -0.02569258 0 -0.05658578 -0.022264 0 -0.05658578 -0.008660197 0 -0.06205338 -0.008948326 0 -0.06190675 -0.008660197 0 0.01419365 -0.06187188 0 0.01338762 -0.06211876 0 -0.06287014 0.009236454 0 -0.05586361 0.02569258 0 -0.06219995 0.009236454 0 -0.05658578 0.022264 0 -0.06205338 0.008948326 0 -0.05658578 0.008660197 0 -0.06190675 0.008660197 0 -0.05080175 0.03031837 0 -0.05263227 0.02923893 0 -0.05264765 0.03558361 0 -0.05381983 0.02853858 0 -0.057904 0.02617424 0 -0.06149458 0.01601195 0 0.04219442 0.03889083 2.0349e-4 0.0423786 0.03982537 0.01780349 0.04181599 0.04042607 2.0349e-4 0.04201787 0.0406962 0.01780349 0.04172992 0.04052323 2.0349e-4 0.04144406 0.04144406 0.01780349 0.04076749 0.04160964 2.0349e-4 0.0406962 0.04201787 0.01780349 0.04052376 0.04170203 2.0349e-4 0.03982537 0.0423786 0.01780349 0.03928905 0.04217028 2.0349e-4 0.03889083 0.04250162 0.01780349 0.03889954 0.04212301 2.0349e-4 0.03771936 0.04197973 2.0349e-4 0.03795629 0.0423786 0.01780349 0.03728753 0.04168164 2.0349e-4 0.03708547 0.04201787 0.01780349 0.03641808 0.04108148 2.0349e-4 0.03633767 0.04144406 0.01780349 0.03611248 0.04049926 2.0349e-4 0.03576385 0.0406962 0.01780349 0.03568327 0.03968143 2.0349e-4 0.03540313 0.03982537 0.01780349 0.03558731 0.03889083 2.0349e-4 0.0352801 0.03889083 0.01780349 0.03568327 0.03810024 2.0349e-4 0.03540313 0.03795629 0.01780349 0.03611248 0.03728246 2.0349e-4 0.03576385 0.03708547 0.01780349 0.03641808 0.03670018 2.0349e-4 0.03633767 0.03633767 0.01780349 0.03728753 0.03610008 2.0349e-4 0.03708547 0.03576385 0.01780349 0.03771936 0.03580194 2.0349e-4 0.03795629 0.03540313 0.01780349 0.03889954 0.03565865 2.0349e-4 0.03889083 0.0352801 0.01780349 0.03928905 0.03561139 2.0349e-4 0.03982537 0.03540313 0.01780349 0.04052376 0.03607964 2.0349e-4 0.0406962 0.03576385 0.01780349 0.04076749 0.03617209 2.0349e-4 0.04144406 0.03633767 0.01780349 0.04172992 0.03725844 2.0349e-4 0.04201787 0.03708547 0.01780349 0.04181599 0.0373556 2.0349e-4 0.0423786 0.03795629 0.01780349 0.04250162 0.03889083 0.01780349 -0.03558731 0.03889083 2.0349e-4 -0.03540313 0.03982537 0.01780349 -0.03596568 0.04042607 2.0349e-4 -0.03576385 0.0406962 0.01780349 -0.03605175 0.04052323 2.0349e-4 -0.03633767 0.04144406 0.01780349 -0.03701424 0.04160964 2.0349e-4 -0.03708547 0.04201787 0.01780349 -0.03725796 0.04170203 2.0349e-4 -0.03795629 0.0423786 0.01780349 -0.03849261 0.04217028 2.0349e-4 -0.03889083 0.04250162 0.01780349 -0.03888219 0.04212301 2.0349e-4 -0.0400623 0.04197973 2.0349e-4 -0.03982537 0.0423786 0.01780349 -0.0404942 0.04168164 2.0349e-4 -0.0406962 0.04201787 0.01780349 -0.04136359 0.04108148 2.0349e-4 -0.04144406 0.04144406 0.01780349 -0.04166918 0.04049926 2.0349e-4 -0.04201787 0.0406962 0.01780349 -0.0420984 0.03968143 2.0349e-4 -0.0423786 0.03982537 0.01780349 -0.04219442 0.03889083 2.0349e-4 -0.04250162 0.03889083 0.01780349 -0.0420984 0.03810024 2.0349e-4 -0.0423786 0.03795629 0.01780349 -0.04166918 0.03728246 2.0349e-4 -0.04201787 0.03708547 0.01780349 -0.04136359 0.03670018 2.0349e-4 -0.04144406 0.03633767 0.01780349 -0.0404942 0.03610008 2.0349e-4 -0.0406962 0.03576385 0.01780349 -0.0400623 0.03580194 2.0349e-4 -0.03982537 0.03540313 0.01780349 -0.03888219 0.03565865 2.0349e-4 -0.03889083 0.0352801 0.01780349 -0.03849261 0.03561139 2.0349e-4 -0.03795629 0.03540313 0.01780349 -0.03725796 0.03607964 2.0349e-4 -0.03708547 0.03576385 0.01780349 -0.03701424 0.03617209 2.0349e-4 -0.03633767 0.03633767 0.01780349 -0.03605175 0.03725844 2.0349e-4 -0.03576385 0.03708547 0.01780349 -0.03596568 0.0373556 2.0349e-4 -0.03540313 0.03795629 0.01780349 -0.0352801 0.03889083 0.01780349 -0.03558731 -0.03889083 2.0349e-4 -0.03540313 -0.03795629 0.01780349 -0.03596568 -0.0373556 2.0349e-4 -0.03576385 -0.03708547 0.01780349 -0.03605175 -0.03725844 2.0349e-4 -0.03633767 -0.03633767 0.01780349 -0.03701424 -0.03617209 2.0349e-4 -0.03708547 -0.03576385 0.01780349 -0.03725796 -0.03607964 2.0349e-4 -0.03795629 -0.03540313 0.01780349 -0.03849261 -0.03561139 2.0349e-4 -0.03889083 -0.0352801 0.01780349 -0.03888219 -0.03565865 2.0349e-4 -0.0400623 -0.03580194 2.0349e-4 -0.03982537 -0.03540313 0.01780349 -0.0404942 -0.03610008 2.0349e-4 -0.0406962 -0.03576385 0.01780349 -0.04136359 -0.03670018 2.0349e-4 -0.04144406 -0.03633767 0.01780349 -0.04166918 -0.03728246 2.0349e-4 -0.04201787 -0.03708547 0.01780349 -0.0420984 -0.03810024 2.0349e-4 -0.0423786 -0.03795629 0.01780349 -0.04219442 -0.03889083 2.0349e-4 -0.04250162 -0.03889083 0.01780349 -0.0420984 -0.03968143 2.0349e-4 -0.0423786 -0.03982537 0.01780349 -0.04166918 -0.04049926 2.0349e-4 -0.04201787 -0.0406962 0.01780349 -0.04136359 -0.04108148 2.0349e-4 -0.04144406 -0.04144406 0.01780349 -0.0404942 -0.04168164 2.0349e-4 -0.0406962 -0.04201787 0.01780349 -0.0400623 -0.04197973 2.0349e-4 -0.03982537 -0.0423786 0.01780349 -0.03888219 -0.04212301 2.0349e-4 -0.03889083 -0.04250162 0.01780349 -0.03849261 -0.04217028 2.0349e-4 -0.03795629 -0.0423786 0.01780349 -0.03725796 -0.04170203 2.0349e-4 -0.03708547 -0.04201787 0.01780349 -0.03701424 -0.04160964 2.0349e-4 -0.03633767 -0.04144406 0.01780349 -0.03605175 -0.04052323 2.0349e-4 -0.03576385 -0.0406962 0.01780349 -0.03596568 -0.04042607 2.0349e-4 -0.03540313 -0.03982537 0.01780349 -0.0352801 -0.03889083 0.01780349 0.04219442 -0.03889083 2.0349e-4 0.0423786 -0.03795629 0.01780349 0.04181599 -0.0373556 2.0349e-4 0.04201787 -0.03708547 0.01780349 0.04172992 -0.03725844 2.0349e-4 0.04144406 -0.03633767 0.01780349 0.04076749 -0.03617209 2.0349e-4 0.0406962 -0.03576385 0.01780349 0.04052376 -0.03607964 2.0349e-4 0.03982537 -0.03540313 0.01780349 0.03928905 -0.03561139 2.0349e-4 0.03889083 -0.0352801 0.01780349 0.03889954 -0.03565865 2.0349e-4 0.03771936 -0.03580194 2.0349e-4 0.03795629 -0.03540313 0.01780349 0.03728753 -0.03610008 2.0349e-4 0.03708547 -0.03576385 0.01780349 0.03641808 -0.03670018 2.0349e-4 0.03633767 -0.03633767 0.01780349 0.03611248 -0.03728246 2.0349e-4 0.03576385 -0.03708547 0.01780349 0.03568327 -0.03810024 2.0349e-4 0.03540313 -0.03795629 0.01780349 0.03558731 -0.03889083 2.0349e-4 0.0352801 -0.03889083 0.01780349 0.03568327 -0.03968143 2.0349e-4 0.03540313 -0.03982537 0.01780349 0.03611248 -0.04049926 2.0349e-4 0.03576385 -0.0406962 0.01780349 0.03641808 -0.04108148 2.0349e-4 0.03633767 -0.04144406 0.01780349 0.03728753 -0.04168164 2.0349e-4 0.03708547 -0.04201787 0.01780349 0.03771936 -0.04197973 2.0349e-4 0.03795629 -0.0423786 0.01780349 0.03889954 -0.04212301 2.0349e-4 0.03889083 -0.04250162 0.01780349 0.03928905 -0.04217028 2.0349e-4 0.03982537 -0.0423786 0.01780349 0.04052376 -0.04170203 2.0349e-4 0.0406962 -0.04201787 0.01780349 0.04076749 -0.04160964 2.0349e-4 0.04144406 -0.04144406 0.01780349 0.04172992 -0.04052323 2.0349e-4 0.04201787 -0.0406962 0.01780349 0.04181599 -0.04042607 2.0349e-4 0.0423786 -0.03982537 0.01780349 0.04250162 -0.03889083 0.01780349 -0.001620471 0.05789482 0.03095877 -0.001482129 0.05702632 0.03324967 -0.002237796 0.05686348 0.03320401 -0.004827558 0.05056703 0.046597 -0.004271268 0.05139219 0.04411685 -0.003978192 0.05173319 0.04433512 -0.006543934 0.04900854 0.0514912 -0.006703138 0.04891711 0.05170696 -0.006710052 0.04893958 0.05131763 -0.006858229 0.04885721 0.05153489 -0.005982935 0.04904216 0.05198198 -0.00618267 0.04893714 0.0521959 -0.006177484 0.04906022 0.05182605 -0.006362974 0.04895734 0.05203986 -0.004980921 0.04967349 0.050619 -0.005250334 0.04968029 0.05046445 -0.006365478 0.04904901 0.05166161 -0.006537258 0.04895061 0.05187612 -0.004409849 0.05012571 0.04959809 -0.004724919 0.050125 0.0494455 -0.00550872 0.04964208 0.0502963 -0.005968034 0.04943555 0.04993557 -0.005749881 0.04955989 0.05011856 -0.005025386 0.05006748 0.04927527 -0.003846824 0.05108046 0.04720944 -0.002673804 0.0521723 0.04484629 -0.003311455 0.0512858 0.04691547 -0.003446996 0.05109739 0.04735523 -0.005546152 0.04979079 0.04890292 -0.004837274 0.05055266 0.04664009 -0.005301952 0.04995495 0.04909253 -0.004558086 0.05080181 0.04684364 -0.004222869 0.05098044 0.04703634 -0.003597795 0.05198633 0.0445376 -0.003153741 0.05213582 0.04471158 -0.00248456 0.05376982 0.04081702 -0.002797067 0.05499279 0.03692328 -0.003433465 0.05316567 0.04043042 -0.003229618 0.05450546 0.0366978 -0.003709733 0.05268841 0.04018998 -0.003012359 0.05353736 0.04064595 -0.002208232 0.05531209 0.03708678 -0.001897752 0.053842 0.04092824 -0.001533091 0.0554254 0.03716897 -0.001513898 0.05602812 0.03569346 -0.003575026 0.05333179 0.03821015 -0.003454446 0.05390799 0.03643721 -0.003433167 0.05512952 0.03254449 -0.003292322 0.05583822 0.03282284 -0.002872943 0.05644661 0.03305429 -0.001729846 0.05858182 0.02914655 -0.002558171 0.05836349 0.02914386 -0.003224313 0.05783981 0.02901822 -0.00360614 0.05710697 0.02879279 -0.003633558 0.05629926 0.02850884 0.02621012 0.04285198 0.04982095 0.02605277 0.0418846 0.0521959 0.02125465 0.04451185 0.0521959 0.02558511 0.05506235 0.01622635 0.02559769 0.05504977 0.01656383 0.0196979 0.05742573 0.01656383 0.0263127 0.05454492 0.02051454 0.02610152 0.05466234 0.02051889 0.02612721 0.05468004 0.0197463 0.02685356 0.04503941 0.04437196 0.02655267 0.04401636 0.04692041 0.02214485 0.04637622 0.04691481 0.02787536 0.04709851 0.03888976 0.02415406 0.05058389 0.03569602 0.02841347 0.04829835 0.03574144 0.02496457 0.05228132 0.0309655 0.02864038 0.04959893 0.03267318 0.02841681 0.04831767 0.03569591 0.02847039 0.05127602 0.0290274 0.02854084 0.05096429 0.02968823 0.0285834 0.05038052 0.03096449 0.02820032 0.0519765 0.02754324 0.02549153 0.0533849 0.02754026 0.02796471 0.05258756 0.02624857 0.02580642 0.0540443 0.02503699 0.02762329 0.05309706 0.02504003 0.02600145 0.05445277 0.02276331 0.02647197 0.05442893 0.02117431 0.02695721 0.05395013 0.02275866 0.02723628 0.05367469 0.02366983 0.0256018 0.05504566 0.01667332 0.02567654 0.05499351 0.01745885 0.01965385 0.05729734 0.02051889 0.0258699 0.05486738 0.01868057 0.0255841 0.05506694 0.01601529 0.01970148 0.05743616 0.01594519 0.02558445 0.05506813 0.01594519 -2.99661e-4 0.06070613 0.01656347 0.006081163 0.06040483 0.01656383 -4.61469e-4 0.06065148 0.01889699 0.006067574 0.06026977 0.02051889 -5.23361e-4 0.06063264 0.0193777 -7.14364e-4 0.06054168 0.02051496 -8.81262e-4 0.05988305 0.02503699 -0.001099407 0.06030857 0.02275949 -8.87923e-4 0.06033569 0.02276331 -0.001009345 0.0604012 0.02227133 -8.96494e-4 0.06045496 0.02159941 -8.7051e-4 0.05915242 0.02754026 -0.001763641 0.05919301 0.02735441 -0.001501142 0.05989551 0.02493655 -0.001778781 0.05896627 0.02803808 -0.001767754 0.0591315 0.02753996 -8.52514e-4 0.05792957 0.0309655 -8.24836e-4 0.05604881 0.03569602 -7.56224e-4 0.05138653 0.04691481 -7.25824e-4 0.04932081 0.0521959 0.008534073 0.06002551 0.01594519 0.01297765 0.05931812 0.01594519 0.01297533 0.05930739 0.01656383 0.01730483 0.05810701 0.01594519 -2.56788e-4 0.06072062 0.01594519 0.006082296 0.0604158 0.01594519 0.01957851 0.0570777 0.02276331 0.01943165 0.0566495 0.02503699 0.01919454 0.05595833 0.02754026 0.01879775 0.05480152 0.0309655 0.01818746 0.05302232 0.03569602 0.01667457 0.04861181 0.04691481 0.0129463 0.05917477 0.02051889 0.01289665 0.05894792 0.02276331 0.006044328 0.06003874 0.02276331 0.01279991 0.05850571 0.02503699 0.005998969 0.05958837 0.02503699 0.01264375 0.05779188 0.02754026 0.005925774 0.05886131 0.02754026 0.01238238 0.05659717 0.0309655 0.005803287 0.05764448 0.0309655 0.01198035 0.05475962 0.03569602 0.005614876 0.05577296 0.03569602 0.01098382 0.05020463 0.04691481 0.005147814 0.05113363 0.04691481 0.02009308 0.0449866 0.0521959 0.01600426 0.04665756 0.0521959 0.01378089 0.04727989 0.0521959 0.01054227 0.04818636 0.0521959 0.007220983 0.04871511 0.0521959 0.004940867 0.04907804 0.0521959 5.27869e-4 0.04926711 0.0521959 -0.01886218 -0.05475997 0.03095877 -0.01868593 -0.05389839 0.03324967 -0.01792132 -0.05401194 0.03320401 -0.01328092 -0.04903006 0.046597 -0.01409208 -0.04960662 0.04411685 -0.01448643 -0.04982262 0.04433512 -0.01112586 -0.04817551 0.0514912 -0.0109446 -0.04814594 0.05170696 -0.01094609 -0.04816943 0.05131763 -0.01077842 -0.04814445 0.05153489 -0.01166272 -0.04800945 0.05198198 -0.01143884 -0.04798144 0.0521959 -0.011487 -0.04809486 0.05182605 -0.01127719 -0.04806381 0.05203986 -0.01282286 -0.04824769 0.050619 -0.01257312 -0.0483489 0.05046445 -0.01130712 -0.04815053 0.05166161 -0.01111167 -0.04811888 0.05187612 -0.01351654 -0.04846996 0.04959809 -0.01322138 -0.04858016 0.0494455 -0.01231777 -0.04840409 0.0502963 -0.01181519 -0.04837244 0.04993557 -0.01206308 -0.04841202 0.05011856 -0.01291996 -0.04863208 0.04927527 -0.01437968 -0.04916542 0.04720944 -0.01586192 -0.04977446 0.04484629 -0.01495301 -0.04916918 0.04691547 -0.01475989 -0.04904049 0.04735523 -0.01233512 -0.04855644 0.04890292 -0.01326686 -0.04902005 0.04664009 -0.01262146 -0.04862409 0.04909253 -0.01361584 -0.04915493 0.04684364 -0.01399242 -0.04920417 0.04703634 -0.01493161 -0.04992562 0.0445376 -0.01539987 -0.04990923 0.04471158 -0.01660138 -0.05120313 0.04081702 -0.01673936 -0.05245786 0.03692328 -0.01550054 -0.05097168 0.04043042 -0.01616299 -0.05215394 0.0366978 -0.01507395 -0.05062222 0.04018998 -0.01602554 -0.0511713 0.04064595 -0.01740294 -0.05254942 0.03708678 -0.01717609 -0.05106413 0.04092824 -0.01807475 -0.05241781 0.03716897 -0.01830482 -0.05297523 0.03569346 -0.01542651 -0.05117696 0.03821015 -0.01574224 -0.05167382 0.03643721 -0.01619207 -0.05280971 0.03254449 -0.01657336 -0.05342352 0.03282284 -0.01718008 -0.05384534 0.03305429 -0.0190016 -0.05544149 0.02914655 -0.01814949 -0.0555287 0.02914386 -0.01734161 -0.05527305 0.02901822 -0.01672625 -0.05472147 0.02879279 -0.01641625 -0.05397516 0.02850884 -0.02621012 -0.04285198 0.04982095 -0.02605277 -0.0418846 0.0521959 -0.02143836 -0.04442369 0.0521959 -0.01967811 -0.05659061 0.02493655 -0.02015733 -0.05681598 0.02293586 -0.02002096 -0.05644398 0.02503699 -0.02647197 -0.05442893 0.02117431 -0.02695721 -0.05395013 0.02275866 -0.02622622 -0.05434489 0.02276331 -0.02685356 -0.04503941 0.04437196 -0.02655267 -0.04401636 0.04692041 -0.0223363 -0.04628431 0.04691481 -0.02787536 -0.04709851 0.03888976 -0.02436286 -0.05048364 0.03569602 -0.02841347 -0.04829835 0.03574144 -0.02518039 -0.05217772 0.0309655 -0.02864038 -0.04959893 0.03267318 -0.02841681 -0.04831767 0.03569591 -0.02847039 -0.05127602 0.0290274 -0.02854084 -0.05096429 0.02968823 -0.0285834 -0.05038052 0.03096449 -0.02820032 -0.0519765 0.02754324 -0.02571189 -0.0532791 0.02754026 -0.02796471 -0.05258756 0.02624857 -0.02602946 -0.05393719 0.02503699 -0.02762329 -0.05309706 0.02504003 -0.02723628 -0.05367469 0.02366983 -0.02019953 -0.05683583 0.02275949 -0.02031648 -0.05689084 0.02227133 -0.02632939 -0.05453276 0.02058368 -0.02064204 -0.0569185 0.02051496 -0.02558511 -0.05506235 0.01622635 -0.02559769 -0.05504977 0.01656383 -0.02108806 -0.05692642 0.01656347 -0.0256018 -0.05504566 0.01667332 -0.02091735 -0.05693221 0.01889699 -0.02567654 -0.05499351 0.01745885 -0.0208528 -0.05693638 0.0193777 -0.0258699 -0.05486738 0.01868057 -0.0263127 -0.05454492 0.02051454 -0.0255841 -0.05506694 0.01601529 -0.0211333 -0.05692493 0.01594519 -0.02558445 -0.05506813 0.01594519 -0.01909112 -0.05581855 0.02803808 -0.01915961 -0.05596935 0.02753996 -0.01977664 -0.05575525 0.02754026 -0.01918512 -0.0560255 0.02735441 -0.01965785 -0.05656737 0.02503603 -0.01873904 -0.05282992 0.03569602 -0.01936781 -0.05460268 0.0309655 -0.01718026 -0.04843538 0.04691481 -0.01648962 -0.04648828 0.0521959 -0.02140903 -0.04443591 0.0521959 -0.01651895 -0.04647606 0.0521959 -0.002697944 -0.06355756 0.01599752 0 -0.06372076 0.01599752 0 -0.06366366 0.01862269 -0.03616505 -0.05239415 0.01862269 -0.03599691 -0.05215054 0.02278941 -0.04202049 -0.04743134 0.02278941 -0.05239415 -0.03616505 0.01862269 -0.05215054 -0.03599691 0.02278941 -0.05610924 -0.02944839 0.02278941 0.05637139 -0.02958595 0.01862269 0.05610924 -0.02944839 0.02278941 0.05215054 -0.03599691 0.02278941 0.03616505 -0.05239415 0.01862269 0.03599691 -0.05215054 0.02278941 0.02944839 -0.05610924 0.02278941 -0.04889231 -0.005936563 0.06338566 -0.04836827 -0.005872964 0.068098 -0.04872351 0 0.068098 -0.005936563 0.04889231 0.06338566 -0.005872964 0.04836827 0.068098 0 0.04872351 0.068098 0.04605084 -0.01746475 0.06338566 0.04555726 -0.01727759 0.068098 0.04314249 -0.02264291 0.068098 0.005936563 -0.04889231 0.06338566 0.005872964 -0.04836827 0.068098 0 -0.04872351 0.068098 -0.02692508 -0.04029315 0.07499998 -0.02755111 -0.03991466 0.07499998 -0.02767807 -0.04009866 0.068098 -0.04029315 -0.02692508 0.07499998 -0.04294461 -0.02253907 0.07499998 -0.04314249 -0.02264291 0.068098 -0.04029315 0.02692508 0.07499998 -0.03991466 0.02755111 0.07499998 -0.04009866 0.02767807 0.068098 -0.02692508 0.04029315 0.07499998 -0.02253907 0.04294461 0.07499998 -0.02264291 0.04314249 0.068098 0.02692508 0.04029315 0.07499998 0.02755111 0.03991466 0.07499998 0.02767807 0.04009866 0.068098 0.04029315 0.02692508 0.07499998 0.04294461 0.02253907 0.07499998 0.04314249 0.02264291 0.068098 0.04029315 -0.02692508 0.07499998 0.03991466 -0.02755111 0.07499998 0.04009866 -0.02767807 0.068098 0.02692508 -0.04029315 0.07499998 0.02253907 -0.04294461 0.07499998 0.02264291 -0.04314249 0.068098 0.03962522 0.03234362 0.05602699 0.03854107 0.03244674 0.05860131 0.04143446 0.02860015 0.05859553 0.03587234 0.03327983 0.06568926 0.03524565 0.03368651 0.0681045 0.03647005 0.03230965 0.068098 0.03399205 0.03477394 0.0699203 0.03368598 0.03523772 0.06810325 0.03230965 0.03647005 0.068098 0.03334724 0.03575086 0.06609272 0.03293269 0.03667747 0.06339132 0.0326597 0.03686523 0.06338566 0.03278589 0.0370056 0.06243473 0.03264582 0.05062431 0.03333425 0.03267294 0.0513451 0.03166908 0.02829045 0.05390298 0.03167206 0.03431773 0.05313593 0.02355992 0.03593266 0.05205744 0.02355992 0.03599691 0.05215054 0.02278941 0.03967881 0.04912251 0.02355992 0.04194551 0.04734671 0.02355992 0.04202049 0.04743134 0.02278941 -0.03272658 0.05267065 0.02847379 -0.03267365 0.05132347 0.03166556 -0.02829045 0.05390298 0.03167206 -0.03234362 0.03962522 0.05602699 -0.03244674 0.03854107 0.05860131 -0.02860015 0.04143446 0.05859553 -0.03327983 0.03587234 0.06568926 -0.03368651 0.03524565 0.0681045 -0.03230965 0.03647005 0.068098 -0.03477394 0.03399205 0.0699203 -0.03523772 0.03368598 0.06810325 -0.03647005 0.03230965 0.068098 -0.03575086 0.03334724 0.06609272 -0.03667747 0.03293269 0.06339132 -0.03686523 0.0326597 0.06338566 -0.0370056 0.03278589 0.06243473 -0.05062431 0.03264582 0.03333425 -0.0513451 0.03267294 0.03166908 -0.05390298 0.02829045 0.03167206 -0.05313593 0.03431773 0.02355992 -0.05205744 0.03593266 0.02355992 -0.05215054 0.03599691 0.02278941 -0.04464608 -0.04464608 0.02355992 -0.04734671 -0.04194551 0.02355992 -0.04743134 -0.04202049 0.02278941 -0.05267065 -0.03272658 0.02847379 -0.05132347 -0.03267365 0.03166556 -0.05390298 -0.02829045 0.03167206 -0.03962522 -0.03234362 0.05602699 -0.03854107 -0.03244674 0.05860131 -0.04143446 -0.02860015 0.05859553 -0.03587234 -0.03327983 0.06568926 -0.03524565 -0.03368651 0.0681045 -0.03647005 -0.03230965 0.068098 -0.03399205 -0.03477394 0.0699203 -0.03368598 -0.03523772 0.06810325 -0.03230965 -0.03647005 0.068098 -0.03334724 -0.03575086 0.06609272 -0.03293269 -0.03667747 0.06339132 -0.0326597 -0.03686523 0.06338566 -0.03278589 -0.0370056 0.06243473 -0.03264582 -0.05062431 0.03333425 -0.03267294 -0.0513451 0.03166908 -0.02829045 -0.05390298 0.03167206 0.0329867 -0.04616916 0.04182457 0.03223997 -0.04670763 0.04182124 0.03304749 -0.04790806 0.03834122 0.03613865 -0.03322523 0.06442779 0.0364989 -0.03311228 0.06339001 0.03686523 -0.0326597 0.06338566 0.03714334 -0.03291016 0.06153392 0.03734111 -0.03284817 0.06096428 0.03826844 -0.03277236 0.05860215 0.04143446 -0.02860015 0.05859553 -0.06366366 0 0.01862269 -0.06370747 -4.94742e-4 0.01663434 -0.06369698 -0.001013517 0.01655024 -0.06319952 -0.007673799 0.01862269 -0.06366795 -0.002451777 0.01631706 -0.06366634 -0.00249046 0.01630413 -0.06269389 0.01074862 0.01599752 -0.06325614 0.007680654 0.01599752 -0.06319952 0.007673799 0.01862269 -0.06362956 0.003408014 0.01599752 -0.0636782 0.001960158 0.01639771 -0.06369376 0.00149697 0.01652574 -0.06370079 4.78175e-4 0.01658129 -0.06370407 0 0.0166074 0.03423637 -0.03447914 0.07098007 0.03426444 -0.03444772 0.0710594 0.03216141 -0.03630274 0.07499998 0.03406023 -0.03469532 0.07013022 0.03416264 -0.03456586 0.07068574 0.03420275 -0.03451794 0.07086014 0.03430229 -0.03440678 0.07113319 0.03432101 -0.03438717 0.07115513 0.03423207 -0.03423207 0.07499998 0.03434377 -0.03436386 0.07116848 0.03436172 -0.03434586 0.07116901 0.03630274 -0.03216141 0.07499998 0.03437894 -0.03432893 0.07116138 0.03440397 -0.03430497 0.07113695 0.03445416 -0.0342586 0.07104456 0.03459459 -0.03413921 0.07057088 0.03502023 -0.03382915 0.06862843 0.03647005 -0.03230965 0.068098 0.03516066 -0.03375333 0.06810086 0.03574079 -0.03344005 0.06592202 0.03331887 -0.03592801 0.0651164 0.03230965 -0.03647005 0.068098 0.0331223 -0.03651356 0.06339251 0.0326597 -0.03686523 0.06338566 0.03291064 -0.03714412 0.06153613 0.03341692 -0.03573024 0.06580775 0.03346639 -0.03563052 0.06615632 0.03375732 -0.0351724 0.06810307 0.02860015 -0.04143446 0.05859553 0.03277385 -0.03826892 0.05860233 0.027978 -0.04053312 0.06338566 0.03285437 -0.03731173 0.0610426 0.03283804 -0.04192107 0.0503394 0.03279763 -0.04084491 0.05265676 0.02974349 -0.04309087 0.05264979 0.03274804 -0.03952574 0.05549746 0.03272151 -0.03889083 0.05701673 0.03294187 -0.04488641 0.04439419 0.03316396 -0.05102777 0.03166967 0.03306466 -0.04839926 0.03735721 0.02637487 -0.05025321 0.04182124 0.03324884 -0.0529477 0.02680808 0.03317689 -0.05137085 0.03092736 0.02829045 -0.05390298 0.03167206 0.03584724 -0.0519337 0.02439999 0.03376311 -0.05331212 0.02439999 0.03354734 -0.05343866 0.02444088 0.03349608 -0.05346375 0.02447062 0.03339737 -0.05351203 0.02452784 0.03330188 -0.0535469 0.0246306 0.03329432 -0.05354797 0.02464574 0.03324693 -0.05355441 0.02473986 0.03322499 -0.05353814 0.02485948 0.02907997 -0.05540722 0.02661859 0.03322505 -0.05353009 0.02489125 0.03324645 -0.05300557 0.02661758 0.0519337 -0.03584724 0.02439999 0.04723411 -0.04184579 0.02439999 0.0529477 -0.03324884 0.02680808 0.05300557 -0.03324645 0.02661758 0.05540722 -0.02907997 0.02661859 0.05353009 -0.03322505 0.02489125 0.05355238 -0.03323763 0.02477127 0.05355113 -0.0332846 0.02465772 0.05354827 -0.03329384 0.0246458 0.0535286 -0.03335684 0.02456456 0.0534687 -0.03348952 0.02446722 0.05346679 -0.0334931 0.02446615 0.05336076 -0.03368425 0.0244053 0.05331212 -0.03376311 0.02439999 0.04905205 -0.03308826 0.03600728 0.05102431 -0.03316289 0.03172922 0.05390298 -0.02829045 0.03167206 0.05104756 -0.0331639 0.03167176 0.0525825 -0.03323024 0.02787309 0.0440948 -0.03291445 0.04596477 0.0461803 -0.0329867 0.04182302 0.04670763 -0.03223997 0.04182124 0.04672825 -0.03300571 0.04073482 0.04790937 -0.03304767 0.03833192 0.03889083 -0.03272151 0.05701673 0.04083496 -0.03279769 0.05265408 0.04309087 -0.02974349 0.05264979 0.0412026 -0.03281205 0.05182898 -0.03284484 -0.05380934 0.02470976 -0.03291517 -0.05381542 0.02450472 -0.02944839 -0.05610924 0.02278941 -0.03280329 -0.05378204 0.024921 -0.03270274 -0.05213832 0.02983665 -0.03276109 -0.0533123 0.02661842 -0.02907997 -0.05540722 0.02661859 -0.03276151 -0.0533207 0.02659535 -0.03279072 -0.05374562 0.02509188 -0.03307044 -0.05378478 0.02422189 -0.03340232 -0.05365413 0.02387237 -0.03379553 -0.05345124 0.02365434 -0.03258836 -0.04883092 0.03713583 -0.03246903 -0.04453474 0.04574835 -0.03252202 -0.04651039 0.04182213 -0.03223997 -0.04670763 0.04182124 -0.03252947 -0.04678964 0.04126715 -0.03254002 -0.04715496 0.04052776 -0.03234362 -0.03962522 0.05602699 -0.03238314 -0.04117739 0.05265724 -0.02974349 -0.04309087 0.05264979 -0.03240698 -0.04211366 0.05062466 -0.03272074 -0.03715121 0.06201034 -0.03242033 -0.03854161 0.05859792 -0.02860015 -0.04143446 0.05859553 -0.0323764 -0.03874492 0.05809891 -0.03447633 -0.03423738 0.07101982 -0.03443032 -0.03427958 0.07111245 -0.03630274 -0.03216141 0.07499998 -0.03476905 -0.0339958 0.06994128 -0.03460538 -0.03412622 0.07061189 -0.03451609 -0.03420215 0.07091367 -0.03440326 -0.03430515 0.07114899 -0.0343768 -0.03433072 0.07117027 -0.03423207 -0.03423207 0.07499998 -0.03435575 -0.03435152 0.07117629 -0.03433465 -0.0343728 0.07117217 -0.03216141 -0.03630274 0.07499998 -0.03431034 -0.03439784 0.07115453 -0.03427529 -0.03443491 0.07110482 -0.03419232 -0.03452736 0.07087999 -0.0379377 -0.03250414 0.06003403 -0.03702116 -0.0328086 0.06243586 -0.03686523 -0.0326597 0.06338566 -0.03665739 -0.03292942 0.06338918 -0.03641426 -0.03301018 0.06402647 -0.04053312 -0.027978 0.06338566 -0.04309087 -0.02974349 0.05264979 -0.04117488 -0.0323832 0.05265742 -0.04017299 -0.03235781 0.05476862 -0.04721271 -0.03254324 0.040367 -0.04650616 -0.03252208 0.04182159 -0.04670763 -0.03223997 0.04182124 -0.04634368 -0.03251725 0.04215604 -0.042912 -0.03242725 0.04899668 -0.05326336 -0.03276193 0.02660912 -0.05345124 -0.03379553 0.02365434 -0.05313593 -0.03431773 0.02355992 -0.05205744 -0.03593266 0.02355992 -0.04912251 -0.03967881 0.02355992 -0.05365413 -0.03340232 0.02387237 -0.05378478 -0.03307044 0.02422189 -0.05381542 -0.03291517 0.02450472 -0.05380934 -0.03284484 0.02470976 -0.05378204 -0.03280329 0.024921 -0.05540722 -0.02907997 0.02661859 -0.05374562 -0.03279072 0.02509188 -0.03431773 -0.05313593 0.02355992 -0.03593266 -0.05205744 0.02355992 -0.03967881 -0.04912251 0.02355992 -0.04194551 -0.04734671 0.02355992 -0.03379553 0.05345124 0.02365434 -0.02944839 0.05610924 0.02278941 -0.03431773 0.05313593 0.02355992 -0.03599691 0.05215054 0.02278941 -0.03340232 0.05365413 0.02387237 -0.03307044 0.05378478 0.02422189 -0.03291517 0.05381542 0.02450472 -0.03284484 0.05380934 0.02470976 -0.03280329 0.05378204 0.024921 -0.02907997 0.05540722 0.02661859 -0.03279072 0.05374562 0.02509188 -0.04202049 0.04743134 0.02278941 -0.03967881 0.04912251 0.02355992 -0.03593266 0.05205744 0.02355992 -0.04912251 0.03967881 0.02355992 -0.04734671 0.04194551 0.02355992 -0.04743134 0.04202049 0.02278941 -0.04464608 0.04464608 0.02355992 -0.04194551 0.04734671 0.02355992 -0.05380934 0.03284484 0.02470976 -0.05381542 0.03291517 0.02450472 -0.05610924 0.02944839 0.02278941 -0.05378204 0.03280329 0.024921 -0.05213832 0.03270274 0.02983665 -0.0533123 0.03276109 0.02661842 -0.05540722 0.02907997 0.02661859 -0.0533207 0.03276151 0.02659535 -0.05374562 0.03279072 0.02509188 -0.05378478 0.03307044 0.02422189 -0.05365413 0.03340232 0.02387237 -0.05345124 0.03379553 0.02365434 -0.04883092 0.03258836 0.03713583 -0.04453474 0.03246903 0.04574835 -0.04651039 0.03252202 0.04182213 -0.04670763 0.03223997 0.04182124 -0.04678964 0.03252947 0.04126715 -0.04715496 0.03254002 0.04052776 -0.03962522 0.03234362 0.05602699 -0.04117739 0.03238314 0.05265724 -0.04309087 0.02974349 0.05264979 -0.04211366 0.03240698 0.05062466 -0.03715121 0.03272074 0.06201034 -0.03854161 0.03242033 0.05859792 -0.04143446 0.02860015 0.05859553 -0.03874492 0.0323764 0.05809891 -0.03423738 0.03447633 0.07101982 -0.03427958 0.03443032 0.07111245 -0.03216141 0.03630274 0.07499998 -0.0339958 0.03476905 0.06994128 -0.03412622 0.03460538 0.07061189 -0.03420215 0.03451609 0.07091367 -0.03430515 0.03440326 0.07114899 -0.03433072 0.0343768 0.07117027 -0.03423207 0.03423207 0.07499998 -0.03435152 0.03435575 0.07117629 -0.0343728 0.03433465 0.07117217 -0.03630274 0.03216141 0.07499998 -0.03439784 0.03431034 0.07115453 -0.03443491 0.03427529 0.07110482 -0.03452736 0.03419232 0.07087999 -0.03250414 0.0379377 0.06003403 -0.0328086 0.03702116 0.06243586 -0.0326597 0.03686523 0.06338566 -0.03292942 0.03665739 0.06338918 -0.03301018 0.03641426 0.06402647 -0.027978 0.04053312 0.06338566 -0.02974349 0.04309087 0.05264979 -0.0323832 0.04117488 0.05265742 -0.03235781 0.04017299 0.05476862 -0.03254324 0.04721271 0.040367 -0.03252208 0.04650616 0.04182159 -0.03223997 0.04670763 0.04182124 -0.03251725 0.04634368 0.04215604 -0.03242725 0.042912 0.04899668 -0.03276193 0.05326336 0.02660912 0.05610924 0.02944839 0.02278941 0.05215054 0.03599691 0.02278941 0.05313593 0.03431773 0.02355992 0.05345124 0.03379553 0.02365434 0.05365413 0.03340232 0.02387237 0.05378478 0.03307044 0.02422189 0.05381542 0.03291517 0.02450472 0.05380934 0.03284484 0.02470976 0.05540722 0.02907997 0.02661859 0.05378204 0.03280329 0.024921 0.04464608 0.04464608 0.02355992 0.04734671 0.04194551 0.02355992 0.04743134 0.04202049 0.02278941 0.04912251 0.03967881 0.02355992 0.05205744 0.03593266 0.02355992 0.03280329 0.05378204 0.024921 0.03284484 0.05380934 0.02470976 0.02944839 0.05610924 0.02278941 0.03291517 0.05381542 0.02450472 0.03307044 0.05378478 0.02422189 0.03270274 0.05213832 0.02983665 0.03276109 0.0533123 0.02661842 0.02907997 0.05540722 0.02661859 0.03276151 0.0533207 0.02659535 0.03279072 0.05374562 0.02509188 0.03340232 0.05365413 0.02387237 0.03379553 0.05345124 0.02365434 0.03258836 0.04883092 0.03713583 0.03246903 0.04453474 0.04574835 0.03252202 0.04651039 0.04182213 0.03223997 0.04670763 0.04182124 0.03252947 0.04678964 0.04126715 0.03254002 0.04715496 0.04052776 0.03234362 0.03962522 0.05602699 0.03238314 0.04117739 0.05265724 0.02974349 0.04309087 0.05264979 0.03240698 0.04211366 0.05062466 0.03272074 0.03715121 0.06201034 0.03242033 0.03854161 0.05859792 0.02860015 0.04143446 0.05859553 0.0323764 0.03874492 0.05809891 0.03447633 0.03423738 0.07101982 0.03443032 0.03427958 0.07111245 0.03630274 0.03216141 0.07499998 0.03476905 0.0339958 0.06994128 0.03460538 0.03412622 0.07061189 0.03451609 0.03420215 0.07091367 0.03440326 0.03430515 0.07114899 0.0343768 0.03433072 0.07117027 0.03423207 0.03423207 0.07499998 0.03435575 0.03435152 0.07117629 0.03433465 0.0343728 0.07117217 0.03216141 0.03630274 0.07499998 0.03431034 0.03439784 0.07115453 0.03427529 0.03443491 0.07110482 0.03419232 0.03452736 0.07087999 0.0379377 0.03250414 0.06003403 0.03702116 0.0328086 0.06243586 0.03686523 0.0326597 0.06338566 0.03665739 0.03292942 0.06338918 0.03641426 0.03301018 0.06402647 0.04053312 0.027978 0.06338566 0.04309087 0.02974349 0.05264979 0.04117488 0.0323832 0.05265742 0.04017299 0.03235781 0.05476862 0.04721271 0.03254324 0.040367 0.04650616 0.03252208 0.04182159 0.04670763 0.03223997 0.04182124 0.04634368 0.03251725 0.04215604 0.042912 0.03242725 0.04899668 0.05390298 0.02829045 0.03167206 0.05132347 0.03267365 0.03166556 0.05055528 0.03264343 0.03348559 0.05025321 0.02637487 0.04182124 0.05374562 0.03279072 0.02509188 0.05326336 0.03276193 0.02660912 0.05267065 0.03272658 0.02847379 0 -0.0485 0.07499998 0.005846023 -0.04814636 0.07499998 0.009446918 -0.04748648 0.07499998 0.01719832 -0.04534828 0.07499998 0.01160681 -0.04709064 0.07499998 0.01166027 -0.04730767 0.068098 0.02755111 -0.03991466 0.07499998 0.02767807 -0.04009866 0.068098 0.04709064 -0.01160681 0.07499998 0.04534828 -0.01719832 0.07499998 0.04474759 -0.01853287 0.07499998 0.04294461 -0.02253907 0.07499998 0.0485 0 0.07499998 0.04814636 -0.005846023 0.07499998 0.04836827 -0.005872964 0.068098 0.04534828 0.01719832 0.07499998 0.04709064 0.01160681 0.07499998 0.04730767 0.01166027 0.068098 0.03991466 0.02755111 0.07499998 0.04009866 0.02767807 0.068098 0.01853287 0.04474759 0.07499998 0.02253907 0.04294461 0.07499998 0.02264291 0.04314249 0.068098 0.01727759 0.04555726 0.068098 0.01719832 0.04534828 0.07499998 0.005872964 0.04836827 0.068098 0.005846023 0.04814636 0.07499998 0.009446918 0.04748648 0.07499998 0 0.0485 0.07499998 -0.005846023 0.04814636 0.07499998 -0.009446918 0.04748648 0.07499998 -0.01719832 0.04534828 0.07499998 -0.01160681 0.04709064 0.07499998 -0.01166027 0.04730767 0.068098 -0.02755111 0.03991466 0.07499998 -0.02767807 0.04009866 0.068098 -0.04314249 0.02264291 0.068098 -0.04294461 0.02253907 0.07499998 -0.04555726 0.01727759 0.068098 -0.04534828 0.01719832 0.07499998 -0.04474759 0.01853287 0.07499998 -0.04836827 0.005872964 0.068098 -0.04814636 0.005846023 0.07499998 -0.04748648 0.009446918 0.07499998 -0.0485 0 0.07499998 -0.04814636 -0.005846023 0.07499998 -0.04748648 -0.009446918 0.07499998 -0.04534828 -0.01719832 0.07499998 -0.04709064 -0.01160681 0.07499998 -0.04730767 -0.01166027 0.068098 -0.03991466 -0.02755111 0.07499998 -0.04009866 -0.02767807 0.068098 -0.01853287 -0.04474759 0.07499998 -0.02253907 -0.04294461 0.07499998 -0.02264291 -0.04314249 0.068098 -0.01727759 -0.04555726 0.068098 -0.01719832 -0.04534828 0.07499998 -0.005872964 -0.04836827 0.068098 -0.005846023 -0.04814636 0.07499998 -0.009446918 -0.04748648 0.07499998 0.01178663 -0.04782027 0.06338566 0.01204872 -0.04888361 0.05859553 0.04053312 -0.027978 0.06338566 0.04748648 -0.009446918 0.07499998 0.04730767 -0.01166027 0.068098 0.04782027 -0.01178663 0.06338566 0.04888361 -0.01204872 0.05859553 0.027978 0.04053312 0.06338566 -0.01178663 0.04782027 0.06338566 -0.01204872 0.04888361 0.05859553 -0.04053312 0.027978 0.06338566 -0.04782027 -0.01178663 0.06338566 -0.04888361 -0.01204872 0.05859553 -0.027978 -0.04053312 0.06338566 0.01853287 -0.04474759 0.07499998 0.01727759 -0.04555726 0.068098 0.01746475 -0.04605084 0.06338566 0.01785314 -0.04707491 0.05859553 0.01856684 -0.04895681 0.05264979 0.04889231 -0.005936563 0.06338566 0.0499795 -0.006068587 0.05859553 0.05197757 -0.006311178 0.05264979 -0.01853287 0.04474759 0.07499998 -0.01727759 0.04555726 0.068098 -0.01746475 0.04605084 0.06338566 -0.01785314 0.04707491 0.05859553 -0.01856684 0.04895681 0.05264979 -0.04474759 -0.01853287 0.07499998 -0.04555726 -0.01727759 0.068098 -0.04605084 -0.01746475 0.06338566 -0.04707491 -0.01785314 0.05859553 -0.04895681 -0.01856684 0.05264979 0.02288824 -0.04360997 0.06338566 0.0233972 -0.04457968 0.05859553 0.02433258 -0.04636186 0.05264979 0.04814636 0.005846023 0.07499998 0.04872351 0 0.068098 0.04925143 0 0.06338566 0.05034661 0 0.05859553 0.05235928 0 0.05264979 0.05675405 0 0.04182124 -0.02288824 0.04360997 0.06338566 -0.0233972 0.04457968 0.05859553 -0.02433258 0.04636186 0.05264979 -0.02637487 0.05025321 0.04182124 -0.04360997 -0.02288824 0.06338566 -0.04457968 -0.0233972 0.05859553 -0.04636186 -0.02433258 0.05264979 -0.05025321 -0.02637487 0.04182124 0.02012526 -0.05306595 0.04182124 0.01253038 -0.05083787 0.05264979 0.006068587 -0.0499795 0.05859553 0 -0.04925143 0.06338566 0.05025321 -0.02637487 0.04182124 0.04748648 0.009446918 0.07499998 0.04836827 0.005872964 0.068098 0.04889231 0.005936563 0.06338566 0.0499795 0.006068587 0.05859553 0.05197757 0.006311178 0.05264979 0.05634021 0.006840944 0.04182124 0.06043207 0.007337749 0.03167206 0.04360997 0.02288824 0.06338566 0.04457968 0.0233972 0.05859553 0.04636186 0.02433258 0.05264979 0.02637487 0.05025321 0.04182124 -0.03264343 0.05055528 0.03348559 -0.02012526 0.05306595 0.04182124 -0.01253038 0.05083787 0.05264979 -0.006068587 0.0499795 0.05859553 0 0.04925143 0.06338566 -0.05025321 0.02637487 0.04182124 -0.05055528 -0.03264343 0.03348559 -0.05306595 -0.02012526 0.04182124 -0.05083787 -0.01253038 0.05264979 -0.0499795 -0.006068587 0.05859553 -0.04925143 0 0.06338566 -0.02637487 -0.05025321 0.04182124 0.02158689 -0.05691999 0.03167206 0.01358211 -0.05510485 0.04182124 0.006311178 -0.05197757 0.05264979 0 -0.05034661 0.05859553 -0.005936563 -0.04889231 0.06338566 -0.01166027 -0.04730767 0.068098 -0.01160681 -0.04709064 0.07499998 0.04782027 0.01178663 0.06338566 0.04888361 0.01204872 0.05859553 0.05083787 0.01253038 0.05264979 0.05510485 0.01358211 0.04182124 0.059107 0.01456856 0.03167206 0.0607565 0.01497513 0.02661859 -0.02158689 0.05691999 0.03167206 -0.01358211 0.05510485 0.04182124 -0.006311178 0.05197757 0.05264979 0 0.05034661 0.05859553 0.005936563 0.04889231 0.06338566 0.01166027 0.04730767 0.068098 0.01160681 0.04709064 0.07499998 -0.05691999 -0.02158689 0.03167206 -0.05510485 -0.01358211 0.04182124 -0.05197757 -0.006311178 0.05264979 -0.05034661 0 0.05859553 -0.04889231 0.005936563 0.06338566 -0.04730767 0.01166027 0.068098 -0.04709064 0.01160681 0.07499998 0.02218931 -0.05850845 0.02661859 0.01456856 -0.059107 0.03167206 0.006840944 -0.05634021 0.04182124 0 -0.05235928 0.05264979 -0.006068587 -0.0499795 0.05859553 -0.01178663 -0.04782027 0.06338566 0.04474759 0.01853287 0.07499998 0.04555726 0.01727759 0.068098 0.04605084 0.01746475 0.06338566 0.04707491 0.01785314 0.05859553 0.04895681 0.01856684 0.05264979 0.05306595 0.02012526 0.04182124 0.05691999 0.02158689 0.03167206 0.05850845 0.02218931 0.02661859 0.05924975 0.02247047 0.02278941 -0.02218931 0.05850845 0.02661859 -0.01456856 0.059107 0.03167206 -0.006840944 0.05634021 0.04182124 0 0.05235928 0.05264979 0.006068587 0.0499795 0.05859553 0.01178663 0.04782027 0.06338566 -0.05850845 -0.02218931 0.02661859 -0.059107 -0.01456856 0.03167206 -0.05634021 -0.006840944 0.04182124 -0.05235928 0 0.05264979 -0.0499795 0.006068587 0.05859553 -0.04782027 0.01178663 0.06338566 0.05850845 -0.02218931 0.02661859 0.05924975 -0.02247047 0.02278941 0.06152629 -0.01516485 0.02278941 -0.02433258 -0.04636186 0.05264979 -0.02012526 -0.05306595 0.04182124 -0.02158689 -0.05691999 0.03167206 -0.01456856 -0.059107 0.03167206 -0.01497513 -0.0607565 0.02661859 -0.00754255 -0.06211853 0.02661859 -0.007638096 -0.0629056 0.02278941 0 -0.06336766 0.02278941 0.007673799 -0.06319952 0.01862269 -0.02288824 -0.04360997 0.06338566 -0.0233972 -0.04457968 0.05859553 -0.01785314 -0.04707491 0.05859553 -0.01856684 -0.04895681 0.05264979 -0.01253038 -0.05083787 0.05264979 -0.01358211 -0.05510485 0.04182124 -0.006840944 -0.05634021 0.04182124 -0.007337749 -0.06043207 0.03167206 0 -0.06087595 0.03167206 0 -0.0625748 0.02661859 0.00754255 -0.06211853 0.02661859 0.007638096 -0.0629056 0.02278941 0.01516485 -0.06152629 0.02278941 0.01523572 -0.06181371 0.01862269 0.02257543 -0.05952656 0.01862269 0.04743134 -0.04202049 0.02278941 0.04765295 -0.04221683 0.01862269 0.05239415 -0.03616505 0.01862269 0.06319952 -0.007673799 0.01862269 0.06181371 -0.01523572 0.01862269 0.05952656 -0.02257543 0.01862269 0.04457968 -0.0233972 0.05859553 0.04636186 -0.02433258 0.05264979 0.04895681 -0.01856684 0.05264979 0.05306595 -0.02012526 0.04182124 0.05510485 -0.01358211 0.04182124 0.059107 -0.01456856 0.03167206 0.06043207 -0.007337749 0.03167206 0.06211853 -0.00754255 0.02661859 0.0625748 0 0.02661859 0.06336766 0 0.02278941 0.0629056 0.007638096 0.02278941 0.06319952 0.007673799 0.01862269 0.06181371 0.01523572 0.01862269 0.05637139 0.02958595 0.01862269 0.05239415 0.03616505 0.01862269 0.04765295 0.04221683 0.01862269 0.03616505 0.05239415 0.01862269 0.02958595 0.05637139 0.01862269 0.02218931 0.05850845 0.02661859 0.02247047 0.05924975 0.02278941 0.01516485 0.06152629 0.02278941 0.01523572 0.06181371 0.01862269 0.007673799 0.06319952 0.01862269 0.02158689 0.05691999 0.03167206 0.01497513 0.0607565 0.02661859 0.007638096 0.0629056 0.02278941 0 0.06366366 0.01862269 0.02288824 0.04360997 0.06338566 0.0233972 0.04457968 0.05859553 0.01785314 0.04707491 0.05859553 0.01856684 0.04895681 0.05264979 0.01253038 0.05083787 0.05264979 0.01358211 0.05510485 0.04182124 0.006840944 0.05634021 0.04182124 0.007337749 0.06043207 0.03167206 0 0.06087595 0.03167206 0 0.0625748 0.02661859 -0.00754255 0.06211853 0.02661859 -0.007638096 0.0629056 0.02278941 -0.01516485 0.06152629 0.02278941 -0.01523572 0.06181371 0.01862269 -0.02257543 0.05952656 0.01862269 -0.03616505 0.05239415 0.01862269 -0.04221683 0.04765295 0.01862269 -0.04765295 0.04221683 0.01862269 -0.05637139 0.02958595 0.01862269 -0.05952656 0.02257543 0.01862269 -0.05691999 0.02158689 0.03167206 -0.05850845 0.02218931 0.02661859 -0.0607565 0.01497513 0.02661859 -0.06152629 0.01516485 0.02278941 -0.0629056 0.007638096 0.02278941 -0.04636186 0.02433258 0.05264979 -0.05306595 0.02012526 0.04182124 -0.059107 0.01456856 0.03167206 -0.06211853 0.00754255 0.02661859 -0.06336766 0 0.02278941 -0.04360997 0.02288824 0.06338566 -0.04457968 0.0233972 0.05859553 -0.04707491 0.01785314 0.05859553 -0.04895681 0.01856684 0.05264979 -0.05083787 0.01253038 0.05264979 -0.05510485 0.01358211 0.04182124 -0.05634021 0.006840944 0.04182124 -0.06043207 0.007337749 0.03167206 -0.06087595 0 0.03167206 -0.0625748 0 0.02661859 -0.06211853 -0.00754255 0.02661859 -0.0629056 -0.007638096 0.02278941 -0.06152629 -0.01516485 0.02278941 -0.06181371 -0.01523572 0.01862269 -0.05952656 -0.02257543 0.01862269 -0.04605084 0.01746475 0.06338566 -0.04888361 0.01204872 0.05859553 -0.05197757 0.006311178 0.05264979 -0.05675405 0 0.04182124 -0.06043207 -0.007337749 0.03167206 -0.0607565 -0.01497513 0.02661859 -0.05924975 -0.02247047 0.02278941 -0.05637139 -0.02958595 0.01862269 -0.04765295 -0.04221683 0.01862269 -0.04221683 -0.04765295 0.01862269 -0.02958595 -0.05637139 0.01862269 -0.02257543 -0.05952656 0.01862269 -0.02247047 -0.05924975 0.02278941 -0.01523572 -0.06181371 0.01862269 0.007680654 -0.06325614 0.01599752 0.008089363 -0.06318122 0.01599752 0.01524937 -0.06186914 0.01599752 0.01862448 -0.06081736 0.01599752 0.02259564 -0.0595799 0.01599752 0.028665 -0.05684834 0.01599752 -0.01746475 -0.04605084 0.06338566 -0.01204872 -0.04888361 0.05859553 -0.006311178 -0.05197757 0.05264979 0 -0.05675405 0.04182124 0.007337749 -0.06043207 0.03167206 0.01497513 -0.0607565 0.02661859 0.02247047 -0.05924975 0.02278941 0.02958595 -0.05637139 0.01862269 0.02961248 -0.05642193 0.01599752 0.03619748 -0.05244112 0.01599752 0.03783386 -0.05115908 0.01599752 0.04221683 -0.04765295 0.01862269 0.04202049 -0.04743134 0.02278941 0.04184579 -0.04723411 0.02439999 0.04225462 -0.04769563 0.01599752 0.04593151 -0.0440188 0.01599752 0.04769563 -0.04225462 0.01599752 0.05244112 -0.03619748 0.01599752 0.05276358 -0.03566408 0.01599752 0.05642193 -0.02961248 0.01599752 0.05795818 -0.02619898 0.01599752 0.0595799 -0.02259564 0.01599752 0.06162184 -0.01604288 0.01599752 0.06186914 -0.01524937 0.01599752 0.06325614 -0.007680654 0.01599752 0.06339424 -0.005397975 0.01599752 0.05691999 -0.02158689 0.03167206 0.0607565 -0.01497513 0.02661859 0.0629056 -0.007638096 0.02278941 0.06366366 0 0.01862269 0.06372076 0 0.01599752 0.06339424 0.005397975 0.01599752 0.06325614 0.007680654 0.01599752 0.06186914 0.01524937 0.01599752 0.06162184 0.01604288 0.01599752 0.04360997 -0.02288824 0.06338566 0.04707491 -0.01785314 0.05859553 0.05083787 -0.01253038 0.05264979 0.05634021 -0.006840944 0.04182124 0.06087595 0 0.03167206 0.06211853 0.00754255 0.02661859 0.06152629 0.01516485 0.02278941 0.05952656 0.02257543 0.01862269 0.0595799 0.02259564 0.01599752 0.05795818 0.02619898 0.01599752 0.04769563 0.04225462 0.01599752 0.05244112 0.03619748 0.01599752 0.05276358 0.03566408 0.01599752 0.05642193 0.02961248 0.01599752 0.04593151 0.0440188 0.01599752 0.04221683 0.04765295 0.01862269 0.04225462 0.04769563 0.01599752 0.03783386 0.05115908 0.01599752 0.03619748 0.05244112 0.01599752 0.02961248 0.05642193 0.01599752 0.028665 0.05684834 0.01599752 0.02257543 0.05952656 0.01862269 0.02259564 0.0595799 0.01599752 0.01862448 0.06081736 0.01599752 0.01524937 0.06186914 0.01599752 0.008089363 0.06318122 0.01599752 0.007680654 0.06325614 0.01599752 0 0.06372076 0.01599752 -0.002697944 0.06355756 0.01599752 0.02433258 0.04636186 0.05264979 0.02012526 0.05306595 0.04182124 0.01456856 0.059107 0.03167206 0.00754255 0.06211853 0.02661859 0 0.06336766 0.02278941 -0.007673799 0.06319952 0.01862269 -0.007680654 0.06325614 0.01599752 -0.01340919 0.06220632 0.01599752 -0.01524937 0.06186914 0.01599752 -0.02259564 0.0595799 0.01599752 -0.02373272 0.05906814 0.01599752 0.01746475 0.04605084 0.06338566 0.01204872 0.04888361 0.05859553 0.006311178 0.05197757 0.05264979 0 0.05675405 0.04182124 -0.007337749 0.06043207 0.03167206 -0.01497513 0.0607565 0.02661859 -0.02247047 0.05924975 0.02278941 -0.02958595 0.05637139 0.01862269 -0.02961248 0.05642193 0.01599752 -0.03335016 0.05416238 0.01599752 -0.04769563 0.04225462 0.01599752 -0.04225462 0.04769563 0.01599752 -0.04209113 0.04782378 0.01599752 -0.03619748 0.05244112 0.01599752 -0.04949092 0.03996318 0.01599752 -0.05239415 0.03616505 0.01862269 -0.05244112 0.03619748 0.01599752 -0.05556166 0.03103548 0.01599752 -0.05642193 0.02961248 0.01599752 -0.0595799 0.02259564 0.01599752 -0.06001275 0.02120667 0.01599752 -0.05924975 0.02247047 0.02278941 -0.06181371 0.01523572 0.01862269 -0.06186914 0.01524937 0.01599752 -0.06269389 -0.01074862 0.01599752 -0.06325614 -0.007680654 0.01599752 -0.06362956 -0.003408014 0.01599752 -0.06186914 -0.01524937 0.01599752 -0.06001275 -0.02120667 0.01599752 -0.0595799 -0.02259564 0.01599752 -0.05642193 -0.02961248 0.01599752 -0.05556166 -0.03103548 0.01599752 -0.05244112 -0.03619748 0.01599752 -0.04949092 -0.03996318 0.01599752 -0.04769563 -0.04225462 0.01599752 -0.04225462 -0.04769563 0.01599752 -0.04209113 -0.04782378 0.01599752 -0.03619748 -0.05244112 0.01599752 -0.03335016 -0.05416238 0.01599752 -0.02961248 -0.05642193 0.01599752 -0.02373272 -0.05906814 0.01599752 -0.02259564 -0.0595799 0.01599752 -0.01524937 -0.06186914 0.01599752 -0.01340919 -0.06220632 0.01599752 -0.02218931 -0.05850845 0.02661859 -0.01516485 -0.06152629 0.02278941 -0.007673799 -0.06319952 0.01862269 -0.007680654 -0.06325614 0.01599752 -0.06335371 0.008533537 0.004188954 -0.06331998 0.008732557 0.00462079 -0.06300884 0.01080191 3.97171e-4 -0.06339251 0.008721888 5.40657e-4 -0.06341731 0.008540213 5.8563e-4 -0.06345194 0.008237242 8.55269e-4 -0.06331342 0.009301543 3.97171e-4 -0.06348353 0.007960975 0.001101136 -0.06348735 0.007913649 0.001216173 -0.06350415 0.007705152 0.001722931 -0.06350308 0.007707774 0.001764714 -0.06349021 0.007739722 0.002275526 -0.0634849 0.007752954 0.002486646 -0.06345969 0.007907986 0.002831816 -0.06327188 0.00894916 0.005614042 -0.06322658 0.009153127 0.006549417 -0.06321728 0.009151816 0.007084965 -0.06321358 0.008810758 0.01002997 -0.06319355 0.009134054 0.008575141 -0.06319266 0.00914824 0.008511245 -0.06321901 0.008723914 0.01042079 -0.06326168 0.008266925 0.0114035 -0.06329685 0.00789076 0.01221257 -0.06350451 0.005455613 0.01482903 -0.06352627 0.005179405 0.01506274 -0.06333041 0.007526099 0.01268988 -0.06340754 0.006688892 0.01378577 -0.06341409 0.006605148 0.01385658 -0.06358492 0.004174232 0.01559352 -0.06362932 0.003412783 0.01599568 -0.0635522 -0.004737019 0.01529818 -0.06352752 -0.005161225 0.01507496 -0.06346642 -0.005939662 0.01441943 -0.06340867 -0.006675541 0.01379978 -0.06337851 -0.007003307 0.01337301 -0.06329828 -0.0078758 0.01223719 -0.06329572 -0.007902979 0.01217931 -0.06323623 -0.008538603 0.0108239 -0.06321984 -0.008714079 0.01044958 -0.06320506 -0.008949816 0.00939989 -0.06319266 -0.009147167 0.00852096 -0.06320279 -0.009149372 0.007926046 -0.06322616 -0.009154498 0.006562173 -0.06300884 -0.01080191 3.97171e-4 -0.063232 -0.009128093 0.006439685 -0.06330233 -0.008813142 0.004979074 -0.06331819 -0.008741974 0.004649102 -0.06349867 -0.007743239 0.001770138 -0.06349635 -0.007823526 0.001344501 -0.06348687 -0.00791496 0.001225233 -0.06349062 -0.007736444 0.002272546 -0.06350046 -0.007681965 0.002094805 -0.06345969 -0.007907986 0.002831816 -0.0634582 -0.007917821 0.002848327 -0.06345057 -0.008264422 7.6949e-4 -0.06344872 -0.008278846 7.62535e-4 -0.06339019 -0.008738696 5.41383e-4 -0.06336116 -0.008966147 4.31982e-4 -0.06339919 -0.008265018 0.003606915 -0.06331342 -0.009301543 3.97171e-4 -0.05566555 -0.03109663 3.97171e-4 -0.05831229 -0.02635878 3.97171e-4 -0.06012022 -0.02124178 3.97171e-4 -0.06192815 -0.01612484 3.97171e-4 -0.04212629 -0.04786473 3.97171e-4 -0.04620015 -0.04427927 3.97171e-4 -0.04960948 -0.04005688 3.97171e-4 -0.05301886 -0.03583449 3.97171e-4 -0.01343339 -0.06233137 3.97171e-4 -0.01873862 -0.06118804 3.97171e-4 -0.02377426 -0.05916452 3.97171e-4 -0.0288099 -0.05714106 3.97171e-4 -0.03343111 -0.05429565 3.97171e-4 -0.03805238 -0.05145019 3.97171e-4 0.008098959 -0.06324607 3.97171e-4 0.002715885 -0.06393539 3.97171e-4 -0.00270611 -0.06370508 3.97171e-4 -0.008128225 -0.06347471 3.97171e-4 0.03791528 -0.05126488 3.97171e-4 0.03355199 -0.05449193 3.97171e-4 0.02870613 -0.05693519 3.97171e-4 0.02386021 -0.05937844 3.97171e-4 0.01867109 -0.06096756 3.97171e-4 0.01348197 -0.06255674 3.97171e-4 0.05282783 -0.03570538 3.97171e-4 0.04978889 -0.04020172 3.97171e-4 0.04603374 -0.04411977 3.97171e-4 0.04227858 -0.04803782 3.97171e-4 0.06353282 -0.005407392 3.97171e-4 0.06307256 -0.01081484 3.97171e-4 0.06170505 -0.01606673 3.97171e-4 0.0603376 -0.02131861 3.97171e-4 0.05810219 -0.02626383 3.97171e-4 0.05586683 -0.03120905 3.97171e-4 0.06170505 0.01606673 3.97171e-4 0.06307256 0.01081484 3.97171e-4 0.06353282 0.005407392 3.97171e-4 0.06399303 0 3.97171e-4 0.04603374 0.04411977 3.97171e-4 0.04978889 0.04020172 3.97171e-4 0.05282783 0.03570538 3.97171e-4 0.05586683 0.03120905 3.97171e-4 0.05810219 0.02626383 3.97171e-4 0.0603376 0.02131861 3.97171e-4 0.02870613 0.05693519 3.97171e-4 0.03355199 0.05449193 3.97171e-4 0.03791528 0.05126488 3.97171e-4 0.04227858 0.04803782 3.97171e-4 -0.00270611 0.06370508 3.97171e-4 0.002715885 0.06393539 3.97171e-4 0.008098959 0.06324607 3.97171e-4 0.01348197 0.06255674 3.97171e-4 0.01867109 0.06096756 3.97171e-4 0.02386021 0.05937844 3.97171e-4 -0.02377426 0.05916452 3.97171e-4 -0.01873862 0.06118804 3.97171e-4 -0.01343339 0.06233137 3.97171e-4 -0.008128225 0.06347471 3.97171e-4 -0.04212629 0.04786473 3.97171e-4 -0.03805238 0.05145019 3.97171e-4 -0.03343111 0.05429565 3.97171e-4 -0.0288099 0.05714106 3.97171e-4 -0.06012022 0.02124178 3.97171e-4 -0.05831229 0.02635878 3.97171e-4 -0.05566555 0.03109663 3.97171e-4 -0.05301886 0.03583449 3.97171e-4 -0.04960948 0.04005688 3.97171e-4 -0.04620015 0.04427927 3.97171e-4 -0.06192815 0.01612484 3.97171e-4 -0.007499992 -0.05649995 0.008499979 -0.007499992 -0.05649995 5e-4 -0.007834911 -0.05774998 0.008499979 -0.007834911 -0.05774998 5e-4 -0.008749961 -0.05866503 0.008499979 -0.008749961 -0.05866503 5e-4 -0.00999999 -0.05899995 0.008499979 -0.00999999 -0.05899995 5e-4 -0.01124995 -0.05866503 0.008499979 -0.01124995 -0.05866503 5e-4 -0.012165 -0.05774998 0.008499979 -0.012165 -0.05774998 5e-4 -0.01249998 -0.05649995 0.008499979 -0.01249998 -0.05649995 5e-4 -0.007499992 -0.05349999 5e-4 -0.007499992 -0.05349999 0.008499979 -0.01249998 -0.05349999 0.008499979 -0.01249998 -0.05349999 5e-4 -0.012165 -0.05224996 0.008499979 -0.012165 -0.05224996 5e-4 -0.01124995 -0.05133491 0.008499979 -0.01124995 -0.05133491 5e-4 -0.00999999 -0.05099999 0.008499979 -0.00999999 -0.05099999 5e-4 -0.008749961 -0.05133491 0.008499979 -0.008749961 -0.05133491 5e-4 -0.007834911 -0.05224996 0.008499979 -0.007834911 -0.05224996 5e-4 -0.01249998 0.05499994 0.008499979 -0.01249998 0.05499994 5e-4 -0.012165 0.05624997 0.008499979 -0.012165 0.05624997 5e-4 -0.01124995 0.05716502 0.008499979 -0.01124995 0.05716502 5e-4 -0.00999999 0.0575 0.008499979 -0.00999999 0.0575 5e-4 -0.008749961 0.05716502 0.008499979 -0.008749961 0.05716502 5e-4 -0.007834911 0.05624997 0.008499979 -0.007834911 0.05624997 5e-4 -0.007499992 0.05499994 0.008499979 -0.007499992 0.05499994 5e-4 -0.007834911 0.05374997 0.008499979 -0.007834911 0.05374997 5e-4 -0.008749961 0.05283492 0.008499979 -0.008749961 0.05283492 5e-4 -0.00999999 0.05249994 0.008499979 -0.00999999 0.05249994 5e-4 -0.01124995 0.05283492 0.008499979 -0.01124995 0.05283492 5e-4 -0.012165 0.05374997 0.008499979 -0.012165 0.05374997 5e-4 -0.00999999 0.05499994 0.008499979 0.02802759 -0.04736542 0.03815418 0.02838623 -0.04833233 0.03569489 0.02415406 -0.05058389 0.03569602 -0.001109421 -0.06029313 0.02275824 -8.87923e-4 -0.06033569 0.02276331 -8.95558e-4 -0.06043386 0.02159756 -0.001745522 -0.05929934 0.02702313 -0.001741707 -0.05912548 0.02753764 -8.7051e-4 -0.05915242 0.02754026 -0.001729846 -0.05858182 0.02914655 -8.52514e-4 -0.05792957 0.0309655 -8.81262e-4 -0.05988305 0.02503699 -0.001260101 -0.06019401 0.0235759 -0.001488924 -0.05983734 0.02503073 -0.00167483 -0.0595476 0.02621275 -6.77045e-4 -0.06057757 0.02041178 -6.96619e-4 -0.06056469 0.020518 0.006067574 -0.06026977 0.02051889 0.006044328 -0.06003874 0.02276331 0.006081163 -0.06040483 0.01656383 -2.68135e-4 -0.06070947 0.01656377 -2.81128e-4 -0.06070291 0.01691454 -3.50931e-4 -0.06068211 0.01786357 -2.56788e-4 -0.06072062 0.01594519 -2.56787e-4 -0.06072044 0.01595824 0.006082296 -0.0604158 0.01594519 -2.57017e-4 -0.06071853 0.01606696 -2.60346e-4 -0.06071341 0.01635354 0.02563804 -0.05502909 0.01656335 0.0196979 -0.05742573 0.01656383 0.02577477 -0.05492949 0.01814067 0.01965385 -0.05729734 0.02051889 0.02612262 -0.05469185 0.0197944 0.02610152 -0.05466234 0.02051889 0.02620631 -0.05463463 0.02019232 0.02629983 -0.0545544 0.02051556 0.02691662 -0.05402493 0.02264803 0.02600145 -0.05445277 0.02276331 0.02695113 -0.05398058 0.02276289 0.02580642 -0.0540443 0.02503699 0.02763378 -0.05310195 0.02503812 0.02778267 -0.05291032 0.02553439 0.02549153 -0.0533849 0.02754026 0.02814751 -0.05220842 0.02706211 0.02496457 -0.05228132 0.0309655 0.02856713 -0.05082088 0.02999401 0.02821606 -0.05198174 0.0275411 0.02851378 -0.04867625 0.03482025 0.02862918 -0.04942995 0.03305691 0.0285868 -0.05038022 0.03096437 0.02214485 -0.04637622 0.04691481 0.02655267 -0.04401636 0.04692041 0.02685356 -0.04503941 0.04437196 0.02787536 -0.04709851 0.03888976 0.02621012 -0.04285198 0.04982095 0.02125465 -0.04451185 0.0521959 0.02605277 -0.0418846 0.0521959 -0.003405153 -0.05114728 0.04723918 -0.003696322 -0.05081504 0.04801094 -7.25824e-4 -0.04932081 0.0521959 -0.002498507 -0.05247527 0.04413712 -0.003310561 -0.05128586 0.04691547 -7.56224e-4 -0.05138653 0.04691481 -0.00473988 -0.04985505 0.05021196 -0.005747377 -0.04917436 0.05170607 -0.00618267 -0.04893714 0.0521959 -0.001816213 -0.05409812 0.04032433 -8.24836e-4 -0.05604881 0.03569602 -0.001491844 -0.05581861 0.0362218 -0.001627683 -0.05789154 0.03095757 -0.001472294 -0.05684202 0.03371113 -0.001487731 -0.05603325 0.03569525 0.01730483 -0.05810701 0.01594519 0.01297765 -0.05931812 0.01594519 0.01297533 -0.05930739 0.01656383 0.008534073 -0.06002551 0.01594519 0.02558445 -0.05506813 0.01594519 0.01970148 -0.05743616 0.01594519 0.005998969 -0.05958837 0.02503699 0.005925774 -0.05886131 0.02754026 0.005803287 -0.05764448 0.0309655 0.005614876 -0.05577296 0.03569602 0.005147814 -0.05113363 0.04691481 0.0129463 -0.05917477 0.02051889 0.01289665 -0.05894792 0.02276331 0.01957851 -0.0570777 0.02276331 0.01279991 -0.05850571 0.02503699 0.01943165 -0.0566495 0.02503699 0.01264375 -0.05779188 0.02754026 0.01919454 -0.05595833 0.02754026 0.01238238 -0.05659717 0.0309655 0.01879775 -0.05480152 0.0309655 0.01198035 -0.05475962 0.03569602 0.01818746 -0.05302232 0.03569602 0.01098382 -0.05020463 0.04691481 0.01667457 -0.04861181 0.04691481 5.27869e-4 -0.04926711 0.0521959 0.004940867 -0.04907804 0.0521959 0.007220983 -0.04871511 0.0521959 0.01054227 -0.04818636 0.0521959 0.01378089 -0.04727989 0.0521959 0.01600426 -0.04665756 0.0521959 0.02009308 -0.0449866 0.0521959 0.0585063 0.01582288 0.01594519 0.05965459 0.01133108 0.01594519 0.05964374 0.01132899 0.01656383 0.0604096 0.005329012 0.01594519 0.06060236 0.003796815 0.01594519 0.06059134 0.0037961 0.01656383 0.0585063 -0.01582288 0.01594519 0.05777382 -0.01868814 0.01594519 0.05776333 -0.01868474 0.01656383 0.04285198 -0.02621012 0.04982095 0.0418846 -0.02605277 0.0521959 0.0446701 -0.02092009 0.0521959 0.04736542 0.02802759 0.03815418 0.04833233 0.02838623 0.03569489 0.05076366 0.02377384 0.03569602 0.04503941 -0.02685356 0.04437196 0.04401636 -0.02655267 0.04692041 0.04654109 -0.02179628 0.04691481 0.04709851 -0.02787536 0.03888976 0.05076366 -0.02377384 0.03569602 0.04829835 -0.02841347 0.03574144 0.0524671 -0.02457159 0.0309655 0.04959893 -0.02864038 0.03267318 0.04831767 -0.02841681 0.03569591 0.05127602 -0.02847039 0.0290274 0.05096429 -0.02854084 0.02968823 0.05038052 -0.0285834 0.03096449 0.0519765 -0.02820032 0.02754324 0.05357462 -0.02509027 0.02754026 0.05258756 -0.02796471 0.02624857 0.05423641 -0.02540022 0.02503699 0.05309706 -0.02762329 0.02504003 0.05464631 -0.0255922 0.02276331 0.05395013 -0.02695721 0.02275866 0.05367469 -0.02723628 0.02366983 0.05495309 -0.02573847 0.01785016 0.05486738 -0.0258699 0.01868057 0.05485665 -0.02569067 0.02051889 0.05454492 -0.0263127 0.02051454 0.05442893 -0.02647197 0.02117431 0.05506235 -0.02558511 0.01622635 0.05504977 -0.02559769 0.01656383 0.05504566 -0.0256018 0.01667332 0.05763423 -0.01864296 0.02051889 0.05499351 -0.02567654 0.01745885 0.05506694 -0.0255841 0.01601529 0.05506813 -0.02558445 0.01594519 0.0545544 0.02629983 0.02051556 0.05463463 0.02620631 0.02019232 0.05485665 0.02569067 0.02051889 0.05492949 0.02577477 0.01814067 0.05495488 0.02573996 0.01773899 0.05402493 0.02691662 0.02264803 0.05464631 0.0255922 0.02276331 0.05398058 0.02695113 0.02276289 0.05423641 0.02540022 0.02503699 0.05310195 0.02763378 0.02503812 0.05291032 0.02778267 0.02553439 0.05357462 0.02509027 0.02754026 0.05220842 0.02814751 0.02706211 0.0524671 0.02457159 0.0309655 0.05082088 0.02856713 0.02999401 0.05198174 0.02821606 0.0275411 0.04867625 0.02851378 0.03482025 0.04942995 0.02862918 0.03305691 0.05038022 0.0285868 0.03096437 0.04654109 0.02179628 0.04691481 0.04401636 0.02655267 0.04692041 0.04503941 0.02685356 0.04437196 0.04709851 0.02787536 0.03888976 0.04285198 0.02621012 0.04982095 0.0446701 0.02092009 0.0521959 0.0418846 0.02605277 0.0521959 0.05964374 -0.01132899 0.01656383 0.05965459 -0.01133108 0.01594519 0.06059134 -0.0037961 0.01656383 0.06060236 -0.003796815 0.01594519 0.0604096 -0.005329012 0.01594519 0.05502909 0.02563804 0.01656335 0.05506813 0.02558445 0.01594519 0.05776333 0.01868474 0.01656383 0.05777382 0.01868814 0.01594519 0.05741328 -0.01857149 0.02276331 0.05698257 -0.01843219 0.02503699 0.05628728 -0.01820725 0.02754026 0.05512368 -0.0178309 0.0309655 0.05333399 -0.01725196 0.03569602 0.04889756 -0.01581692 0.04691481 0.06045591 -0.003787636 0.02051889 0.06045591 0.003787636 0.02051889 0.06022411 -0.003773093 0.02276331 0.06022411 0.003773093 0.02276331 0.05977237 -0.003744781 0.02503699 0.05977237 0.003744781 0.02503699 0.05904304 -0.003699123 0.02754026 0.05904304 0.003699123 0.02754026 0.05782252 -0.003622651 0.0309655 0.05782252 0.003622651 0.0309655 0.05594515 -0.003504991 0.03569602 0.05594515 0.003504991 0.03569602 0.05129158 -0.003213465 0.04691481 0.05129158 0.003213465 0.04691481 0.0595104 0.01130366 0.02051889 0.05763423 0.01864296 0.02051889 0.05928224 0.01126033 0.02276331 0.05741328 0.01857149 0.02276331 0.05883759 0.01117587 0.02503699 0.05698257 0.01843219 0.02503699 0.05811965 0.01103949 0.02754026 0.05628728 0.01820725 0.02754026 0.0569182 0.01081132 0.0309655 0.05512368 0.0178309 0.0309655 0.05507022 0.01046031 0.03569602 0.05333399 0.01725196 0.03569602 0.05048936 0.009590208 0.04691481 0.04889756 0.01581692 0.04691481 0.04476386 -0.02068215 0.0521959 0.04693186 -0.01518106 0.0521959 0.0469771 -0.01500409 0.0521959 0.0595104 -0.01130366 0.02051889 0.05928224 -0.01126033 0.02276331 0.05883759 -0.01117587 0.02503699 0.05811965 -0.01103949 0.02754026 0.0569182 -0.01081132 0.0309655 0.05507022 -0.01046031 0.03569602 0.05048936 -0.009590208 0.04691481 0.0484597 -0.009204626 0.0521959 0.04922962 -0.003084301 0.0521959 0.04922962 -0.003047764 0.0521959 0.04922962 0.003084301 0.0521959 0.04847335 0.009095907 0.0521959 0.0484597 0.009204626 0.0521959 0.0469771 0.01500409 0.0521959 0.04693186 0.01518106 0.0521959 0.04476386 0.02068215 0.0521959 -0.02140903 0.04443591 0.0521959 -0.02143836 0.04442369 0.0521959 -0.0223363 0.04628431 0.04691481 -0.02802759 0.04736542 0.03815418 -0.02838623 0.04833233 0.03569489 -0.02436286 0.05048364 0.03569602 -0.01923954 0.05611866 0.02702313 -0.0191819 0.05595457 0.02753764 -0.01977664 0.05575525 0.02754026 -0.0190016 0.05544149 0.02914655 -0.01936781 0.05460268 0.0309655 -0.02015131 0.05681735 0.02291351 -0.0200088 0.05678516 0.0235759 -0.02002096 0.05644398 0.02503699 -0.01966905 0.0565319 0.02503073 -0.01939308 0.05632609 0.02621275 -0.02632486 0.05453288 0.02060216 -0.02629983 0.0545544 0.02051556 -0.02066671 0.05693376 0.020518 -0.02620631 0.05463463 0.02019232 -0.0206896 0.05693894 0.02041178 -0.02577477 0.05492949 0.01814067 -0.02103161 0.05692201 0.01786357 -0.02110427 0.05691689 0.01691454 -0.02563804 0.05502909 0.01656335 -0.02111876 0.05691844 0.01656377 -0.0211333 0.05692493 0.01594519 -0.02113324 0.0569247 0.01595824 -0.02558445 0.05506813 0.01594519 -0.02113234 0.05692297 0.01606696 -0.0211274 0.05691939 0.01635354 -0.02018469 0.05682486 0.02275824 -0.02622622 0.05434489 0.02276331 -0.02691662 0.05402493 0.02264803 -0.02695113 0.05398058 0.02276289 -0.02602946 0.05393719 0.02503699 -0.02763378 0.05310195 0.02503812 -0.02778267 0.05291032 0.02553439 -0.02571189 0.0532791 0.02754026 -0.02814751 0.05220842 0.02706211 -0.02518039 0.05217772 0.0309655 -0.02856713 0.05082088 0.02999401 -0.02821606 0.05198174 0.0275411 -0.02851378 0.04867625 0.03482025 -0.02862918 0.04942995 0.03305691 -0.0285868 0.05038022 0.03096437 -0.02655267 0.04401636 0.04692041 -0.02685356 0.04503941 0.04437196 -0.02787536 0.04709851 0.03888976 -0.02621012 0.04285198 0.04982095 -0.02605277 0.0418846 0.0521959 -0.01613265 0.04999637 0.04413712 -0.01495391 0.04916888 0.04691547 -0.01718026 0.04843538 0.04691481 -0.01481658 0.0490725 0.04723918 -0.01442706 0.048864 0.04801094 -0.01311242 0.04833281 0.05021196 -0.01648962 0.04648828 0.0521959 -0.01192975 0.04805028 0.05170607 -0.01143884 0.04798144 0.0521959 -0.01734256 0.05127519 0.04032433 -0.01873904 0.05282992 0.03569602 -0.01825171 0.05277132 0.0362218 -0.01885426 0.05475944 0.03095757 -0.01863026 0.05372244 0.03371113 -0.01833111 0.05297082 0.03569525 -0.01651895 0.04647606 0.0521959 -0.0212242 -0.05717855 5.08883e-4 -0.02569949 -0.05531179 5.08883e-4 -0.02566826 -0.05524563 0.00469923 -0.02115321 -0.05698055 0.01256078 0.02566826 -0.05524563 0.00469923 0.02569949 -0.05531179 5.08883e-4 0.01778274 -0.05834066 5.08883e-4 -2.57725e-4 -0.06077975 0.01256078 0.01740008 -0.05842435 5.08883e-4 -2.60978e-4 -0.06099009 5.08883e-4 0.008197307 -0.06043726 5.08883e-4 0.008580029 -0.06035351 5.08883e-4 0.05524563 0.02566826 0.00469923 0.05531179 0.02569949 5.08883e-4 0.05791425 0.01912569 5.08883e-4 0.05524563 -0.02566826 0.00469923 0.05531179 -0.02569949 5.08883e-4 0.05791425 -0.01912569 5.08883e-4 0.05870592 -0.0158798 5.08883e-4 0.06021666 -0.009685754 5.08883e-4 0.06056332 -0.005347073 5.08883e-4 0.06099063 0 5.08883e-4 0.06056332 0.005347073 5.08883e-4 0.06021666 0.009685754 5.08883e-4 0.05870592 0.0158798 5.08883e-4 -2.57725e-4 0.06077975 0.01256078 -2.60978e-4 0.06099009 5.08883e-4 0.008197307 0.06043726 5.08883e-4 0.02566826 0.05524563 0.00469923 0.02569949 0.05531179 5.08883e-4 0.01778274 0.05834066 5.08883e-4 0.01740008 0.05842435 5.08883e-4 0.008580029 0.06035351 5.08883e-4 -0.04284495 0.02620875 0.04983818 -0.0418846 0.02605277 0.0521959 -0.0446701 0.02092009 0.0521959 -0.05529797 0.007915675 0.03616577 -0.05530095 0.009162127 0.03569602 -0.05507022 0.01046031 0.03569602 -0.05534785 0.0175817 0.03060185 -0.05535238 0.01791572 0.03029304 -0.05512368 0.0178309 0.0309655 -0.05474966 0.02601504 0.01979273 -0.05457466 0.02623265 0.0205118 -0.05485665 0.02569067 0.02051889 -0.04503268 0.02685093 0.04438924 -0.04401642 0.02655261 0.04692041 -0.04654109 0.02179628 0.04691481 -0.04709231 0.02787154 0.03890717 -0.05076366 0.02377384 0.03569602 -0.04829114 0.02840858 0.03576254 -0.0524671 0.02457159 0.0309655 -0.04959046 0.02863496 0.03269863 -0.04831945 0.02841353 0.03569591 -0.0519824 0.02818453 0.02754366 -0.05127209 0.02846354 0.02904647 -0.05095434 0.02853548 0.02971917 -0.05038428 0.02857708 0.03096449 -0.05357462 0.02509027 0.02754026 -0.05263715 0.02792733 0.02615827 -0.05423641 0.02540022 0.02503699 -0.05310124 0.02760094 0.02504032 -0.0540986 0.02682465 0.02246779 -0.05464631 0.0255922 0.02276331 -0.05400049 0.02691948 0.02276283 -0.05381447 0.02709931 0.02332234 -0.05500042 0.02559775 0.01852011 -0.05498057 0.02563524 0.01858973 -0.05504828 0.0254805 0.01871001 -0.05505168 0.02549362 0.01843059 -0.05503803 0.02552247 0.01843875 -0.05502599 0.0255472 0.01845616 -0.05509513 0.02539473 0.01849842 -0.05507659 0.0254383 0.01845103 -0.05506372 0.02546739 0.01843446 -0.05530941 0.02464282 0.02051132 -0.05524754 0.02495241 0.01968944 -0.05514013 0.02527999 0.01872467 -0.05512857 0.02531069 0.01865261 -0.05495572 0.02568072 0.01869541 -0.05492985 0.02572536 0.018826 -0.05489301 0.02578896 0.01901227 -0.05544823 0.0239486 0.02235412 -0.05545455 0.02256733 0.02504122 -0.05547326 0.02301269 0.02431958 -0.05548161 0.02335852 0.02362394 -0.05545896 0.02375888 0.02276235 -0.05542558 0.02188038 0.02615416 -0.05539697 0.02069061 0.02755403 -0.0553804 0.02000212 0.028364 -0.05333399 0.01725196 0.03569602 -0.05532568 0.01489263 0.03262013 -0.0553438 0.01708853 0.030972 -0.05530095 0.009168446 0.03569364 -0.05530554 0.01051133 0.03506141 -0.05531084 0.01208108 0.03432238 -0.05529326 0.005111038 0.03697049 -0.05048936 0.009590208 0.04691481 -0.05529177 0.003465294 0.03723829 -0.05129158 0.003213465 0.04691481 -0.05529075 0.00228244 0.03743082 -0.05529367 -0.005473673 0.03688597 -0.05529177 -0.003465175 0.03724312 -0.05129158 -0.003213465 0.04691481 -0.05529093 -0.002604782 0.03739613 -0.05529016 2.83283e-4 0.03754371 -0.05530107 -0.009023904 0.03569948 -0.05529689 -0.007396876 0.03634083 -0.05048936 -0.009590208 0.04691481 -0.0553596 -0.01860368 0.02971535 -0.05535262 -0.01791876 0.03027838 -0.05512368 -0.0178309 0.0309655 -0.05534404 -0.01707118 0.0309751 -0.05333399 -0.01725196 0.03569602 -0.05533528 -0.01620459 0.03168755 -0.05531734 -0.01346635 0.03353202 -0.05507022 -0.01046031 0.03569602 -0.055305 -0.01050537 0.03510898 -0.05530476 -0.0104584 0.03513401 -0.05357462 -0.02509027 0.02754026 -0.05539554 -0.02075666 0.02754151 -0.0524671 -0.02457159 0.0309655 -0.05539375 -0.02068871 0.02762454 -0.05423641 -0.02540022 0.02503699 -0.05464631 -0.0255922 0.02276331 -0.05543088 -0.02372825 0.02275788 -0.05547326 -0.02301269 0.02431958 -0.05545461 -0.02256113 0.02504193 -0.05542242 -0.02178305 0.0262866 -0.05511403 -0.02534824 0.01857477 -0.05513203 -0.02530169 0.01867306 -0.0550419 -0.02548509 0.01882702 -0.05509334 -0.02539914 0.01849246 -0.0550549 -0.0254867 0.01843059 -0.05506592 -0.02546238 0.01843643 -0.0550788 -0.02543318 0.01845526 -0.05496823 -0.02565801 0.01863998 -0.055009 -0.02558106 0.01849496 -0.05502969 -0.02553963 0.01844984 -0.05504333 -0.02551138 0.0184341 -0.05515301 -0.02524477 0.01881486 -0.05521231 -0.02506834 0.01933187 -0.05485665 -0.02569067 0.02051889 -0.05531358 -0.02465343 0.02051347 -0.05539619 -0.02431511 0.02147692 -0.05457323 -0.02623337 0.02051126 -0.05478358 -0.02596366 0.01961117 -0.05492848 -0.02572578 0.0188387 -0.05495333 -0.02568501 0.01870632 -0.05417507 -0.02674388 0.02221524 -0.05399709 -0.02691954 0.02276241 -0.05382001 -0.0270943 0.02330672 -0.05309766 -0.02759772 0.02504074 -0.05258405 -0.02795571 0.02627366 -0.05198329 -0.02818745 0.0275433 -0.05125916 -0.02846682 0.02907377 -0.05064499 -0.02858757 0.03038001 -0.04786205 -0.02825731 0.03684473 -0.04833525 -0.02837818 0.03569465 -0.05076366 -0.02377384 0.03569602 -0.04921633 -0.02860313 0.03355318 -0.05038177 -0.02859044 0.03096455 -0.04654109 -0.02179628 0.04691481 -0.04401642 -0.02655261 0.04692041 -0.04503268 -0.02685093 0.04438924 -0.04709231 -0.02787154 0.03890717 -0.04284495 -0.02620875 0.04983818 -0.0446701 -0.02092009 0.0521959 -0.0418846 -0.02605277 0.0521959 -0.04889756 0.01581692 0.04691481 -0.04889756 -0.01581692 0.04691481 -0.04476386 0.02068215 0.0521959 -0.04693186 0.01518106 0.0521959 -0.0469771 0.01500409 0.0521959 -0.0484597 0.009204626 0.0521959 -0.04922962 -0.003084301 0.0521959 -0.04922962 0.003047764 0.0521959 -0.04922962 0.003084301 0.0521959 -0.04847335 -0.009095907 0.0521959 -0.0484597 -0.009204626 0.0521959 -0.0469771 -0.01500409 0.0521959 -0.04693186 -0.01518106 0.0521959 -0.04476386 -0.02068215 0.0521959 -0.02566826 0.05524563 0.00469923 -0.02569949 0.05531179 5.08883e-4 -0.0212242 0.05717855 5.08883e-4 -0.02115321 0.05698055 0.01256078 0.02536422 0.03569406 0.05349999 0.02617996 0.03326755 0.05349999 0.006958425 0.04693812 0.05349999 -0.02742505 -0.0310344 0.05349999 -0.02906 -0.02906519 0.05349999 -0.00840801 0.04624426 0.05349999 0.02742683 -0.03103178 0.05349999 0.02617996 -0.03326755 0.05349999 -0.00840801 -0.04624426 0.05349999 -0.006474554 0.0468288 0.05349999 -0.005947649 0.04707688 0.05349999 0.01934975 0.04332661 0.05349999 0.02506244 0.04029244 0.05349999 0.02502143 0.03798067 0.05349999 0.02536422 -0.03569406 0.05349999 0.02502143 -0.03798067 0.05349999 -0.005947649 -0.04707688 0.05349999 5.10119e-4 0.04744839 0.05349999 0.02742683 0.03103178 0.05349999 -0.02059584 -0.04274833 0.05349999 -0.02506244 -0.04029244 0.05349999 -0.02502137 -0.03798168 0.05349999 -0.03102827 0.02742922 0.05349999 -0.0332632 0.02618187 0.05349999 -0.03102827 -0.02742922 0.05349999 0.01327747 0.04555565 0.05349999 -0.01042354 -0.0461108 0.05349999 -0.02536374 -0.03569608 0.05349999 -0.02617889 -0.03326994 0.05349999 0.02906262 0.02906262 0.05349999 0.03103178 0.02742683 0.05349999 0.02906262 -0.02906262 0.05349999 0.03103178 -0.02742683 0.05349999 0.02506244 -0.04029244 0.05349999 0.01934975 -0.04332661 0.05349999 0.01327747 -0.04555565 0.05349999 -0.0332632 -0.02618187 0.05349999 -0.03568893 -0.02536547 0.05349999 -0.03568893 0.02536547 0.05349999 -0.02617889 0.03326994 0.05349999 -0.02742505 0.0310344 0.05349999 -0.02906 0.02906519 0.05349999 0.006958425 -0.04693812 0.05349999 5.10119e-4 -0.04744839 0.05349999 -0.01589161 0.04471087 0.05349999 -0.02502137 0.03798168 0.05349999 -0.02059584 0.04274833 0.05349999 -0.02506244 0.04029244 0.05349999 -0.02536374 0.03569608 0.05349999 -0.01100403 0.04615753 0.05349999 0.04307597 -0.01990139 0.05349999 0.04029244 -0.02506244 0.05349999 0.03798067 -0.02502143 0.05349999 -0.01100403 -0.04615753 0.05349999 -0.01589161 -0.04471087 0.05349999 -0.03797799 0.02502161 0.05349999 -0.03797799 -0.02502161 0.05349999 -0.04029244 -0.02506244 0.05349999 0.03326755 -0.02617996 0.05349999 0.03326755 0.02617996 0.05349999 0.03569406 -0.02536422 0.05349999 0.03569406 0.02536422 0.05349999 0.03798067 0.02502143 0.05349999 0.04029244 0.02506244 0.05349999 0.04307597 0.01990139 0.05349999 0.04520171 0.01443642 0.05349999 -0.04307597 -0.01990139 0.05349999 -0.04520171 -0.01443642 0.05349999 -0.04663717 -0.008750975 0.05349999 -0.04736047 -0.002931892 0.05349999 -0.04736047 0.002931892 0.05349999 -0.04663717 0.008750975 0.05349999 -0.04520171 0.01443642 0.05349999 -0.04307597 0.01990139 0.05349999 -0.04029244 0.02506244 0.05349999 0.04663717 0.008750975 0.05349999 0.04736047 0.002931892 0.05349999 0.04520171 -0.01443642 0.05349999 0.04736047 -0.002931892 0.05349999 0.04663717 -0.008750975 0.05349999 -0.04935169 -0.02963739 0.02971535 -0.04743599 -0.02966219 0.03284496 -0.04736781 -0.03022277 5.08883e-4 -0.04741913 -0.02965795 0.03287488 -0.04421854 -0.02925699 5.08883e-4 -0.0455951 -0.02919995 0.03611427 -0.04453665 -0.02868169 0.03817045 -0.05063915 -0.02983617 5.08883e-4 -0.05047452 -0.02935022 0.02795928 -0.05016648 -0.02947336 0.02843791 -0.0551064 -0.02537155 0.01846766 -0.05508726 -0.02541601 0.01843124 -0.05539798 -0.0254873 5.08883e-4 -0.05507034 -0.0254541 0.01841282 -0.05505585 -0.02548593 0.0184071 -0.05347657 -0.02816295 5.08883e-4 -0.05504077 -0.02551817 0.0184105 -0.05502301 -0.02555519 0.01842594 -0.05499619 -0.02560943 0.0184701 -0.05494362 -0.02571046 0.01861196 -0.05492442 -0.02574586 0.01867675 -0.05427271 -0.02673995 0.02083933 -0.05446571 -0.02647614 0.0203402 -0.05470699 -0.02611303 0.01955449 -0.0539298 -0.02714759 0.02200359 -0.05347883 -0.02761673 0.02300184 -0.05318248 -0.02783519 0.02351671 -0.05189949 -0.02878069 0.02574563 -0.05566811 -0.022264 0.02392792 -0.05552285 -0.02395939 0.02132117 -0.05607694 -0.022264 5.08883e-4 -0.05526655 -0.0249406 0.01928484 -0.05518615 -0.02517038 0.01878261 -0.05515795 -0.02524453 0.01864427 -0.05513387 -0.02530521 0.01854825 -0.05511087 -0.02536076 0.01848077 -0.05603694 -0.006748557 0.00279957 -0.05603206 -0.00676757 0.003080308 -0.05602502 -0.006943583 0.003482222 -0.05599528 -0.007678806 0.00518459 -0.05597853 -0.007849156 0.006143569 -0.05544584 -0.002517879 0.03666347 -0.05545473 -0.00529164 0.03615534 -0.05581516 -2.37984e-4 0.01550531 -0.05586659 0.006213247 0.01255863 -0.05588549 0.0069049 0.01147526 -0.05563837 0.02117496 0.02563297 -0.05566811 0.022264 0.02392792 -0.05590146 -0.007407426 0.01055938 -0.05588549 -0.006897211 0.01147413 -0.05587315 -0.006502866 0.01218116 -0.05563616 -0.02108114 0.02575784 -0.05584925 -0.005250632 0.0135504 -0.05561393 -0.02002412 0.02703362 -0.055844 0.004880905 0.013852 -0.05552858 0.014409 0.0319218 -0.05582809 0.003373146 0.01476472 -0.05549919 0.01168543 0.03360736 -0.05582451 0.002758741 0.01496714 -0.05584782 0.005106508 0.01363301 -0.05560147 0.0193597 0.02774804 -0.05556333 0.01701492 0.02993309 -0.05607694 0.022264 5.08883e-4 -0.05595505 0.008017718 0.007491111 -0.05597853 0.00786066 0.006143987 -0.05596339 -0.008003413 0.007011651 -0.05593138 -0.007900178 0.008847892 -0.05593109 -0.007899224 0.008864581 -0.05581986 -0.002075135 0.01523566 -0.05546414 -0.007151782 0.0356127 -0.05582451 -0.00276345 0.01496714 -0.05548512 -0.01011437 0.03441292 -0.05583101 -0.003716886 0.01459527 -0.05551284 -0.01302719 0.03282397 -0.05584764 -0.00511229 0.01364463 -0.05554467 -0.01568031 0.03100132 -0.05557847 -0.01800525 0.02906423 -0.05547541 0.008865833 0.03496903 -0.05546724 0.007653653 0.03543853 -0.05581796 0.001610577 0.01534539 -0.05545324 0.004940986 0.0362395 -0.05581551 -2.93175e-6 0.01548498 -0.05544525 0.002206265 0.03669804 -0.05544328 2.73821e-4 0.03681057 -0.05606913 0.007413148 9.5504e-4 -0.0560739 0.007971644 6.81249e-4 -0.05601769 0.007169663 0.003902256 -0.05607604 0.008224248 5.57417e-4 -0.05607694 -0.008660197 5.08883e-4 -0.0560745 -0.008074045 6.48861e-4 -0.05589389 0.007211744 0.01099461 -0.05592447 0.007824063 0.009242653 -0.0559315 0.007868647 0.008839368 -0.05602502 0.006943583 0.003482222 -0.05604737 0.006753325 0.002200901 -0.0560351 0.006771743 0.002904653 -0.0560404 0.006680965 0.002599537 -0.05606901 0.007398724 9.621e-4 -0.05605924 0.006974339 0.001523256 -0.05605626 0.006845414 0.001693785 -0.05598723 0.007802665 0.005646586 -0.05607694 0.008660197 5.08883e-4 -0.05606281 -0.007062375 0.001317977 -0.05605936 -0.006979107 0.001514971 -0.05606859 -0.007455527 9.84759e-4 -0.05604803 -0.006705343 0.002163052 -0.05607318 -0.007764577 7.22765e-4 -0.05604773 -0.006706416 0.002179265 -0.05539798 0.0254873 5.08883e-4 -0.05511093 0.02536076 0.01848042 -0.05515336 0.02525627 0.0186243 -0.0551688 0.02521628 0.01869463 -0.05552333 0.02398288 0.02099299 -0.05543643 0.02436023 0.02041292 -0.0553146 0.02478969 0.01962983 -0.05560141 0.0234822 0.02213114 -0.05566591 0.02271425 0.02329134 -0.05492746 0.02574026 0.01866608 -0.05495947 0.02568054 0.01856285 -0.05347657 0.02816295 5.08883e-4 -0.05484712 0.02588272 0.01897478 -0.05347186 0.02762347 0.02301609 -0.05383259 0.02725547 0.02223539 -0.05466353 0.02618086 0.01972913 -0.05498504 0.02563136 0.01849472 -0.05501824 0.02556508 0.01843214 -0.05503386 0.02553272 0.01841515 -0.05505168 0.02549499 0.0184071 -0.05506742 0.02546066 0.01841092 -0.05508434 0.02542275 0.01842713 -0.05510884 0.02536576 0.0184735 -0.05063915 0.02983617 5.08883e-4 -0.05196809 0.02874225 0.02563679 -0.05318409 0.02783757 0.02351754 -0.04736781 0.03022277 5.08883e-4 -0.04742658 0.02961599 0.03288656 -0.04794031 0.02970397 0.0319994 -0.04976278 0.02956652 0.02906793 -0.05018359 0.02946889 0.02841132 -0.05047446 0.02935045 0.02795904 -0.04618114 0.02940267 0.03503751 -0.04421854 0.02925699 5.08883e-4 -0.04453665 0.02868169 0.03817045 -0.04278403 0.02779179 0.04365789 -0.04038727 0.02798414 5.08883e-4 -0.04091441 0.02720695 0.04914557 -0.03810936 0.02701699 0.05153489 -0.04009079 0.02705198 0.05153489 -0.04050379 0.0271297 0.05033677 -0.03635478 0.02817803 5.08883e-4 -0.02713096 0.04050999 0.05031883 -0.02705198 0.04009079 0.05153489 -0.02701675 0.03811252 0.05153489 -0.02817672 0.03636044 5.08883e-4 -0.02798491 0.04039305 5.08883e-4 -0.02720832 0.04092043 0.04912817 -0.0292598 0.04422366 5.08883e-4 -0.02868497 0.04454195 0.03815305 -0.02779412 0.04278981 0.04364061 -0.02730989 0.03615576 0.05153489 -0.02800774 0.03407865 0.05153489 -0.02980935 0.03266811 5.08883e-4 -0.0290746 0.03216469 0.05153489 -0.03047436 0.03047883 0.05153489 -0.03266328 0.02981269 5.08883e-4 -0.0321595 0.02907818 0.05153489 -0.03407287 0.0280103 0.05153489 -0.03614956 0.02731138 0.05153489 -0.02903854 0.05140918 0.0264942 -0.02935338 0.05039829 0.0280674 -0.02986156 0.05055928 5.08883e-4 -0.02964448 0.04738706 0.03292614 -0.02954143 0.04670155 0.03410136 -0.02888965 0.04491007 0.03741919 -0.03018295 0.04698759 5.08883e-4 -0.03015416 0.04732447 5.08883e-4 -0.02969473 0.04772096 0.03235369 -0.02960747 0.04958248 0.02933692 -0.02988094 0.05052649 5.08883e-4 -0.02820807 0.05335998 5.08883e-4 -0.02790999 0.05308616 0.02361297 -0.02854371 0.05231612 0.02505177 -0.02807527 0.05358493 5.08883e-4 -0.02572065 0.05530178 5.08883e-4 -0.0256896 0.05523556 0.00469923 -0.02586019 0.05488735 0.01812261 -0.02643084 0.05451214 0.02011144 -0.02737587 0.05373513 0.02240037 -0.02560621 0.05505788 0.01594519 -0.02103567 0.05694097 0.01691073 -0.02108079 0.05693608 0.01635259 -0.02063137 0.05702757 0.01813924 -0.02108931 0.0569384 0.01606678 -0.0210905 0.05694001 0.01595818 -0.02031141 0.0570693 0.0187546 -0.02109056 0.05694025 0.01594519 -0.02111124 0.05699557 0.01256078 -0.01954638 0.05695605 0.02156472 -0.02016967 0.05705606 0.02032029 -0.02088791 0.05696928 0.01784986 -0.02118456 0.0571928 5.08883e-4 -0.01964086 0.05740696 5.08883e-4 -0.01950764 0.05736595 5.08883e-4 -0.01870352 0.05682075 0.02324748 -0.01784563 0.05685395 5.08883e-4 -0.01810836 0.05642366 0.02431422 -0.0169658 0.05540686 0.02654743 -0.01699113 0.05547291 0.02645701 -0.01782619 0.05684792 5.08883e-4 -0.01734179 0.05591225 0.02568817 -0.01593363 0.05405223 5.08883e-4 -0.01641625 0.05397516 0.02850884 -0.0164752 0.05551362 5.08883e-4 -0.01660358 0.05564039 5.08883e-4 -0.004183292 0.05349236 5.08883e-4 -0.01491367 0.05154138 5.08883e-4 -0.01615148 0.05267554 0.03300142 -0.01289421 0.04973405 5.08883e-4 -0.01330929 0.0490458 0.04652321 -0.01429462 0.04978251 0.04340487 -0.01519805 0.05078703 0.03958606 -0.01542502 0.05117684 0.03821021 -0.01587313 0.0519464 0.03549426 -0.01033008 0.04815948 0.05153489 -0.01077842 0.04814445 0.05153489 -0.01028597 0.04899787 5.08883e-4 -0.01114606 0.04820507 0.05103749 -0.01203221 0.04844325 0.04952365 -0.01301747 0.04887753 0.04730087 -0.01328128 0.04902964 0.04659783 -0.007619559 0.0494827 5.08883e-4 -0.005437374 0.05108982 5.08883e-4 -0.004112422 0.05620151 5.08883e-4 -0.008765757 0.04821169 0.05153489 -0.0072667 0.04866492 0.05153489 -0.002974808 0.05922752 0.0243473 -0.003042459 0.05916607 0.02449631 -0.004044413 0.05792391 5.08883e-4 -0.003606736 0.05782198 0.02654373 -0.004119932 0.05776005 5.08883e-4 -0.003670275 0.05767077 0.0267741 -0.003719091 0.05716818 0.02743256 -0.003325104 0.05948454 5.08883e-4 -0.003309071 0.05949693 5.08883e-4 -0.001934587 0.06017237 0.02205514 -0.001781165 0.06023412 0.02166157 -0.001933634 0.06056123 5.08883e-4 -0.001823365 0.06064653 5.08883e-4 -3.02328e-4 0.06077903 0.01256078 -3.03084e-4 0.06098943 5.08883e-4 -3.02172e-4 0.06071996 0.01594519 -7.38599e-4 0.06063091 0.01886266 -8.71857e-4 0.06060045 0.01932913 0.02688205 0.05420273 0.01979655 0.02560621 0.05505788 0.01594519 0.0256896 0.05523556 0.00469923 0.02563047 0.05503207 0.016671 0.0256077 0.05505174 0.01622575 0.02560585 0.05505669 0.01601517 0.0267831 0.05424934 0.02103894 0.02598595 0.05480879 0.0186516 0.02573001 0.05496776 0.01745027 0.02572065 0.05530178 5.08883e-4 0.02807527 0.05358493 5.08883e-4 0.02820807 0.05335998 5.08883e-4 0.03015416 0.04732447 5.08883e-4 0.02957165 0.04977279 0.02903771 0.0294761 0.05018556 0.02839273 0.02988094 0.05052649 5.08883e-4 0.02938777 0.05040657 0.02804857 0.02986156 0.05055928 5.08883e-4 0.02879053 0.05190068 0.02572196 0.0279349 0.05310761 0.0236479 0.02780514 0.05329072 0.02333325 0.0292598 0.04422366 5.08883e-4 0.02868497 0.04454195 0.03815305 0.02940732 0.04618769 0.03501653 0.03018295 0.04698759 5.08883e-4 0.02961403 0.0473929 0.03293424 0.02970933 0.04794847 0.03197425 0.02779412 0.04278981 0.04364061 0.02798485 0.04039222 5.08883e-4 0.02720832 0.04092043 0.04912817 0.02701681 0.03811162 0.05153489 0.02705198 0.04009079 0.05153489 0.02713078 0.0405091 0.0503214 0.02817708 0.03635883 5.08883e-4 0.0405091 0.02713078 0.0503214 0.04009079 0.02705198 0.05153489 0.03811162 0.02701681 0.05153489 0.03635883 0.02817708 5.08883e-4 0.04039222 0.02798485 5.08883e-4 0.04092043 0.02720832 0.04912817 0.04422366 0.0292598 5.08883e-4 0.04454195 0.02868497 0.03815305 0.04278981 0.02779412 0.04364061 0.03615397 0.02731031 0.05153489 0.03407657 0.02800863 0.05153489 0.03266608 0.02981078 5.08883e-4 0.03216248 0.02907615 0.05153489 0.03047662 0.03047662 0.05153489 0.02981078 0.03266608 5.08883e-4 0.02907615 0.03216248 0.05153489 0.02800863 0.03407657 0.05153489 0.02731031 0.03615397 0.05153489 0.05140918 0.02903854 0.0264942 0.05039829 0.02935338 0.0280674 0.05055928 0.02986156 5.08883e-4 0.04738706 0.02964448 0.03292614 0.04670155 0.02954143 0.03410136 0.04491007 0.02888965 0.03741919 0.04698759 0.03018295 5.08883e-4 0.04732447 0.03015416 5.08883e-4 0.04772096 0.02969473 0.03235369 0.04958248 0.02960747 0.02933692 0.05052649 0.02988094 5.08883e-4 0.05335998 0.02820807 5.08883e-4 0.05308616 0.02790999 0.02361297 0.05231612 0.02854371 0.02505177 0.05358493 0.02807527 5.08883e-4 0.05530178 0.02572065 5.08883e-4 0.05523556 0.0256896 0.00469923 0.05488735 0.02586019 0.01812261 0.05451214 0.02643084 0.02011144 0.05373513 0.02737587 0.02240037 0.05505788 0.02560621 0.01594519 0.05420273 -0.02688205 0.01979655 0.05505788 -0.02560621 0.01594519 0.05523556 -0.0256896 0.00469923 0.05503207 -0.02563047 0.016671 0.05505174 -0.0256077 0.01622575 0.05505669 -0.02560585 0.01601517 0.05424934 -0.0267831 0.02103894 0.05480879 -0.02598595 0.0186516 0.05496776 -0.02573001 0.01745027 0.05530178 -0.02572065 5.08883e-4 0.05358493 -0.02807527 5.08883e-4 0.05335998 -0.02820807 5.08883e-4 0.04732447 -0.03015416 5.08883e-4 0.04977279 -0.02957165 0.02903771 0.05018556 -0.0294761 0.02839273 0.05052649 -0.02988094 5.08883e-4 0.05040657 -0.02938777 0.02804857 0.05055928 -0.02986156 5.08883e-4 0.05190068 -0.02879053 0.02572196 0.05310761 -0.0279349 0.0236479 0.05329072 -0.02780514 0.02333325 0.04422366 -0.0292598 5.08883e-4 0.04454195 -0.02868497 0.03815305 0.04618769 -0.02940732 0.03501653 0.04698759 -0.03018295 5.08883e-4 0.0473929 -0.02961403 0.03293424 0.04794847 -0.02970933 0.03197425 0.04278981 -0.02779412 0.04364061 0.04039222 -0.02798485 5.08883e-4 0.04092043 -0.02720832 0.04912817 0.03811162 -0.02701681 0.05153489 0.04009079 -0.02705198 0.05153489 0.0405091 -0.02713078 0.0503214 0.03635883 -0.02817708 5.08883e-4 0.02713078 -0.0405091 0.0503214 0.02705198 -0.04009079 0.05153489 0.02701681 -0.03811162 0.05153489 0.02817708 -0.03635883 5.08883e-4 0.02798485 -0.04039222 5.08883e-4 0.02720832 -0.04092043 0.04912817 0.0292598 -0.04422366 5.08883e-4 0.02868497 -0.04454195 0.03815305 0.02779412 -0.04278981 0.04364061 0.02731031 -0.03615397 0.05153489 0.02800863 -0.03407657 0.05153489 0.02981078 -0.03266608 5.08883e-4 0.02907615 -0.03216248 0.05153489 0.03047662 -0.03047662 0.05153489 0.03266608 -0.02981078 5.08883e-4 0.03216248 -0.02907615 0.05153489 0.03407657 -0.02800863 0.05153489 0.03615397 -0.02731031 0.05153489 0.02903854 -0.05140918 0.0264942 0.02935338 -0.05039829 0.0280674 0.02986156 -0.05055928 5.08883e-4 0.02964448 -0.04738706 0.03292614 0.02954143 -0.04670155 0.03410136 0.02888965 -0.04491007 0.03741919 0.03018295 -0.04698759 5.08883e-4 0.03015416 -0.04732447 5.08883e-4 0.02969473 -0.04772096 0.03235369 0.02960747 -0.04958248 0.02933692 0.02988094 -0.05052649 5.08883e-4 0.02820807 -0.05335998 5.08883e-4 0.02790999 -0.05308616 0.02361297 0.02854371 -0.05231612 0.02505177 0.02807527 -0.05358493 5.08883e-4 0.02572065 -0.05530178 5.08883e-4 0.0256896 -0.05523556 0.00469923 0.02586019 -0.05488735 0.01812261 0.02643084 -0.05451214 0.02011144 0.02737587 -0.05373513 0.02240037 0.02560621 -0.05505788 0.01594519 -3.53841e-4 -0.06070131 0.01691073 -3.09846e-4 -0.06071263 0.01635259 -7.62717e-4 -0.06064003 0.01813924 -3.02717e-4 -0.06071782 0.01606678 -3.02177e-4 -0.06071972 0.01595818 -0.001076877 -0.06056648 0.0187546 -3.02172e-4 -0.06071996 0.01594519 -3.02328e-4 -0.06077903 0.01256078 -0.001753091 -0.06019115 0.02156472 -0.001204907 -0.06050425 0.02032029 -5.0207e-4 -0.06067579 0.01784986 -3.03084e-4 -0.06098943 5.08883e-4 -0.001823365 -0.06064653 5.08883e-4 -0.001933634 -0.06056123 5.08883e-4 -0.002494394 -0.05976784 0.02324748 -0.003309071 -0.05949693 5.08883e-4 -0.002911686 -0.05918669 0.02431422 -0.003623187 -0.05783283 0.02654743 -0.00362271 -0.05790352 0.02645701 -0.003325104 -0.05948454 5.08883e-4 -0.003449141 -0.05843818 0.02568817 -0.004112422 -0.05620151 5.08883e-4 -0.003633558 -0.05629926 0.02850884 -0.004119932 -0.05776005 5.08883e-4 -0.004044413 -0.05792391 5.08883e-4 -0.01491367 -0.05154138 5.08883e-4 -0.004183292 -0.05349236 5.08883e-4 -0.003423929 -0.05498963 0.03300142 -0.005437374 -0.05108982 5.08883e-4 -0.004806578 -0.0505917 0.04652321 -0.004143655 -0.05162811 0.04340487 -0.003651618 -0.05288636 0.03958606 -0.003576338 -0.05333113 0.03821021 -0.003427803 -0.05420917 0.03549426 -0.007283151 -0.04871344 0.05153489 -0.006858229 -0.04885721 0.05153489 -0.007619559 -0.0494827 5.08883e-4 -0.00653541 -0.04904335 0.05103749 -0.005789875 -0.04957824 0.04952365 -0.005020499 -0.05033153 0.04730087 -0.004827082 -0.05056673 0.04659783 -0.01028597 -0.04899787 5.08883e-4 -0.01289421 -0.04973405 5.08883e-4 -0.01593363 -0.05405223 5.08883e-4 -0.008765757 -0.04821169 0.05153489 -0.01032835 -0.04810822 0.05153489 -0.0180636 -0.0564841 0.0243473 -0.01797866 -0.05645042 0.02449631 -0.01660358 -0.05564039 5.08883e-4 -0.01697736 -0.05539095 0.02654373 -0.0164752 -0.05551362 5.08883e-4 -0.01686471 -0.05527174 0.0267741 -0.01664209 -0.05481851 0.02743256 -0.01782619 -0.05684792 5.08883e-4 -0.01784563 -0.05685395 5.08883e-4 -0.01936984 -0.0570023 0.02205514 -0.01953518 -0.05700618 0.02166157 -0.01950764 -0.05736595 5.08883e-4 -0.01964086 -0.05740696 5.08883e-4 -0.02111124 -0.05699557 0.01256078 -0.02118456 -0.0571928 5.08883e-4 -0.02109056 -0.05694025 0.01594519 -0.02065074 -0.05701053 0.01886266 -0.02051526 -0.05702888 0.01932913 -0.02688205 -0.05420273 0.01979655 -0.02560621 -0.05505788 0.01594519 -0.0256896 -0.05523556 0.00469923 -0.02563047 -0.05503207 0.016671 -0.0256077 -0.05505174 0.01622575 -0.02560585 -0.05505669 0.01601517 -0.0267831 -0.05424934 0.02103894 -0.02598595 -0.05480879 0.0186516 -0.02573001 -0.05496776 0.01745027 -0.02572065 -0.05530178 5.08883e-4 -0.02807527 -0.05358493 5.08883e-4 -0.02820807 -0.05335998 5.08883e-4 -0.03015416 -0.04732447 5.08883e-4 -0.02957165 -0.04977279 0.02903771 -0.0294761 -0.05018556 0.02839273 -0.02988094 -0.05052649 5.08883e-4 -0.02938777 -0.05040657 0.02804857 -0.02986156 -0.05055928 5.08883e-4 -0.02879053 -0.05190068 0.02572196 -0.0279349 -0.05310761 0.0236479 -0.02780514 -0.05329072 0.02333325 -0.0292598 -0.04422366 5.08883e-4 -0.02868497 -0.04454195 0.03815305 -0.02940732 -0.04618769 0.03501653 -0.03018295 -0.04698759 5.08883e-4 -0.02961403 -0.0473929 0.03293424 -0.02970933 -0.04794847 0.03197425 -0.02779412 -0.04278981 0.04364061 -0.02798491 -0.04039305 5.08883e-4 -0.02720832 -0.04092043 0.04912817 -0.02701675 -0.03811252 0.05153489 -0.02705198 -0.04009079 0.05153489 -0.02713096 -0.04050999 0.05031883 -0.02817672 -0.03636044 5.08883e-4 -0.04050379 -0.0271297 0.05033677 -0.04009079 -0.02705198 0.05153489 -0.03810936 -0.02701699 0.05153489 -0.03635478 -0.02817803 5.08883e-4 -0.04038727 -0.02798414 5.08883e-4 -0.04091441 -0.02720695 0.04914557 -0.04278403 -0.02779179 0.04365789 -0.03614956 -0.02731138 0.05153489 -0.03407287 -0.0280103 0.05153489 -0.03266328 -0.02981269 5.08883e-4 -0.0321595 -0.02907818 0.05153489 -0.03047436 -0.03047883 0.05153489 -0.02980935 -0.03266811 5.08883e-4 -0.0290746 -0.03216469 0.05153489 -0.02800774 -0.03407865 0.05153489 -0.02730989 -0.03615576 0.05153489 -0.02559173 -0.05506467 0.01594519 -0.02559894 -0.05506128 0.01594519 -0.02889281 -0.04546129 0.03852659 -0.02859765 -0.04639333 0.03879517 -0.02906763 -0.04774391 0.03560042 -0.02559864 -0.05506014 0.01601523 -0.02559137 -0.05506354 0.01601523 -0.02559262 -0.05505883 0.01622617 -0.02561134 -0.05504119 0.01667255 -0.02569442 -0.0549851 0.01745599 -0.025909 -0.05484879 0.01867097 -0.02657985 -0.05437612 0.02112966 -0.02744495 -0.05357307 0.02356135 -0.02829402 -0.05241775 0.02608698 -0.02926206 -0.05063515 0.02863055 -0.02857309 -0.05218565 0.025909 -0.02763563 -0.05344438 0.02344852 -0.02668368 -0.05431622 0.02108448 -0.02594769 -0.05482923 0.01866132 -0.02571225 -0.05497652 0.01745313 -0.02562093 -0.05503666 0.01667177 -0.02560019 -0.05505532 0.01622593 -0.02901345 -0.0506705 0.02950829 -0.02891808 -0.0510081 0.02884763 -0.02936714 -0.05026173 0.02928507 -0.02958476 -0.04860591 0.03226053 -0.02942115 -0.04699313 0.03534257 -0.02921199 -0.04918146 0.03250426 -0.02659761 -0.04143947 0.05204916 -0.02695906 -0.04081743 0.05182081 -0.02662503 -0.04141706 0.05204176 -0.0268169 -0.04234659 0.04967004 -0.02752697 -0.04443866 0.04424232 -0.02697473 -0.0407893 0.05181044 -0.02716857 -0.04166609 0.04942601 -0.0278638 -0.04363292 0.04398041 -0.02889281 0.04546129 0.03852659 -0.02859765 0.04639333 0.03879517 -0.02752697 0.04443866 0.04424232 -0.02659761 0.04143947 0.05204916 -0.02662503 0.04141706 0.05204176 -0.0268169 0.04234659 0.04967004 -0.02695906 0.04081743 0.05182081 -0.02697473 0.0407893 0.05181044 -0.02716857 0.04166609 0.04942601 -0.0278638 0.04363292 0.04398041 -0.0258035 0.0549159 0.01813465 -0.02708065 0.05394488 0.02256721 -0.02723425 0.05384796 0.02248442 -0.02905088 0.05051499 0.0298143 -0.0288158 0.05174124 0.02669882 -0.02958458 0.04839855 0.0326448 -0.02904766 0.04580688 0.03778058 -0.02873533 0.04669648 0.03804689 -0.02914494 0.04816389 0.03466922 -0.02950817 0.04746592 0.03441506 -0.02921211 0.04899585 0.03289055 -0.02851372 0.0520122 0.02689135 -0.02940839 0.05008941 0.02958852 -0.02807867 0.05276173 0.02538383 -0.02833521 0.05256146 0.02522116 -0.02628308 0.05459731 0.0201655 -0.026358 0.05455642 0.02013856 -0.02583193 0.05490189 0.01812863 -0.02559894 0.05506128 0.01594519 -0.02559173 0.05506473 0.01594519 -0.04143947 0.02659761 0.05204916 -0.04081743 0.02695906 0.05182081 -0.04141706 0.02662503 0.05204176 -0.04233986 0.02681523 0.04968726 -0.04443222 0.02752411 0.04425948 -0.0407893 0.02697473 0.05181044 -0.04165977 0.0271669 0.04944324 -0.0436269 0.02786105 0.04399758 -0.04638743 0.02859371 0.03881245 -0.04545581 0.02888906 0.03854387 -0.04773694 0.02906268 0.0356214 -0.05557328 0.02315133 0.02351653 -0.05557918 0.02277213 0.02419453 -0.05564457 0.02252078 0.02406299 -0.05563503 0.02293545 0.02340513 -0.05551475 0.02379786 0.02228111 -0.05515956 0.02523761 0.01870465 -0.05529403 0.02484464 0.01964974 -0.05556595 0.023642 0.0222066 -0.05510437 0.02537548 0.01848179 -0.05514532 0.02527451 0.01863372 -0.05527168 0.02489888 0.01966965 -0.05514997 0.02525889 0.01871466 -0.05513709 0.02529263 0.01864314 -0.05509978 0.02538514 0.01849007 -0.05507922 0.02543318 0.01844304 -0.05506497 0.02546513 0.01842659 -0.05505168 0.02549409 0.01842278 -0.05503666 0.02552592 0.01843088 -0.05502349 0.02555316 0.01844817 -0.05499535 0.02560901 0.01851165 -0.05497372 0.02565044 0.01858079 -0.05494654 0.02570068 0.01868563 -0.05487835 0.02582055 0.01899981 -0.05472284 0.02607131 0.01977157 -0.05402445 0.02697765 0.02239173 -0.05247157 0.02825093 0.02599775 -0.05372244 0.0272895 0.02322304 -0.05508178 0.02542793 0.01843506 -0.05506616 0.02546292 0.01841878 -0.05505168 0.02549451 0.01841491 -0.05503529 0.02552932 0.01842302 -0.05502086 0.02555912 0.01844012 -0.05499029 0.02562022 0.01850318 -0.05496668 0.02566552 0.01857185 -0.05493712 0.02572053 0.01867586 -0.05486303 0.02585178 0.01898729 -0.05469417 0.02612662 0.01975035 -0.05393552 0.02712166 0.02231407 -0.0536077 0.02746498 0.02312052 -0.05224561 0.02852618 0.02582162 -0.05063241 0.02925467 0.02864927 -0.05066061 0.0290082 0.02953898 -0.0510047 0.02891087 0.02886652 -0.05025178 0.02936196 0.02931553 -0.04859757 0.0295794 0.03228574 -0.0469864 0.02941626 0.03536349 -0.04917305 0.02920663 0.03252959 -0.05560338 -0.02251267 0.02405804 -0.05553799 -0.02276402 0.02418953 -0.05544716 -0.02419954 0.02142554 -0.04725724 -0.02893662 0.03671735 -0.04545581 -0.02888906 0.03854387 -0.04638743 -0.02859371 0.03881245 -0.04644447 -0.02927458 0.03645545 -0.0481376 -0.02957075 0.03314208 -0.04876166 -0.02919954 0.0333904 -0.05032473 -0.02908408 0.03020077 -0.0509907 -0.02891522 0.02889376 -0.05241489 -0.0282846 0.02611154 -0.04987949 -0.02944552 0.02997195 -0.05061697 -0.0292595 0.02867627 -0.05218356 -0.02856338 0.02593314 -0.05361407 -0.02745872 0.02310585 -0.05372834 -0.02728378 0.0232079 -0.05475956 -0.02601426 0.01959234 -0.05410593 -0.0268864 0.02214586 -0.05402398 -0.02702134 0.02207511 -0.05473405 -0.02606409 0.01957345 -0.05493432 -0.02572572 0.01868659 -0.05495202 -0.02569305 0.01862132 -0.05500054 -0.02560001 0.01847839 -0.05502533 -0.02555 0.01843392 -0.05504167 -0.02551591 0.01841837 -0.05505555 -0.02548617 0.01841491 -0.05506891 -0.02545684 0.01842069 -0.05508452 -0.02542173 0.01843923 -0.0551021 -0.02538079 0.01847594 -0.05512738 -0.02531963 0.01855707 -0.05514955 -0.02526366 0.01865386 -0.05517548 -0.02519536 0.0187934 -0.05494391 -0.02570539 0.01869648 -0.05496025 -0.02567559 0.01863062 -0.05500483 -0.02559053 0.01848667 -0.05502754 -0.02554482 0.01844191 -0.0550425 -0.02551364 0.01842623 -0.05505526 -0.02548646 0.01842272 -0.05506747 -0.02545964 0.01842856 -0.05508166 -0.02542752 0.01844722 -0.05509775 -0.02538996 0.01848417 -0.05512076 -0.025334 0.01856595 -0.05514091 -0.02528274 0.01866346 -0.05516445 -0.02522015 0.01880413 -0.05523151 -0.0250262 0.01931625 -0.05524957 -0.02498364 0.01930052 -0.05548948 -0.02408075 0.02137356 -0.04443222 -0.02752411 0.04425948 -0.04143947 -0.02659761 0.05204916 -0.04141706 -0.02662503 0.05204176 -0.04233986 -0.02681523 0.04968726 -0.04081743 -0.02695906 0.05182081 -0.0407893 -0.02697473 0.05181044 -0.04165977 -0.0271669 0.04944324 -0.0436269 -0.02786105 0.04399758 -0.02110123 0.05693638 0.01594519 -0.02111196 0.05693256 0.01594519 -0.02112263 0.05692875 0.01594519 -0.01734161 0.05527305 0.02901822 -0.01814949 0.0555287 0.02914386 -0.01861333 0.05624353 0.02694886 -0.02110117 0.05693626 0.01595818 -0.02112257 0.05692863 0.01595824 -0.02112162 0.05692696 0.0160669 -0.02111583 0.05692368 0.0163533 -0.02108722 0.05692315 0.01691359 -0.02099603 0.05693483 0.01786017 -0.02056282 0.05698162 0.02038949 -0.01968735 0.05688071 0.02350425 -0.01777714 0.05623608 0.0258553 -0.01902502 0.05689877 0.0233376 -0.02030229 0.05704033 0.02034366 -0.02092421 0.05695849 0.01785331 -0.02105289 0.05693519 0.01691168 -0.02109247 0.05693203 0.01635283 -0.0211001 0.05693465 0.01606684 -0.01884585 0.05645167 0.02612864 -0.01742792 0.05590307 0.02665036 -0.0211119 0.0569325 0.01595824 -0.02111089 0.05693084 0.01606684 -0.02110415 0.05692785 0.01635307 -0.02107006 0.05692923 0.01691263 -0.02096021 0.05694699 0.01785671 -0.02043354 0.05701541 0.02036678 -0.01935619 0.05691897 0.02342402 -0.0182923 0.05642086 0.02600622 -0.0179879 0.05616915 0.02682018 -0.01672625 0.05472147 0.02879279 -0.01111167 0.04811888 0.05187612 -0.01127719 0.04806381 0.05203986 -0.01173716 0.04813933 0.05155026 -0.01653903 0.05327385 0.03327804 -0.01562601 0.05115741 0.03982985 -0.01628732 0.05245923 0.03575962 -0.01787614 0.05383861 0.03366088 -0.01755672 0.05289947 0.03614789 -0.01675164 0.05141365 0.04021733 -0.01564908 0.05013287 0.04400616 -0.01469796 0.05002224 0.04362726 -0.0136609 0.04918432 0.04672741 -0.01335066 0.04899215 0.04750043 -0.01229643 0.0484938 0.04970926 -0.01134186 0.04821741 0.05121302 -0.0109446 0.04814594 0.05170696 -0.01154005 0.04819536 0.05138498 -0.01256936 0.04849195 0.04988902 -0.01370644 0.04902857 0.04769033 -0.01404106 0.04923588 0.04692059 -0.01515984 0.05014169 0.0438323 -0.01616078 0.05137312 0.0400471 -0.01687312 0.05279088 0.03598707 -0.01714336 0.05368137 0.03350913 -0.01284384 0.04843783 0.05005812 -0.01407021 0.04898524 0.04786288 -0.01443231 0.04919797 0.04709386 -5.30992e-4 0.06064999 0.01888847 -7.85382e-4 0.06061434 0.01934146 -0.001716673 0.06027293 0.02211213 -0.002503037 0.05881619 0.02798825 -0.003544747 0.05785077 0.02766317 -0.002736985 0.05947762 0.02462512 -0.003435075 0.05826872 0.0269789 -0.002424299 0.05907577 0.02728652 -0.001945853 0.059852 0.02485108 -0.003119945 0.05842649 0.0278573 -0.003003418 0.05875551 0.02715647 -0.002364993 0.05971026 0.02474546 -0.001487493 0.06034523 0.02216768 -0.001250505 0.0603882 0.02222102 -6.10964e-4 0.06063044 0.01936572 -6.69643e-4 0.06063973 0.0188713 -6.00412e-4 0.06064611 0.01887995 -6.98361e-4 0.06062436 0.01935362 -2.90827e-4 0.0607202 0.01594519 -2.79482e-4 0.06072044 0.01594519 -2.68135e-4 0.06072056 0.01594519 0.02559894 0.05506128 0.01594519 0.02559173 0.05506467 0.01594519 0.02889281 0.04546129 0.03852659 0.02859765 0.04639333 0.03879517 0.02906763 0.04774391 0.03560042 0.02559864 0.05506014 0.01601523 0.02559137 0.05506354 0.01601523 0.02559262 0.05505883 0.01622617 0.02561134 0.05504119 0.01667255 0.02569442 0.0549851 0.01745599 0.025909 0.05484879 0.01867097 0.02657985 0.05437612 0.02112966 0.02744495 0.05357307 0.02356135 0.02829402 0.05241775 0.02608698 0.02926206 0.05063515 0.02863055 0.02857309 0.05218565 0.025909 0.02763563 0.05344438 0.02344852 0.02668368 0.05431622 0.02108448 0.02594769 0.05482923 0.01866132 0.02571225 0.05497652 0.01745313 0.02562093 0.05503666 0.01667177 0.02560019 0.05505532 0.01622593 0.02901345 0.0506705 0.02950829 0.02891808 0.0510081 0.02884763 0.02936714 0.05026173 0.02928507 0.02958476 0.04860591 0.03226053 0.02942115 0.04699313 0.03534257 0.02921199 0.04918146 0.03250426 0.02659761 0.04143947 0.05204916 0.02695906 0.04081743 0.05182081 0.02662503 0.04141706 0.05204176 0.0268169 0.04234659 0.04967004 0.02752697 0.04443866 0.04424232 0.02697473 0.0407893 0.05181044 0.02716857 0.04166609 0.04942601 0.0278638 0.04363292 0.04398041 0.04546129 0.02889281 0.03852659 0.04639333 0.02859765 0.03879517 0.04443866 0.02752697 0.04424232 0.04143947 0.02659761 0.05204916 0.04141706 0.02662503 0.05204176 0.04234659 0.0268169 0.04967004 0.04081743 0.02695906 0.05182081 0.0407893 0.02697473 0.05181044 0.04166609 0.02716857 0.04942601 0.04363292 0.0278638 0.04398041 0.05506128 0.02559894 0.01594519 0.05506473 0.02559173 0.01594519 0.0549159 0.0258035 0.01813465 0.04669648 0.02873533 0.03804689 0.04580688 0.02904766 0.03778058 0.04839855 0.02958458 0.0326448 0.04746592 0.02950817 0.03441506 0.04816389 0.02914494 0.03466922 0.04899585 0.02921211 0.03289055 0.05051499 0.02905088 0.0298143 0.05008941 0.02940839 0.02958852 0.05174124 0.0288158 0.02669882 0.0520122 0.02851372 0.02689135 0.05276173 0.02807867 0.02538383 0.05256146 0.02833521 0.02522116 0.05384796 0.02723425 0.02248442 0.05394488 0.02708065 0.02256721 0.05459731 0.02628308 0.0201655 0.05455642 0.026358 0.02013856 0.05490189 0.02583193 0.01812863 0.04143947 -0.02659761 0.05204916 0.04081743 -0.02695906 0.05182081 0.04141706 -0.02662503 0.05204176 0.04234659 -0.0268169 0.04967004 0.04443866 -0.02752697 0.04424232 0.0407893 -0.02697473 0.05181044 0.04166609 -0.02716857 0.04942601 0.04363292 -0.0278638 0.04398041 0.04639333 -0.02859765 0.03879517 0.04546129 -0.02889281 0.03852659 0.04774391 -0.02906763 0.03560042 0.05506473 -0.02559173 0.01594519 0.05506128 -0.02559894 0.01594519 0.05506014 -0.02559864 0.01601523 0.05506354 -0.02559137 0.01601523 0.05505883 -0.02559262 0.01622617 0.0549851 -0.02569442 0.01745599 0.05504119 -0.02561134 0.01667255 0.05484879 -0.025909 0.01867097 0.05437612 -0.02657985 0.02112966 0.05357307 -0.02744495 0.02356135 0.05241775 -0.02829402 0.02608698 0.05063515 -0.02926206 0.02863055 0.05218565 -0.02857309 0.025909 0.05344438 -0.02763563 0.02344852 0.05431622 -0.02668368 0.02108448 0.05482923 -0.02594769 0.01866132 0.05497652 -0.02571225 0.01745313 0.05503666 -0.02562093 0.01667177 0.05505532 -0.02560019 0.01622593 0.0506705 -0.02901345 0.02950829 0.0510081 -0.02891808 0.02884763 0.05026173 -0.02936714 0.02928507 0.04860591 -0.02958476 0.03226053 0.04699313 -0.02942115 0.03534257 0.04918146 -0.02921199 0.03250426 0.02889281 -0.04546129 0.03852659 0.02859765 -0.04639333 0.03879517 0.02752697 -0.04443866 0.04424232 0.02659761 -0.04143947 0.05204916 0.02662503 -0.04141706 0.05204176 0.0268169 -0.04234659 0.04967004 0.02695906 -0.04081743 0.05182081 0.02697473 -0.0407893 0.05181044 0.02716857 -0.04166609 0.04942601 0.0278638 -0.04363292 0.04398041 0.0258035 -0.0549159 0.01813465 0.02628308 -0.05459731 0.0201655 0.02708065 -0.05394488 0.02256721 0.02723425 -0.05384796 0.02248442 0.02905088 -0.05051499 0.0298143 0.0288158 -0.05174124 0.02669882 0.02958458 -0.04839855 0.0326448 0.02904766 -0.04580688 0.03778058 0.02873533 -0.04669648 0.03804689 0.02914494 -0.04816389 0.03466922 0.02950817 -0.04746592 0.03441506 0.02921211 -0.04899585 0.03289055 0.02851372 -0.0520122 0.02689135 0.02940839 -0.05008941 0.02958852 0.02807867 -0.05276173 0.02538383 0.02833521 -0.05256146 0.02522116 0.026358 -0.05455642 0.02013856 0.02583193 -0.05490189 0.01812863 0.02559894 -0.05506128 0.01594519 0.02559173 -0.05506473 0.01594519 -2.90826e-4 -0.06072014 0.01594519 -2.7948e-4 -0.06072032 0.01594519 -2.68133e-4 -0.0607205 0.01594519 -0.003224313 -0.05783981 0.02901822 -0.002558171 -0.05836349 0.02914386 -0.002375602 -0.05919587 0.02694886 -2.90831e-4 -0.06071996 0.01595818 -2.68136e-4 -0.06072032 0.01595824 -2.68444e-4 -0.06071841 0.0160669 -2.72723e-4 -0.06071335 0.0163533 -2.99311e-4 -0.06070274 0.01691359 -3.88756e-4 -0.06068164 0.01786017 -8.10701e-4 -0.06057292 0.02038949 -0.001594603 -0.06017035 0.02350425 -0.003155648 -0.05889451 0.0258553 -0.002220928 -0.0599541 0.0233376 -0.001075208 -0.06053614 0.02034366 -4.64339e-4 -0.06067848 0.01785331 -3.35669e-4 -0.06070196 0.01691168 -2.97473e-4 -0.06071293 0.01635283 -2.91294e-4 -0.06071805 0.01606684 -0.00223124 -0.0594725 0.02612864 -0.003365337 -0.05845993 0.02665036 -2.79484e-4 -0.0607202 0.01595824 -2.79869e-4 -0.06071829 0.01606684 -2.85099e-4 -0.06071317 0.01635307 -3.17492e-4 -0.06070244 0.01691263 -4.26563e-4 -0.06068038 0.01785671 -9.4364e-4 -0.06055909 0.02036678 -0.001918017 -0.06008958 0.02342402 -0.002738475 -0.0592488 0.02600622 -0.002934813 -0.05890607 0.02682018 -0.00360614 -0.05710697 0.02879279 -0.006537258 -0.04895061 0.05187612 -0.006362974 -0.04895734 0.05203986 -0.005959033 -0.04918992 0.05155026 -0.003271818 -0.05568605 0.03327804 -0.003381431 -0.0533837 0.03982985 -0.003220677 -0.05483496 0.03575962 -0.002219021 -0.05668532 0.03366088 -0.00218749 -0.05569392 0.03614789 -0.002417981 -0.0540198 0.04021733 -0.002999186 -0.05243283 0.04400616 -0.00385046 -0.0519945 0.04362726 -0.004526257 -0.05084514 0.04672741 -0.004749 -0.05055612 0.04750043 -0.005560338 -0.04971849 0.04970926 -0.006356477 -0.04912388 0.05121302 -0.006703138 -0.04891711 0.05170696 -0.006163239 -0.04917299 0.05138498 -0.005304157 -0.04981291 0.04988902 -0.004428803 -0.05071544 0.04769033 -0.004188537 -0.05102723 0.04692059 -0.003460228 -0.05226892 0.0438323 -0.002956807 -0.05377388 0.0400471 -0.00278908 -0.05535161 0.03598707 -0.002849638 -0.05628025 0.03350913 -0.005028247 -0.0498588 0.05005812 -0.004073023 -0.05080294 0.04786288 -0.003808975 -0.05112951 0.04709386 -0.02085179 -0.05695533 0.01888847 -0.02060109 -0.05701148 0.01934146 -0.01924657 -0.05670642 0.02485108 -0.01960921 -0.05701971 0.02211213 -0.01837426 -0.05663442 0.02462512 -0.01704555 -0.05539613 0.02766317 -0.01764577 -0.05578547 0.0278573 -0.01836037 -0.05593299 0.02798825 -0.01852548 -0.05614829 0.02728652 -0.01787072 -0.05605238 0.02715647 -0.02008616 -0.05696356 0.02222102 -0.01880431 -0.05672127 0.02474546 -0.0172953 -0.0557487 0.0269789 -0.01984918 -0.05700671 0.02216768 -0.02077001 -0.05696517 0.01936572 -0.02071839 -0.05699449 0.0188713 -0.02078545 -0.05697607 0.01887995 -0.02068608 -0.0569902 0.01935362 -0.02110129 -0.0569365 0.01594519 -0.02111196 -0.05693268 0.01594519 -0.02112263 -0.05692881 0.01594519 0.0529477 -0.03328227 0.02489125 0.03889083 -0.03328227 0.02489125 0.03614497 -0.03413486 0.01819646 0.03500759 -0.03500759 0.01819646 0.03328227 -0.03889083 0.02489125 0.03433036 -0.03444719 0.06836557 0.03437358 -0.03434741 0.07062834 0.03445661 -0.03437793 0.06603944 0.0374695 -0.03358626 0.01819646 0.0416367 -0.03413486 0.01819646 0.04167824 -0.03406423 0.02394974 0.04031223 -0.03358626 0.01819646 0.04105442 -0.03373235 0.02404904 0.03889083 -0.0333991 0.01819646 0.04091292 -0.03367447 0.02408975 0.03969812 -0.03334683 0.02454125 0.03922909 -0.03329509 0.02474272 0.03890413 -0.03328239 0.02488541 0.03413486 -0.0416367 0.01819646 0.03420144 -0.04193615 0.02390867 0.03500759 -0.04277408 0.01819646 0.03504192 -0.04294669 0.02390867 0.03614497 -0.04364681 0.01819646 0.03609514 -0.04373317 0.02390867 0.0374695 -0.04419541 0.01819646 0.03744369 -0.04429173 0.02390867 0.03889083 -0.04438257 0.01819646 0.03889083 -0.04448229 0.02390867 0.04031223 -0.04419541 0.01819646 0.04033803 -0.04429173 0.02390867 0.0416367 -0.04364681 0.01819646 0.04168653 -0.04373317 0.02390867 0.04277408 -0.04277408 0.01819646 0.04284459 -0.04284459 0.02390867 0.04364681 -0.0416367 0.01819646 0.04373317 -0.04168653 0.02390867 0.04419541 -0.04031223 0.01819646 0.04429173 -0.04033803 0.02390867 0.04438257 -0.03889083 0.01819646 0.04448229 -0.03889083 0.02390867 0.04419541 -0.0374695 0.01819646 0.04429173 -0.03744369 0.02390867 0.04364681 -0.03614497 0.01819646 0.04373317 -0.03609514 0.02390867 0.04277408 -0.03500759 0.01819646 0.04294669 -0.03504192 0.02390867 0.04193615 -0.03420144 0.02390867 0.03413486 -0.03614497 0.01819646 0.03358626 -0.0374695 0.01819646 0.0333991 -0.03889083 0.01819646 0.03328239 -0.03890413 0.02488541 0.03329509 -0.03922909 0.02474272 0.03334683 -0.03969812 0.02454125 0.03367447 -0.04091292 0.02408975 0.03358626 -0.04031223 0.01819646 0.03373235 -0.04105442 0.02404904 0.03406423 -0.04167824 0.02394974 0.03328227 -0.0529477 0.02489125 0.04416608 -0.04193651 0.02439999 0.0431981 -0.0431981 0.02439999 0.0529477 -0.03378218 0.02439999 0.04220843 -0.03378218 0.02439999 0.04330933 -0.03469783 0.02439999 0.03378218 -0.0529477 0.02439999 0.04416608 -0.03584516 0.02439999 0.04477465 -0.03731429 0.02439999 0.04498219 -0.03889083 0.02439999 0.04477465 -0.04046738 0.02439999 0.04193651 -0.04416608 0.02439999 0.04046738 -0.04477465 0.02439999 0.03889083 -0.04498219 0.02439999 0.03731429 -0.04477465 0.02439999 0.03584516 -0.04416608 0.02439999 0.03469783 -0.04330933 0.02439999 0.03378218 -0.04220843 0.02439999 -0.02677398 0.04011899 0.05252003 -0.02677726 0.04011863 0.05250847 -0.02672612 0.04075425 0.05250936 -0.02582776 0.0415228 0.05287855 -0.02557808 0.04112142 0.05320733 -0.02585923 0.04088884 0.05323475 -0.02595645 0.04172968 0.05248814 -0.02644473 0.04132711 0.05250936 -0.02605158 0.04019218 0.05323362 -0.02602148 0.04055863 0.05323475 -0.02604728 0.0401926 0.05323779 -0.02547878 0.0409618 0.05333805 -0.02093803 0.04345846 0.05333805 -0.01615566 0.04545366 0.05333805 -0.01118683 0.04692435 0.05333805 -0.0112304 0.04710721 0.05320733 -0.01637691 0.04607617 0.05287855 -0.01134002 0.047567 0.05287855 -0.01139652 0.04780405 0.05248814 -0.02122479 0.04405367 0.05287855 -0.04011863 0.02677726 0.05250847 -0.02673798 0.03809422 0.05252003 -0.02600914 0.03804647 0.05323779 -0.02632713 0.03592365 0.05323779 -0.02708423 0.03367024 0.05323779 -0.02824163 0.03159391 0.05323779 -0.02976012 0.029765 0.05323779 -0.03158825 0.0282455 0.05323779 -0.03366398 0.02708697 0.05323779 -0.03591698 0.02632874 0.05323779 -0.03804302 0.02600938 0.05323779 -0.02703797 0.0360915 0.05252003 -0.02775222 0.03396564 0.05252003 -0.02884417 0.0320068 0.05252003 -0.03027677 0.0302813 0.05252003 -0.03200143 0.02884781 0.05252003 -0.03395974 0.02775484 0.05252003 -0.03608524 0.02703946 0.05252003 -0.038091 0.02673822 0.05252003 -0.0401926 0.02604728 0.05323779 -0.04019218 0.02605158 0.05323362 -0.04011899 0.02677398 0.05252003 -0.01080954 0.04787009 0.05250847 -0.01080989 0.04786688 0.05252003 -0.01089185 0.04714542 0.05323362 -0.01089233 0.04714113 0.05323779 -0.0415228 0.02582776 0.05287855 -0.04172968 0.02595645 0.05248814 -0.04132711 0.02644473 0.05250936 -0.04055863 0.02602148 0.05323475 -0.04075425 0.02672612 0.05250936 -0.04112142 0.02557808 0.05320733 -0.04088884 0.02585923 0.05323475 -0.0409618 0.02547878 0.05333805 -0.006732523 0.0486114 0.05250847 -0.006731033 0.04860848 0.05252003 -0.007156014 0.04840838 0.05252003 -0.006400346 0.047962 0.05323362 -0.006398439 0.04795819 0.05323779 -0.006866693 0.04773771 0.05323779 -0.008585095 0.0472182 0.05323779 -0.008715748 0.04793685 0.05252003 -0.04658198 0.01487725 0.05287855 -0.04806131 0.009018182 0.05287855 -0.04439133 0.02050912 0.05287855 -0.04595267 -0.01467627 0.05333805 -0.04379159 -0.02023202 0.05333805 -0.04439133 -0.02050912 0.05287855 -0.04379159 0.02023202 0.05333805 -0.0481472 0.002980589 0.05333805 -0.04741197 0.00889635 0.05333805 -0.04595267 0.01467627 0.05333805 -0.0481472 -0.002980589 0.05333805 -0.04741197 -0.00889635 0.05333805 -0.0488066 0.003021419 0.05287855 -0.0488066 -0.003021419 0.05287855 -0.04806131 -0.009018182 0.05287855 -0.04658198 -0.01487725 0.05287855 -0.04172968 -0.02595645 0.05248814 -0.0415228 -0.02582776 0.05287855 -0.04112142 -0.02557808 0.05320733 -0.0409618 -0.02547878 0.05333805 -0.006159842 0.04875618 0.05248814 -0.006129264 0.04851442 0.05287855 -0.006070017 0.04804545 0.05320733 -0.006046473 0.04785895 0.05333805 -0.04011899 -0.02677398 0.05252003 -0.04011863 -0.02677726 0.05250847 -0.04075425 -0.02672612 0.05250936 -0.04088884 -0.02585923 0.05323475 -0.04132711 -0.02644473 0.05250936 -0.04019218 -0.02605158 0.05323362 -0.04055863 -0.02602148 0.05323475 -0.0401926 -0.02604728 0.05323779 0.007170915 0.04837143 0.05287855 0.02595645 0.04172968 0.05248814 0.02582776 0.0415228 0.05287855 0.01994061 0.0446496 0.05287855 0.013498 0.04631245 0.05333805 0.007073998 0.04771786 0.05333805 5.18594e-4 0.0482366 0.05333805 0.02557808 0.04112142 0.05320733 0.02547878 0.0409618 0.05333805 0.0196712 0.0440464 0.05333805 0.0136829 0.0469467 0.05287855 5.25696e-4 0.04889726 0.05287855 -0.02677726 -0.04011863 0.05250847 -0.038091 -0.02673822 0.05252003 -0.03804302 -0.02600938 0.05323779 -0.03591698 -0.02632874 0.05323779 -0.03366398 -0.02708697 0.05323779 -0.03158825 -0.0282455 0.05323779 -0.02976012 -0.029765 0.05323779 -0.02824163 -0.03159391 0.05323779 -0.02708423 -0.03367024 0.05323779 -0.02632713 -0.03592365 0.05323779 -0.02600914 -0.03804647 0.05323779 -0.03608524 -0.02703946 0.05252003 -0.03395974 -0.02775484 0.05252003 -0.03200143 -0.02884781 0.05252003 -0.03027677 -0.0302813 0.05252003 -0.02884417 -0.0320068 0.05252003 -0.02775222 -0.03396564 0.05252003 -0.02703797 -0.0360915 0.05252003 -0.02673798 -0.03809422 0.05252003 -0.02604728 -0.0401926 0.05323779 -0.02605158 -0.04019218 0.05323362 -0.02677398 -0.04011899 0.05252003 0.02644473 0.04132711 0.05250936 0.02677398 0.04011899 0.05252003 0.02605158 0.04019218 0.05323362 0.02602148 0.04055863 0.05323475 0.02677726 0.04011863 0.05250847 0.02672612 0.04075425 0.05250936 0.02585923 0.04088884 0.05323475 0.02604728 0.0401926 0.05323779 -0.02582776 -0.0415228 0.05287855 -0.02595645 -0.04172968 0.05248814 -0.02644473 -0.04132711 0.05250936 -0.02602148 -0.04055863 0.05323475 -0.02672612 -0.04075425 0.05250936 -0.02557808 -0.04112142 0.05320733 -0.02585923 -0.04088884 0.05323475 -0.02547878 -0.0409618 0.05333805 0.04011863 0.02677726 0.05250847 0.04011899 0.02677398 0.05252003 0.03809332 0.02673804 0.05252003 0.04019218 0.02605158 0.05323362 0.0401926 0.02604728 0.05323779 0.03804546 0.0260092 0.05323779 0.03592175 0.02632761 0.05323779 0.03366804 0.02708518 0.05323779 0.03159147 0.0282433 0.05323779 0.02976256 0.02976256 0.05323779 0.0282433 0.03159147 0.05323779 0.02708518 0.03366804 0.05323779 0.02632761 0.03592175 0.05323779 0.0260092 0.03804546 0.05323779 0.03608971 0.02703839 0.05252003 0.0339635 0.02775317 0.05252003 0.03200447 0.02884572 0.05252003 0.03027904 0.03027904 0.05252003 0.02884572 0.03200447 0.05252003 0.02775317 0.0339635 0.05252003 0.02703839 0.03608971 0.05252003 0.02673804 0.03809332 0.05252003 -0.01615566 -0.04545366 0.05333805 -0.02093803 -0.04345846 0.05333805 -0.02122479 -0.04405367 0.05287855 -0.01637691 -0.04607617 0.05287855 -0.01139652 -0.04780405 0.05248814 -0.01134002 -0.047567 0.05287855 -0.0112304 -0.04710721 0.05320733 -0.01118683 -0.04692435 0.05333805 0.04075425 0.02672612 0.05250936 0.0415228 0.02582776 0.05287855 0.04112142 0.02557808 0.05320733 0.04088884 0.02585923 0.05323475 0.04172968 0.02595645 0.05248814 0.04132711 0.02644473 0.05250936 0.04055863 0.02602148 0.05323475 0.0409618 0.02547878 0.05333805 -0.01080954 -0.04787009 0.05250847 -0.01080989 -0.04786688 0.05252003 -0.01089185 -0.04714542 0.05323362 -0.01089233 -0.04714113 0.05323779 0.04658198 -0.01487725 0.05287855 0.04806131 -0.009018182 0.05287855 0.04172968 -0.02595645 0.05248814 0.0415228 -0.02582776 0.05287855 0.04439133 -0.02050912 0.05287855 0.04595267 0.01467627 0.05333805 0.04379159 0.02023202 0.05333805 0.04439133 0.02050912 0.05287855 0.04112142 -0.02557808 0.05320733 0.0409618 -0.02547878 0.05333805 0.04379159 -0.02023202 0.05333805 0.0481472 -0.002980589 0.05333805 0.04741197 -0.00889635 0.05333805 0.04595267 -0.01467627 0.05333805 0.0481472 0.002980589 0.05333805 0.04741197 0.00889635 0.05333805 0.0488066 -0.003021419 0.05287855 0.0488066 0.003021419 0.05287855 0.04806131 0.009018182 0.05287855 0.04658198 0.01487725 0.05287855 -0.01034164 -0.04782915 0.05252003 -0.01037639 -0.04709959 0.05323779 -0.008585095 -0.0472182 0.05323779 -0.008715748 -0.04793685 0.05252003 -0.006398439 -0.04795819 0.05323779 -0.006400346 -0.047962 0.05323362 -0.006731033 -0.04860848 0.05252003 -0.006732523 -0.0486114 0.05250847 0.04132711 -0.02644473 0.05250936 0.04011899 -0.02677398 0.05252003 0.04019218 -0.02605158 0.05323362 0.04055863 -0.02602148 0.05323475 0.04011863 -0.02677726 0.05250847 0.04075425 -0.02672612 0.05250936 0.04088884 -0.02585923 0.05323475 0.0401926 -0.02604728 0.05323779 -0.006159842 -0.04875618 0.05248814 -0.006129264 -0.04851442 0.05287855 -0.006070017 -0.04804545 0.05320733 -0.006046473 -0.04785895 0.05333805 0.02677726 -0.04011863 0.05250847 0.02677398 -0.04011899 0.05252003 0.02673804 -0.03809332 0.05252003 0.02605158 -0.04019218 0.05323362 0.02604728 -0.0401926 0.05323779 0.0260092 -0.03804546 0.05323779 0.02632761 -0.03592175 0.05323779 0.02708518 -0.03366804 0.05323779 0.0282433 -0.03159147 0.05323779 0.02976256 -0.02976256 0.05323779 0.03159147 -0.0282433 0.05323779 0.03366804 -0.02708518 0.05323779 0.03592175 -0.02632761 0.05323779 0.03804546 -0.0260092 0.05323779 0.02703839 -0.03608971 0.05252003 0.02775317 -0.0339635 0.05252003 0.02884572 -0.03200447 0.05252003 0.03027904 -0.03027904 0.05252003 0.03200447 -0.02884572 0.05252003 0.0339635 -0.02775317 0.05252003 0.03608971 -0.02703839 0.05252003 0.03809332 -0.02673804 0.05252003 5.25696e-4 -0.04889726 0.05287855 5.18594e-4 -0.0482366 0.05333805 0.0196712 -0.0440464 0.05333805 0.013498 -0.04631245 0.05333805 0.007073998 -0.04771786 0.05333805 0.007170915 -0.04837143 0.05287855 0.0136829 -0.0469467 0.05287855 0.01994061 -0.0446496 0.05287855 0.02595645 -0.04172968 0.05248814 0.02582776 -0.0415228 0.05287855 0.02557808 -0.04112142 0.05320733 0.02547878 -0.0409618 0.05333805 0.02672612 -0.04075425 0.05250936 0.02585923 -0.04088884 0.05323475 0.02644473 -0.04132711 0.05250936 0.02602148 -0.04055863 0.05323475 -0.03283917 -0.04137593 0.05027669 -0.03274405 -0.03889083 0.05572599 -0.03328227 -0.03889083 0.02489125 -0.03292459 -0.04378819 0.04538309 -0.03314095 -0.04984164 0.03298741 -0.03307485 -0.04806178 0.03677266 -0.03300285 -0.04603242 0.04089802 -0.03328227 -0.05291253 0.02489125 -0.03325688 -0.05249965 0.02634561 -0.03320145 -0.05133926 0.02952182 -0.03565561 -0.03346276 0.06559628 -0.03573495 -0.0334255 0.06530672 -0.03449511 -0.03434973 0.06565761 -0.03743553 -0.03284555 0.05980592 -0.03889083 -0.03274405 0.05572599 -0.03889083 -0.03328227 0.02489125 -0.03343886 -0.03573989 0.06535434 -0.03351789 -0.03555119 0.06600844 -0.03456842 -0.03416246 0.07059454 -0.03470861 -0.03405362 0.06991761 -0.03436756 -0.03437119 0.069907 -0.03449207 -0.03422605 0.07089877 -0.03439593 -0.03431284 0.07113587 -0.034419 -0.03429126 0.07109904 -0.03445816 -0.03425574 0.0710057 -0.03433781 -0.03437012 0.07115918 -0.0343557 -0.03435206 0.07116335 -0.03437352 -0.03433448 0.07115727 -0.03431719 -0.03439134 0.07114142 -0.03428763 -0.03442293 0.07109135 -0.03421783 -0.03450167 0.07086485 -0.03405052 -0.03471279 0.06989645 -0.03614497 -0.03413486 0.01819646 -0.03500759 -0.03500759 0.01819646 -0.03413486 -0.03614497 0.01819646 -0.03301286 -0.03675699 0.06182867 -0.03358626 -0.0374695 0.01819646 -0.032754 -0.03813207 0.05783146 -0.03413486 -0.0416367 0.01819646 -0.03406423 -0.04167824 0.02394974 -0.03358626 -0.04031223 0.01819646 -0.03373235 -0.04105442 0.02404904 -0.0333991 -0.03889083 0.01819646 -0.03367447 -0.04091292 0.02408975 -0.03334683 -0.03969812 0.02454125 -0.03329509 -0.03922909 0.02474272 -0.03328239 -0.03890413 0.02488541 -0.0416367 -0.03413486 0.01819646 -0.04193615 -0.03420144 0.02390867 -0.04277408 -0.03500759 0.01819646 -0.04294669 -0.03504192 0.02390867 -0.04364681 -0.03614497 0.01819646 -0.04373317 -0.03609514 0.02390867 -0.04419541 -0.0374695 0.01819646 -0.04429173 -0.03744369 0.02390867 -0.04438257 -0.03889083 0.01819646 -0.04448229 -0.03889083 0.02390867 -0.04419541 -0.04031223 0.01819646 -0.04429173 -0.04033803 0.02390867 -0.04364681 -0.0416367 0.01819646 -0.04373317 -0.04168653 0.02390867 -0.04277408 -0.04277408 0.01819646 -0.04284459 -0.04284459 0.02390867 -0.0416367 -0.04364681 0.01819646 -0.04168653 -0.04373317 0.02390867 -0.04031223 -0.04419541 0.01819646 -0.04033803 -0.04429173 0.02390867 -0.03889083 -0.04438257 0.01819646 -0.03889083 -0.04448229 0.02390867 -0.0374695 -0.04419541 0.01819646 -0.03744369 -0.04429173 0.02390867 -0.03614497 -0.04364681 0.01819646 -0.03609514 -0.04373317 0.02390867 -0.03500759 -0.04277408 0.01819646 -0.03504192 -0.04294669 0.02390867 -0.03420144 -0.04193615 0.02390867 -0.03612184 -0.03324383 0.06389468 -0.0374695 -0.03358626 0.01819646 -0.03889083 -0.0333991 0.01819646 -0.03890413 -0.03328239 0.02488541 -0.03922909 -0.03329509 0.02474272 -0.03969812 -0.03334683 0.02454125 -0.04091292 -0.03367447 0.02408975 -0.04031223 -0.03358626 0.01819646 -0.04105442 -0.03373235 0.02404904 -0.04167824 -0.03406423 0.02394974 -0.03943884 -0.03276628 0.05445247 -0.04217177 -0.03286772 0.04864114 -0.04558873 -0.03298735 0.0417869 -0.04977321 -0.03313833 0.03313779 -0.05186343 -0.03322488 0.02817994 -0.05291253 -0.03328227 0.02489125 -0.03378218 -0.05230671 0.02439999 -0.03378218 -0.04220843 0.02439999 -0.03469783 -0.04330933 0.02439999 -0.03584516 -0.04416608 0.02439999 -0.03731429 -0.04477465 0.02439999 -0.03912544 -0.04843991 0.02439999 -0.03889083 -0.04498219 0.02439999 -0.04416608 -0.04193651 0.02439999 -0.04843991 -0.03912544 0.02439999 -0.0431981 -0.0431981 0.02439999 -0.04402971 -0.04402971 0.02439999 -0.04193651 -0.04416608 0.02439999 -0.04046738 -0.04477465 0.02439999 -0.04477465 -0.04046738 0.02439999 -0.04498219 -0.03889083 0.02439999 -0.05230671 -0.03378218 0.02439999 -0.04477465 -0.03731429 0.02439999 -0.04416608 -0.03584516 0.02439999 -0.04330933 -0.03469783 0.02439999 -0.04220843 -0.03378218 0.02439999 -0.04137593 0.03283917 0.05027669 -0.03889083 0.03274405 0.05572599 -0.03889083 0.03328227 0.02489125 -0.04378819 0.03292459 0.04538309 -0.04984164 0.03314095 0.03298741 -0.04806178 0.03307485 0.03677266 -0.04603242 0.03300285 0.04089802 -0.05291253 0.03328227 0.02489125 -0.05249965 0.03325688 0.02634561 -0.05133926 0.03320145 0.02952182 -0.03346276 0.03565561 0.06559628 -0.0334255 0.03573495 0.06530672 -0.03434973 0.03449511 0.06565761 -0.03284555 0.03743553 0.05980592 -0.03274405 0.03889083 0.05572599 -0.03328227 0.03889083 0.02489125 -0.03573989 0.03343886 0.06535434 -0.03555119 0.03351789 0.06600844 -0.03416246 0.03456842 0.07059454 -0.03405362 0.03470861 0.06991761 -0.03437119 0.03436756 0.069907 -0.03422605 0.03449207 0.07089877 -0.03431284 0.03439593 0.07113587 -0.03429126 0.034419 0.07109904 -0.03425574 0.03445816 0.0710057 -0.03437012 0.03433781 0.07115918 -0.03435206 0.0343557 0.07116335 -0.03433448 0.03437352 0.07115727 -0.03439134 0.03431719 0.07114142 -0.03442293 0.03428763 0.07109135 -0.03450167 0.03421783 0.07086485 -0.03471279 0.03405052 0.06989645 -0.03413486 0.03614497 0.01819646 -0.03500759 0.03500759 0.01819646 -0.03614497 0.03413486 0.01819646 -0.03675699 0.03301286 0.06182867 -0.0374695 0.03358626 0.01819646 -0.03813207 0.032754 0.05783146 -0.0416367 0.03413486 0.01819646 -0.04167824 0.03406423 0.02394974 -0.04031223 0.03358626 0.01819646 -0.04105442 0.03373235 0.02404904 -0.03889083 0.0333991 0.01819646 -0.04091292 0.03367447 0.02408975 -0.03969812 0.03334683 0.02454125 -0.03922909 0.03329509 0.02474272 -0.03890413 0.03328239 0.02488541 -0.03413486 0.0416367 0.01819646 -0.03420144 0.04193615 0.02390867 -0.03500759 0.04277408 0.01819646 -0.03504192 0.04294669 0.02390867 -0.03614497 0.04364681 0.01819646 -0.03609514 0.04373317 0.02390867 -0.0374695 0.04419541 0.01819646 -0.03744369 0.04429173 0.02390867 -0.03889083 0.04438257 0.01819646 -0.03889083 0.04448229 0.02390867 -0.04031223 0.04419541 0.01819646 -0.04033803 0.04429173 0.02390867 -0.0416367 0.04364681 0.01819646 -0.04168653 0.04373317 0.02390867 -0.04277408 0.04277408 0.01819646 -0.04284459 0.04284459 0.02390867 -0.04364681 0.0416367 0.01819646 -0.04373317 0.04168653 0.02390867 -0.04419541 0.04031223 0.01819646 -0.04429173 0.04033803 0.02390867 -0.04438257 0.03889083 0.01819646 -0.04448229 0.03889083 0.02390867 -0.04419541 0.0374695 0.01819646 -0.04429173 0.03744369 0.02390867 -0.04364681 0.03614497 0.01819646 -0.04373317 0.03609514 0.02390867 -0.04277408 0.03500759 0.01819646 -0.04294669 0.03504192 0.02390867 -0.04193615 0.03420144 0.02390867 -0.03324383 0.03612184 0.06389468 -0.03358626 0.0374695 0.01819646 -0.0333991 0.03889083 0.01819646 -0.03328239 0.03890413 0.02488541 -0.03329509 0.03922909 0.02474272 -0.03334683 0.03969812 0.02454125 -0.03367447 0.04091292 0.02408975 -0.03358626 0.04031223 0.01819646 -0.03373235 0.04105442 0.02404904 -0.03406423 0.04167824 0.02394974 -0.03276628 0.03943884 0.05445247 -0.03286772 0.04217177 0.04864114 -0.03298735 0.04558873 0.0417869 -0.03313833 0.04977321 0.03313779 -0.03322488 0.05186343 0.02817994 -0.03328227 0.05291253 0.02489125 -0.03731429 0.04477465 0.02439999 -0.03378218 0.05230671 0.02439999 -0.03889083 0.04498219 0.02439999 -0.03912544 0.04843991 0.02439999 -0.04046738 0.04477465 0.02439999 -0.03584516 0.04416608 0.02439999 -0.03469783 0.04330933 0.02439999 -0.03378218 0.04220843 0.02439999 -0.05230671 0.03378218 0.02439999 -0.04220843 0.03378218 0.02439999 -0.04330933 0.03469783 0.02439999 -0.04416608 0.03584516 0.02439999 -0.04477465 0.03731429 0.02439999 -0.04843991 0.03912544 0.02439999 -0.04498219 0.03889083 0.02439999 -0.04477465 0.04046738 0.02439999 -0.04416608 0.04193651 0.02439999 -0.04402971 0.04402971 0.02439999 -0.0431981 0.0431981 0.02439999 -0.04193651 0.04416608 0.02439999 0.03283917 0.04137593 0.05027669 0.03274405 0.03889083 0.05572599 0.03328227 0.03889083 0.02489125 0.03292459 0.04378819 0.04538309 0.03314095 0.04984164 0.03298741 0.03307485 0.04806178 0.03677266 0.03300285 0.04603242 0.04089802 0.03328227 0.05291253 0.02489125 0.03325688 0.05249965 0.02634561 0.03320145 0.05133926 0.02952182 0.03565561 0.03346276 0.06559628 0.03573495 0.0334255 0.06530672 0.03449511 0.03434973 0.06565761 0.03743553 0.03284555 0.05980592 0.03889083 0.03274405 0.05572599 0.03889083 0.03328227 0.02489125 0.03343886 0.03573989 0.06535434 0.03351789 0.03555119 0.06600844 0.03456842 0.03416246 0.07059454 0.03470861 0.03405362 0.06991761 0.03436756 0.03437119 0.069907 0.03449207 0.03422605 0.07089877 0.03439593 0.03431284 0.07113587 0.034419 0.03429126 0.07109904 0.03445816 0.03425574 0.0710057 0.03433781 0.03437012 0.07115918 0.0343557 0.03435206 0.07116335 0.03437352 0.03433448 0.07115727 0.03431719 0.03439134 0.07114142 0.03428763 0.03442293 0.07109135 0.03421783 0.03450167 0.07086485 0.03405052 0.03471279 0.06989645 0.03614497 0.03413486 0.01819646 0.03500759 0.03500759 0.01819646 0.03413486 0.03614497 0.01819646 0.03301286 0.03675699 0.06182867 0.03358626 0.0374695 0.01819646 0.032754 0.03813207 0.05783146 0.03413486 0.0416367 0.01819646 0.03406423 0.04167824 0.02394974 0.03358626 0.04031223 0.01819646 0.03373235 0.04105442 0.02404904 0.0333991 0.03889083 0.01819646 0.03367447 0.04091292 0.02408975 0.03334683 0.03969812 0.02454125 0.03329509 0.03922909 0.02474272 0.03328239 0.03890413 0.02488541 0.0416367 0.03413486 0.01819646 0.04193615 0.03420144 0.02390867 0.04277408 0.03500759 0.01819646 0.04294669 0.03504192 0.02390867 0.04364681 0.03614497 0.01819646 0.04373317 0.03609514 0.02390867 0.04419541 0.0374695 0.01819646 0.04429173 0.03744369 0.02390867 0.04438257 0.03889083 0.01819646 0.04448229 0.03889083 0.02390867 0.04419541 0.04031223 0.01819646 0.04429173 0.04033803 0.02390867 0.04364681 0.0416367 0.01819646 0.04373317 0.04168653 0.02390867 0.04277408 0.04277408 0.01819646 0.04284459 0.04284459 0.02390867 0.0416367 0.04364681 0.01819646 0.04168653 0.04373317 0.02390867 0.04031223 0.04419541 0.01819646 0.04033803 0.04429173 0.02390867 0.03889083 0.04438257 0.01819646 0.03889083 0.04448229 0.02390867 0.0374695 0.04419541 0.01819646 0.03744369 0.04429173 0.02390867 0.03614497 0.04364681 0.01819646 0.03609514 0.04373317 0.02390867 0.03500759 0.04277408 0.01819646 0.03504192 0.04294669 0.02390867 0.03420144 0.04193615 0.02390867 0.03612184 0.03324383 0.06389468 0.0374695 0.03358626 0.01819646 0.03889083 0.0333991 0.01819646 0.03890413 0.03328239 0.02488541 0.03922909 0.03329509 0.02474272 0.03969812 0.03334683 0.02454125 0.04091292 0.03367447 0.02408975 0.04031223 0.03358626 0.01819646 0.04105442 0.03373235 0.02404904 0.04167824 0.03406423 0.02394974 0.03943884 0.03276628 0.05445247 0.04217177 0.03286772 0.04864114 0.04558873 0.03298735 0.0417869 0.04977321 0.03313833 0.03313779 0.05186343 0.03322488 0.02817994 0.05291253 0.03328227 0.02489125 0.03889083 0.04498219 0.02439999 0.03912544 0.04843991 0.02439999 0.03731429 0.04477465 0.02439999 0.03378218 0.05230671 0.02439999 0.04477465 0.03731429 0.02439999 0.05230671 0.03378218 0.02439999 0.04498219 0.03889083 0.02439999 0.04843991 0.03912544 0.02439999 0.04477465 0.04046738 0.02439999 0.03378218 0.04220843 0.02439999 0.03469783 0.04330933 0.02439999 0.03584516 0.04416608 0.02439999 0.04046738 0.04477465 0.02439999 0.04193651 0.04416608 0.02439999 0.04402971 0.04402971 0.02439999 0.0431981 0.0431981 0.02439999 0.04416608 0.04193651 0.02439999 0.04416608 0.03584516 0.02439999 0.04330933 0.03469783 0.02439999 0.04220843 0.03378218 0.02439999 0.03987711 -0.03520995 0.01799994 0.04026043 -0.03377944 0.01799994 0.03889083 -0.03508013 0.01799994 0.03889083 -0.03359907 0.01799994 0.03790456 -0.03520995 0.01799994 0.03752124 -0.03377944 0.01799994 0.03698545 -0.03559064 0.01799994 0.03624498 -0.03430807 0.01799994 0.03619623 -0.03619623 0.01799994 0.03514903 -0.03514903 0.01799994 0.03559064 -0.03698545 0.01799994 0.03430807 -0.03624498 0.01799994 0.03520995 -0.03790456 0.01799994 0.03377944 -0.03752124 0.01799994 0.03508013 -0.03889083 0.01799994 0.03359907 -0.03889083 0.01799994 0.03520995 -0.03987711 0.01799994 0.03377944 -0.04026043 0.01799994 0.03559064 -0.04079622 0.01799994 0.03430807 -0.04153674 0.01799994 0.03619623 -0.04158544 0.01799994 0.03514903 -0.04263269 0.01799994 0.03698545 -0.04219102 0.01799994 0.03624498 -0.04347366 0.01799994 0.03790456 -0.04257172 0.01799994 0.03752124 -0.04400229 0.01799994 0.03889083 -0.0427016 0.01799994 0.03889083 -0.04418259 0.01799994 0.03987711 -0.04257172 0.01799994 0.04026043 -0.04400229 0.01799994 0.04079622 -0.04219102 0.01799994 0.04153674 -0.04347366 0.01799994 0.04158544 -0.04158544 0.01799994 0.04263269 -0.04263269 0.01799994 0.04219102 -0.04079622 0.01799994 0.04347366 -0.04153674 0.01799994 0.04257172 -0.03987711 0.01799994 0.04400229 -0.04026043 0.01799994 0.0427016 -0.03889083 0.01799994 0.04418259 -0.03889083 0.01799994 0.04257172 -0.03790456 0.01799994 0.04400229 -0.03752124 0.01799994 0.04219102 -0.03698545 0.01799994 0.04347366 -0.03624498 0.01799994 0.04158544 -0.03619623 0.01799994 0.04263269 -0.03514903 0.01799994 0.04079622 -0.03559064 0.01799994 0.04153674 -0.03430807 0.01799994 0.04219102 0.04079622 0.01799994 0.04347366 0.04153674 0.01799994 0.04158544 0.04158544 0.01799994 0.04263269 0.04263269 0.01799994 0.04079622 0.04219102 0.01799994 0.04153674 0.04347366 0.01799994 0.03987711 0.04257172 0.01799994 0.04026043 0.04400229 0.01799994 0.03889083 0.0427016 0.01799994 0.03889083 0.04418259 0.01799994 0.03790456 0.04257172 0.01799994 0.03752124 0.04400229 0.01799994 0.03698545 0.04219102 0.01799994 0.03624498 0.04347366 0.01799994 0.03619623 0.04158544 0.01799994 0.03514903 0.04263269 0.01799994 0.03559064 0.04079622 0.01799994 0.03430807 0.04153674 0.01799994 0.03520995 0.03987711 0.01799994 0.03377944 0.04026043 0.01799994 0.03508013 0.03889083 0.01799994 0.03359907 0.03889083 0.01799994 0.03520995 0.03790456 0.01799994 0.03377944 0.03752124 0.01799994 0.03559064 0.03698545 0.01799994 0.03430807 0.03624498 0.01799994 0.03619623 0.03619623 0.01799994 0.03514903 0.03514903 0.01799994 0.03698545 0.03559064 0.01799994 0.03624498 0.03430807 0.01799994 0.03790456 0.03520995 0.01799994 0.03752124 0.03377944 0.01799994 0.03889083 0.03508013 0.01799994 0.03889083 0.03359907 0.01799994 0.03987711 0.03520995 0.01799994 0.04026043 0.03377944 0.01799994 0.04079622 0.03559064 0.01799994 0.04153674 0.03430807 0.01799994 0.04158544 0.03619623 0.01799994 0.04263269 0.03514903 0.01799994 0.04219102 0.03698545 0.01799994 0.04347366 0.03624498 0.01799994 0.04257172 0.03790456 0.01799994 0.04400229 0.03752124 0.01799994 0.0427016 0.03889083 0.01799994 0.04418259 0.03889083 0.01799994 0.04257172 0.03987711 0.01799994 0.04400229 0.04026043 0.01799994 -0.03790456 0.04257172 0.01799994 -0.03752124 0.04400229 0.01799994 -0.03889083 0.0427016 0.01799994 -0.03889083 0.04418259 0.01799994 -0.03987711 0.04257172 0.01799994 -0.04026043 0.04400229 0.01799994 -0.04079622 0.04219102 0.01799994 -0.04153674 0.04347366 0.01799994 -0.04158544 0.04158544 0.01799994 -0.04263269 0.04263269 0.01799994 -0.04219102 0.04079622 0.01799994 -0.04347366 0.04153674 0.01799994 -0.04257172 0.03987711 0.01799994 -0.04400229 0.04026043 0.01799994 -0.0427016 0.03889083 0.01799994 -0.04418259 0.03889083 0.01799994 -0.04257172 0.03790456 0.01799994 -0.04400229 0.03752124 0.01799994 -0.04219102 0.03698545 0.01799994 -0.04347366 0.03624498 0.01799994 -0.04158544 0.03619623 0.01799994 -0.04263269 0.03514903 0.01799994 -0.04079622 0.03559064 0.01799994 -0.04153674 0.03430807 0.01799994 -0.03987711 0.03520995 0.01799994 -0.04026043 0.03377944 0.01799994 -0.03889083 0.03508013 0.01799994 -0.03889083 0.03359907 0.01799994 -0.03790456 0.03520995 0.01799994 -0.03752124 0.03377944 0.01799994 -0.03698545 0.03559064 0.01799994 -0.03624498 0.03430807 0.01799994 -0.03619623 0.03619623 0.01799994 -0.03514903 0.03514903 0.01799994 -0.03559064 0.03698545 0.01799994 -0.03430807 0.03624498 0.01799994 -0.03520995 0.03790456 0.01799994 -0.03377944 0.03752124 0.01799994 -0.03508013 0.03889083 0.01799994 -0.03359907 0.03889083 0.01799994 -0.03520995 0.03987711 0.01799994 -0.03377944 0.04026043 0.01799994 -0.03559064 0.04079622 0.01799994 -0.03430807 0.04153674 0.01799994 -0.03619623 0.04158544 0.01799994 -0.03514903 0.04263269 0.01799994 -0.03698545 0.04219102 0.01799994 -0.03624498 0.04347366 0.01799994 -0.03790456 -0.03520995 0.01799994 -0.03752124 -0.03377944 0.01799994 -0.03889083 -0.03508013 0.01799994 -0.03889083 -0.03359907 0.01799994 -0.03987711 -0.03520995 0.01799994 -0.04026043 -0.03377944 0.01799994 -0.04079622 -0.03559064 0.01799994 -0.04153674 -0.03430807 0.01799994 -0.04158544 -0.03619623 0.01799994 -0.04263269 -0.03514903 0.01799994 -0.04219102 -0.03698545 0.01799994 -0.04347366 -0.03624498 0.01799994 -0.04257172 -0.03790456 0.01799994 -0.04400229 -0.03752124 0.01799994 -0.0427016 -0.03889083 0.01799994 -0.04418259 -0.03889083 0.01799994 -0.04257172 -0.03987711 0.01799994 -0.04400229 -0.04026043 0.01799994 -0.04219102 -0.04079622 0.01799994 -0.04347366 -0.04153674 0.01799994 -0.04158544 -0.04158544 0.01799994 -0.04263269 -0.04263269 0.01799994 -0.04079622 -0.04219102 0.01799994 -0.04153674 -0.04347366 0.01799994 -0.03987711 -0.04257172 0.01799994 -0.04026043 -0.04400229 0.01799994 -0.03889083 -0.0427016 0.01799994 -0.03889083 -0.04418259 0.01799994 -0.03790456 -0.04257172 0.01799994 -0.03752124 -0.04400229 0.01799994 -0.03698545 -0.04219102 0.01799994 -0.03624498 -0.04347366 0.01799994 -0.03619623 -0.04158544 0.01799994 -0.03514903 -0.04263269 0.01799994 -0.03559064 -0.04079622 0.01799994 -0.03430807 -0.04153674 0.01799994 -0.03520995 -0.03987711 0.01799994 -0.03377944 -0.04026043 0.01799994 -0.03508013 -0.03889083 0.01799994 -0.03359907 -0.03889083 0.01799994 -0.03520995 -0.03790456 0.01799994 -0.03377944 -0.03752124 0.01799994 -0.03559064 -0.03698545 0.01799994 -0.03430807 -0.03624498 0.01799994 -0.03619623 -0.03619623 0.01799994 -0.03514903 -0.03514903 0.01799994 -0.03698545 -0.03559064 0.01799994 -0.03624498 -0.03430807 0.01799994 0.0529477 -0.0335347 0.0244655 0.0529477 -0.03335213 0.02464497 0.04124778 -0.03352677 0.02447015 0.04128074 -0.03353554 0.02446776 0.03925931 -0.03328913 0.02481698 0.03890496 -0.03328233 0.02488732 0.03977012 -0.03331714 0.02471625 0.04013073 -0.03336566 0.02465474 0.04109364 -0.03349524 0.02449047 0.03331714 -0.03977012 0.02471625 0.03336566 -0.04013073 0.02465474 0.03335213 -0.0529477 0.02464497 0.03349524 -0.04109364 0.02449047 0.03328913 -0.03925931 0.02481698 0.03328233 -0.03890496 0.02488732 0.0335347 -0.0529477 0.0244655 0.03353554 -0.04128074 0.02446776 0.03352677 -0.04124778 0.02447015 -0.03328233 -0.03890496 0.02488732 -0.03328913 -0.03925931 0.02481698 -0.03331714 -0.03977012 0.02471625 -0.03328627 -0.0529477 0.02483636 -0.03331613 -0.0529477 0.02471888 -0.03336566 -0.04013073 0.02465474 -0.03335493 -0.0529477 0.02464646 -0.03349524 -0.04109364 0.02449047 -0.03352677 -0.04124778 0.02447015 -0.03337335 -0.0529477 0.02461212 -0.03348201 -0.05281788 0.02450007 -0.03353726 -0.05273193 0.02447015 -0.03353554 -0.04128074 0.02446776 -0.03361093 -0.05261743 0.02443021 -0.03332239 -0.05299258 0.02470278 -0.03329956 -0.05298602 0.02476853 -0.03890496 0.03328233 0.02488732 -0.03925931 0.03328913 0.02481698 -0.03977012 0.03331714 0.02471625 -0.0529477 0.03328627 0.02483636 -0.0529477 0.03331613 0.02471888 -0.04013073 0.03336566 0.02465474 -0.0529477 0.03335493 0.02464646 -0.04109364 0.03349524 0.02449047 -0.04124778 0.03352677 0.02447015 -0.0529477 0.03337335 0.02461212 -0.05281788 0.03348201 0.02450007 -0.05273193 0.03353726 0.02447015 -0.04128074 0.03353554 0.02446776 -0.05261743 0.03361093 0.02443021 -0.05299258 0.03332239 0.02470278 -0.05298602 0.03329956 0.02476853 0.03328233 0.03890496 0.02488732 0.03328913 0.03925931 0.02481698 0.03331714 0.03977012 0.02471625 0.03328627 0.0529477 0.02483636 0.03331613 0.0529477 0.02471888 0.03336566 0.04013073 0.02465474 0.03335493 0.0529477 0.02464646 0.03349524 0.04109364 0.02449047 0.03352677 0.04124778 0.02447015 0.03337335 0.0529477 0.02461212 0.03348201 0.05281788 0.02450007 0.03353726 0.05273193 0.02447015 0.03353554 0.04128074 0.02446776 0.03361093 0.05261743 0.02443021 0.03332239 0.05299258 0.02470278 0.03329956 0.05298602 0.02476853 -0.03890496 -0.03328233 0.02488732 -0.05261743 -0.03361093 0.02443021 -0.04128074 -0.03353554 0.02446776 -0.05273193 -0.03353726 0.02447015 -0.04124778 -0.03352677 0.02447015 -0.0529477 -0.03335493 0.02464646 -0.0529477 -0.03337335 0.02461212 -0.05281788 -0.03348201 0.02450007 -0.0529477 -0.03328627 0.02483636 -0.0529477 -0.03331613 0.02471888 -0.04109364 -0.03349524 0.02449047 -0.04013073 -0.03336566 0.02465474 -0.03977012 -0.03331714 0.02471625 -0.03925931 -0.03328913 0.02481698 -0.05298602 -0.03329956 0.02476853 -0.05299258 -0.03332239 0.02470278 -0.03328233 0.03890496 0.02488732 -0.03361093 0.05261743 0.02443021 -0.03353554 0.04128074 0.02446776 -0.03353726 0.05273193 0.02447015 -0.03352677 0.04124778 0.02447015 -0.03335493 0.0529477 0.02464646 -0.03337335 0.0529477 0.02461212 -0.03348201 0.05281788 0.02450007 -0.03328627 0.0529477 0.02483636 -0.03331613 0.0529477 0.02471888 -0.03349524 0.04109364 0.02449047 -0.03336566 0.04013073 0.02465474 -0.03331714 0.03977012 0.02471625 -0.03328913 0.03925931 0.02481698 -0.03329956 0.05298602 0.02476853 -0.03332239 0.05299258 0.02470278 0.03890496 0.03328233 0.02488732 0.05261743 0.03361093 0.02443021 0.04128074 0.03353554 0.02446776 0.05273193 0.03353726 0.02447015 0.04124778 0.03352677 0.02447015 0.0529477 0.03335493 0.02464646 0.0529477 0.03337335 0.02461212 0.05281788 0.03348201 0.02450007 0.0529477 0.03328627 0.02483636 0.0529477 0.03331613 0.02471888 0.04109364 0.03349524 0.02449047 0.04013073 0.03336566 0.02465474 0.03977012 0.03331714 0.02471625 0.03925931 0.03328913 0.02481698 0.05298602 0.03329956 0.02476853 0.05299258 0.03332239 0.02470278 0.05268716 0.03402793 0.02429151 0.0487923 0.03941005 0.02429151 0.05298513 0.03422033 0.02398967 0.04906821 0.03963291 0.02398967 0.04460078 0.04460078 0.02398967 0.03422033 0.05298513 0.02398967 0.03963291 0.04906821 0.02398967 0.04434996 0.04434996 0.02429151 0.03941005 0.0487923 0.02429151 0.03402793 0.05268716 0.02429151 0.05326426 0.03382223 0.024015 0.05297005 0.03375709 0.02428871 0.05344653 0.03351491 0.02415186 0.05315476 0.03354269 0.02437084 0.05356472 0.03325462 0.02439808 0.05341976 0.03330707 0.02446568 0.05327475 0.03335958 0.02453327 0.03382223 0.05326426 0.024015 0.03375709 0.05297005 0.02428871 0.03351491 0.05344653 0.02415186 0.03335958 0.05327475 0.02453327 0.03354269 0.05315476 0.02437084 0.03330707 0.05341976 0.02446568 0.03325462 0.05356472 0.02439808 0.05346041 0.03321367 0.02464294 0.05345439 0.03317081 0.02477037 0.05342441 0.03315186 0.02490288 0.03321367 0.05346041 0.02464294 0.03317081 0.05345439 0.02477037 0.03315186 0.05342441 0.02490288 0.05339163 0.03314965 0.02500927 0.03314965 0.05339163 0.02500927 0.04601943 0.0328601 0.04199993 0.04259008 0.03274899 0.04884433 0.03930073 0.03263688 0.05589604 0.03984963 0.03265672 0.05463147 0.05022305 0.03300404 0.03334045 0.0523284 0.03308987 0.02835184 0.03312295 0.05297225 0.02649199 0.03306621 0.05179953 0.02970582 0.0330066 0.05029189 0.03318959 0.03287464 0.04646486 0.04111129 0.03294295 0.04850292 0.03698354 0.0328015 0.0442121 0.04559284 0.03263688 0.03930073 0.05589604 0.03272283 0.04179173 0.050475 0.03289544 0.03697353 0.06192338 0.03263193 0.03847414 0.05797773 0.03343993 0.0356571 0.06605118 0.03402203 0.03474402 0.06990838 0.03420525 0.03451466 0.07087242 0.03428149 0.03442895 0.07109808 0.03431379 0.03439462 0.07114797 0.03433626 0.03437149 0.07116568 0.03435575 0.03435182 0.07116979 0.03437513 0.03433263 0.07116377 0.03439962 0.03430902 0.07114243 0.03442472 0.03428542 0.07110571 0.03446733 0.03424662 0.07101273 0.03450423 0.03421419 0.07090622 0.03458714 0.03414458 0.07060325 0.03473949 0.03402543 0.06992948 0.03577101 0.03337997 0.06564348 0.03627991 0.03314286 0.06396228 0.03771436 0.03272062 0.05992752 -0.03402793 0.05268716 0.02429151 -0.03941005 0.0487923 0.02429151 -0.03422033 0.05298513 0.02398967 -0.03963291 0.04906821 0.02398967 -0.04460078 0.04460078 0.02398967 -0.05298513 0.03422033 0.02398967 -0.04906821 0.03963291 0.02398967 -0.04434996 0.04434996 0.02429151 -0.0487923 0.03941005 0.02429151 -0.05268716 0.03402793 0.02429151 -0.03382223 0.05326426 0.024015 -0.03375709 0.05297005 0.02428871 -0.03351491 0.05344653 0.02415186 -0.03354269 0.05315476 0.02437084 -0.03325462 0.05356472 0.02439808 -0.03330707 0.05341976 0.02446568 -0.03335958 0.05327475 0.02453327 -0.05326426 0.03382223 0.024015 -0.05297005 0.03375709 0.02428871 -0.05344653 0.03351491 0.02415186 -0.05327475 0.03335958 0.02453327 -0.05315476 0.03354269 0.02437084 -0.05341976 0.03330707 0.02446568 -0.05356472 0.03325462 0.02439808 -0.03321367 0.05346041 0.02464294 -0.03317081 0.05345439 0.02477037 -0.03315186 0.05342441 0.02490288 -0.05346041 0.03321367 0.02464294 -0.05345439 0.03317081 0.02477037 -0.05342441 0.03315186 0.02490288 -0.03314965 0.05339163 0.02500927 -0.05339163 0.03314965 0.02500927 -0.0328601 0.04601943 0.04199993 -0.03274899 0.04259008 0.04884433 -0.03263688 0.03930073 0.05589604 -0.03265672 0.03984963 0.05463147 -0.03300404 0.05022305 0.03334045 -0.03308987 0.0523284 0.02835184 -0.05297225 0.03312295 0.02649199 -0.05179953 0.03306621 0.02970582 -0.05029189 0.0330066 0.03318959 -0.04646486 0.03287464 0.04111129 -0.04850292 0.03294295 0.03698354 -0.0442121 0.0328015 0.04559284 -0.03930073 0.03263688 0.05589604 -0.04179173 0.03272283 0.050475 -0.03697353 0.03289544 0.06192338 -0.03847414 0.03263193 0.05797773 -0.0356571 0.03343993 0.06605118 -0.03474402 0.03402203 0.06990838 -0.03451466 0.03420525 0.07087242 -0.03442895 0.03428149 0.07109808 -0.03439462 0.03431379 0.07114797 -0.03437149 0.03433626 0.07116568 -0.03435182 0.03435575 0.07116979 -0.03433263 0.03437513 0.07116377 -0.03430902 0.03439962 0.07114243 -0.03428542 0.03442472 0.07110571 -0.03424662 0.03446733 0.07101273 -0.03421419 0.03450423 0.07090622 -0.03414458 0.03458714 0.07060325 -0.03402543 0.03473949 0.06992948 -0.03337997 0.03577101 0.06564348 -0.03314286 0.03627991 0.06396228 -0.03272062 0.03771436 0.05992752 -0.03323584 -0.05354541 0.02438896 -0.03333634 -0.05326771 0.02451843 -0.03321367 -0.05346041 0.02464294 -0.03331798 -0.05342662 0.02447187 -0.03317081 -0.05345439 0.02477037 -0.03315186 -0.05342441 0.02490288 -0.03422033 -0.05298513 0.02398967 -0.03382223 -0.05326426 0.024015 -0.03402793 -0.05268716 0.02429151 -0.03375709 -0.05297005 0.02428871 -0.03351491 -0.05344653 0.02415186 -0.03354269 -0.05315476 0.02437084 -0.03314965 -0.05339163 0.02500927 -0.05268716 -0.03402793 0.02429151 -0.0487923 -0.03941005 0.02429151 -0.05298513 -0.03422033 0.02398967 -0.04906821 -0.03963291 0.02398967 -0.04460078 -0.04460078 0.02398967 -0.03963291 -0.04906821 0.02398967 -0.04434996 -0.04434996 0.02429151 -0.03941005 -0.0487923 0.02429151 -0.03312295 -0.05297225 0.02649199 -0.03306621 -0.05179953 0.02970582 -0.0330066 -0.05029189 0.03318959 -0.03287464 -0.04646486 0.04111129 -0.03294295 -0.04850292 0.03698354 -0.0328015 -0.0442121 0.04559284 -0.03263688 -0.03930073 0.05589604 -0.03272283 -0.04179173 0.050475 -0.05326426 -0.03382223 0.024015 -0.05297005 -0.03375709 0.02428871 -0.05344653 -0.03351491 0.02415186 -0.05315476 -0.03354269 0.02437084 -0.05356472 -0.03325462 0.02439808 -0.05341976 -0.03330707 0.02446568 -0.05327475 -0.03335958 0.02453327 -0.03289544 -0.03697353 0.06192338 -0.03263193 -0.03847414 0.05797773 -0.03343993 -0.0356571 0.06605118 -0.03402203 -0.03474402 0.06990838 -0.03420525 -0.03451466 0.07087242 -0.03428149 -0.03442895 0.07109808 -0.03431379 -0.03439462 0.07114797 -0.03433626 -0.03437149 0.07116568 -0.03435575 -0.03435182 0.07116979 -0.03437513 -0.03433263 0.07116377 -0.03439962 -0.03430902 0.07114243 -0.03442472 -0.03428542 0.07110571 -0.03446733 -0.03424662 0.07101273 -0.03450423 -0.03421419 0.07090622 -0.03458714 -0.03414458 0.07060325 -0.03473949 -0.03402543 0.06992948 -0.03577101 -0.03337997 0.06564348 -0.03627991 -0.03314286 0.06396228 -0.03771436 -0.03272062 0.05992752 -0.03930073 -0.03263688 0.05589604 -0.05346041 -0.03321367 0.02464294 -0.05345439 -0.03317081 0.02477037 -0.05342441 -0.03315186 0.02490288 -0.04601943 -0.0328601 0.04199993 -0.04259008 -0.03274899 0.04884433 -0.03984963 -0.03265672 0.05463147 -0.05022305 -0.03300404 0.03334045 -0.0523284 -0.03308987 0.02835184 -0.05339163 -0.03314965 0.02500927 -0.03342705 0.03889083 0.01809799 -0.03361326 0.04030495 0.01809799 -0.03415906 0.04162275 0.01809799 -0.03502738 0.04275435 0.01809799 -0.03615897 0.04362261 0.01809799 -0.03747671 0.04416847 0.01809799 -0.03889083 0.04435461 0.01809799 -0.04030495 0.04416847 0.01809799 -0.04162275 0.04362261 0.01809799 -0.04275435 0.04275435 0.01809799 -0.04362261 0.04162275 0.01809799 -0.04416847 0.04030495 0.01809799 -0.04435461 0.03889083 0.01809799 -0.04416847 0.03747671 0.01809799 -0.04362261 0.03615897 0.01809799 -0.04275435 0.03502738 0.01809799 -0.04162275 0.03415906 0.01809799 -0.04030495 0.03361326 0.01809799 -0.03889083 0.03342705 0.01809799 -0.03747671 0.03361326 0.01809799 -0.03615897 0.03415906 0.01809799 -0.03502738 0.03502738 0.01809799 -0.03415906 0.03615897 0.01809799 -0.03361326 0.03747671 0.01809799 -0.03350013 0.03889083 0.01802617 -0.03368377 0.04028606 0.01802617 -0.0342223 0.04158622 0.01802617 -0.035079 0.04270267 0.01802617 -0.03619545 0.04355937 0.01802617 -0.03749561 0.0440979 0.01802617 -0.03889083 0.0442816 0.01802617 -0.04028606 0.0440979 0.01802617 -0.04158622 0.04355937 0.01802617 -0.04270267 0.04270267 0.01802617 -0.04355937 0.04158622 0.01802617 -0.0440979 0.04028606 0.01802617 -0.0442816 0.03889083 0.01802617 -0.0440979 0.03749561 0.01802617 -0.04355937 0.03619545 0.01802617 -0.04270267 0.035079 0.01802617 -0.04158622 0.0342223 0.01802617 -0.04028606 0.03368377 0.01802617 -0.03889083 0.03350013 0.01802617 -0.03749561 0.03368377 0.01802617 -0.03619545 0.0342223 0.01802617 -0.035079 0.035079 0.01802617 -0.0342223 0.03619545 0.01802617 -0.03368377 0.03749561 0.01802617 -0.03342705 -0.03889083 0.01809799 -0.03361326 -0.03747671 0.01809799 -0.03415906 -0.03615897 0.01809799 -0.03502738 -0.03502738 0.01809799 -0.03615897 -0.03415906 0.01809799 -0.03747671 -0.03361326 0.01809799 -0.03889083 -0.03342705 0.01809799 -0.04030495 -0.03361326 0.01809799 -0.04162275 -0.03415906 0.01809799 -0.04275435 -0.03502738 0.01809799 -0.04362261 -0.03615897 0.01809799 -0.04416847 -0.03747671 0.01809799 -0.04435461 -0.03889083 0.01809799 -0.04416847 -0.04030495 0.01809799 -0.04362261 -0.04162275 0.01809799 -0.04275435 -0.04275435 0.01809799 -0.04162275 -0.04362261 0.01809799 -0.04030495 -0.04416847 0.01809799 -0.03889083 -0.04435461 0.01809799 -0.03747671 -0.04416847 0.01809799 -0.03615897 -0.04362261 0.01809799 -0.03502738 -0.04275435 0.01809799 -0.03415906 -0.04162275 0.01809799 -0.03361326 -0.04030495 0.01809799 -0.03350013 -0.03889083 0.01802617 -0.03368377 -0.03749561 0.01802617 -0.0342223 -0.03619545 0.01802617 -0.035079 -0.035079 0.01802617 -0.03619545 -0.0342223 0.01802617 -0.03749561 -0.03368377 0.01802617 -0.03889083 -0.03350013 0.01802617 -0.04028606 -0.03368377 0.01802617 -0.04158622 -0.0342223 0.01802617 -0.04270267 -0.035079 0.01802617 -0.04355937 -0.03619545 0.01802617 -0.0440979 -0.03749561 0.01802617 -0.0442816 -0.03889083 0.01802617 -0.0440979 -0.04028606 0.01802617 -0.04355937 -0.04158622 0.01802617 -0.04270267 -0.04270267 0.01802617 -0.04158622 -0.04355937 0.01802617 -0.04028606 -0.0440979 0.01802617 -0.03889083 -0.0442816 0.01802617 -0.03749561 -0.0440979 0.01802617 -0.03619545 -0.04355937 0.01802617 -0.035079 -0.04270267 0.01802617 -0.0342223 -0.04158622 0.01802617 -0.03368377 -0.04028606 0.01802617 0.04435461 0.03889083 0.01809799 0.04416847 0.04030495 0.01809799 0.04362261 0.04162275 0.01809799 0.04275435 0.04275435 0.01809799 0.04162275 0.04362261 0.01809799 0.04030495 0.04416847 0.01809799 0.03889083 0.04435461 0.01809799 0.03747671 0.04416847 0.01809799 0.03615897 0.04362261 0.01809799 0.03502738 0.04275435 0.01809799 0.03415906 0.04162275 0.01809799 0.03361326 0.04030495 0.01809799 0.03342705 0.03889083 0.01809799 0.03361326 0.03747671 0.01809799 0.03415906 0.03615897 0.01809799 0.03502738 0.03502738 0.01809799 0.03615897 0.03415906 0.01809799 0.03747671 0.03361326 0.01809799 0.03889083 0.03342705 0.01809799 0.04030495 0.03361326 0.01809799 0.04162275 0.03415906 0.01809799 0.04275435 0.03502738 0.01809799 0.04362261 0.03615897 0.01809799 0.04416847 0.03747671 0.01809799 0.0442816 0.03889083 0.01802617 0.0440979 0.04028606 0.01802617 0.04355937 0.04158622 0.01802617 0.04270267 0.04270267 0.01802617 0.04158622 0.04355937 0.01802617 0.04028606 0.0440979 0.01802617 0.03889083 0.0442816 0.01802617 0.03749561 0.0440979 0.01802617 0.03619545 0.04355937 0.01802617 0.035079 0.04270267 0.01802617 0.0342223 0.04158622 0.01802617 0.03368377 0.04028606 0.01802617 0.03350013 0.03889083 0.01802617 0.03368377 0.03749561 0.01802617 0.0342223 0.03619545 0.01802617 0.035079 0.035079 0.01802617 0.03619545 0.0342223 0.01802617 0.03749561 0.03368377 0.01802617 0.03889083 0.03350013 0.01802617 0.04028606 0.03368377 0.01802617 0.04158622 0.0342223 0.01802617 0.04270267 0.035079 0.01802617 0.04355937 0.03619545 0.01802617 0.0440979 0.03749561 0.01802617 0.04435461 -0.03889083 0.01809799 0.04416847 -0.03747671 0.01809799 0.04362261 -0.03615897 0.01809799 0.04275435 -0.03502738 0.01809799 0.04162275 -0.03415906 0.01809799 0.04030495 -0.03361326 0.01809799 0.03889083 -0.03342705 0.01809799 0.03747671 -0.03361326 0.01809799 0.03615897 -0.03415906 0.01809799 0.03502738 -0.03502738 0.01809799 0.03415906 -0.03615897 0.01809799 0.03361326 -0.03747671 0.01809799 0.03342705 -0.03889083 0.01809799 0.03361326 -0.04030495 0.01809799 0.03415906 -0.04162275 0.01809799 0.03502738 -0.04275435 0.01809799 0.03615897 -0.04362261 0.01809799 0.03747671 -0.04416847 0.01809799 0.03889083 -0.04435461 0.01809799 0.04030495 -0.04416847 0.01809799 0.04162275 -0.04362261 0.01809799 0.04275435 -0.04275435 0.01809799 0.04362261 -0.04162275 0.01809799 0.04416847 -0.04030495 0.01809799 0.0442816 -0.03889083 0.01802617 0.0440979 -0.03749561 0.01802617 0.04355937 -0.03619545 0.01802617 0.04270267 -0.035079 0.01802617 0.04158622 -0.0342223 0.01802617 0.04028606 -0.03368377 0.01802617 0.03889083 -0.03350013 0.01802617 0.03749561 -0.03368377 0.01802617 0.03619545 -0.0342223 0.01802617 0.035079 -0.035079 0.01802617 0.0342223 -0.03619545 0.01802617 0.03368377 -0.03749561 0.01802617 0.03350013 -0.03889083 0.01802617 0.03368377 -0.04028606 0.01802617 0.0342223 -0.04158622 0.01802617 0.035079 -0.04270267 0.01802617 0.03619545 -0.04355937 0.01802617 0.03749561 -0.0440979 0.01802617 0.03889083 -0.0442816 0.01802617 0.04028606 -0.0440979 0.01802617 0.04158622 -0.04355937 0.01802617 0.04270267 -0.04270267 0.01802617 0.04355937 -0.04158622 0.01802617 0.0440979 -0.04028606 0.01802617 -0.03414291 -0.04197418 0.02415502 -0.03329253 -0.03924918 0.02479237 -0.03333508 -0.03974562 0.02465969 -0.03329455 -0.0392391 0.02476757 -0.03334504 -0.03972142 0.02460104 -0.03366136 -0.04096114 0.02424609 -0.03359937 -0.04102361 0.02438467 -0.03371614 -0.04110378 0.02421748 -0.03364461 -0.04117101 0.02436393 -0.03398972 -0.0420736 0.02433443 -0.03486818 -0.04312986 0.02433443 -0.03499388 -0.04299736 0.02415502 -0.03606021 -0.04379367 0.02415502 -0.03742557 -0.0443592 0.02415502 -0.03889083 -0.04455214 0.02415502 -0.04035609 -0.0443592 0.02415502 -0.04172146 -0.04379367 0.02415502 -0.04289394 -0.04289394 0.02415502 -0.04379367 -0.04172146 0.02415502 -0.0443592 -0.04035609 0.02415502 -0.04455214 -0.03889083 0.02415502 -0.0443592 -0.03742557 0.02415502 -0.04379367 -0.03606021 0.02415502 -0.04299736 -0.03499388 0.02415502 -0.04197418 -0.03414291 0.02415502 -0.03596889 -0.0439518 0.02433443 -0.03737837 -0.04453557 0.02433443 -0.03889083 -0.04473471 0.02433443 -0.04040336 -0.04453557 0.02433443 -0.04181277 -0.0439518 0.02433443 -0.0430231 -0.0430231 0.02433443 -0.0439518 -0.04181277 0.02433443 -0.04453557 -0.04040336 0.02433443 -0.04473471 -0.03889083 0.02433443 -0.04453557 -0.03737837 0.02433443 -0.0439518 -0.03596889 0.02433443 -0.04312986 -0.03486818 0.02433443 -0.0420736 -0.03398972 0.02433443 -0.04117101 -0.03364461 0.02436393 -0.04102361 -0.03359937 0.02438467 -0.03924918 -0.03329253 0.02479237 -0.03974562 -0.03333508 0.02465969 -0.0392391 -0.03329455 0.02476757 -0.03972142 -0.03334504 0.02460104 -0.04096114 -0.03366136 0.02424609 -0.04110378 -0.03371614 0.02421748 0.04197418 -0.03414291 0.02415502 0.03924918 -0.03329253 0.02479237 0.03974562 -0.03333508 0.02465969 0.0392391 -0.03329455 0.02476757 0.03972142 -0.03334504 0.02460104 0.04096114 -0.03366136 0.02424609 0.04102361 -0.03359937 0.02438467 0.04110378 -0.03371614 0.02421748 0.04117101 -0.03364461 0.02436393 0.0420736 -0.03398972 0.02433443 0.04312986 -0.03486818 0.02433443 0.04299736 -0.03499388 0.02415502 0.04379367 -0.03606021 0.02415502 0.0443592 -0.03742557 0.02415502 0.04455214 -0.03889083 0.02415502 0.0443592 -0.04035609 0.02415502 0.04379367 -0.04172146 0.02415502 0.04289394 -0.04289394 0.02415502 0.04172146 -0.04379367 0.02415502 0.04035609 -0.0443592 0.02415502 0.03889083 -0.04455214 0.02415502 0.03742557 -0.0443592 0.02415502 0.03606021 -0.04379367 0.02415502 0.03499388 -0.04299736 0.02415502 0.03414291 -0.04197418 0.02415502 0.0439518 -0.03596889 0.02433443 0.04453557 -0.03737837 0.02433443 0.04473471 -0.03889083 0.02433443 0.04453557 -0.04040336 0.02433443 0.0439518 -0.04181277 0.02433443 0.0430231 -0.0430231 0.02433443 0.04181277 -0.0439518 0.02433443 0.04040336 -0.04453557 0.02433443 0.03889083 -0.04473471 0.02433443 0.03737837 -0.04453557 0.02433443 0.03596889 -0.0439518 0.02433443 0.03486818 -0.04312986 0.02433443 0.03398972 -0.0420736 0.02433443 0.03364461 -0.04117101 0.02436393 0.03359937 -0.04102361 0.02438467 0.03329253 -0.03924918 0.02479237 0.03333508 -0.03974562 0.02465969 0.03329455 -0.0392391 0.02476757 0.03334504 -0.03972142 0.02460104 0.03366136 -0.04096114 0.02424609 0.03371614 -0.04110378 0.02421748 0.03414291 0.04197418 0.02415502 0.03329253 0.03924918 0.02479237 0.03333508 0.03974562 0.02465969 0.03329455 0.0392391 0.02476757 0.03334504 0.03972142 0.02460104 0.03366136 0.04096114 0.02424609 0.03359937 0.04102361 0.02438467 0.03371614 0.04110378 0.02421748 0.03364461 0.04117101 0.02436393 0.03398972 0.0420736 0.02433443 0.03486818 0.04312986 0.02433443 0.03499388 0.04299736 0.02415502 0.03606021 0.04379367 0.02415502 0.03742557 0.0443592 0.02415502 0.03889083 0.04455214 0.02415502 0.04035609 0.0443592 0.02415502 0.04172146 0.04379367 0.02415502 0.04289394 0.04289394 0.02415502 0.04379367 0.04172146 0.02415502 0.0443592 0.04035609 0.02415502 0.04455214 0.03889083 0.02415502 0.0443592 0.03742557 0.02415502 0.04379367 0.03606021 0.02415502 0.04299736 0.03499388 0.02415502 0.04197418 0.03414291 0.02415502 0.03596889 0.0439518 0.02433443 0.03737837 0.04453557 0.02433443 0.03889083 0.04473471 0.02433443 0.04040336 0.04453557 0.02433443 0.04181277 0.0439518 0.02433443 0.0430231 0.0430231 0.02433443 0.0439518 0.04181277 0.02433443 0.04453557 0.04040336 0.02433443 0.04473471 0.03889083 0.02433443 0.04453557 0.03737837 0.02433443 0.0439518 0.03596889 0.02433443 0.04312986 0.03486818 0.02433443 0.0420736 0.03398972 0.02433443 0.04117101 0.03364461 0.02436393 0.04102361 0.03359937 0.02438467 0.03924918 0.03329253 0.02479237 0.03974562 0.03333508 0.02465969 0.0392391 0.03329455 0.02476757 0.03972142 0.03334504 0.02460104 0.04096114 0.03366136 0.02424609 0.04110378 0.03371614 0.02421748 -0.04197418 0.03414291 0.02415502 -0.03924918 0.03329253 0.02479237 -0.03974562 0.03333508 0.02465969 -0.0392391 0.03329455 0.02476757 -0.03972142 0.03334504 0.02460104 -0.04096114 0.03366136 0.02424609 -0.04102361 0.03359937 0.02438467 -0.04110378 0.03371614 0.02421748 -0.04117101 0.03364461 0.02436393 -0.0420736 0.03398972 0.02433443 -0.04312986 0.03486818 0.02433443 -0.04299736 0.03499388 0.02415502 -0.04379367 0.03606021 0.02415502 -0.0443592 0.03742557 0.02415502 -0.04455214 0.03889083 0.02415502 -0.0443592 0.04035609 0.02415502 -0.04379367 0.04172146 0.02415502 -0.04289394 0.04289394 0.02415502 -0.04172146 0.04379367 0.02415502 -0.04035609 0.0443592 0.02415502 -0.03889083 0.04455214 0.02415502 -0.03742557 0.0443592 0.02415502 -0.03606021 0.04379367 0.02415502 -0.03499388 0.04299736 0.02415502 -0.03414291 0.04197418 0.02415502 -0.0439518 0.03596889 0.02433443 -0.04453557 0.03737837 0.02433443 -0.04473471 0.03889083 0.02433443 -0.04453557 0.04040336 0.02433443 -0.0439518 0.04181277 0.02433443 -0.0430231 0.0430231 0.02433443 -0.04181277 0.0439518 0.02433443 -0.04040336 0.04453557 0.02433443 -0.03889083 0.04473471 0.02433443 -0.03737837 0.04453557 0.02433443 -0.03596889 0.0439518 0.02433443 -0.03486818 0.04312986 0.02433443 -0.03398972 0.0420736 0.02433443 -0.03364461 0.04117101 0.02436393 -0.03359937 0.04102361 0.02438467 -0.03329253 0.03924918 0.02479237 -0.03333508 0.03974562 0.02465969 -0.03329455 0.0392391 0.02476757 -0.03334504 0.03972142 0.02460104 -0.03366136 0.04096114 0.02424609 -0.03371614 0.04110378 0.02421748 -0.06169998 -0.006197929 0.002932667 -0.06169998 -0.006495177 0.003749966 -0.05653387 -0.006495177 0.003749966 -0.06169998 -0.006198585 0.002917051 -0.05654543 -0.006201446 0.002914726 -0.05654579 -0.006193518 0.002892136 -0.05654597 -0.006189286 0.002880036 -0.05655658 -0.006226956 0.002108752 -0.06169998 -0.006240069 0.001873254 -0.05655974 -0.006238102 0.001880764 -0.06169998 -0.006284058 0.001785993 -0.05656105 -0.006285011 0.00178641 -0.0565682 -0.006540358 0.001272439 -0.06169998 -0.006717443 9.26599e-4 -0.05657273 -0.006703674 9.43719e-4 -0.06169998 -0.006854355 8.07673e-4 -0.05657452 -0.0068596 8.15088e-4 -0.05657762 -0.007131755 5.90599e-4 -0.06169998 -0.007373988 3.56272e-4 -0.05658185 -0.007504284 2.83299e-4 -0.06172215 -0.007790625 1.60758e-4 -0.05658304 -0.007800996 2.00472e-4 -0.05658346 -0.007920742 1.67048e-4 -0.06172442 -0.00783354 1.40645e-4 -0.05658572 -0.008500993 5.07804e-6 -0.06176221 -0.008004903 1.11484e-4 -0.05650836 -0.007111847 0.005118548 -0.06169998 -0.007031261 0.005540668 -0.06169998 -0.007168769 0.008870363 -0.05644029 -0.007380068 0.008765935 -0.05644226 -0.007409572 0.008661091 -0.06169998 -0.007487297 0.007063865 -0.05647593 -0.007472276 0.006856262 -0.05648744 -0.007344543 0.006240487 -0.05650144 -0.007188975 0.005490303 -0.05638408 -0.006159603 0.01177889 -0.05639433 -0.006459176 0.01123034 -0.06169998 -0.005812048 0.01191395 -0.06169998 -0.006886601 0.01047056 -0.05641037 -0.006929039 0.01037007 -0.05643784 -0.007342815 0.008898496 -0.06169998 -0.004820883 0.01324528 -0.05635899 -0.004964053 0.01312202 -0.05637967 -0.005950629 0.01201367 -0.0563336 -0.002581894 0.0144838 -0.05633884 -0.003328561 0.01420152 -0.06169998 -0.003244042 0.01403725 -0.05633991 -0.00347644 0.01414561 -0.0563566 -0.004777908 0.01325011 -0.06169998 0.001729607 0.0147978 -0.056324 2.1286e-6 0.01499998 -0.06169998 0 0.0147978 -0.056324 -7.68216e-7 0.01499962 -0.06169998 -0.001729607 0.0147978 -0.05632799 -0.001790225 0.01478314 -0.06169998 0.003244042 0.01403725 -0.05633354 0.002577602 0.0144872 -0.05632728 0.001615524 0.01482391 -0.05635637 0.004795551 0.01326411 -0.05633866 0.003332555 0.01421445 -0.05633831 0.003304004 0.01423299 -0.05635654 0.004808306 0.01325583 -0.06169998 0.004820883 0.01324528 -0.05637943 0.00596559 0.0120266 -0.06169998 0.005812048 0.01191395 -0.0563808 0.006035029 0.01195287 -0.06169998 0.007168769 0.008870363 -0.05643773 0.007365882 0.008904933 -0.06169998 0.006886601 0.01047056 -0.05641013 0.006924271 0.01038163 -0.05639445 0.00644797 0.01122325 -0.05650156 0.007223248 0.005481541 -0.05648738 0.007343888 0.00624293 -0.06169998 0.007031261 0.005540668 -0.06169998 0.007487297 0.007063865 -0.05646973 0.007493436 0.007187128 -0.05644035 0.007378876 0.00876373 -0.05643796 0.007369458 0.008892893 -0.06169998 0.006495177 0.003749966 -0.05653387 0.006495177 0.003749966 -0.06169998 0.006197929 0.002932667 -0.06169998 0.006198585 0.002917051 -0.05654561 0.006244122 0.002905011 -0.06179708 0.008287191 2.79867e-5 -0.06176811 0.008014857 1.25894e-4 -0.0565834 0.007791757 1.71696e-4 -0.06174576 0.007804811 2.01389e-4 -0.05658316 0.007708907 1.88069e-4 -0.05657756 0.007111072 5.96184e-4 -0.06169998 0.007373988 3.56272e-4 -0.06169998 0.006854355 8.07673e-4 -0.05658334 0.007768392 1.76307e-4 -0.05657511 0.00685364 7.71933e-4 -0.05657482 0.006841599 7.91022e-4 -0.06169998 0.006717443 9.26599e-4 -0.05656814 0.006535947 0.001275718 -0.06169998 0.006284058 0.001785993 -0.05656343 0.006322264 0.00161463 -0.05656111 0.006293773 0.00178194 -0.06169998 0.006240069 0.001873254 -0.05655634 0.006234645 0.002129733 -0.05655032 0.006161034 0.00256282 -0.05653613 0.006410539 0.003590285 -0.05654394 0.006273508 0.003026008 -0.0630151 0.007518053 0.003023207 -0.06219995 0.007518053 0.003023207 -0.06290972 0.008112728 0.00432229 -0.06219995 0.008399128 0.005047142 -0.06287622 0.008301496 0.004734575 -0.06286019 0.008370518 0.005053341 -0.06275767 0.008565902 0.009053409 -0.06275004 0.008684098 0.008521974 -0.06219995 0.008609235 0.009063005 -0.06274926 0.008696436 0.008466422 -0.06219995 0.00873804 0.007042825 -0.06277394 0.008700311 0.007095158 -0.06278312 0.008701741 0.006582379 -0.06282824 0.008507728 0.005686819 -0.06288546 0.007155835 0.01246231 -0.06285351 0.007489025 0.01202505 -0.06219995 0.007000863 0.01274877 -0.06219995 0.008019685 0.01099956 -0.06281745 0.007858872 0.01122969 -0.06277579 0.008286356 0.01031047 -0.06277012 0.008374392 0.009914338 -0.06219995 0.00391376 0.0153259 -0.06314247 0.003889977 0.01528131 -0.06313776 0.003967285 0.01524013 -0.06219995 0.005607366 0.01421707 -0.06307816 0.00494486 0.01471877 -0.06305819 0.005187928 0.0145114 -0.06296849 0.006280303 0.0135796 -0.06296288 0.006348848 0.01352113 -0.06290417 0.006960749 0.0127182 -0.06219995 0.002010643 0.01601582 -0.06219995 0 0.01624995 -0.06325894 5.34733e-4 0.01623362 -0.0632292 0.001865684 0.01600271 -0.06321638 0.002438127 0.01590341 -0.06318217 0.00323987 0.01562803 -0.06324934 -9.68127e-4 0.01616001 -0.06325554 2.08007e-6 0.01620751 -0.06325846 4.57821e-4 0.01622986 -0.06324666 -0.001385927 0.0161395 -0.06219995 -0.002010643 0.01601582 -0.06321299 -0.002354025 0.01587241 -0.06318217 -0.00323987 0.01562803 -0.06219995 -0.00391376 0.0153259 -0.06314259 -0.00389105 0.01528304 -0.06296312 -0.006346225 0.01352387 -0.06219995 -0.005607366 0.01421707 -0.06293326 -0.00665766 0.01311558 -0.06219995 -0.007000863 0.01274877 -0.06290417 -0.006960749 0.0127182 -0.06285369 -0.007487297 0.01202791 -0.0630204 -0.005646347 0.0141173 -0.06308108 -0.004904985 0.01474589 -0.06310546 -0.00450319 0.01495873 -0.06219995 -0.008609235 0.009063005 -0.06275767 -0.008565962 0.009053349 -0.06276142 -0.008508384 0.009311616 -0.06219995 -0.008019685 0.01099956 -0.06277596 -0.00828427 0.01031643 -0.06279224 -0.008117318 0.01067495 -0.06285119 -0.007513105 0.01197248 -0.06278848 -0.008678555 0.006477236 -0.06219995 -0.00873804 0.007042825 -0.06285876 -0.008377134 0.005079269 -0.06219995 -0.008399128 0.005047142 -0.06286007 -0.008371531 0.005053102 -0.0628755 -0.008305311 0.004746139 -0.062783 -0.008702218 0.006586909 -0.06275945 -0.008697926 0.007900476 -0.0627492 -0.008696019 0.008469998 -0.06295496 -0.007857143 0.003765285 -0.06219995 -0.007518053 0.003023207 -0.0630151 -0.007518053 0.003023207 -0.06219995 0.007319927 0.001428186 -0.06219995 0.00731939 0.001437783 -0.06305587 0.007333457 0.001439154 -0.06294089 0.008608698 1.01064e-4 -0.06219995 0.008554697 1.19779e-4 -0.06294733 0.00854355 1.4101e-4 -0.06219995 0.00853759 1.31005e-4 -0.06219995 0.007774353 6.40342e-4 -0.06301808 0.007828831 5.79247e-4 -0.06219995 0.007781863 6.27327e-4 -0.06301158 0.007894456 5.38977e-4 -0.06294941 0.00852257 1.5388e-4 -0.06305629 0.007340431 0.001363456 -0.06304025 0.007545113 0.001034736 -0.06302142 0.007786095 6.47797e-4 -0.06304806 0.007281363 0.002350926 -0.06304901 0.007274687 0.002331972 -0.06219995 0.007267534 0.002351343 -0.06305158 0.007255971 0.002278804 -0.06305456 0.007309079 0.0017035 -0.06219995 0.007269024 0.002355277 -0.06304657 -0.007284581 0.00243622 -0.06219995 -0.007269024 0.002355277 -0.06304764 -0.007285535 0.002355754 -0.06304782 -0.007285714 0.002341747 -0.06219995 -0.007267534 0.002351343 -0.06305623 -0.007293403 0.001694738 -0.06219995 -0.00731939 0.001437783 -0.06305849 -0.007295489 0.001517713 -0.06219995 -0.007774353 6.40342e-4 -0.06302773 -0.007718801 6.97427e-4 -0.06219995 -0.007319927 0.001428186 -0.06304025 -0.007546365 0.001031458 -0.06305581 -0.007332623 0.001445651 -0.06219995 -0.00853759 1.31005e-4 -0.06295621 -0.008463561 1.55366e-4 -0.06219995 -0.007781863 6.27327e-4 -0.06300044 -0.008002996 4.90592e-4 -0.06302171 -0.007781147 6.52047e-4 -0.06219995 -0.008554697 1.19779e-4 -0.06294798 -0.008537709 1.40463e-4 -0.06294965 -0.008522868 1.43446e-4 -0.06199997 0.007128238 0.001371026 -0.06199997 0.007528305 6.13519e-4 -0.06199997 0.006950557 0.001115381 -0.06199997 0.00707066 0.00238645 -0.06199997 0.007162034 0.01058942 -0.06199997 0.007836341 0.01091957 -0.06199997 0.00841242 0.009027302 -0.06199997 0.00778675 0.007046461 -0.06199997 0.006840825 0.01262879 -0.06199997 0.005013704 0.01347512 -0.06199997 0.005479216 0.01406353 -0.06199997 -0.006950557 0.001115381 -0.06199997 -0.007528305 6.13519e-4 -0.06199997 -0.007128238 0.001371026 -0.06199997 0.006530463 0.001948475 -0.06199997 0.006493449 0.002880752 -0.06199997 0.007346212 0.003125548 -0.06199997 0.006754994 0.003599941 -0.06199997 0.008207142 0.00510317 -0.06199997 0.008538305 0.007053315 -0.06199997 0.003824293 0.01514703 -0.06199997 0.001798748 0.01508975 -0.06199997 0.001964688 0.01582115 -0.06199997 -0.001798748 0.01508975 -0.06199997 -0.005013704 0.01347512 -0.06199997 -0.005479216 0.01406353 -0.06199997 -0.007162034 0.01058942 -0.06199997 -0.00778675 0.007046461 -0.06199997 -0.008538305 0.007053315 -0.06199997 -0.003824293 0.01514703 -0.06199997 -0.001964688 0.01582115 -0.06199997 0 0.01604998 -0.06199997 -0.00841242 0.009027302 -0.06199997 -0.007836341 0.01091957 -0.06199997 -0.006840825 0.01262879 -0.06199997 -0.006530463 0.001948475 -0.06199997 -0.00707066 0.00238645 -0.06199997 -0.006493449 0.002880752 -0.06199997 -0.006754994 0.003599941 -0.06199997 -0.007346212 0.003125548 -0.06199997 -0.008207142 0.00510317 -0.06210237 -0.007491827 0.003038823 -0.06205856 -0.007467687 0.003053188 -0.06205856 -0.007209897 0.002361595 -0.06203049 -0.007430076 0.003075599 -0.06201231 -0.007405698 0.003090143 -0.06201231 -0.007138788 0.002374291 -0.06200879 -0.007668495 5.32492e-4 -0.06201231 -0.007686793 5.3757e-4 -0.06201231 -0.007194578 0.001390814 -0.06213074 -0.007507383 0.003029525 -0.06213074 -0.007255375 0.002353489 -0.06213074 -0.007308065 0.00142467 -0.06213074 -0.007772862 6.18842e-4 -0.06213074 -0.008550524 1.08157e-4 -0.06207668 -0.008540391 8.08099e-5 -0.0620827 -0.008582234 6.98622e-5 -0.06213408 -0.008868932 3.92477e-5 -0.06214064 -0.00890547 3.53406e-5 -0.06205308 -0.008374989 1.24092e-4 -0.06205898 -0.008416354 1.13266e-4 -0.0620318 -0.008035898 3.2012e-4 -0.06205856 -0.007739305 5.87122e-4 -0.06202554 -0.007935941 3.77909e-4 -0.06205856 -0.007263779 0.001411437 -0.06209999 -0.008373439 0.005054652 -0.06202679 -0.008303165 0.005075156 -0.06213229 0.007502436 0.003032505 -0.06209999 0.007494986 0.003036916 -0.06209999 0.008373439 0.005054652 -0.06206339 0.007463574 0.003055691 -0.06202679 0.007432103 0.003074407 -0.06202679 0.008303165 0.005075156 -0.06201809 0.007404327 0.003090918 -0.06202679 -0.008638143 0.00704807 -0.06202679 -0.008510828 0.009045183 -0.06202679 -0.007928013 0.01095956 -0.06202679 -0.006920874 0.01268881 -0.06202679 -0.005543291 0.0141403 -0.06202679 -0.003868997 0.01523643 -0.06202679 -0.001987695 0.01591849 -0.06202679 0 0.01614999 -0.06202679 0.001987695 0.01591849 -0.06202679 0.003868997 0.01523643 -0.06202679 0.005543291 0.0141403 -0.06202679 0.006920874 0.01268881 -0.06202679 0.007928013 0.01095956 -0.06202679 0.008510828 0.009045183 -0.06202679 0.008638143 0.00704807 -0.06209999 -0.008711278 0.007044255 -0.06209999 -0.00858289 0.009058237 -0.06209999 -0.007995128 0.01098883 -0.06209999 -0.006979405 0.01273268 -0.06209999 -0.0055902 0.01419651 -0.06209999 -0.003901779 0.01530194 -0.06209999 -0.002004504 0.01598972 -0.06209999 0 0.01622319 -0.06209999 0.002004504 0.01598972 -0.06209999 0.003901779 0.01530194 -0.06209999 0.0055902 0.01419651 -0.06209999 0.006979405 0.01273268 -0.06209999 0.007995128 0.01098883 -0.06209999 0.00858289 0.009058237 -0.06209999 0.008711278 0.007044255 -0.06205856 0.007209897 0.002361595 -0.06213074 0.007255375 0.002353489 -0.06201231 0.007138788 0.002374291 -0.06201231 0.007194578 0.001390814 -0.06201231 0.007686793 5.3757e-4 -0.0620228 0.007920861 3.7111e-4 -0.06200242 0.007696032 4.73509e-4 -0.06200182 0.007654905 5.07837e-4 -0.06205856 0.007739305 5.87122e-4 -0.06206697 0.008408725 1.48886e-4 -0.06203263 0.00802958 3.21582e-4 -0.06213074 0.008550524 1.08157e-4 -0.06213408 0.008868932 3.92477e-5 -0.0620827 0.008582234 6.98622e-5 -0.06214064 0.00890547 3.53406e-5 -0.06213074 0.007772862 6.18842e-4 -0.06213074 0.007308065 0.00142467 -0.06205856 0.007263779 0.001411437 -0.06207919 0.008543491 8.74981e-5 0.04240554 0.03983259 0.01790195 0.04204207 0.04071021 0.01790195 0.04146379 0.04146379 0.01790195 0.04071021 0.04204207 0.01790195 0.03983259 0.04240554 0.01790195 0.03889083 0.04252952 0.01790195 0.03794908 0.04240554 0.01790195 0.03707152 0.04204207 0.01790195 0.03631788 0.04146379 0.01790195 0.03573966 0.04071021 0.01790195 0.03537613 0.03983259 0.01790195 0.03525215 0.03889083 0.01790195 0.03537613 0.03794908 0.01790195 0.03573966 0.03707152 0.01790195 0.03631788 0.03631788 0.01790195 0.03707152 0.03573966 0.01790195 0.03794908 0.03537613 0.01790195 0.03889083 0.03525215 0.01790195 0.03983259 0.03537613 0.01790195 0.04071021 0.03573966 0.01790195 0.04146379 0.03631788 0.01790195 0.04204207 0.03707152 0.01790195 0.04240554 0.03794908 0.01790195 0.04252952 0.03889083 0.01790195 0.04247611 0.03985154 0.01797378 0.04210531 0.04074674 0.01797378 0.04151546 0.04151546 0.01797378 0.04074674 0.04210531 0.01797378 0.03985154 0.04247611 0.01797378 0.03889083 0.04260259 0.01797378 0.03793019 0.04247611 0.01797378 0.03703498 0.04210531 0.01797378 0.03626626 0.04151546 0.01797378 0.03567636 0.04074674 0.01797378 0.03530555 0.03985154 0.01797378 0.03517913 0.03889083 0.01797378 0.03530555 0.03793019 0.01797378 0.03567636 0.03703498 0.01797378 0.03626626 0.03626626 0.01797378 0.03703498 0.03567636 0.01797378 0.03793019 0.03530555 0.01797378 0.03889083 0.03517913 0.01797378 0.03985154 0.03530555 0.01797378 0.04074674 0.03567636 0.01797378 0.04151546 0.03626626 0.01797378 0.04210531 0.03703498 0.01797378 0.04247611 0.03793019 0.01797378 0.04260259 0.03889083 0.01797378 0.03640747 0.03669077 1.25889e-4 0.03771436 0.03578871 1.25889e-4 0.03929078 0.03559726 1.25889e-4 0.04192459 0.04048305 1.55598e-5 0.04083716 0.04171055 1.55598e-5 0.03930383 0.04229205 1.55598e-5 0.03767591 0.0420944 1.55598e-5 0.03632628 0.04116284 1.55598e-5 0.04231703 0.03889083 1.55598e-5 0.04192459 0.03729861 1.55598e-5 0.04083716 0.03607118 1.55598e-5 0.03556424 0.03971076 1.55598e-5 0.03562766 0.03969514 5.98181e-5 0.03556424 0.03807091 1.55598e-5 0.03562766 0.03808653 5.98181e-5 0.0356695 0.03809684 1.25889e-4 0.04186677 0.04045271 5.98181e-5 0.0422517 0.03889083 5.98181e-5 0.04186677 0.03732895 5.98181e-5 0.04080003 0.03612488 5.98181e-5 0.04077553 0.04162132 1.25889e-4 0.04182857 0.04043269 1.25889e-4 0.04220861 0.03889083 1.25889e-4 0.04182857 0.03734898 1.25889e-4 0.04077553 0.0361604 1.25889e-4 0.03930383 0.03548967 1.55598e-5 0.03929597 0.03555446 5.98181e-5 0.03767591 0.03568732 1.55598e-5 0.03769904 0.03574836 5.98181e-5 0.03632628 0.03661888 1.55598e-5 0.03637522 0.03666216 5.98181e-5 0.0356695 0.03968483 1.25889e-4 0.03637522 0.04111951 5.98181e-5 0.03640747 0.0410909 1.25889e-4 0.03769904 0.04203331 5.98181e-5 0.03771436 0.04199302 1.25889e-4 0.03929597 0.0422272 5.98181e-5 0.03929078 0.04218441 1.25889e-4 0.04080003 0.04165679 5.98181e-5 0.04240554 -0.03794908 0.01790195 0.04204207 -0.03707152 0.01790195 0.04146379 -0.03631788 0.01790195 0.04071021 -0.03573966 0.01790195 0.03983259 -0.03537613 0.01790195 0.03889083 -0.03525215 0.01790195 0.03794908 -0.03537613 0.01790195 0.03707152 -0.03573966 0.01790195 0.03631788 -0.03631788 0.01790195 0.03573966 -0.03707152 0.01790195 0.03537613 -0.03794908 0.01790195 0.03525215 -0.03889083 0.01790195 0.03537613 -0.03983259 0.01790195 0.03573966 -0.04071021 0.01790195 0.03631788 -0.04146379 0.01790195 0.03707152 -0.04204207 0.01790195 0.03794908 -0.04240554 0.01790195 0.03889083 -0.04252952 0.01790195 0.03983259 -0.04240554 0.01790195 0.04071021 -0.04204207 0.01790195 0.04146379 -0.04146379 0.01790195 0.04204207 -0.04071021 0.01790195 0.04240554 -0.03983259 0.01790195 0.04252952 -0.03889083 0.01790195 0.04247611 -0.03793019 0.01797378 0.04210531 -0.03703498 0.01797378 0.04151546 -0.03626626 0.01797378 0.04074674 -0.03567636 0.01797378 0.03985154 -0.03530555 0.01797378 0.03889083 -0.03517913 0.01797378 0.03793019 -0.03530555 0.01797378 0.03703498 -0.03567636 0.01797378 0.03626626 -0.03626626 0.01797378 0.03567636 -0.03703498 0.01797378 0.03530555 -0.03793019 0.01797378 0.03517913 -0.03889083 0.01797378 0.03530555 -0.03985154 0.01797378 0.03567636 -0.04074674 0.01797378 0.03626626 -0.04151546 0.01797378 0.03703498 -0.04210531 0.01797378 0.03793019 -0.04247611 0.01797378 0.03889083 -0.04260259 0.01797378 0.03985154 -0.04247611 0.01797378 0.04074674 -0.04210531 0.01797378 0.04151546 -0.04151546 0.01797378 0.04210531 -0.04074674 0.01797378 0.04247611 -0.03985154 0.01797378 0.04260259 -0.03889083 0.01797378 0.03640747 -0.0410909 1.25889e-4 0.03771436 -0.04199302 1.25889e-4 0.03929078 -0.04218441 1.25889e-4 0.04192459 -0.03729861 1.55598e-5 0.04083716 -0.03607118 1.55598e-5 0.03930383 -0.03548967 1.55598e-5 0.03767591 -0.03568732 1.55598e-5 0.03632628 -0.03661888 1.55598e-5 0.04231703 -0.03889083 1.55598e-5 0.04192459 -0.04048305 1.55598e-5 0.04083716 -0.04171055 1.55598e-5 0.03556424 -0.03807091 1.55598e-5 0.03562766 -0.03808653 5.98181e-5 0.03556424 -0.03971076 1.55598e-5 0.03562766 -0.03969514 5.98181e-5 0.0356695 -0.03968483 1.25889e-4 0.04186677 -0.03732895 5.98181e-5 0.0422517 -0.03889083 5.98181e-5 0.04186677 -0.04045271 5.98181e-5 0.04080003 -0.04165679 5.98181e-5 0.04077553 -0.0361604 1.25889e-4 0.04182857 -0.03734898 1.25889e-4 0.04220861 -0.03889083 1.25889e-4 0.04182857 -0.04043269 1.25889e-4 0.04077553 -0.04162132 1.25889e-4 0.03930383 -0.04229205 1.55598e-5 0.03929597 -0.0422272 5.98181e-5 0.03767591 -0.0420944 1.55598e-5 0.03769904 -0.04203331 5.98181e-5 0.03632628 -0.04116284 1.55598e-5 0.03637522 -0.04111951 5.98181e-5 0.0356695 -0.03809684 1.25889e-4 0.03637522 -0.03666216 5.98181e-5 0.03640747 -0.03669077 1.25889e-4 0.03769904 -0.03574836 5.98181e-5 0.03771436 -0.03578871 1.25889e-4 0.03929597 -0.03555446 5.98181e-5 0.03929078 -0.03559726 1.25889e-4 0.04080003 -0.03612488 5.98181e-5 -0.03537613 -0.03794908 0.01790195 -0.03573966 -0.03707152 0.01790195 -0.03631788 -0.03631788 0.01790195 -0.03707152 -0.03573966 0.01790195 -0.03794908 -0.03537613 0.01790195 -0.03889083 -0.03525215 0.01790195 -0.03983259 -0.03537613 0.01790195 -0.04071021 -0.03573966 0.01790195 -0.04146379 -0.03631788 0.01790195 -0.04204207 -0.03707152 0.01790195 -0.04240554 -0.03794908 0.01790195 -0.04252952 -0.03889083 0.01790195 -0.04240554 -0.03983259 0.01790195 -0.04204207 -0.04071021 0.01790195 -0.04146379 -0.04146379 0.01790195 -0.04071021 -0.04204207 0.01790195 -0.03983259 -0.04240554 0.01790195 -0.03889083 -0.04252952 0.01790195 -0.03794908 -0.04240554 0.01790195 -0.03707152 -0.04204207 0.01790195 -0.03631788 -0.04146379 0.01790195 -0.03573966 -0.04071021 0.01790195 -0.03537613 -0.03983259 0.01790195 -0.03525215 -0.03889083 0.01790195 -0.03530555 -0.03793019 0.01797378 -0.03567636 -0.03703498 0.01797378 -0.03626626 -0.03626626 0.01797378 -0.03703498 -0.03567636 0.01797378 -0.03793019 -0.03530555 0.01797378 -0.03889083 -0.03517913 0.01797378 -0.03985154 -0.03530555 0.01797378 -0.04074674 -0.03567636 0.01797378 -0.04151546 -0.03626626 0.01797378 -0.04210531 -0.03703498 0.01797378 -0.04247611 -0.03793019 0.01797378 -0.04260259 -0.03889083 0.01797378 -0.04247611 -0.03985154 0.01797378 -0.04210531 -0.04074674 0.01797378 -0.04151546 -0.04151546 0.01797378 -0.04074674 -0.04210531 0.01797378 -0.03985154 -0.04247611 0.01797378 -0.03889083 -0.04260259 0.01797378 -0.03793019 -0.04247611 0.01797378 -0.03703498 -0.04210531 0.01797378 -0.03626626 -0.04151546 0.01797378 -0.03567636 -0.04074674 0.01797378 -0.03530555 -0.03985154 0.01797378 -0.03517913 -0.03889083 0.01797378 -0.0413742 -0.0410909 1.25889e-4 -0.04006731 -0.04199302 1.25889e-4 -0.03849095 -0.04218441 1.25889e-4 -0.03585714 -0.03729861 1.55598e-5 -0.03694456 -0.03607118 1.55598e-5 -0.03847789 -0.03548967 1.55598e-5 -0.04010576 -0.03568732 1.55598e-5 -0.04145538 -0.03661888 1.55598e-5 -0.03546464 -0.03889083 1.55598e-5 -0.03585714 -0.04048305 1.55598e-5 -0.03694456 -0.04171055 1.55598e-5 -0.04221749 -0.03807091 1.55598e-5 -0.04215407 -0.03808653 5.98181e-5 -0.04221749 -0.03971076 1.55598e-5 -0.04215407 -0.03969514 5.98181e-5 -0.04211217 -0.03968483 1.25889e-4 -0.03591495 -0.03732895 5.98181e-5 -0.03552997 -0.03889083 5.98181e-5 -0.03591495 -0.04045271 5.98181e-5 -0.03698164 -0.04165679 5.98181e-5 -0.03700613 -0.0361604 1.25889e-4 -0.0359531 -0.03734898 1.25889e-4 -0.03557306 -0.03889083 1.25889e-4 -0.0359531 -0.04043269 1.25889e-4 -0.03700613 -0.04162132 1.25889e-4 -0.03847789 -0.04229205 1.55598e-5 -0.03848576 -0.0422272 5.98181e-5 -0.04010576 -0.0420944 1.55598e-5 -0.04008263 -0.04203331 5.98181e-5 -0.04145538 -0.04116284 1.55598e-5 -0.04140651 -0.04111951 5.98181e-5 -0.04211217 -0.03809684 1.25889e-4 -0.04140651 -0.03666216 5.98181e-5 -0.0413742 -0.03669077 1.25889e-4 -0.04008263 -0.03574836 5.98181e-5 -0.04006731 -0.03578871 1.25889e-4 -0.03848576 -0.03555446 5.98181e-5 -0.03849095 -0.03559726 1.25889e-4 -0.03698164 -0.03612488 5.98181e-5 -0.03537613 0.03983259 0.01790195 -0.03573966 0.04071021 0.01790195 -0.03631788 0.04146379 0.01790195 -0.03707152 0.04204207 0.01790195 -0.03794908 0.04240554 0.01790195 -0.03889083 0.04252952 0.01790195 -0.03983259 0.04240554 0.01790195 -0.04071021 0.04204207 0.01790195 -0.04146379 0.04146379 0.01790195 -0.04204207 0.04071021 0.01790195 -0.04240554 0.03983259 0.01790195 -0.04252952 0.03889083 0.01790195 -0.04240554 0.03794908 0.01790195 -0.04204207 0.03707152 0.01790195 -0.04146379 0.03631788 0.01790195 -0.04071021 0.03573966 0.01790195 -0.03983259 0.03537613 0.01790195 -0.03889083 0.03525215 0.01790195 -0.03794908 0.03537613 0.01790195 -0.03707152 0.03573966 0.01790195 -0.03631788 0.03631788 0.01790195 -0.03573966 0.03707152 0.01790195 -0.03537613 0.03794908 0.01790195 -0.03525215 0.03889083 0.01790195 -0.03530555 0.03985154 0.01797378 -0.03567636 0.04074674 0.01797378 -0.03626626 0.04151546 0.01797378 -0.03703498 0.04210531 0.01797378 -0.03793019 0.04247611 0.01797378 -0.03889083 0.04260259 0.01797378 -0.03985154 0.04247611 0.01797378 -0.04074674 0.04210531 0.01797378 -0.04151546 0.04151546 0.01797378 -0.04210531 0.04074674 0.01797378 -0.04247611 0.03985154 0.01797378 -0.04260259 0.03889083 0.01797378 -0.04247611 0.03793019 0.01797378 -0.04210531 0.03703498 0.01797378 -0.04151546 0.03626626 0.01797378 -0.04074674 0.03567636 0.01797378 -0.03985154 0.03530555 0.01797378 -0.03889083 0.03517913 0.01797378 -0.03793019 0.03530555 0.01797378 -0.03703498 0.03567636 0.01797378 -0.03626626 0.03626626 0.01797378 -0.03567636 0.03703498 0.01797378 -0.03530555 0.03793019 0.01797378 -0.03517913 0.03889083 0.01797378 -0.0413742 0.03669077 1.25889e-4 -0.04006731 0.03578871 1.25889e-4 -0.03849095 0.03559726 1.25889e-4 -0.03585714 0.04048305 1.55598e-5 -0.03694456 0.04171055 1.55598e-5 -0.03847789 0.04229205 1.55598e-5 -0.04010576 0.0420944 1.55598e-5 -0.04145538 0.04116284 1.55598e-5 -0.03546464 0.03889083 1.55598e-5 -0.03585714 0.03729861 1.55598e-5 -0.03694456 0.03607118 1.55598e-5 -0.04221749 0.03971076 1.55598e-5 -0.04215407 0.03969514 5.98181e-5 -0.04221749 0.03807091 1.55598e-5 -0.04215407 0.03808653 5.98181e-5 -0.04211217 0.03809684 1.25889e-4 -0.03591495 0.04045271 5.98181e-5 -0.03552997 0.03889083 5.98181e-5 -0.03591495 0.03732895 5.98181e-5 -0.03698164 0.03612488 5.98181e-5 -0.03700613 0.04162132 1.25889e-4 -0.0359531 0.04043269 1.25889e-4 -0.03557306 0.03889083 1.25889e-4 -0.0359531 0.03734898 1.25889e-4 -0.03700613 0.0361604 1.25889e-4 -0.03847789 0.03548967 1.55598e-5 -0.03848576 0.03555446 5.98181e-5 -0.04010576 0.03568732 1.55598e-5 -0.04008263 0.03574836 5.98181e-5 -0.04145538 0.03661888 1.55598e-5 -0.04140651 0.03666216 5.98181e-5 -0.04211217 0.03968483 1.25889e-4 -0.04140651 0.04111951 5.98181e-5 -0.0413742 0.0410909 1.25889e-4 -0.04008263 0.04203331 5.98181e-5 -0.04006731 0.04199302 1.25889e-4 -0.03848576 0.0422272 5.98181e-5 -0.03849095 0.04218441 1.25889e-4 -0.03698164 0.04165679 5.98181e-5 0.04738318 0.009425103 0.08579999 0.04831147 0 0.08579999 0.04463398 0.01848798 0.08579999 0.04016953 0.02684038 0.08579999 0.03416132 0.03416132 0.08579999 0.02684038 0.04016953 0.08579999 0.01848798 0.04463398 0.08579999 0.009425103 0.04738318 0.08579999 0 0.04831147 0.08579999 -0.009425103 0.04738318 0.08579999 -0.01848798 0.04463398 0.08579999 -0.02684038 0.04016953 0.08579999 -0.03416132 0.03416132 0.08579999 -0.04016953 0.02684038 0.08579999 -0.04463398 0.01848798 0.08579999 -0.04738318 0.009425103 0.08579999 -0.04831147 0 0.08579999 -0.04738318 -0.009425103 0.08579999 -0.04463398 -0.01848798 0.08579999 -0.04016953 -0.02684038 0.08579999 -0.03416132 -0.03416132 0.08579999 -0.02684038 -0.04016953 0.08579999 -0.01848798 -0.04463398 0.08579999 -0.009425103 -0.04738318 0.08579999 0 -0.04831147 0.08579999 0.009425103 -0.04738318 0.08579999 0.01848798 -0.04463398 0.08579999 0.02684038 -0.04016953 0.08579999 0.03416132 -0.03416132 0.08579999 0.04016953 -0.02684038 0.08579999 0.04463398 -0.01848798 0.08579999 0.04738318 -0.009425103 0.08579999 0 0 0.08579999</float_array>
          <technique_common>
            <accessor source="#base-mesh-positions-array" count="5611" stride="3">
              <param name="X" type="float"/>
              <param name="Y" type="float"/>
              <param name="Z" type="float"/>
            </accessor>
          </technique_common>
        </source>
        <source id="base-mesh-normals">
          <float_array id="base-mesh-normals-array" count="16824">0.0157572 -0.3709456 -0.9285209 -0.04715764 -0.3682681 -0.9285229 -0.07491552 -0.3476086 -0.9346421 0.2821294 -0.162887 -0.9454474 0.3257734 2.24218e-7 -0.9454479 -0.1087237 0.3550204 -0.9285148 -0.2766609 0.2233852 -0.9346432 0.08152264 0.02009314 -0.996469 -0.03035914 -0.3365744 -0.9411674 0.06285232 0.05568182 -0.9964684 -0.1174086 -0.3663127 -0.9230548 0.02977436 0.07850748 -0.9964689 -0.05704855 -0.4157924 -0.9076686 -0.01011937 0.08334863 -0.9964691 0.09667944 -0.4083922 -0.9076724 -0.04769718 -0.06910246 -0.9964687 -0.010122 -0.08335727 -0.9964684 -0.2349302 0.2669327 -0.9346415 0.02977406 -0.0785098 -0.9964687 -0.2680517 0.256906 -0.9285191 0.06284749 -0.05567896 -0.9964689 0.08152723 -0.02009493 -0.9964686 0.2374082 -0.3460827 -0.9076697 -0.04769963 0.06910669 -0.9964684 0.3462107 -0.2372271 -0.9076682 -0.07434374 0.03901797 -0.9964691 0.4084512 -0.09646588 -0.9076684 -0.08396553 0 -0.9964687 0.4157539 0.05726659 -0.9076725 0.3668714 0.1222968 -0.9221979 -0.07434695 -0.03901982 -0.9964689 0.3364036 0.04064488 -0.9408405 0.3871142 -0.03303319 -0.92144 0.3183996 -0.101722 -0.9424831 -0.2207828 0.2985179 -0.928516 0.2505149 -0.2281405 -0.9408476 -0.1671548 0.3315305 -0.9285187 0.1843301 -0.3132757 -0.9316012 -0.1325833 0.3299462 -0.9346429 0.1473944 -0.3533486 -0.9238072 0.1534798 -0.3453968 -0.9258214 -0.169718 -0.2837617 -0.9437559 -0.2822764 -0.1814801 -0.9420112 -0.3644782 -0.1421483 -0.9202986 0.2821279 0.1628869 -0.9454479 0.3280951 -0.07050228 -0.9420101 0.3911864 -0.00475496 -0.9202992 -0.325779 0 -0.945446 0.4142283 -0.107365 -0.9038184 -0.2821315 0.1628884 -0.9454467 0.3249219 -0.2784586 -0.9038179 -0.1628891 0.2821322 -0.9454462 0.1695179 -0.3929056 -0.9038192 0 0.3257764 -0.9454469 -0.0203672 -0.4274361 -0.9038161 0.1628858 0.2821276 -0.9454482 -0.2061088 -0.3750067 -0.9038192 -0.3499259 -0.246301 -0.9038185 -0.04716032 0.3682839 -0.9285165 0.2587422 -0.205864 -0.9437546 -0.02635496 -0.3345437 -0.9420117 0.08785647 -0.3507903 -0.9323237 0.1364431 -0.3519254 -0.9260302 -0.2821286 -0.1628871 -0.9454477 -0.1628849 -0.2821258 -0.9454489 -1.96507e-7 -0.3257759 -0.945447 0.1628912 -0.2821341 -0.9454454 0.01575732 0.370949 -0.9285196 0.04123985 -0.359282 -0.9323174 0.1424306 -0.3038548 -0.9420117 0.1041231 0.3399975 -0.9346444 -0.08193129 -0.3745799 -0.9235677 0.07822144 0.36295 -0.9285197 -0.05124056 -0.3632866 -0.9302673 -0.009250342 -0.3742746 -0.9272718 0.2452951 0.2787099 -0.9285209 0.2567137 0.2460402 -0.9346455 -0.3871221 -0.03303384 -0.9214366 0.194667 0.3161595 -0.9285192 -0.318401 -0.1017224 -0.9424826 -0.2505257 -0.2281544 -0.9408414 0.1384379 0.3445159 -0.9285169 -0.1843128 -0.3132678 -0.9316073 -0.1472369 -0.3447912 -0.9270601 -0.1051006 -0.3514927 -0.9302724 -0.1017212 -0.318408 -0.9424803 -0.04769861 0.06910634 -0.9964684 -0.07434242 0.03901737 -0.9964693 -0.3132786 -0.1843031 -0.9316056 -0.2281413 -0.2505159 -0.9408471 0.3241353 0.1810732 -0.9285198 0.2888721 0.2332479 -0.9285195 -0.07434433 -0.03901773 -0.9964691 0.08152496 -0.02009391 -0.9964687 -0.3668857 0.1222931 -0.9221926 0.0628457 -0.05567699 -0.996469 -0.336398 0.040641 -0.9408425 0.02977615 -0.07851386 -0.9964683 -0.01012128 -0.08335733 -0.9964684 -0.04769653 -0.06910145 -0.9964689 0.02977436 0.07850766 -0.9964688 -0.2373093 -0.3461615 -0.9076654 0.06285017 0.05568075 -0.9964686 -0.3461627 -0.2373086 -0.9076652 0.08152413 0.02009373 -0.9964689 -0.408442 -0.09652769 -0.907666 -0.4157652 0.05723774 -0.9076691 -0.08395993 1.85687e-7 -0.9964692 0.04064673 -0.3363968 -0.9408428 0.1222922 -0.3668827 -0.9221941 -0.01011931 0.08335018 -0.996469 0.05723673 -0.41577 -0.9076671 -0.09652787 -0.4084356 -0.9076688 0.06284594 0.05567747 -0.996469 -0.3666784 -0.1224642 -0.9222525 -0.3668882 -0.122294 -0.9221916 -0.07434505 -0.0390188 -0.996469 0.324136 -0.1810736 -0.9285194 -0.08396273 1.72594e-7 -0.9964689 0.2888723 -0.2332481 -0.9285194 0.0628485 -0.05568021 -0.9964687 -0.2373085 0.3461628 -0.9076651 0.02977401 -0.07850825 -0.9964689 -0.09652823 0.4084441 -0.907665 -0.01012253 -0.08335781 -0.9964684 0.08152556 0.02009361 -0.9964687 -0.4157736 -0.05723702 -0.9076654 0.08152562 -0.02009516 -0.9964687 -0.4084413 0.09652912 -0.9076662 -0.3461537 0.2373038 -0.9076698 0.02977454 0.07850885 -0.9964688 -0.01012027 0.08335655 -0.9964685 0.2567173 -0.2460433 -0.9346438 -0.04769635 0.06910252 -0.9964687 -0.07434475 0.03901863 -0.996469 0.0572381 0.4157665 -0.9076684 0.1222925 0.366884 -0.9221934 -0.04769384 -0.06909674 -0.9964693 0.04064357 0.3363927 -0.9408444 -0.1017206 0.3183965 -0.9424844 -0.2281491 0.25052 -0.9408442 -0.3132644 0.1843385 -0.9316033 -0.3450443 0.1496685 -0.9265763 0.3500766 -0.12369 -0.9285189 -0.3508214 0.1117652 -0.9297488 0.3659501 -0.06274867 -0.9285168 -0.3612212 0.0581023 -0.9306683 0.3712862 0 -0.9285185 -0.365863 0 -0.9306688 0.3659465 0.06274807 -0.9285181 -0.3612198 -0.05810213 -0.9306688 0.3500722 0.1236884 -0.9285207 -0.3508235 -0.1117662 -0.9297479 -0.3450423 -0.149622 -0.9265847 0.194669 -0.3161627 -0.9285177 -0.3184109 0.1017224 -0.9424793 0.2452992 -0.2787152 -0.9285183 -0.3363959 -0.04064625 -0.9408431 -0.08193135 0.3745802 -0.9235675 -0.1051021 0.3514971 -0.9302706 0.1041241 -0.3400015 -0.9346429 0.1384372 -0.3445139 -0.9285178 -0.1472443 0.3447837 -0.9270617 -0.184331 0.3132773 -0.9316005 -0.2505196 0.2281448 -0.9408453 -0.02635782 0.3345404 -0.9420128 -0.1697185 0.2837659 -0.9437545 -0.1087192 -0.3550065 -0.9285206 0.2821292 0.1628876 -0.9454475 -0.05123943 0.3632746 -0.9302721 0 0 -1 0.2587385 0.2058594 -0.9437566 0.1424322 0.3038647 -0.9420081 -0.2821294 0.162887 -0.9454475 0.04123777 0.3592749 -0.9323202 -0.2822778 0.1814789 -0.9420111 0.3537791 0.04403275 -0.934292 0.1628894 0.2821335 -0.9454458 -3.19955e-7 0.3257787 -0.9454461 -0.1628891 0.2821317 -0.9454464 -0.009250342 0.3742845 -0.9272678 -0.1325793 -0.3299367 -0.9346468 0.1364426 0.3519259 -0.92603 0.08786195 0.3508103 -0.9323157 0.353783 -0.04403239 -0.9342905 -0.3644789 0.1421489 -0.9202983 0.2821279 -0.1628861 -0.9454481 -0.3499262 0.2463029 -0.9038178 0.1628894 -0.2821324 -0.9454462 -0.2061089 0.3750094 -0.9038181 2.11626e-7 -0.3257816 -0.9454451 -0.02036619 0.4274274 -0.9038203 -0.1628872 -0.2821298 -0.9454473 0.1695179 0.3929048 -0.9038194 -0.2821298 -0.1628878 -0.9454473 0.3249186 0.278455 -0.90382 -0.3537775 -0.04403245 -0.9342927 0.4142256 0.1073631 -0.9038199 -0.3537761 0.04403138 -0.9342932 0.3911921 0.004754841 -0.9202968 0.3280876 0.07050257 -0.9420127 0.250521 0.2281508 -0.9408435 -0.1671531 -0.3315287 -0.9285196 0.3183932 0.1017176 -0.9424857 -0.220772 -0.2985048 -0.9285228 0.3363934 -0.04064607 -0.9408441 -0.2349308 -0.266933 -0.9346413 0.3666778 -0.122464 -0.9222528 0.1843152 0.3132719 -0.9316054 0.1534688 0.3453961 -0.9258233 0.1474005 0.3533632 -0.9238006 0.2279685 0.2494638 -0.9411686 0.1969341 0.3339512 -0.9217882 -0.276652 -0.2233781 -0.9346475 0.1079763 0.3202255 -0.9411678 -0.03036469 0.3365721 -0.9411681 -0.01012122 0.08335548 -0.9964685 -0.04769682 0.069103 -0.9964687 0.3668724 -0.122297 -0.9221975 -0.07434743 0.03902059 -0.9964687 0.4157619 -0.05726945 -0.9076686 -0.08396613 5.03495e-7 -0.9964687 0.408452 0.09646445 -0.9076682 -0.07434666 -0.03902035 -0.9964688 -0.1174052 0.3663009 -0.9230601 0.02977418 -0.07850867 -0.9964687 -0.05704712 0.4157936 -0.9076681 -0.01012229 -0.08335471 -0.9964686 0.0966826 0.4083985 -0.9076691 -0.04769337 -0.06909602 -0.9964694 0.2374087 0.3460804 -0.9076704 0.3462049 0.2372218 -0.9076718 0.06284946 -0.05568069 -0.9964686 0.08152514 -0.02009528 -0.9964687 0.08152723 0.02009409 -0.9964686 -0.2680511 -0.256906 -0.9285193 0.06284725 0.05567711 -0.9964689 0.02977585 0.07851046 -0.9964686 -0.3549811 -0.09843379 -0.929677 -0.3605208 0.03590834 -0.9320597 -0.02577167 0.05594027 -0.9981015 -0.3075926 -0.2078911 -0.9285301 -0.3383234 -0.1529319 -0.9285199 0.3092308 0.1363174 -0.9411663 0.3600138 0.03585577 -0.9322577 0.3775294 0.01765167 -0.9258295 -0.1545915 0.07866477 -0.9848418 -0.1378548 0.1290932 -0.9820036 0.1041239 -0.340001 -0.934643 0.07822114 -0.3629485 -0.9285203 -0.3579463 -0.02091199 -0.933508 0.3092333 -0.1363116 -0.9411663 -0.02407997 -0.05433583 -0.9982324 0.3600051 -0.03585427 -0.9322611 -0.1545942 -0.07866364 -0.9848415 0.37355 -0.08835864 -0.9233922 -0.1602718 -0.1216953 -0.9795424 0.1079822 -0.3202235 -0.9411678 0.1969309 -0.3339455 -0.9217911 -0.3076143 0.2079076 -0.9285192 0.2279784 -0.2494704 -0.9411644 -0.3383241 0.1529322 -0.9285196 -0.354985 0.09843444 -0.9296754 -0.9967916 5.75177e-7 -0.08004111 -0.9553498 -0.2558479 0.1478139 -0.8822484 -0.4637523 -0.08106666 -0.8562694 -0.4948234 0.1481641 -0.7466577 -0.6606668 -0.07760083 -0.69965 -0.6989759 0.148063 -0.5659199 -0.8204999 -0.08071428 -0.493865 -0.8567868 0.1483702 -0.3537893 -0.93212 -0.07736504 -0.2566615 -0.9550505 0.1483351 -0.1200745 -0.9894844 -0.08064037 7.91471e-4 -0.9889211 0.1484404 0.1201761 -0.9897481 -0.07717776 0.3549113 -0.931172 -0.08340686 0.2560972 -0.954954 0.1499235 0.564791 -0.8213965 -0.07949221 0.4939777 -0.8565104 0.1495867 0.7468626 -0.6598396 -0.08251124 0.6995259 -0.6987618 0.1496513 0.8820295 -0.4645718 -0.07871997 0.8559306 -0.4950264 0.1494387 0.9516574 -0.296229 -0.08121985 0.9552559 -0.2560457 0.1480774 0.9293054 -9.51216e-5 0.3693124 0.9890121 -7.08757e-5 0.1478345 0.9513214 0.297019 -0.08226513 0.9548897 0.2568032 0.149124 0.883142 0.462632 -0.07766616 0.8568568 0.4935436 0.1490341 0.7457244 0.6613305 -0.08085328 0.6985586 0.6998952 0.1488717 0.5667116 0.8202682 -0.0774483 0.495302 0.8558799 0.148814 0.3532503 0.9320427 -0.08068913 0.2550917 0.9554332 0.1485794 0.120264 0.9897287 -0.07728976 8.96926e-4 0.9889019 0.1485673 -0.1200675 0.9894869 -0.08061921 -0.2566654 0.9550522 0.1483178 -0.3537861 0.9321208 -0.07737249 -0.4938649 0.8567862 0.1483742 -0.5659145 0.820502 -0.08073061 -0.6996502 0.6989713 0.1480833 -0.7466564 0.6606721 -0.07756739 -0.8562713 0.4948218 0.148158 -0.8822436 0.463767 -0.0810334 -0.9553508 0.2558463 0.1478096 -0.9889959 -3.8894e-7 0.1479435 -0.9967916 6.57344e-7 -0.08004117 -0.9553466 -0.255849 0.1478315 -0.8822431 -0.4637665 -0.08104181 -0.8562659 -0.4948244 0.1481811 -0.7466556 -0.6606699 -0.0775932 -0.6996503 -0.6989773 0.1480551 -0.5659159 -0.8204987 -0.08075428 -0.4938645 -0.8567872 0.14837 -0.3537876 -0.9321225 -0.0773437 -0.2566619 -0.9550504 0.1483353 -0.1200783 -0.9894864 -0.08060991 7.91655e-4 -0.9889211 0.1484401 0.1201759 -0.9897484 -0.07717448 0.3549048 -0.9311745 -0.08340668 0.2560988 -0.9549536 0.1499238 0.5647894 -0.8214001 -0.0794661 0.4939789 -0.8565095 0.1495873 0.746862 -0.6598403 -0.08251136 0.6995245 -0.6987634 0.14965 0.8820311 -0.464569 -0.07871985 0.855933 -0.4950276 0.1494201 0.9516569 -0.2962318 -0.08121591 0.9552577 -0.2560448 0.1480669 0.9293017 -9.49252e-5 0.3693214 0.9890122 -7.09386e-5 0.1478339 0.9513196 0.2970245 -0.08226495 0.9548934 0.2567989 0.1491069 0.8831411 0.4626339 -0.07766616 0.8568614 0.4935412 0.1490158 0.7457222 0.6613301 -0.08087557 0.6985582 0.6998985 0.1488577 0.5667135 0.8202692 -0.07742249 0.4953007 0.8558791 0.1488234 0.3532477 0.9320449 -0.08067542 0.2550917 0.9554331 0.1485791 0.1202638 0.9897287 -0.07729023 8.97114e-4 0.9889019 0.1485677 -0.120072 0.9894856 -0.08062934 -0.2566652 0.9550523 0.1483175 -0.3537845 0.9321234 -0.07734757 -0.4938647 0.8567863 0.1483746 -0.5659109 0.8205029 -0.08074623 -0.6996488 0.69897 0.1480969 -0.7466539 0.6606746 -0.07757031 -0.8562679 0.4948227 0.1481753 -0.8822365 0.4637789 -0.08104252 -0.9553482 0.2558471 0.147825 -0.9889957 -6.20396e-7 0.1479442 -0.9967915 4.06007e-7 -0.08004248 -0.955347 -0.255849 0.1478292 -0.8822368 -0.463777 -0.08105027 -0.8562664 -0.4948258 0.1481739 -0.7466518 -0.6606738 -0.07759696 -0.6996468 -0.6989722 0.1480956 -0.5659114 -0.8205041 -0.08073192 -0.4938635 -0.8567861 0.1483802 -0.3537843 -0.9321229 -0.07735359 -0.2566627 -0.9550524 0.1483207 -0.1200721 -0.9894867 -0.08061558 7.91644e-4 -0.9889264 0.1484048 0.1201798 -0.9897497 -0.07715284 0.3549084 -0.9311736 -0.08340173 0.2561022 -0.9549559 0.1499028 0.5647876 -0.8214005 -0.07947564 0.4939754 -0.8565073 0.1496115 0.7468602 -0.6598412 -0.08252048 0.6995251 -0.6987628 0.1496506 0.8820331 -0.4645696 -0.07869362 0.8559326 -0.495028 0.1494211 0.9516561 -0.2962341 -0.08121585 0.955258 -0.2560448 0.1480653 0.9293017 -9.49252e-5 0.3693214 0.9890124 -7.09857e-5 0.1478329 0.9513202 0.297022 -0.0822674 0.9548932 0.2567989 0.1491087 0.883139 0.4626334 -0.0776925 0.8568608 0.4935398 0.1490245 0.7457244 0.6613301 -0.08085519 0.6985601 0.6999005 0.1488391 0.5667158 0.8202699 -0.07739895 0.4953026 0.8558813 0.1488039 0.3532443 0.9320467 -0.08066904 0.2550908 0.9554311 0.1485937 0.1202599 0.9897271 -0.07731711 8.97044e-4 0.9888965 0.1486033 -0.1200782 0.9894866 -0.08060783 -0.2566617 0.95505 0.1483388 -0.3537875 0.9321221 -0.07735008 -0.4938683 0.8567885 0.1483496 -0.5659156 0.8204976 -0.08076858 -0.6996492 0.6989723 0.1480841 -0.7466574 0.6606708 -0.07756888 -0.8562681 0.4948223 0.1481755 -0.8822424 0.463768 -0.08104109 -0.9553486 0.2558473 0.1478217 -0.9889956 -6.63346e-7 0.1479452 -0.9967917 5.46176e-7 -0.08003902 -0.95535 -0.2558479 0.1478121 -0.8822439 -0.4637653 -0.08104127 -0.8562701 -0.494825 0.1481555 -0.7466546 -0.6606711 -0.07759362 -0.699648 -0.698974 0.1480815 -0.5659152 -0.8205031 -0.08071452 -0.4938631 -0.8567846 0.1483896 -0.3537859 -0.9321202 -0.07737886 -0.2566624 -0.9550527 0.1483204 -0.1200674 -0.9894872 -0.08061611 7.9146e-4 -0.9889264 0.1484051 0.12018 -0.9897496 -0.07715332 0.354915 -0.9311693 -0.08342164 0.2561007 -0.9549564 0.1499025 0.5647892 -0.8213969 -0.07950079 0.4939741 -0.856508 0.1496117 0.7468615 -0.6598424 -0.08249813 0.6995256 -0.6987594 0.149664 0.8820317 -0.4645723 -0.0786938 0.8559304 -0.4950266 0.1494384 0.951657 -0.2962313 -0.08121615 0.9552554 -0.2560455 0.1480808 0.9293054 -9.5158e-5 0.3693124 0.9890123 -7.09192e-5 0.1478335 0.9513216 0.2970165 -0.08227115 0.9548893 0.2568032 0.1491262 0.8831399 0.4626315 -0.0776925 0.8568563 0.4935423 0.1490414 0.7457258 0.6613286 -0.08085525 0.6985621 0.6999002 0.1488313 0.5667127 0.820267 -0.0774517 0.495303 0.8558812 0.1488038 0.3532474 0.9320456 -0.08066928 0.2550909 0.9554311 0.1485939 0.1202601 0.9897269 -0.07731896 8.96856e-4 0.9888967 0.1486029 -0.1200738 0.9894853 -0.08063036 -0.2566619 0.9550499 0.148339 -0.3537892 0.9321196 -0.07737147 -0.4938684 0.8567884 0.1483501 -0.5659193 0.8204987 -0.08073037 -0.6996496 0.6989721 0.1480829 -0.7466593 0.6606676 -0.07757705 -0.8562718 0.4948213 0.148157 -0.8822474 0.4637537 -0.0810697 -0.9553505 0.2558463 0.1478112 -0.9889957 -4.36663e-7 0.1479446 0.1350958 -0.9260426 -0.3524123 0.1067538 -0.9240378 -0.3670935 0.3990276 -0.8514819 -0.3402287 0.7439415 -0.6656138 -0.05923968 0.7968651 -0.6026526 -0.0426141 0.6998181 -0.7033547 -0.1246867 0.4018015 -0.9088402 -0.112094 0.4719263 -0.8601335 -0.1935359 0.4464555 -0.8935416 -0.04754871 0.4432423 -0.8858025 -0.1374419 0.1119713 -0.9294127 -0.3516453 0.1969721 -0.8683125 -0.4552313 0.2113549 -0.9377662 -0.2755429 0.2612931 -0.9010502 -0.3461713 0.1100639 -0.9300203 -0.3506399 0.2238506 -0.9331286 -0.2813577 0.3089035 -0.9304141 -0.1972521 0.3654081 -0.8950596 -0.2556276 0.1063188 -0.9301328 -0.3514959 0.2369939 -0.9267295 -0.2915585 0.3521226 -0.9153158 -0.1954655 0.5359526 -0.8433445 -0.03905028 0.4756034 -0.8737015 -0.1022109 0.388388 -0.8976723 -0.2081809 0.2583655 -0.9175372 -0.3022791 0.1013168 -0.9238966 -0.3689852 0.1007998 -0.9253756 -0.3654031 0.09780657 -0.9265478 -0.3632397 0.607371 -0.7930551 -0.04651868 0.6968663 -0.7156623 -0.04695647 0.5317509 -0.8390579 -0.1149909 0.6185948 -0.7764658 -0.1201719 0.446993 -0.8682253 -0.2153653 0.5067138 -0.830635 -0.2308397 0.2830579 -0.905461 -0.3162572 0.3203589 -0.8882679 -0.3291661 0.6543245 -0.7104678 -0.2590274 0.8007056 -0.582818 -0.1385422 0.874157 -0.4650536 -0.1399109 0.8919791 -0.4489478 -0.05309772 0.5861907 -0.7727347 -0.2434372 0.3580722 -0.8692616 -0.3408351 0.1027224 -0.9219656 -0.3733999 0.1006748 -0.9201415 -0.3784235 0.1136418 -0.9202654 -0.3744291 0.9488893 -0.313494 -0.03647929 0.9586775 -0.2810702 -0.04401189 0.9917221 -0.1168207 -0.05329561 0.9300752 -0.3363064 -0.1478452 0.7173709 -0.6456017 -0.2618731 0.1043762 -0.9304921 -0.351127 0.4413829 -0.8325616 -0.3346976 0.7753072 -0.5738015 -0.2639138 0.9668999 -0.2094224 -0.1457635 0.9981338 0.03498715 -0.05004763 -0.553435 -0.7530525 -0.3558394 -0.5423368 -0.7149415 -0.4412818 -0.296167 -0.645857 -0.7036718 -0.3982189 -0.9171006 -0.01866453 -0.398827 -0.9168221 -0.01934957 -0.3216269 -0.9465128 -0.02587878 -0.4611291 -0.8853122 -0.05985289 -0.4320787 -0.899185 -0.06909692 -0.4204281 -0.9059798 -0.04940569 -0.5513507 -0.7455811 -0.3743279 -0.5559828 -0.7475754 -0.3633376 -0.3948789 -0.8391159 -0.374106 -0.561178 -0.7366895 -0.3773167 -0.3920616 -0.8388677 -0.3776092 -0.5500608 -0.7480525 -0.3712824 -0.3927909 -0.849015 -0.3533963 -0.5305712 -0.7709909 -0.3522318 -0.5452996 -0.7556138 -0.3628997 -0.5036455 -0.8070299 -0.3082921 -0.5115676 -0.7924121 -0.3322374 -0.5112553 -0.7878736 -0.3433266 -0.4966639 -0.8147037 -0.2993041 -0.3959438 -0.8640112 -0.3109876 -0.4873059 -0.8326646 -0.2630645 -0.4011716 -0.8847171 -0.2373542 -0.4853643 -0.8460929 -0.2203369 -0.4147937 -0.8969653 -0.1529685 -0.4117813 -0.9070258 -0.08797991 -0.4611994 -0.8766331 -0.1371479 -0.4546921 -0.8732888 -0.1749913 -0.3982816 -0.9170166 -0.02127248 -0.4000337 -0.9160945 -0.02727907 -0.3225489 -0.943996 -0.06952583 -0.4066321 -0.912456 -0.0455445 -0.3983142 -0.9170777 -0.01772809 -0.3226137 -0.9463634 -0.01779747 -0.4001933 -0.916266 -0.01738131 -0.01490229 -0.9995871 -0.02456885 -0.1030368 -0.9943435 -0.0257771 -0.01221501 -0.9993886 -0.03276032 -0.1012795 -0.9924131 -0.06970447 -0.006018042 -0.9981725 -0.06013059 0.008342683 -0.9968311 -0.07910966 -0.0103321 -0.971488 -0.2368635 0.1092863 -0.9783802 -0.1755813 0.03345388 -0.9863238 -0.1613886 -0.007633924 -0.9933516 -0.1148671 0.01088541 -0.996572 -0.0820108 -0.01338696 -0.9514989 -0.3073609 0.108565 -0.9507044 -0.2904734 0.07808667 -0.9719741 -0.2217406 0.1173883 -0.9396685 -0.3213149 0.1132321 -0.9430308 -0.312844 5.8029e-4 -0.9367172 -0.3500866 -0.007575929 -0.9260643 -0.3772897 6.45275e-4 -0.9264367 -0.3764503 -0.002103328 -0.7099807 -0.704218 -0.1574041 -0.9873322 -0.01998317 -0.2136897 -0.9767333 -0.01813048 -0.2136533 -0.9765622 -0.02605193 -0.2694864 -0.9628044 -0.0196166 -0.02096891 -0.9995588 -0.02103608 -0.1013118 -0.9947063 -0.01718157 -0.3208364 -0.9353414 -0.1489983 -0.3151669 -0.9188138 -0.2375943 -0.3086799 -0.8999009 -0.3080506 -0.3036065 -0.8851088 -0.3527119 -0.300575 -0.8762768 -0.376555 -0.3008859 -0.8771744 -0.3742095 -0.2132225 -0.974595 -0.06856334 -0.21134 -0.965989 -0.1489993 -0.09900361 -0.9838739 -0.1489657 -0.207606 -0.9489202 -0.237593 -0.09729933 -0.9664795 -0.2375924 -0.2033328 -0.9293871 -0.3080511 -0.0952968 -0.9465849 -0.3080514 -0.1999906 -0.9141101 -0.3527131 -0.09373086 -0.9310253 -0.3527128 -0.1979935 -0.9049892 -0.3765546 -0.0927937 -0.9217352 -0.3765548 -0.1981979 -0.9059167 -0.3742095 -0.09288913 -0.9226803 -0.3742094 -0.3594269 -0.82662 -0.4330263 -0.2903386 -0.8284665 -0.4789016 -0.2459529 -0.8787233 -0.4090877 -0.1871176 -0.8552731 -0.4832133 -0.1434497 -0.901148 -0.4090898 -0.06970828 -0.8573526 -0.5099875 -0.02479588 -0.8985883 -0.4380918 0.193094 0.9158287 -0.3520975 0.2316187 0.9007669 -0.3673854 -0.07376873 0.9374442 -0.3402303 -0.4620665 0.884862 -0.05927789 -0.533733 0.8445788 -0.04261374 -0.4074515 0.904675 -0.1246865 -0.05617749 0.9921073 -0.1121038 -0.1389583 0.9712021 -0.1935384 -0.1033616 0.9935065 -0.04755485 -0.1030712 0.9851312 -0.1374519 0.22148 0.9098586 -0.350862 0.1206191 0.882278 -0.4550127 0.1322522 0.9521484 -0.2755409 0.07258683 0.9353589 -0.3461718 0.2234579 0.9097017 -0.3500134 0.1189392 0.952206 -0.2813492 0.03837215 0.9796006 -0.1972568 -0.02695882 0.9663988 -0.25563 0.2268639 0.9084538 -0.3510622 0.1043809 0.9508413 -0.291557 -0.007396697 0.9806848 -0.1954551 -0.2047927 0.978026 -0.03905194 -0.1376194 0.9851974 -0.1022101 -0.04755157 0.9769337 -0.2081813 0.08114379 0.9497599 -0.3022778 0.2293275 0.9007992 -0.3687407 0.2305025 0.9019764 -0.3651126 0.2336901 0.9020615 -0.3628692 -0.2893409 0.9560949 -0.04652237 -0.400375 0.9151451 -0.04700469 -0.2023712 0.9725335 -0.1149981 -0.3056908 0.9445169 -0.1201703 -0.1127722 0.9700003 -0.2153647 -0.181901 0.9558374 -0.23084 0.05378693 0.947147 -0.3162587 0.01281696 0.9441851 -0.3291662 -0.3623651 0.8953194 -0.2590265 -0.5443075 0.827367 -0.1385405 -0.6545125 0.7429928 -0.1399108 -0.6768625 0.7341919 -0.05309712 -0.2766705 0.9296195 -0.243436 -0.02917706 0.9396707 -0.3408341 0.2229624 0.9003897 -0.3736125 0.2254053 0.8985322 -0.3766068 0.2142372 0.9022457 -0.3742395 -0.7778102 0.6274397 -0.03648191 -0.7983858 0.6005359 -0.04401087 -0.8871308 0.4584307 -0.05329543 -0.7521716 0.642168 -0.1478455 -0.4442093 0.8567965 -0.2618741 0.2384935 0.9053062 -0.3514849 -0.1200734 0.9346452 -0.334695 -0.5237094 0.8099868 -0.2639127 -0.8313007 0.5363695 -0.1457635 -0.9465693 0.3185937 -0.05004757 0.5543475 0.7524334 -0.3557288 0.5430536 0.7144383 -0.4412151 0.3023567 0.6507331 -0.6965106 0.2691234 0.9375835 -0.2202491 0.3116409 0.9328686 -0.1806549 0.3490366 0.9069725 -0.2357425 0.3934161 0.9147679 -0.0917806 0.4653606 0.8744301 -0.1371558 0.422931 0.8932228 -0.1525862 0.5521817 0.744996 -0.3742678 0.5567306 0.7470871 -0.3631967 0.3987785 0.8372873 -0.3740665 0.5619407 0.7361423 -0.3772493 0.3959711 0.8370231 -0.3776233 0.5508229 0.7475437 -0.3711773 0.3967291 0.8471853 -0.353388 0.531325 0.7705408 -0.3520807 0.5460999 0.755109 -0.362747 0.5041164 0.8068506 -0.3079919 0.5123729 0.7920179 -0.3319363 0.5121782 0.7873851 -0.3430717 0.4976392 0.8141644 -0.2991518 0.4001237 0.8620136 -0.3111814 0.4881501 0.8322874 -0.2626923 0.4051285 0.8830124 -0.236981 0.4873535 0.8451935 -0.2193956 0.4525189 0.8745477 -0.174336 0.3193687 0.9301311 -0.1812725 0.3283718 0.9352877 -0.1319431 0.4166382 0.906692 -0.06574606 0.3424629 0.9362788 -0.07811039 0.4035447 0.9147735 -0.01847285 0.4040877 0.9145212 -0.01908123 0.3601464 0.9325868 -0.02401083 0.4035627 0.9147137 -0.02088385 0.3584243 0.9329735 -0.03305244 0.4057222 0.9136258 -0.02602702 0.3557101 0.9325599 -0.06166535 0.4108821 0.9105312 -0.04592317 0.4194803 0.9059015 -0.05812877 0.4038458 0.9146531 -0.01784908 0.3655821 0.9305435 -0.02094596 0.405925 0.9137411 -0.01738578 0.2209815 0.9207202 -0.3216233 0.2248204 0.9228381 -0.312771 0.3439778 0.8873276 -0.3071305 0.2317683 0.9292008 -0.2878706 0.2518769 0.9287775 -0.2719016 0.3267952 0.8666039 -0.3770976 0.3196185 0.8805114 -0.3500626 0.3213973 0.8689415 -0.3763568 0.2511852 0.6717618 -0.6968803 0.3615022 0.8105602 -0.4607693 0.3217158 0.8271548 -0.4607754 -0.05941486 -0.9980918 0.01681143 -0.002331852 -0.9998219 0.01873177 5.48039e-7 -0.998929 0.04627239 -0.5674548 -0.8221035 0.0462715 -0.5720274 -0.8139591 0.1012688 -0.6592459 -0.744134 0.1079792 -0.8221018 -0.5674573 0.04627084 -0.8139588 -0.5720275 0.1012713 -0.8820956 -0.4527881 0.1299628 0.8845084 -0.4642239 0.04627162 0.8812649 -0.4541338 0.1309004 0.8143426 -0.5697754 0.1104643 0.5674579 -0.8221014 0.04627031 0.5697438 -0.8143627 0.1104788 0.4541326 -0.8812673 0.1308885 -0.9786441 -0.1188292 0.1677361 -0.9901314 -0.1202238 0.07201576 -0.9974036 -1.39241e-6 0.07201522 -0.1188293 0.9786441 0.167736 -0.1202239 0.9901314 0.07201552 -1.48975e-6 0.9974036 0.07201534 0.921769 -0.3495806 0.167736 0.9325891 -0.3536828 0.07201546 0.883157 -0.4635167 0.07201516 0.1188293 -0.9786441 0.167736 0.1202239 -0.9901314 0.07201552 1.48975e-6 -0.9974036 0.07201534 -0.5172012 -0.8555526 0.02308243 -0.5711115 -0.8203861 0.02825915 -0.5665891 -0.8208476 0.07201558 -0.8555531 -0.5172003 0.02308231 -0.88495 -0.4649636 0.02593457 -0.8831562 -0.4635181 0.07201528 -0.8555532 0.5172001 0.02308231 -0.8203865 0.5711106 0.02825909 -0.8208475 0.5665892 0.07201552 -0.5172011 0.8555526 0.02308237 -0.4649635 0.88495 0.02593487 -0.4635174 0.8831565 0.07201522 0.5172012 0.8555526 0.02308243 0.5711115 0.8203861 0.02825915 0.5665891 0.8208476 0.07201558 0.8555531 0.5172003 0.02308231 0.88495 0.4649636 0.02593457 0.8831562 0.4635181 0.07201528 0.8555532 -0.5172001 0.02308231 0.8203865 -0.5711106 0.02825909 0.8208475 -0.5665892 0.07201552 0.5172011 -0.8555526 0.02308237 0.4649635 -0.88495 0.02593487 0.4635174 -0.8831565 0.07201522 0.6783607 0.6780055 0.2830818 0.6884791 0.6803852 0.2511425 0.7964605 0.5399567 0.2722086 0.6954392 0.7126438 0.09221351 0.7134366 0.6983919 0.05707073 0.7631289 0.6427771 0.06687396 0.7018072 0.7110468 0.04335039 0.6933859 0.7175133 0.06626188 0.6480655 0.7582487 0.07120478 0.7081459 0.6995738 0.09553074 0.6489915 0.7446886 0.1557208 0.5924758 0.7879416 0.1676918 0.67078 0.7261037 0.1510882 0.591351 0.7302682 0.3420706 0.5958238 0.7333627 0.3273732 0.4255318 0.8347868 0.3493618 0.5287006 0.8224956 0.2097063 0.5547873 0.7676624 0.3207889 0.5720271 0.8139594 0.1012689 0.6093556 0.7777822 0.15408 0.6289457 0.7060575 0.3254386 0.659246 0.7441341 0.1079781 -0.584659 0.7600319 0.2837703 -0.5981695 0.7346312 0.3201726 -0.4268917 0.8349164 0.3473876 -0.678008 0.6783584 0.2830812 -0.6803837 0.6884814 0.2511403 -0.5399562 0.7964611 0.2722082 -0.7126295 0.6954546 0.09220725 -0.6983845 0.7134435 0.05707454 -0.6427768 0.7631291 0.0668739 -0.7110536 0.7017993 0.04336398 -0.7175242 0.6933757 0.0662508 -0.7582491 0.648065 0.07120466 -0.6995669 0.7081527 0.0955305 -0.7446859 0.648994 0.1557235 -0.7879424 0.592474 0.1676949 -0.7260928 0.6707921 0.1510869 -0.7302669 0.5913537 0.3420689 -0.7333629 0.5958228 0.3273745 -0.8347867 0.4255319 0.349362 -0.8224977 0.5286977 0.2097054 -0.7676611 0.5547878 0.3207915 -0.8139583 0.5720281 0.1012712 -0.6995022 -0.6995021 0.1462658 -0.7060577 -0.6289448 0.3254395 -0.7441346 -0.6592455 0.1079779 -0.7600286 -0.5846633 0.2837705 -0.7346336 -0.5981681 0.3201692 -0.8349165 -0.4268915 0.3473875 -0.6783607 -0.6780055 0.2830818 -0.6884791 -0.6803852 0.2511425 -0.7964605 -0.5399567 0.2722086 -0.6954392 -0.7126438 0.09221351 -0.7134366 -0.6983919 0.05707073 -0.7631289 -0.6427771 0.06687396 -0.7018072 -0.7110468 0.04335039 -0.6933859 -0.7175133 0.06626188 -0.6480655 -0.7582487 0.07120478 -0.7081459 -0.6995738 0.09553074 -0.6489915 -0.7446886 0.1557208 -0.5924758 -0.7879416 0.1676918 -0.67078 -0.7261037 0.1510882 -0.591351 -0.7302682 0.3420706 -0.5958238 -0.7333627 0.3273732 -0.4255318 -0.8347868 0.3493618 0.8761734 -0.4259962 0.2254936 0.5096696 -0.7719185 0.3799722 0.8596364 -0.4525353 0.2371434 0.617266 -0.7837089 0.06915962 0.5778222 -0.8083578 0.1126031 0.7645248 -0.6226658 0.166701 0.5826143 -0.8047503 0.1137437 0.5717973 -0.8099164 0.1307031 0.4862368 -0.8584267 0.1633325 0.7914956 -0.5461972 0.2742322 -0.9984265 -0.001550853 0.05605465 -0.9406623 0.02229052 -0.3386114 -0.9225431 0.01219481 -0.3857012 -0.9911141 -0.123608 0.04913264 -0.9476076 0.06661301 -0.3124142 -0.9378845 0.0728445 -0.3392146 -0.9835805 0.1794149 0.01948636 -0.9898507 0.1415442 0.01268702 -0.9909515 0.1245443 0.05003857 -0.9347851 -0.07851755 -0.3464272 -0.925072 -0.06250947 -0.3746124 -0.9440185 -0.01698607 -0.329455 -0.9084029 -0.02952551 -0.4170522 -0.9135151 -0.007950782 -0.4067271 0.7087885 -0.7048394 0.02864319 0.7075955 -0.7060442 0.02846443 0.6575092 -0.7527224 0.03302705 0.7274317 -0.6852739 0.03525251 0.7107691 -0.7027197 0.03150182 0.7096769 -0.7039146 0.02937769 0.7065675 -0.7070524 0.02897471 0.7059586 -0.7075594 0.03133934 0.706842 -0.7068535 0.02706551 0.7048652 -0.7083082 0.03827017 0.7071444 -0.7063263 0.0324034 0.7526158 -0.657668 0.03228533 0.7072547 -0.7063127 0.03022122 0.7071183 -0.7065002 0.02900356 0.705497 -0.7081426 0.02843105 0.7032407 -0.7103625 0.02894127 0.6960929 -0.7157184 0.0565871 0.7580703 -0.647979 0.0738433 0.6959449 -0.7133114 0.08275038 0.668111 -0.7416156 0.0602833 0.8149141 -0.574849 0.07391703 0.6446917 -0.7614788 0.06725156 0.7945012 -0.6002663 0.09191417 0.6028633 -0.7826562 0.1549358 0.7889875 -0.6033505 0.1160474 0.7485645 -0.6593484 0.07007873 0.7380728 -0.6708397 0.07226908 0.7295796 -0.6825635 0.04266977 0.5427908 -0.7950951 0.2705587 0.8626782 -0.4822282 0.1524541 0.5596652 -0.811299 0.1690239 0.801241 -0.5826278 0.1362269 0.8823301 -0.4170547 0.2180803 0.8791891 -0.4261032 0.2132199 0.5250164 -0.7754212 0.3508275 0.8883391 -0.4163568 0.1936516 0.862343 -0.4749678 0.1754142 0.8815315 -0.4160987 0.2230789 0.8556818 -0.4640071 0.2291421 0.8548431 -0.4626384 0.2349661 0.4292765 -0.8205842 0.3773108 0.8519586 -0.4918213 0.1796622 0.8513419 -0.4776794 0.216886 0.4289005 -0.8332075 0.3490124 0.3841286 -0.532926 0.7539464 0.4345951 -0.5751118 0.69309 0.5708964 -0.5773802 0.5837033 0.6044685 -0.528021 0.5964995 0.6657093 -0.5684014 0.4834781 0.7270165 -0.5677263 0.3861789 0.7719141 -0.52924 0.3522128 0.7670359 -0.5800728 0.2741742 0.7877478 -0.5886859 0.1813904 0.4356114 -0.8608642 0.2629745 0.8142449 -0.5563374 0.1658128 0.8351103 -0.5291242 0.1503946 0.5329236 -0.3841261 0.7539493 0.4951583 -0.4386721 0.7499234 0.4901249 -0.8550898 0.1691124 0.5290849 -0.8351346 0.1503978 0.8605132 -0.4358004 0.2638089 0.5530982 -0.8148206 0.1736378 0.5753527 -0.7773701 0.2542937 0.566782 -0.74291 0.3561503 0.5285763 -0.7278267 0.436893 0.5729317 -0.6815149 0.4552876 0.6148955 -0.5887566 0.5246611 0.5797554 -0.5513775 0.5998888 0.5932869 -0.4772728 0.6482447 0.5740888 -0.4151235 0.7057582 0.4645929 -0.8542249 0.2333526 0.4736692 -0.8524253 0.2213789 0.8333206 -0.4300733 0.347295 0.474379 -0.8564004 0.2038211 0.4872061 -0.8499191 0.2006682 0.4182443 -0.8806914 0.2223839 0.4294682 -0.8729088 0.2314891 0.7726644 -0.5063853 0.3828363 0.4348316 -0.8706094 0.2301326 0.4543228 -0.8591209 0.2355887 0.4732899 -0.8629183 0.1771124 0.4269517 -0.8805845 0.2056291 0.7755249 -0.5249956 0.3506294 0.419029 -0.8828772 0.2119964 -0.582385 -0.7824732 0.2203716 -0.5798808 -0.7824904 0.2268196 -0.45279 -0.8820944 0.129965 -0.5871666 -0.7809954 0.212795 -0.5927539 -0.7448253 0.3063955 -0.5956525 -0.7510952 0.2847005 -0.4330413 -0.8622775 0.2625888 -0.5964588 -0.7600125 0.2581049 -0.5954505 -0.7731291 0.2184268 -0.5622234 -0.7925193 0.2362586 -0.5457091 -0.8112812 0.20982 -0.5426682 -0.8200626 0.1816825 -0.5978533 -0.7195157 0.3533678 -0.6502956 -0.6762384 0.3461464 -0.6304325 -0.6896888 0.3562082 -0.5046674 -0.7736427 0.3831289 -0.6265374 -0.6944199 0.3538814 -0.6084054 -0.7091923 0.3562151 -0.6758039 -0.6759953 0.293802 -0.6571806 -0.6812085 0.3225969 -0.5229762 -0.7770084 0.3503625 -0.6561378 -0.6766535 0.3341007 -0.6739608 -0.716069 0.1817198 -0.6728874 -0.7039902 0.2272013 -0.5449098 -0.7923837 0.274229 -0.6726589 -0.695555 0.2524545 -0.7100865 -0.7033716 0.0323379 -0.7099083 -0.703532 0.03275728 -0.7527224 -0.6575085 0.03304213 -0.6946395 -0.7177093 0.0486775 -0.7079972 -0.7053847 0.03424024 -0.7097474 -0.7037059 0.03250604 -0.709348 -0.704056 0.03362381 -0.7080606 -0.705249 0.03569543 -0.7068483 -0.7068467 0.02708232 -0.7069332 -0.7063119 0.03700202 -0.705389 -0.7078998 0.03611743 -0.6576423 -0.7526345 0.03237432 -0.7041699 -0.7092281 0.03376984 -0.7031955 -0.7102358 0.03288304 -0.7042701 -0.7091329 0.03367888 -0.6931744 -0.6846882 0.2251918 -0.7168689 -0.6713327 0.1881793 -0.7795423 -0.6040745 0.1655533 -0.7107133 -0.6856901 0.1572126 -0.63963 -0.7580482 0.1274228 -0.8116109 -0.5590957 0.1694099 -0.7807639 -0.519694 0.3468804 -0.6759241 -0.6634067 0.3209645 -0.6607124 -0.6828789 0.311666 -0.7111397 -0.6090207 0.3512467 -0.6905421 -0.6358836 0.3446791 -0.7743497 -0.509361 0.3754119 -0.6887683 -0.636287 0.3474725 -0.6744755 -0.6553295 0.3400385 -0.7589123 -0.5971688 0.2596956 -0.8221355 -0.5409453 0.1774026 -0.8216093 -0.5311499 0.2069733 -0.7676615 -0.5547866 0.3207923 -0.7777841 -0.6093545 0.1540746 -0.8129659 -0.5439178 0.207942 -0.8025619 -0.5510876 0.2284665 -0.7828726 -0.5790681 0.2275757 -0.7812321 -0.5836743 0.2213614 -0.7793883 -0.5893711 0.2125927 -0.8598785 -0.4363698 0.2649351 -0.769295 -0.5966357 0.2284974 -0.5287007 -0.8224955 0.2097066 -0.5547875 -0.7676622 0.3207889 -0.6093556 -0.7777822 0.1540802 -0.6289453 -0.7060573 0.3254398 -0.5409479 0.8221353 0.177395 -0.4527882 0.8820957 0.1299625 -0.5311509 0.8216085 0.2069741 -0.5720271 0.8139593 0.1012684 -0.5439178 0.8129651 0.2079455 -0.5510858 0.8025636 0.2284649 -0.5790651 0.7828758 0.2275723 -0.5836749 0.7812304 0.2213654 -0.5893721 0.7793873 0.2125934 -0.4363696 0.8598785 0.264935 -0.5966371 0.7692962 0.2284896 -0.6592453 0.7441346 0.1079791 -0.6093552 0.7777825 0.1540801 -0.5547877 0.7676622 0.3207889 -0.7777841 0.6093546 0.1540744 -0.7060574 0.6289449 0.32544 -0.7441341 0.659246 0.1079781 -0.6995028 0.6995019 0.1462634 -0.628946 0.7060568 0.3254394 -0.7824765 0.5823844 0.2203611 -0.790002 0.5675563 0.2318982 -0.8820943 0.4527899 0.1299655 -0.780999 0.5871667 0.2127814 -0.7448256 0.5927531 0.3063964 -0.7510838 0.5956273 0.2847833 -0.8622774 0.433041 0.2625894 -0.7600065 0.5964279 0.2581937 -0.7731266 0.5954553 0.2184223 -0.8076815 0.549619 0.2134707 -0.8112826 0.5457071 0.2098203 -0.8200653 0.5426684 0.18167 -0.719519 0.5978491 0.353368 -0.6762362 0.650299 0.3461446 -0.6896958 0.6304259 0.3562064 -0.7736462 0.5046629 0.3831276 -0.6944181 0.6265338 0.3538911 -0.7091848 0.6084126 0.3562177 -0.6759955 0.6758044 0.2938004 -0.6812152 0.6571742 0.3225956 -0.7770085 0.5229758 0.3503628 -0.6766517 0.6561393 0.3341014 -0.7160845 0.6739448 0.1817176 -0.7039945 0.6728842 0.2271973 -0.7923836 0.54491 0.2742291 -0.6955606 0.6726545 0.2524508 -0.7033769 0.7100821 0.03231608 -0.7034393 0.7099997 0.0327661 -0.6575083 0.7527225 0.03304213 -0.7177168 0.6946313 0.04868233 -0.7052507 0.7081319 0.03421783 -0.7037859 0.7096655 0.03256213 -0.7041152 0.7092906 0.03359591 -0.7054994 0.7078131 0.03565418 -0.7068463 0.7068486 0.02708274 -0.706547 0.7066856 0.03724122 -0.7078585 0.7054334 0.03605896 -0.7526344 0.6576425 0.03237462 -0.7091975 0.7041959 0.0338695 -0.7102296 0.7032067 0.03277665 -0.708998 0.7044039 0.03371912 -0.6846863 0.6931774 0.2251884 -0.6713229 0.7168778 0.1881806 -0.6040742 0.7795429 0.1655522 -0.685708 0.7106952 0.1572167 -0.7580471 0.6396311 0.1274231 -0.5590956 0.8116111 0.16941 -0.5196937 0.7807641 0.3468802 -0.6634044 0.6759265 0.3209644 -0.6828801 0.6607106 0.3116672 -0.6090244 0.7111358 0.3512482 -0.6358834 0.6905438 0.3446761 -0.5093605 0.7743504 0.3754111 -0.6362929 0.6887631 0.3474719 -0.6553273 0.6744781 0.3400374 -0.5971711 0.7589098 0.2596975 0.8820957 0.4527881 0.1299627 0.8139588 0.5720275 0.1012713 0.8216096 0.5311498 0.2069721 0.8221365 0.5409459 0.177396 0.8129662 0.5439177 0.2079412 0.8025619 0.5510873 0.2284674 0.7828729 0.5790667 0.2275783 0.7812329 0.5836728 0.2213628 0.8598784 0.4363695 0.2649352 0.7793903 0.5893682 0.2125932 0.6995018 0.6995027 0.1462647 0.7060578 0.6289451 0.325439 0.7441345 0.6592456 0.1079774 0.7777843 0.6093543 0.1540744 0.7676615 0.5547866 0.3207925 0.5871661 0.7809959 0.2127947 0.5823844 0.7824739 0.2203703 0.4527899 0.8820944 0.1299651 0.567557 0.7900028 0.2318941 0.5496193 0.8076819 0.213468 0.5927539 0.7448253 0.3063955 0.5956525 0.7510952 0.2847005 0.4330413 0.8622775 0.2625887 0.5964588 0.7600125 0.2581049 0.5954505 0.7731291 0.2184268 0.5457093 0.8112811 0.2098203 0.5426679 0.8200635 0.1816794 0.5978533 0.7195157 0.3533678 0.6502956 0.6762384 0.3461464 0.6304325 0.6896888 0.3562082 0.5046674 0.7736427 0.3831289 0.6265374 0.6944199 0.3538814 0.6084054 0.7091923 0.3562151 0.6758039 0.6759953 0.293802 0.6571806 0.6812085 0.3225969 0.5229762 0.7770084 0.3503625 0.6561378 0.6766535 0.3341007 0.6739608 0.716069 0.1817198 0.6728874 0.7039902 0.2272013 0.5449098 0.7923837 0.274229 0.6726589 0.695555 0.2524545 0.7100865 0.7033716 0.0323379 0.7099083 0.703532 0.03275728 0.7527224 0.6575085 0.03304213 0.6946395 0.7177093 0.0486775 0.7079972 0.7053847 0.03424024 0.7097474 0.7037059 0.03250604 0.709348 0.704056 0.03362381 0.7080606 0.705249 0.03569543 0.7068483 0.7068467 0.02708232 0.7069332 0.7063119 0.03700202 0.705389 0.7078998 0.03611743 0.6576423 0.7526345 0.03237432 0.7041699 0.7092281 0.03376984 0.7031955 0.7102358 0.03288304 0.7042701 0.7091329 0.03367888 0.6931744 0.6846882 0.2251918 0.7168689 0.6713327 0.1881793 0.7795423 0.6040745 0.1655533 0.7107133 0.6856901 0.1572126 0.63963 0.7580482 0.1274228 0.8116109 0.5590957 0.1694099 0.7807639 0.519694 0.3468804 0.6759241 0.6634067 0.3209645 0.6607124 0.6828789 0.311666 0.7111397 0.6090207 0.3512467 0.6905421 0.6358836 0.3446791 0.7743497 0.509361 0.3754119 0.6887683 0.636287 0.3474725 0.6744755 0.6553295 0.3400385 0.8349165 0.4268915 0.3473876 0.7346338 0.598168 0.3201692 0.7285444 0.5949822 0.3394398 0.8204442 0.4289998 0.3779296 0.7692971 0.596633 0.2284978 0.7589123 0.5971686 0.2596959 0.7600284 0.5846633 0.2837707 -7.13772e-7 -0.9996895 0.02491915 0.1191791 -0.9925307 0.02606308 0.1802152 -0.9834021 0.02104234 0.3511966 -0.9359011 0.02739369 0.2429398 -0.9696375 0.02798688 0.2386965 -0.9684203 0.07201534 0.5711109 -0.8203864 0.02825897 0.566591 -0.8208462 0.07201492 0.969637 -0.2429421 0.027987 0.9359015 -0.3511952 0.02739363 0.9116839 -0.4103132 0.02180773 0.8849501 -0.4649634 0.02593457 0.9996895 -8.76479e-7 0.02491873 0.9925306 -0.1191796 0.02606296 0.9901316 -0.1202219 0.07201534 0.9359018 0.3511945 0.02739363 0.9696372 0.2429415 0.02798688 0.9684203 0.2386962 0.07201546 0.8203869 0.5711103 0.02825909 0.8208463 0.5665909 0.0720151 0.4103153 0.911683 0.02180784 0.4649636 0.8849499 0.02593475 0.4635162 0.8831572 0.07201498 0.3536823 0.9325892 0.07201492 0.3511973 0.9359007 0.02739369 0.1202219 0.9901316 0.07201534 0.1191797 0.9925307 0.02606332 0.1802152 0.9834022 0.0210424 7.13772e-7 0.9996895 0.02491915 -0.1191791 0.9925307 0.02606308 -0.1802152 0.9834021 0.02104234 -0.3511966 0.9359011 0.02739369 -0.2429398 0.9696375 0.02798688 -0.2386965 0.9684203 0.07201534 -0.5711109 0.8203864 0.02825897 -0.566591 0.8208462 0.07201492 -0.883157 0.4635167 0.07201516 -0.8849501 0.4649634 0.02593457 -0.9325891 0.3536827 0.07201546 -0.9359015 0.3511952 0.02739363 -0.9116839 0.4103132 0.02180773 -0.9901316 0.1202219 0.07201534 -0.9925306 0.1191796 0.02606296 -0.983402 0.1802162 0.02104246 -0.9996895 8.80042e-7 0.02491873 -0.9925307 -0.1191789 0.02606302 -0.983402 -0.1802162 0.02104246 -0.9359018 -0.3511945 0.02739363 -0.9696372 -0.2429415 0.02798688 -0.9684203 -0.2386962 0.07201546 -0.8203869 -0.5711103 0.02825909 -0.8208463 -0.5665909 0.0720151 -0.4103153 -0.911683 0.02180784 -0.4649636 -0.8849499 0.02593475 -0.4635162 -0.8831572 0.07201498 -0.3536823 -0.9325892 0.07201492 -0.3511973 -0.9359007 0.02739369 -0.1202219 -0.9901316 0.07201534 -0.1191797 -0.9925307 0.02606332 -0.1802152 -0.9834022 0.0210424 0.2359254 -0.9571854 0.167736 0.2302508 -0.9341623 0.2726269 0.8104147 -0.5617923 0.1661852 0.983402 -0.1802162 0.02104246 0.9684206 -0.2386947 0.072016 0.9571855 -0.2359251 0.167736 0.9341626 -0.23025 0.2726269 0.5616299 0.8104798 0.1664165 -0.2359254 0.9571854 0.167736 -0.2302508 0.9341623 0.2726269 -0.8104799 0.5616297 0.1664164 -0.9571855 -0.235925 0.1677361 -0.9341622 -0.230251 0.272627 -0.5616299 -0.8104798 0.1664165 0.4103153 -0.9116829 0.0218079 0.3536843 -0.9325885 0.07201546 0.3495811 -0.9217688 0.1677361 0.3411727 -0.8995977 0.2726265 0.3323251 -0.8762702 0.3488703 0.9786442 -0.1188288 0.167736 0.9551051 -0.11597 0.2726267 0.9303379 -0.1129638 0.3488705 -0.4103153 0.9116829 0.0218079 -0.3536843 0.9325885 0.07201546 -0.3495811 0.9217688 0.1677361 -0.3411727 0.8995977 0.2726265 -0.3323251 0.8762702 0.3488703 -0.9116839 -0.4103131 0.02180767 -0.9325884 -0.3536844 0.07201588 -0.9217691 -0.3495803 0.167736 -0.8995977 -0.3411725 0.2726267 -0.8762701 -0.3323251 0.3488706 0.4581394 -0.8729106 0.1677361 0.44712 -0.8519147 0.2726266 0.4355247 -0.8298239 0.3488705 0.9925307 0.119179 0.02606302 0.9974036 1.39123e-6 0.07201522 0.9858319 2.35666e-7 0.1677361 0.9621199 3.90547e-7 0.2726265 0.9371709 -2.04154e-7 0.3488705 0.9265506 9.42998e-7 0.3761703 -0.4581394 0.8729106 0.1677361 -0.44712 0.8519147 0.2726266 -0.4355247 0.8298239 0.3488705 -0.4290001 0.8204441 0.3779295 -0.8729105 -0.4581395 0.1677361 -0.8519148 -0.4471195 0.2726266 -0.8298239 -0.4355247 0.3488703 -0.8204441 -0.4289999 0.3779296 0.3285602 -0.8663396 0.37617 0.2242792 -0.9099386 0.3488708 0.115971 -0.9551048 0.2726269 2.04798e-7 -0.985832 0.167736 0.8205622 -0.4291073 0.3775511 0.9834019 0.1802162 0.02104246 0.9901314 0.1202238 0.07201576 0.9786441 0.1188292 0.1677361 0.955105 0.1159713 0.2726266 0.930338 0.1129631 0.3488704 0.9197949 0.1116839 0.3761702 0.930936 0.1130366 0.3472479 0.8729105 0.4581395 0.1677361 0.8519148 0.4471195 0.2726266 0.8298239 0.4355247 0.3488703 0.4285225 0.8206802 0.3779582 -0.5949813 0.7285469 0.3394358 -0.3285602 0.8663396 0.37617 -0.2242792 0.9099386 0.3488708 -0.115971 0.9551048 0.2726269 -2.04798e-7 0.985832 0.167736 -0.8206804 0.4285221 0.3779583 -0.7285443 -0.5949822 0.3394399 -0.8663397 -0.32856 0.3761703 -0.9099385 -0.2242796 0.3488705 -0.955105 -0.1159714 0.2726267 -0.9858319 -2.35666e-7 0.1677361 -0.4285225 -0.8206803 0.3779583 0.3325395 -0.8768333 0.3472476 0.2217389 -0.8996266 0.3761702 0.1129628 -0.930338 0.3488706 3.35942e-7 -0.9621199 0.2726268 -0.1188288 -0.9786442 0.1677359 -0.2386943 -0.9684208 0.072016 -0.2429407 -0.9696374 0.02798676 0.9571855 0.235925 0.1677361 0.9341622 0.230251 0.272627 0.9099386 0.2242796 0.3488705 0.8996267 0.2217385 0.3761702 0.9105232 0.2244248 0.3472479 0.9373943 0.2310464 0.2605943 -0.3325395 0.8768333 0.3472476 -0.2217389 0.8996266 0.3761702 -0.1129628 0.930338 0.3488706 -3.35942e-7 0.9621199 0.2726268 0.1188288 0.9786442 0.1677359 0.2386943 0.9684208 0.072016 0.2429407 0.9696374 0.02798676 -0.8768332 -0.3325396 0.3472478 -0.8996266 -0.2217385 0.3761702 -0.930338 -0.1129631 0.3488704 -0.9621199 -3.97076e-7 0.2726265 -0.9786442 0.1188287 0.167736 -0.9684206 0.2386947 0.072016 -0.969637 0.2429421 0.027987 0.3423522 -0.9027102 0.2605944 0.2244244 -0.9105231 0.3472483 0.1116844 -0.9197949 0.3761703 -4.18693e-7 -0.937171 0.3488706 -0.1159701 -0.9551049 0.2726271 -0.2359248 -0.9571855 0.1677364 0.9116839 0.4103131 0.02180767 0.9325884 0.3536844 0.07201588 0.9217691 0.3495803 0.167736 0.8995977 0.3411725 0.2726267 0.8762701 0.3323252 0.3488706 0.8663396 0.32856 0.3761702 0.8768332 0.3325396 0.3472478 0.9027101 0.3423524 0.2605946 0.9262301 0.3512728 0.1367673 -0.3423522 0.9027102 0.2605944 -0.2244244 0.9105231 0.3472483 -0.1116844 0.9197949 0.3761703 4.18693e-7 0.937171 0.3488706 0.1159701 0.9551049 0.2726271 0.2359248 0.9571855 0.1677364 -0.9027101 -0.3423524 0.2605945 -0.9105232 -0.2244248 0.3472478 -0.9197949 -0.1116839 0.3761702 -0.9371709 2.08902e-7 0.3488706 -0.9551051 0.11597 0.2726267 -0.9571855 0.2359251 0.1677359 0.9027098 -0.3423531 0.2605944 0.9262302 -0.3512725 0.1367673 0.9618181 -0.237067 0.136767 -0.435526 -0.8298234 0.3488702 -0.3285586 -0.8663402 0.3761701 -0.3325383 -0.8768336 0.347248 -0.2244232 -0.9105238 0.3472474 -0.2310474 -0.9373941 0.2605944 -0.1163722 -0.9584088 0.2605955 -0.1194037 -0.9833806 0.1367673 3.24657e-7 -0.9906033 0.1367676 0.1204087 -0.9916456 0.0462706 -0.4581387 -0.8729109 0.1677366 -0.4471191 -0.851915 0.2726268 -0.3411722 -0.8995978 0.2726269 -0.3323259 -0.8762699 0.3488704 -0.2242802 -0.9099385 0.3488704 -0.2217372 -0.8996269 0.3761702 -0.1116825 -0.9197951 0.3761701 -0.1130355 -0.9309361 0.3472477 4.47874e-7 -0.9377736 0.3472476 -6.33277e-7 -0.9654483 0.2605947 0.1163712 -0.9584093 0.2605945 0.1194041 -0.9833806 0.1367673 0.2370671 -0.9618181 0.1367668 0.2390606 -0.9699015 0.04627197 0.3542246 -0.934015 0.04627126 0.7434506 -0.6586393 0.1160845 0.7477093 -0.6624122 0.04626971 0.8221027 -0.5674558 0.04627239 0.9916458 -0.1204057 0.04627156 0.9699022 -0.2390577 0.04627186 0.9340146 -0.3542257 0.04627138 0.851915 -0.4471192 0.2726267 0.8298231 -0.4355261 0.3488705 0.87627 -0.3323258 0.3488705 0.8663402 -0.3285585 0.3761702 0.8996271 -0.221737 0.3761702 0.9105235 -0.2244235 0.347248 0.9309361 -0.1130355 0.3472478 0.9584091 -0.1163722 0.2605945 0.9654484 -5.44427e-7 0.2605943 0.9906032 3.31819e-7 0.1367672 0.9833807 0.119404 0.136767 0.9916456 0.1204078 0.04627156 0.9699017 0.2390598 0.04627221 0.8845075 0.4642255 0.0462718 0.8221018 0.5674572 0.04627108 0.7477076 0.6624141 0.04627078 0.5674561 0.8221026 0.04627048 0.4642251 0.8845078 0.04627132 0.3423531 0.9027097 0.2605947 0.3512725 0.9262301 0.1367679 0.2370667 0.9618181 0.1367673 0.2390589 0.969902 0.04627293 0.1204073 0.9916457 0.04627013 0.3325384 0.8768335 0.3472481 0.2310475 0.9373941 0.2605944 0.1194037 0.9833807 0.1367674 -2.00362e-6 0.998929 0.04627239 0.4581387 0.8729109 0.1677366 0.4471191 0.851915 0.2726268 0.3411722 0.8995978 0.2726269 0.3323259 0.8762699 0.3488704 0.2242802 0.9099385 0.3488704 0.2217372 0.8996269 0.3761702 0.1116825 0.9197951 0.3761701 0.1130355 0.9309361 0.3472477 -4.47874e-7 0.9377736 0.3472476 6.33277e-7 0.9654483 0.2605947 -0.1163712 0.9584093 0.2605945 -0.1194041 0.9833806 0.1367673 -0.2370671 0.9618181 0.1367668 -0.2390594 0.969902 0.04626983 -0.3542256 0.9340146 0.04627251 -0.5674565 0.8221023 0.04627162 -0.6624127 0.7477089 0.04627054 -0.7477105 0.6624107 0.04627132 -0.8845078 0.4642251 0.04627156 -0.934015 0.3542244 0.04627126 -0.8768334 0.3325389 0.3472478 -0.9027098 0.3423531 0.2605945 -0.9373941 0.2310475 0.2605944 -0.9618182 0.2370669 0.136767 -0.9833807 0.119404 0.136767 -0.8298231 0.4355261 0.3488705 -0.8663402 0.3285585 0.3761702 -0.9105235 0.2244234 0.347248 -0.9584092 0.1163722 0.2605945 -0.9906032 -3.31222e-7 0.1367672 -0.872911 0.4581387 0.1677361 -0.851915 0.4471192 0.2726267 -0.899598 0.3411716 0.2726267 -0.87627 0.3323258 0.3488704 -0.9099384 0.2242797 0.3488705 -0.899627 0.221737 0.3761701 -0.9197951 0.1116826 0.3761701 -0.9309361 0.1130355 0.3472478 -0.9377735 -3.30701e-7 0.3472476 -0.9654484 5.43831e-7 0.2605943 -0.9584094 -0.1163712 0.2605944 -0.9833807 -0.119404 0.136767 -0.9618182 -0.2370668 0.1367671 -0.9699019 -0.2390591 0.04627168 -0.9340144 -0.3542261 0.04627096 -0.921769 0.3495806 0.167736 -0.9341626 0.23025 0.2726269 -0.9303379 0.1129638 0.3488705 -0.9265506 -9.37059e-7 0.3761703 -0.9309359 -0.1130365 0.3472479 -0.9373943 -0.2310464 0.2605944 -0.9262301 -0.3512728 0.1367673 -0.8845072 -0.4642263 0.04627138 -0.7477087 -0.6624128 0.04627132 -0.6624115 -0.7477098 0.04627132 -0.4642257 -0.8845075 0.04627114 -0.3542243 -0.934015 0.04627215 -0.3512725 -0.9262301 0.1367679 -0.2390577 -0.9699023 0.04627156 0.1235854 -0.9921898 0.01691603 0.1802443 -0.9835367 0.01294577 0.2388774 -0.9709281 0.01536989 0.297218 -0.954683 0.01555186 0.3528512 -0.9354927 0.01869606 0.4124933 -0.9108031 0.01694256 -0.349581 -0.921769 0.1677359 -0.2302501 -0.9341624 0.2726269 -0.1129636 -0.930338 0.3488704 7.8207e-7 -0.9265506 0.3761703 0.1130368 -0.930936 0.3472478 0.2310463 -0.9373943 0.2605945 0.351273 -0.9262301 0.136767 0.4642265 -0.8845072 0.04627168 0.4620967 -0.8866542 0.01763635 0.5700573 -0.8213976 0.01846086 0.6166487 -0.7870932 0.01512402 0.6624131 -0.7477084 0.04627132 0.6586394 -0.7434503 0.1160859 0.4386697 -0.4951557 0.7499265 0.6621078 -0.7491994 0.01771122 0.7078051 -0.7062056 0.01690351 0.746785 -0.6648038 0.01865798 0.8245715 -0.5654971 0.01717549 0.8557053 -0.5172927 0.01329463 0.8851011 -0.4651328 0.01573491 0.9117506 -0.4104407 0.01579755 0.9341807 -0.3563069 0.01875853 0.9553332 -0.2950493 0.01686155 0.9700855 -0.2421385 0.01741528 0.9928325 -0.118063 0.0185706 0.9980587 -0.06037151 0.01529961 0.8768334 -0.3325389 0.3472478 0.9373941 -0.2310475 0.2605944 0.9833807 -0.119404 0.136767 0.9989289 8.58787e-7 0.04627215 0.9998387 -0.001305997 0.01791226 0.9979521 0.0616734 0.01697516 0.9928326 0.1180619 0.01857048 0.9700856 0.2421378 0.01741528 0.9546332 0.2974725 0.01362156 0.872911 -0.4581387 0.1677361 0.899598 -0.3411716 0.2726267 0.9099384 -0.2242797 0.3488705 0.9197951 -0.1116826 0.3761701 0.9377735 3.30701e-7 0.3472476 0.9584094 0.1163712 0.2605944 0.9618182 0.2370668 0.1367671 0.9340143 0.3542262 0.04627144 0.9351199 0.3539666 0.01607954 0.911747 0.4104397 0.01602071 0.7467855 0.6648032 0.01865893 0.824572 0.5654963 0.01717436 0.854263 0.5195708 0.01675796 0.8862108 0.4629008 0.01880186 0.7070226 0.7070223 0.01545059 0.6624118 0.7477096 0.04627084 0.6640574 0.7474628 0.01809126 0.6154653 0.7879801 0.01702463 0.5700581 0.8213971 0.01846086 0.4620975 0.8866539 0.01763665 0.4103724 0.9118117 0.01392638 0.3542241 0.9340152 0.04627174 0.3552453 0.9346293 0.01640295 0.2972148 0.9546729 0.01622241 0.2412528 0.9702797 0.01882648 0.1774115 0.9839962 0.01663249 0.1235862 0.9921897 0.01691597 -0.002331018 0.9998219 0.01873213 -0.06037104 0.9980544 0.01558268 0.435526 0.8298234 0.3488702 0.3285586 0.8663402 0.3761701 0.2244232 0.9105238 0.3472474 0.1163722 0.9584088 0.2605955 -3.24657e-7 0.9906033 0.1367676 -0.1204081 0.9916455 0.04627174 -0.1190462 0.992721 0.01825183 -0.1818539 0.9831778 0.01704853 -0.2367399 0.9714001 0.01833361 -0.3571778 0.9338662 0.01783955 -0.4103715 0.9118078 0.01420998 0.349581 0.921769 0.1677359 0.2302501 0.9341624 0.2726269 0.1129636 0.930338 0.3488704 -7.8207e-7 0.9265506 0.3761703 -0.1130368 0.930936 0.3472478 -0.2310463 0.9373943 0.2605945 -0.351273 0.9262301 0.136767 -0.4642265 0.8845071 0.04627197 -0.4639177 0.8857208 0.01670598 -0.5176398 0.8554415 0.01640295 -0.7483768 0.6631231 0.01414245 -0.6632741 0.7482774 0.01218694 -0.6190372 0.7851886 0.01648586 -0.5662227 0.8240372 0.01883047 -0.7866159 0.6172682 0.01468545 -0.8221028 0.5674558 0.0462712 -0.821954 0.5692569 0.01839238 -0.8566007 0.5156981 0.01705694 -0.8840626 0.4670146 0.01818764 -0.9358341 0.3519802 0.01802229 -0.9546207 0.2974726 0.01447075 -0.9262302 0.3512725 0.1367673 -0.9699023 0.2390578 0.04627168 -0.9705779 0.2401875 0.01698851 -0.9839685 -0.1771676 0.02043664 -0.9893559 -0.1452106 -0.009430944 -0.9507887 0.08380293 -0.2982921 -0.9707316 -0.2392669 0.02077519 -0.953985 -0.2993698 0.01704037 -0.9358342 -0.3519794 0.01802253 -0.8840631 -0.4670137 0.01818746 -0.8556894 -0.5172806 0.01471048 -0.8234465 -0.5671317 0.01724874 -0.7865909 -0.6172489 0.0166977 -0.749876 -0.6613118 0.01878279 -0.6606771 -0.7504858 0.01663804 -0.6166797 -0.7871139 0.01257586 -0.5682587 -0.8227137 0.01498144 -0.5176497 -0.8554561 0.01528513 -0.4661733 -0.8844976 0.01861459 -0.4083701 -0.9126581 0.01700305 -0.3571786 -0.9338658 0.01783865 -0.2367408 -0.9713999 0.01833426 -0.1802347 -0.9835104 0.01492768 -0.3423531 -0.9027097 0.2605947 -0.2370667 -0.9618181 0.1367673 -0.1204066 -0.9916458 0.04627066 -0.1216347 -0.9924209 0.01748985 -0.9446995 -0.2634753 0.1952535 -0.9577378 -0.2484253 0.1449942 -0.9004996 0.1760523 -0.3976256 -0.9266431 0.02639871 -0.3750141 -0.8991864 -0.1433802 -0.4134079 -0.9477279 -0.1290709 -0.2918091 -0.9251343 0.1219183 -0.3595308 -0.9294031 -0.2752301 -0.2458825 -0.9503925 -0.2707735 -0.1530876 -0.9292287 -0.3663606 -0.04810559 -0.9475352 -0.3186154 0.02571678 -0.9574425 -0.2850835 0.04507231 -0.9258922 -0.3454197 0.1529994 -0.9417321 -0.2806693 0.1853795 -0.9515909 -0.28745 0.108846 -0.9649638 -0.2550652 0.06153565 -0.9580676 -0.2861024 0.01587659 -0.9562779 -0.2824022 -0.07603657 -0.9561299 -0.282883 -0.07611262 -0.9682186 -0.2485876 -0.02751356 -0.9631655 -0.2447267 -0.1114501 -0.9510272 -0.2623018 -0.1635396 -0.9577257 -0.2189939 -0.1865565 -0.9310386 -0.1904496 -0.3112816 -0.9422516 -0.1437463 -0.3024883 -0.9452893 -0.2236245 -0.2375296 -0.9483115 -0.1801568 -0.2612445 -0.9315305 -0.1893925 -0.3104539 -0.9310076 -0.1267994 -0.342267 -0.9419567 -0.1023657 -0.3197482 -0.9307429 0.1265204 -0.3430893 -0.9422162 0.1442601 -0.3023537 -0.9339611 0.1765969 -0.3106933 -0.953442 0.177228 -0.2440052 -0.9453269 0.2231057 -0.2378675 -0.9575847 0.2182869 -0.188102 -0.9507641 0.2624765 -0.164784 -0.9510614 0.2617219 -0.1642681 -0.9631006 0.2441495 -0.1132624 -0.9560109 0.2830871 -0.07684385 -0.9697861 0.2421088 -0.02996987 -0.9598712 0.2799291 0.01694363 -0.9649543 0.2553158 0.06063872 -0.8993471 -0.1778057 -0.3994495 -0.9514485 0.2882413 0.1079955 -0.9518913 0.2867915 0.107953 -0.9578266 0.2489499 0.1434998 -0.9438117 0.3274723 -0.04451364 -0.9224537 0.3324481 -0.1963611 -0.9392411 0.2404515 -0.244968 -0.9465503 0.2926564 0.1356276 -0.9108827 0.4125142 0.0111733 -0.9313895 0.2989935 0.2076449 -0.9464023 0.2418313 0.2141038 -0.9064058 0.1791526 -0.382535 -0.9219446 0.08918237 -0.3769149 -0.9349222 0.04693734 -0.351735 -0.8907023 -0.01973599 -0.4541584 -0.9447765 0.2637447 0.1945149 -0.9037534 -0.1229687 -0.4100103 -0.7970519 -0.4485223 -0.404396 -0.8355679 -0.3777553 -0.3989078 -0.8614966 -0.3037396 -0.4068982 -0.8846094 -0.2432913 -0.3978388 -0.6010184 -0.6898586 -0.4035742 -0.6625803 -0.6341301 -0.3985805 -0.711466 -0.5738599 -0.4055874 -0.7622848 -0.5128257 -0.3948819 -0.1901487 -0.8945632 -0.4044754 -0.2683762 -0.8768486 -0.3988869 -0.3410893 -0.8473094 -0.4070934 -0.4139967 -0.8191171 -0.3970565 -0.4791753 -0.7789738 -0.4044641 -0.5498988 -0.7372598 -0.392504 0.1205331 -0.906904 -0.4037289 0.03837341 -0.9162893 -0.3986746 -0.03932803 -0.9131335 -0.4057592 -0.1184533 -0.9109335 -0.3951822 0.5456651 -0.7338872 -0.4045482 0.4810065 -0.7807318 -0.398862 0.4107143 -0.8157404 -0.4072857 0.3413916 -0.8518242 -0.3973003 0.2679975 -0.8743411 -0.4046048 0.1903873 -0.8996692 -0.3928714 0.7602363 -0.5088577 -0.4038623 0.7132233 -0.5764632 -0.3987513 0.6593858 -0.6327847 -0.4059483 0.6056028 -0.6905468 -0.3954622 0.9113649 -0.07550972 -0.4046138 0.9039003 -0.154637 -0.3988127 0.8836384 -0.2305356 -0.4074758 0.8649068 -0.3064253 -0.3975422 0.8332793 -0.3765883 -0.4047554 0.8011391 -0.4511514 -0.3932414 0.8842658 0.2342457 -0.4039838 0.9039003 0.154637 -0.3988127 0.9105739 0.07687628 -0.4061347 0.9183564 -0.001457989 -0.3957518 0.6589684 0.6340385 -0.4046676 0.7132231 0.5764631 -0.398752 0.7567334 0.5110369 -0.4076713 0.8013417 0.4467924 -0.3977789 0.8332152 0.376563 -0.4049108 0.8677311 0.3035281 -0.3935906 0.4085711 0.8183953 -0.4041026 0.4810065 0.7807317 -0.3988618 0.5438505 0.7342544 -0.4063217 0.6076427 0.6884261 -0.3960302 -0.04031956 0.9135565 -0.4047083 0.03837341 0.9162895 -0.3986741 0.116221 0.9056164 -0.4078626 0.193995 0.8966345 -0.3980109 0.267906 0.8741528 -0.405072 0.3451534 0.8518742 -0.3939282 -0.3441608 0.847449 -0.4042072 -0.2683756 0.876846 -0.3988931 -0.1918539 0.8932738 -0.4065146 -0.1154404 0.9108366 -0.3962957 -0.6083235 0.6837128 -0.4030873 -0.5448528 0.7379305 -0.3982387 -0.4790726 0.7786349 -0.4052374 -0.4115917 0.8216789 -0.394254 -0.8634082 0.3017649 -0.404307 -0.8355678 0.3777552 -0.3989078 -0.7972403 0.4460929 -0.4067051 -0.7599796 0.5149536 -0.3965526 -0.7121257 0.5740188 -0.4042021 -0.6612491 0.6397711 -0.3917176 -0.885744 0.2453007 -0.3940622 -0.7279898 0.09584414 -0.6788555 -0.9116413 0.1233751 -0.3920318 -0.6557202 0.3785818 -0.6532282 -0.7910655 0.4567231 -0.4069639 -0.3785848 0.6557307 -0.6532159 -0.4567215 0.791065 -0.4069666 8.99768e-7 0.7571586 -0.6532311 5.47156e-7 0.9134448 -0.4069628 0.3785773 0.6557127 -0.6532382 0.4567223 0.7910662 -0.4069635 0.655723 0.3785808 -0.6532258 0.7910657 0.4567222 -0.4069643 0.7279748 0.09583938 -0.6788724 0.911639 0.1233757 -0.3920368 -0.911639 -0.123376 -0.3920366 -0.7279748 -0.0958392 -0.6788723 0.72799 -0.09584414 -0.6788553 0.9116417 -0.123376 -0.3920304 0.6557201 -0.3785811 -0.6532287 0.7910649 -0.4567213 -0.4069668 0.3785856 -0.6557305 -0.6532155 0.4567225 -0.791066 -0.4069635 -9.07204e-7 -0.7571587 -0.6532311 -7.85915e-7 -0.9134451 -0.4069619 -0.3785777 -0.6557126 -0.6532381 -0.456722 -0.7910647 -0.4069665 -0.655723 -0.3785802 -0.6532261 -0.7910652 -0.4567211 -0.4069666 0.7571667 -4.70338e-7 -0.6532217 0.9134438 -8.85399e-7 -0.4069649 0.6557249 -0.3785838 -0.6532222 0.7910651 -0.4567213 -0.4069663 0.378583 -0.6557259 -0.6532217 0.4567227 -0.7910647 -0.4069655 -9.07214e-7 -0.7571667 -0.6532217 -1.31815e-6 -0.913444 -0.4069645 -0.3785848 -0.6557248 -0.6532218 -0.6557261 -0.3785819 -0.653222 -0.7910655 -0.4567211 -0.4069661 -0.7571666 1.16748e-6 -0.6532219 -0.9134445 6.76484e-7 -0.4069636 -0.6557249 0.3785839 -0.653222 -0.7910665 0.4567224 -0.4069628 -0.3785829 0.6557258 -0.6532218 -0.4567222 0.7910661 -0.4069637 8.99778e-7 0.7571668 -0.6532217 5.37209e-7 0.913443 -0.4069666 0.3785851 0.6557246 -0.6532218 0.4567227 0.7910654 -0.4069641 0.6557261 0.3785821 -0.653222 0.7910661 0.4567214 -0.4069647 0 0 -1 -0.5589327 0.7381953 -0.3777063 -0.5452047 0.7483997 -0.37769 -0.3921244 0.8387452 -0.377816 0.1240072 0.9846718 -0.1226524 0.07382333 0.9874565 -0.1395709 0.02437204 0.9940681 -0.1059942 0.106021 0.948361 -0.2989497 0.1104115 0.9413305 -0.3189144 -0.01206803 0.9512271 -0.3082553 0.1245504 0.9318362 -0.3408353 -6.9868e-4 0.9350906 -0.3544085 0.0119366 0.9698471 -0.243422 -0.02928328 0.9858811 -0.1648665 0.1027231 0.9663363 -0.2358862 0.06197607 0.9655295 -0.2528078 8.29705e-4 0.9966033 -0.08234804 0.00502783 0.9928292 -0.1194363 -0.1005426 0.9924668 -0.07000702 -0.09832847 0.9840129 -0.148494 -0.1028945 0.9943537 -0.02595001 -0.01984357 0.9996131 -0.01949328 -0.02070862 0.9995343 -0.02241462 -0.01737099 0.9993249 -0.03237205 -0.01728147 0.9997165 -0.01638317 -0.02058488 0.9996337 -0.01757889 -0.1015387 0.9946883 -0.01688367 -0.02047181 0.9996331 -0.01773452 -0.02057081 0.9996128 -0.01874089 -0.4010783 0.9157531 -0.02308064 -0.321663 0.9465008 -0.0258736 -0.4029674 0.9145614 -0.03456783 -0.3225017 0.944011 -0.06954026 -0.4128644 0.9097801 -0.04293364 -0.4207037 0.9038728 -0.07760375 -0.4322466 0.8999055 -0.05773174 -0.4701588 0.8787162 -0.08251386 -0.4608802 0.8751137 -0.1475315 -0.4047484 0.9018774 -0.1509833 -0.4709957 0.8615375 -0.1895157 -0.4024669 0.884478 -0.2360489 -0.4799652 0.8571281 -0.186989 -0.4790045 0.8457548 -0.2350613 -0.3948159 0.8647593 -0.3103413 -0.4920683 0.8204385 -0.2911177 -0.3928155 0.8488831 -0.3536855 -0.5140289 0.7933347 -0.3261815 -0.4976598 0.8085209 -0.3140522 -0.5420331 0.7549979 -0.3690233 -0.5332077 0.7697257 -0.3510159 -0.5197333 0.7804762 -0.3474686 -0.3962681 0.8380035 -0.3751291 -0.551158 0.7502048 -0.3652642 -0.5512235 0.7464668 -0.3727466 -0.5569338 0.7369369 -0.3830779 -0.5503579 0.7559342 -0.3544993 -0.2971407 0.6461513 -0.7029907 -0.5286964 0.7340042 -0.426284 0.102866 0.9275378 -0.3592941 0.1107751 0.9281514 -0.3553365 -0.002564668 0.7093973 -0.7048042 0.1022884 0.9232389 -0.3703606 0.1012649 0.9250042 -0.3662142 -0.001119017 0.9271177 -0.374769 0.1099187 0.9296201 -0.3517448 0.1116381 0.9296703 -0.3510702 0.1517882 0.8870348 -0.4360387 0.1023087 0.9215658 -0.3744991 -0.01078867 0.925928 -0.3775461 0.1072013 0.9202029 -0.3764765 0.1449583 0.9218091 -0.359521 0.1071795 0.9238755 -0.3673784 0.1140165 0.9207072 -0.3732273 -0.2692613 0.96286 -0.01997542 -0.2086266 0.9779471 -0.009720861 -0.2136538 0.9765622 -0.02605158 -0.1619696 0.9866957 -0.0140497 -0.3976842 0.9172975 -0.02031445 -0.3228274 0.9462848 -0.01809972 -0.09729981 0.9664791 -0.237594 -0.09529644 0.9465849 -0.3080515 -0.09372979 0.9310257 -0.3527124 -0.09279638 0.921735 -0.3765548 -0.09288883 0.9226803 -0.3742094 -0.2132238 0.9745946 -0.06856346 -0.2113406 0.9659888 -0.1489992 -0.3208365 0.9353414 -0.1489988 -0.2076061 0.9489203 -0.2375923 -0.3151675 0.9188136 -0.2375943 -0.2033325 0.9293874 -0.3080506 -0.3086797 0.8999006 -0.3080518 -0.1999898 0.9141101 -0.3527134 -0.3036054 0.8851087 -0.3527128 -0.1979959 0.9049885 -0.3765547 -0.3005776 0.8762761 -0.3765546 -0.1981975 0.9059166 -0.3742095 -0.3008856 0.8771745 -0.3742095 -0.01858586 0.9011902 -0.4330251 -0.082134 0.8740171 -0.4789032 -0.1434497 0.9011479 -0.4090903 -0.187118 0.855273 -0.4832133 -0.2459525 0.8787236 -0.409087 -0.2946693 0.8081356 -0.5099872 -0.3526981 0.8268494 -0.4380916 -0.9688102 -0.2472785 -0.01613116 -0.9820008 -0.1880544 -0.01761305 -0.9821008 -0.1865463 -0.02605074 -0.9922904 -0.1228255 -0.01654392 -0.9977511 -0.06486743 -0.01688736 -0.9977045 -0.06250828 -0.02605032 -0.9689084 0.2469792 -0.01475757 -0.9517626 0.3063738 -0.01682484 -0.9513747 0.3069329 -0.02604639 -0.7541565 0.5517969 -0.3560455 -0.7158464 0.541041 -0.4414054 -0.6380916 0.2862067 -0.7147901 -0.7391622 -0.557583 -0.3778102 -0.7493739 -0.5437469 -0.3778599 -0.8419096 -0.3853082 -0.3777908 -0.7466335 0.5498477 -0.3744409 -0.7484676 0.5546138 -0.363593 -0.8422689 0.3880478 -0.3741687 -0.7376825 0.5597892 -0.3774397 -0.8420417 0.3852212 -0.3775849 -0.7489809 0.548667 -0.3714728 -0.8521621 0.3858901 -0.353424 -0.771815 0.5291847 -0.3525127 -0.7565329 0.5438386 -0.363177 -0.8074202 0.5026763 -0.3088515 -0.7931375 0.510092 -0.3327749 -0.7887454 0.5096029 -0.3437817 -0.8156246 0.4949698 -0.299602 -0.8674011 0.3886973 -0.3106926 -0.8333941 0.4856855 -0.2637495 -0.8881245 0.3936339 -0.2372495 -0.8474701 0.4822906 -0.2217887 -0.9023323 0.4031513 -0.1525303 -0.8790789 0.4566401 -0.1367489 -0.8719643 0.456682 -0.1764081 -0.9165016 0.398748 -0.0320118 -0.9152024 0.4010596 -0.0394442 -0.9110779 0.4056035 -0.07364243 -0.894555 0.4427012 -0.0615406 -0.9003449 0.4264853 -0.0865423 -0.919014 0.3937762 -0.0188089 -0.9184846 0.3949715 -0.01958185 -0.9190733 0.3934542 -0.02231776 -0.9493144 0.3067048 -0.06880718 -0.918228 0.3951087 -0.0273227 -0.9189546 0.3939636 -0.0177564 -0.918811 0.3943106 -0.01747608 -0.8870925 -0.4528052 -0.08963453 -0.8954738 -0.4406924 -0.06258583 -0.9139832 -0.3988208 -0.0746774 -0.9364556 -0.3491014 -0.03433889 -0.9174871 -0.3968825 -0.02648925 -0.8760161 -0.4587538 -0.1487975 -0.9053361 -0.397173 -0.1504003 -0.8625972 -0.4686439 -0.1905232 -0.8878997 -0.3944169 -0.2367901 -0.8583753 -0.4772204 -0.1882886 -0.8464969 -0.4775298 -0.2353902 -0.8679475 -0.387819 -0.3102641 -0.8211137 -0.4904807 -0.2918924 -0.8520375 -0.3859575 -0.3536508 -0.7941208 -0.5125104 -0.3266579 -0.8093797 -0.4958416 -0.3147154 -0.7558935 -0.5406228 -0.3692588 -0.770554 -0.5318251 -0.3512955 -0.7813635 -0.5181031 -0.3479087 -0.8411974 -0.3894358 -0.3751356 -0.7511024 -0.5498007 -0.3654646 -0.747501 -0.5497398 -0.3728652 -0.7379073 -0.5555834 -0.383171 -0.7569234 -0.5488253 -0.3547644 -0.638386 -0.2872225 -0.7141194 -0.7348881 -0.5273813 -0.4263902 -0.982101 0.186545 -0.02605062 -0.9822757 0.1868897 -0.01437324 -0.9977045 0.06250739 -0.0260502 -0.9977509 0.06486773 -0.01688736 -0.9920844 0.1248007 -0.01390516 -0.9174976 -0.3970444 -0.02353614 -0.9189808 -0.3937508 -0.02085214 -0.9513891 -0.3068927 -0.02599614 -0.9516949 -0.3065422 -0.01757812 -0.9408435 0.304335 -0.148976 -0.9242233 0.2989585 -0.237561 -0.9051996 0.2928056 -0.3080238 -0.8903188 0.2879925 -0.3526937 -0.8814316 0.2851159 -0.3765466 -0.8823273 0.2854074 -0.3742209 -0.9956951 0.06238126 -0.06855636 -0.995695 -0.06238198 -0.06855636 -0.9869059 0.06183081 -0.1489763 -0.9869058 -0.06183093 -0.1489762 -0.9694718 0.06073826 -0.2375608 -0.9694719 -0.06073886 -0.2375609 -0.9495169 0.05948829 -0.3080243 -0.9495168 -0.05948841 -0.3080244 -0.9339079 0.05851119 -0.3526935 -0.9339079 -0.05851018 -0.3526935 -0.9245852 0.05792528 -0.3765462 -0.924585 -0.05792766 -0.3765463 -0.9255248 0.05798584 -0.3742211 -0.925525 -0.0579856 -0.3742209 -0.9801229 -0.1861698 -0.06855618 -0.9493162 -0.3066915 -0.06884163 -0.971471 -0.1845266 -0.1489765 -0.9408432 -0.3043358 -0.1489763 -0.9543097 -0.181267 -0.2375611 -0.9242227 -0.2989599 -0.2375615 -0.9346671 -0.1775354 -0.3080241 -0.9051994 -0.2928058 -0.3080241 -0.9193022 -0.1746162 -0.3526936 -0.8903191 -0.2879917 -0.3526937 -0.9101249 -0.1728745 -0.3765463 -0.8814309 -0.2851182 -0.3765464 -0.9110503 -0.1730498 -0.3742209 -0.8823274 -0.2854072 -0.3742209 -0.8190873 0.3485355 -0.4556524 -0.8500773 0.2777307 -0.4474757 -0.8686473 0.2220522 -0.4428822 -0.9801231 0.186169 -0.06855612 -0.9714712 0.1845254 -0.1489768 -0.9543098 0.1812661 -0.2375612 -0.9346671 0.1775351 -0.3080243 -0.9193019 0.1746173 -0.3526937 -0.9101253 0.1728726 -0.3765462 -0.9110504 0.1730496 -0.3742207 -0.8784182 0.1684463 -0.4472221 -0.8926634 0.05636918 -0.4471855 -0.894509 0 -0.44705 -0.892551 -0.05664914 -0.4473741 -0.8885095 -0.1114567 -0.445116 -0.8784216 -0.1684199 -0.4472252 -0.8686469 -0.2220523 -0.442883 -0.8500776 -0.2777303 -0.4474753 -0.8189038 -0.3487372 -0.4558279 0.3615295 -0.8105383 -0.4607867 0.3033077 -0.6510283 -0.6958208 0.4001678 -0.8361505 -0.3751242 0.5596704 -0.7376635 -0.3776529 0.5460091 -0.7478613 -0.3775947 0.3960195 -0.8369063 -0.3778313 0.2348718 -0.9251239 -0.2982969 0.2253028 -0.9206449 -0.3188288 0.3410228 -0.887693 -0.3093619 0.2147969 -0.9152298 -0.3409056 0.3195942 -0.8785631 -0.3549459 0.3290693 -0.9351054 -0.131497 0.4309957 -0.8856022 -0.173065 0.3092707 -0.9200953 -0.2403668 0.2255727 -0.9455212 -0.2347481 0.2939183 -0.9215716 -0.2536098 0.4260285 -0.8995172 -0.0967915 0.4236102 -0.9001953 -0.1010102 0.3432283 -0.9316855 -0.1189815 0.4193297 -0.904726 -0.07505649 0.3474043 -0.9340426 -0.08291435 0.4083821 -0.9121708 -0.03418612 0.3614563 -0.9318089 -0.03288668 0.3648763 -0.9308135 -0.02125149 0.406757 -0.9132645 -0.02229005 0.3650162 -0.9308018 -0.01927 0.3620842 -0.9320014 -0.01638501 0.3652011 -0.9307627 -0.01758104 0.4034683 -0.9147731 -0.02009087 0.3654887 -0.9306444 -0.01786214 0.3655509 -0.9306059 -0.01858353 0.3238379 -0.9391283 -0.1147482 0.4069344 -0.9012592 -0.1487829 0.4613212 -0.8752071 -0.1455863 0.4726662 -0.8607617 -0.1888807 0.4065529 -0.8829298 -0.2348396 0.4816986 -0.8563345 -0.1861661 0.4797752 -0.8453477 -0.2349534 0.3988161 -0.8629019 -0.3103966 0.4929373 -0.8200753 -0.2906705 0.3967343 -0.8470489 -0.3537091 0.5148603 -0.7929033 -0.325919 0.4986881 -0.808034 -0.3136743 0.5428071 -0.7545065 -0.3688908 0.5339593 -0.7692731 -0.3508652 0.5206388 -0.7799805 -0.3472257 0.5518986 -0.7497131 -0.365155 0.5520421 -0.7458932 -0.3726832 0.5576711 -0.736405 -0.3830283 0.5512058 -0.7553853 -0.3543519 0.529423 -0.7335128 -0.4262282 0.2281046 -0.9005436 -0.3701212 0.2299414 -0.9017851 -0.3659381 0.3232446 -0.8689839 -0.3746732 0.2293455 -0.9047213 -0.3589984 0.2220025 -0.9081612 -0.354906 0.2234272 -0.9092568 -0.3511873 0.2513745 -0.6711189 -0.6974313 0.2218717 -0.9099719 -0.35032 0.169498 -0.8839237 -0.435832 0.2273908 -0.8989432 -0.3744258 0.331417 -0.8647142 -0.377402 0.2236993 -0.8988841 -0.3767838 0.1814153 -0.9153444 -0.3594902 0.2309445 -0.9008539 -0.3675962 0.2156521 -0.9023637 -0.3731408 0.3217445 -0.8271535 -0.4607575 0.3326427 0.8573168 -0.3928828 0.3732711 0.8405286 -0.3926584 0.4058395 0.9137779 -0.01744639 0.3613384 0.9322717 -0.01743978 -0.3943435 0.9188306 -0.01560258 -0.3603538 0.8455818 -0.3938736 -0.2614907 0.8796631 -0.3972603 -0.01910275 0.9996987 -0.01541286 -0.1970812 0.8992099 -0.3906158 -0.02335983 0.9187723 -0.3940962 -0.130607 0.9071623 -0.3999981 -0.1948863 0.898338 -0.3937109 -0.9174408 -0.3974901 -0.01744276 -0.8436207 -0.3654221 -0.3934091 -0.8748468 -0.2789698 -0.3960038 -0.9176577 0.3969733 -0.01779639 -0.8436068 0.3654385 -0.3934237 -0.8747073 0.278639 -0.3965444 -0.8950907 0.2186782 -0.3885775 -0.9055861 0.1431909 -0.3992624 -0.9181239 0.077066 -0.3887279 -0.9192762 0 -0.3936132 -0.9196757 -0.07427233 -0.3855907 -0.9070001 -0.145862 -0.3950635 -0.8954735 -0.2189719 -0.3875287 -0.01910901 -0.9996988 -0.01540416 -0.02336025 -0.9187709 -0.3940998 -0.1292175 -0.9083593 -0.3977266 -0.39433 -0.9188365 -0.01560318 -0.3603803 -0.84557 -0.3938749 -0.2597225 -0.8791564 -0.399535 -0.2009717 -0.8983616 -0.3905853 -0.1941459 -0.9006971 -0.3886543 0.7542009 -0.5517797 -0.3559778 0.7158577 -0.541047 -0.4413795 0.6380912 -0.286206 -0.7147907 0.9483302 -0.1011639 -0.3007256 0.9411526 -0.1167879 -0.3171634 0.9082506 -0.1943862 -0.3705333 0.9359 -0.220143 -0.2750063 0.9312011 -0.2457306 -0.2692234 0.8807864 -0.3093171 -0.3585224 0.8988443 -0.4345843 -0.05670535 0.8860146 -0.4560564 -0.08361017 0.8988927 -0.4305532 -0.08133924 0.7466721 -0.5498276 -0.3743935 0.7485163 -0.5545896 -0.3635298 0.8422691 -0.3880481 -0.374168 0.7377119 -0.5597534 -0.3774352 0.8420442 -0.3852115 -0.3775893 0.7489856 -0.548619 -0.3715345 0.8499718 -0.388372 -0.3559706 0.7717792 -0.5291412 -0.3526564 0.7565454 -0.5437293 -0.3633146 0.8159973 -0.494924 -0.2986613 0.8076492 -0.5025343 -0.3084837 0.7930513 -0.5100584 -0.3330318 0.7886967 -0.5095217 -0.3440134 0.8612207 -0.4000805 -0.3134238 0.8350399 -0.4849569 -0.2598561 0.8786056 -0.4125248 -0.2405735 0.8497465 -0.4824595 -0.2125176 0.8847324 -0.4515033 -0.1157292 0.8950187 -0.4203004 -0.1492951 0.8782885 -0.4530442 -0.1528409 0.8707996 -0.4575256 -0.1799401 0.9058483 -0.4225817 -0.02938759 0.9052065 -0.4239007 -0.03015464 0.907098 -0.4191482 -0.03857409 0.9069855 -0.4201723 -0.02885556 0.906746 -0.4206953 -0.02876263 0.9063974 -0.4214275 -0.02903014 0.9081954 -0.4175081 -0.02946621 0.9075324 -0.4189798 -0.02900022 0.9073751 -0.4193294 -0.0288667 0.9188764 -0.3869829 -0.07687997 0.9126402 -0.404875 -0.0562514 0.9090754 -0.4149455 -0.03744864 0.9090547 -0.4155637 -0.03043693 0.9046043 -0.4250393 -0.03213459 0.9054021 -0.4228466 -0.03805261 0.9092099 -0.4142699 -0.04144936 0.9164601 -0.3821635 -0.1185408 0.9358913 -0.2847062 -0.2074847 0.9111324 -0.35189 -0.2145023 0.9136078 -0.3677365 -0.1734666 0.9163465 -0.3716901 -0.1488479 0.9305676 -0.2829264 -0.2323718 0.930005 -0.2704554 -0.2488865 0.925841 -0.2624136 -0.2719512 0.8780032 -0.2894265 -0.3812385 0.9363754 -0.1917347 -0.294005 0.9374716 -0.2034892 -0.2823816 0.9421222 -0.1220963 -0.3122473 0.9462759 -0.1480032 -0.2875014 0.931157 -0.1626712 -0.3263199 0.9490354 -0.06577146 -0.3082306 0.9107283 -0.1731321 -0.3749659 0.9526229 -0.0526182 -0.2995682 0.9250258 -0.05902391 -0.3752912 0.9538325 -0.03214436 -0.2986141 0.9510581 0.071419 -0.300646 0.9541985 0.05114287 -0.2947704 0.924498 0.05738508 -0.376843 0.9530319 0.03217852 -0.3011556 0.9528622 0.001236736 -0.303401 0.948286 0.1139865 -0.2962447 0.9488663 0.0993216 -0.2996464 0.9101705 0.1741937 -0.3758274 0.9272605 0.2491493 -0.2794862 0.9417686 0.2077847 -0.2643814 0.884614 0.2975051 -0.3590944 0.9378426 0.2098059 -0.2764647 0.8778766 0.2897033 -0.3813197 0.9351305 0.2084054 -0.286528 0.9359723 0.1766656 -0.3045411 0.9042193 0.1839797 -0.3854074 0.9456714 0.149302 -0.2888156 0.945889 0.1363162 -0.2944689 0.8624814 0.3991428 -0.3111444 0.9290578 0.2754779 -0.2469077 0.849619 0.3881264 -0.3570791 0.9266526 0.2698628 -0.261704 0.8807285 0.4088357 -0.239104 0.9002636 0.4071817 -0.1540412 0.9346594 0.3284368 -0.1361659 0.9386096 0.302892 -0.1651318 0.9362797 0.2853146 -0.20488 0.9306782 0.2853147 -0.228984 0.9086562 0.416462 -0.03005665 0.909199 0.4151972 -0.03111976 0.905908 0.4216668 -0.03908652 0.9079003 0.4181375 -0.02963113 0.9071081 0.4198929 -0.02906781 0.9072481 0.4195817 -0.02919119 0.9075486 0.4189317 -0.02918851 0.9052184 0.4238601 -0.03037172 0.9059128 0.4224247 -0.02965825 0.906566 0.4210439 -0.02932655 0.9069039 0.4203287 -0.02914208 0.9099093 0.4133812 -0.03436911 0.9112333 0.4090347 -0.04842001 0.9009993 0.4269881 -0.07669138 0.9144132 0.3988608 -0.06898444 0.913425 0.394121 -0.1016042 0.8852232 0.4599709 -0.06933063 0.9015453 0.4294958 -0.05243486 0.9031419 0.427464 -0.0401166 0.9040265 0.4261012 -0.03426414 0.8854212 0.4514048 -0.1107395 0.8773049 0.4597263 -0.1377964 0.8662912 0.4659098 -0.1801876 0.8487195 0.4837041 -0.2137891 0.8341139 0.4856773 -0.2614796 0.8151274 0.4972218 -0.297217 0.8051428 0.5046636 -0.3115442 0.7878969 0.513718 -0.339577 0.7454448 0.552263 -0.3732527 0.7500085 0.5506458 -0.3664374 0.8419003 0.3854323 -0.3776851 0.7640449 0.5366281 -0.358142 0.7799926 0.51734 -0.352095 0.8411967 0.3894373 -0.3751357 0.7511312 0.5498092 -0.3653929 0.7475373 0.5497208 -0.3728204 0.7378103 0.5562458 -0.3823959 0.7569477 0.5488319 -0.3547026 0.6383861 0.2872272 -0.7141174 0.7348991 0.527387 -0.4263641 0.8823273 -0.2854074 -0.3742209 0.8823274 0.2854072 -0.3742209 0.8190872 -0.3485357 -0.4556524 0.8500772 -0.2777307 -0.4474756 0.8686473 -0.2220522 -0.4428822 0.8784182 -0.1684463 -0.4472221 0.892551 0.05664914 -0.4473741 0.894509 0 -0.44705 0.8926634 -0.05636918 -0.4471855 0.8885095 0.1114567 -0.445116 0.8784216 0.1684199 -0.4472252 0.8686469 0.2220523 -0.442883 0.8500776 0.2777303 -0.4474753 0.8189038 0.3487372 -0.4558279 0.4058518 -0.9137725 -0.01744699 0.3732432 -0.8405382 -0.3926643 0.3326361 -0.8573287 -0.3928624 0.3613418 -0.9322702 -0.0174486 -0.1185907 -0.02856016 -0.9925324 -0.1112194 -0.04920399 -0.9925771 -0.0154637 -0.104313 -0.9944244 0.100329 0.06874489 -0.9925766 0.08601975 0.08597546 -0.9925769 0.01943415 -0.1169543 -0.9929472 -0.1003111 0.06876647 -0.9925769 -0.1112189 0.04920333 -0.9925771 0.02297735 0.1163112 -0.9929471 0.0443983 -0.1149715 -0.9923762 0.04238605 -0.1195244 -0.9919261 -0.04300183 -0.09628617 -0.9944244 -0.1315782 -0.05789893 -0.9896136 -0.1220853 -0.008011996 -0.9924873 -0.1185922 0.02855974 -0.9925323 -0.1220815 0.0080114 -0.9924878 0.03442472 0.1183959 -0.9923696 -0.001133322 -0.1054452 -0.9944245 -0.1003113 -0.06876617 -0.9925769 0.04537385 0.09417134 -0.9945215 0.1319975 0.05707973 -0.9896053 0.1220843 0.008002936 -0.9924876 0.06879955 -0.1002904 -0.9925767 0.04924261 -0.1112045 -0.9925769 0.06879919 0.1002907 -0.9925767 -0.02950668 -0.1012392 -0.9944245 -0.00108987 0.1232407 -0.9923763 0.1185973 0.02854335 -0.9925321 0.1112283 0.04918318 -0.9925772 -0.08599615 -0.08599674 -0.9925771 -0.06876522 -0.1003104 -0.9925771 -0.08599877 0.08599561 -0.992577 -0.06876826 0.10031 -0.992577 -0.1315736 0.05789864 -0.9896142 -0.04300254 0.09628617 -0.9944244 -0.02950578 0.1012391 -0.9944245 0.04924297 0.1112049 -0.9925768 0.02859795 0.1185778 -0.9925329 0.02859824 -0.1185772 -0.992533 0.1112303 -0.04918253 -0.992577 0.1003268 -0.06874454 -0.9925769 0.08602255 -0.08597427 -0.9925767 -0.01546424 0.1043121 -0.9944244 -0.001133918 0.1054468 -0.9944244 0.03500843 -0.09849458 -0.9945217 0.1220858 -0.008002281 -0.9924873 0.04537355 -0.09417158 -0.9945215 0.1319969 -0.05707967 -0.9896054 0.1185971 -0.02854299 -0.9925321 0.008577644 -0.1226685 -0.9924107 -0.09536278 0.04405844 -0.9944671 -0.0575391 0.1317639 -0.9896098 -0.008012413 0.1220801 -0.9924879 0.001522898 0.1265252 -0.9919623 0.03500837 0.09849494 -0.9945216 0.008036136 -0.1220752 -0.9924883 0.008033156 0.1220722 -0.9924888 0.05754303 0.1317587 -0.9896103 -0.04920548 0.11122 -0.992577 -0.04920262 -0.1112208 -0.9925771 -0.02856099 0.1185902 -0.9925324 -0.02855849 -0.1185903 -0.9925325 -0.008010745 -0.1220808 -0.9924879 -0.05753707 -0.1317644 -0.9896098 -0.09536129 -0.04405742 -0.9944673 -0.1000685 -0.03195935 -0.9944672 0.09536093 0.04405748 -0.9944673 0.100067 0.03195941 -0.9944673 0.1032423 0.01937288 -0.9944676 0.1048463 0.006490647 -0.9944673 0.1048468 -0.006490409 -0.9944672 0.1032435 -0.01937264 -0.9944674 0.1000621 -0.03195899 -0.9944678 0.09536153 -0.04405719 -0.9944673 0.0575447 -0.1317607 -0.98961 -0.1032403 -0.01937288 -0.9944679 -0.1048462 -0.006490588 -0.9944673 -0.100066 0.03195887 -0.9944675 -0.1048411 0.006490409 -0.9944679 -0.1032502 0.01937246 -0.9944668 0.1799108 0.9821491 -0.05491238 -0.04772609 0.9965463 -0.06795555 -0.08178567 0.908519 -0.4097612 -0.08899456 0.9929741 -0.077991 -0.2801754 0.8784786 -0.3870106 -0.2645019 0.9627154 -0.05672585 -0.3252913 0.9436166 -0.06142842 0.2914753 0.8642038 -0.4101147 0.398481 0.9170646 -0.01433384 0.3154864 0.9484023 -0.03164839 0.9144335 0.4043036 -0.01870894 0.9116691 0.4105108 -0.01844865 0.835021 0.3679435 -0.4090936 0.9095014 0.415292 -0.01843583 0.9050568 0.4251694 -0.0101571 0.6150569 0.6738256 -0.4094679 0.9039869 0.4275594 -7.6762e-4 0.8992856 0.437357 -0.002116799 0.8927915 0.45045 -0.004261672 0.8861338 0.4633929 -0.005826473 0.8693429 0.4940758 -0.0114994 0.8298868 0.5555266 -0.05175197 0.9340555 0.3312062 -0.1335766 0.7510408 0.6560895 0.07405614 0.7116714 0.7017756 0.03217101 0.6884061 0.7238059 -0.04692703 0.6588874 0.7495661 -0.06338822 0.5110341 0.8583597 -0.04541945 0.9920148 0.1086661 -0.06401932 0.9804012 0.194018 -0.03421723 0.9122082 0.09687578 -0.3981097 0.9489401 0.3149008 -0.01871412 0.9350746 0.3543529 -0.008350253 0.9296796 0.3683294 -0.005408167 0.9261053 0.3771781 -0.00810647 0.9152204 0.4025071 -0.01897048 0.9329832 0.3598158 0.00866276 0.9070473 0.4073255 0.1065426 0.923681 0.3599548 0.1313242 0.9370429 0.3397572 0.08071935 0.9261992 0.373309 0.05287337 0.9932622 0.01166868 -0.1152999 0.9931496 0.02353394 -0.1144552 0.9302347 0.01380342 -0.3667054 0.9345661 -0.2605464 -0.2422847 0.9224286 -0.3209677 -0.2147215 0.9916184 -0.09441184 -0.08820104 0.9971529 -0.04227524 -0.062442 0.9332395 0.3258032 -0.1513817 0.9210062 0.3336062 -0.2011335 0.9325199 0.2829441 -0.2243865 0.9916297 0.09489333 -0.08755606 0.9319904 0.2284893 -0.2814012 0.9914088 0.08771759 -0.0970267 0.9313437 -0.2110487 -0.2967445 0.9918078 -0.0649659 -0.1099854 0.9305561 -0.1437745 -0.3367405 0.9922384 -0.05239611 -0.1127732 0.9216294 -0.1106067 -0.3719751 0.9175075 -0.2728959 -0.2893231 0.9912912 -0.08592027 -0.09979718 0.9914284 -0.07566779 -0.1065088 0.9121477 -0.09697943 -0.3982231 0.9345455 -0.3553131 -0.01942545 0.9271211 -0.3730666 0.03560894 0.9366151 0.3503603 2.06061e-5 0.9252692 0.3773179 -0.03883421 0.9358431 0.3441889 -0.07570832 0.9303765 0.09363788 -0.3544454 0.9929615 0.03348129 -0.1136067 0.9217157 0.1344903 -0.3638028 0.9925016 0.04594475 -0.1132683 0.9309213 0.1636906 -0.3264828 0.9920182 0.0589897 -0.1114452 0.9220325 0.210519 -0.3248658 0.9915832 0.06980705 -0.1090401 0.9913722 0.07989007 -0.1039183 0.9927651 -0.04194051 -0.1125099 0.9929479 -0.03353136 -0.1137111 0.960384 -0.07126611 -0.2694141 0.9931302 -0.0224753 -0.1148361 0.9155105 -0.03328919 -0.4009147 0.9933547 -0.01127922 -0.1145389 0.9933957 -1.59757e-4 -0.1147397 0.9164389 -0.1835296 -0.3556074 0.9282596 -0.1551438 -0.3380305 0.9361298 -0.3266077 0.130341 0.8978312 -0.09727561 -0.429461 0.9126753 0.04265087 -0.4064542 0.9205961 0.0910412 -0.3797557 0.9336796 -0.3122115 -0.1754035 0.932831 -0.3472428 -0.09617114 0.9205703 -0.3861958 -0.05833756 0.9208809 -0.364327 0.1387231 0.9256922 -0.3694068 -0.0814417 0.9264072 -0.3661794 0.08764982 0.9065534 -0.4219409 0.01126337 0.8974412 -0.2631926 -0.3540184 0.9176822 -0.3123869 -0.245507 0.9007323 -0.3860599 -0.1990961 0.9380602 -0.3421044 0.05484288 0.9119279 -0.03281706 -0.4090364 0.9010261 0.3475883 -0.2594886 0.9193254 0.3550485 -0.169651 0.9214121 0.2421638 -0.3039021 0.9025219 0.4237409 -0.07679873 0.9013552 0.1888582 -0.3897325 0.9222973 0.3864748 -0.002258718 0.8351448 -0.3677182 -0.4090436 0.9239879 -0.3823028 -0.00954324 0.9282166 -0.3720227 -0.003647148 0.9413484 -0.3372868 -0.01004278 0.9664032 -0.2526285 -0.04736989 0.8862854 -0.4497324 -0.1106299 0.9824681 -0.1774078 0.05729776 0.9962643 -0.08171349 0.02793699 0.9964722 -0.07920789 -0.02773839 0.881805 -0.4715359 -0.00861293 0.8877254 -0.4603278 -0.006498217 0.6165154 -0.6736893 -0.4074943 0.8707301 -0.4916166 -0.01193034 0.6896135 -0.722603 -0.0477305 0.7652028 -0.6433438 -0.02394628 0.8397735 -0.5422979 -0.02633392 0.8923336 -0.4513531 -0.004608333 0.8968296 -0.442278 -0.009336233 0.9047619 -0.4255193 -0.01842296 0.9069324 -0.420872 -0.01845395 0.9091058 -0.416169 -0.01816868 0.9114317 -0.411043 -0.01832896 0.9151626 -0.4026349 -0.01904469 0.2910916 -0.8654759 -0.4076974 0.5137639 -0.8570156 -0.0396372 0.6564511 -0.7530189 -0.04510819 -0.08164316 -0.9092835 -0.408091 -0.03276884 -0.9975293 -0.06214076 0.02659678 -0.9976856 -0.06257957 0.2341069 -0.970059 -0.06464856 0.3290258 -0.9435003 -0.0393626 0.409507 -0.9119766 -0.02455163 -0.2056468 -0.9758228 -0.07402372 -0.2816405 -0.8779744 -0.3870915 -0.3241183 -0.945012 -0.04358702 -0.1987919 -0.9781853 -0.06029379 -0.125075 -0.9177998 -0.3768286 -0.07092058 -0.9957885 -0.05809861 0.06082087 -0.9865689 -0.1516007 0.00946635 -0.9868929 -0.1610988 0.002469658 -0.9981103 -0.06139886 0.2126805 -0.9015728 -0.3767408 0.9985978 0.007934689 -0.05234211 0.9865283 -0.005575954 -0.1634953 0.986582 -0.06052821 -0.1516323 0.9016844 -0.212206 -0.3767412 0.9180095 0.1264163 -0.3758692 0.9962708 0.06660139 -0.05485212 0.8748285 0.2912384 -0.3871116 0.94102 0.3316704 -0.06690424 0.9792681 0.1929886 -0.06155812 0.9615557 -0.2316848 -0.1474208 0.9045739 -0.3999791 -0.1475223 0.7638449 -0.5233958 -0.3776217 0.8159033 -0.559064 -0.1474763 0.699557 -0.6991835 -0.1475211 0.5237973 -0.7635692 -0.3776225 0.5594967 -0.8156065 -0.1474772 0.4004586 -0.904362 -0.1475212 0.2321292 -0.9614484 -0.1474213 0.8974514 -0.4372709 -0.05809748 0.9353412 -0.3525832 -0.02866804 0.7949079 -0.4689453 -0.3849828 0.9968868 0.0236178 -0.07522588 0.9875465 0.146494 -0.05737072 0.9408545 0.3335137 -0.05967795 0.9059682 0.107775 -0.4093976 0.9196341 -0.07914233 -0.3847203 0.9981433 -0.01310414 -0.05948358 0.9752938 -0.2166759 -0.04305267 0.8679165 -0.2771673 -0.4121885 0.7594801 -0.4942595 -0.4229628 0.749652 -0.6615647 -0.01882094 0.8181234 -0.5744031 -0.02711969 0.6689327 -0.558548 -0.4904624 0.469323 -0.7882407 -0.3980106 0.523445 -0.8518443 -0.01915228 0.5031233 -0.8641198 -0.01281195 0.5691099 -0.8219742 -0.02173441 0.6887516 -0.7239128 -0.0396434 0.4915226 -0.8707973 -0.01084673 0.2801347 -0.9598415 -0.01513218 0.293451 -0.9558289 -0.0166608 0.1802516 -0.9835649 -0.01046085 0.2972519 -0.9546439 -0.01721543 0.2776365 -0.9605533 -0.01597934 -0.08646434 -0.9961109 0.01694226 0.2809868 -0.9595564 -0.01726853 0.2204636 -0.97521 -0.01900911 -0.1163324 -0.9931767 -0.008184134 -0.01354759 -0.9992916 -0.03511297 0.259639 -0.9654321 -0.02299034 0.2175273 -0.89092 -0.3986774 -0.07462215 -0.9085206 -0.411123 -0.2708343 -0.8830202 -0.3833069 -0.3686617 -0.9289357 -0.0341643 -0.2759471 -0.8792652 -0.3882603 -0.5594748 -0.8288396 0.003631174 -0.8555381 -0.5103684 -0.08705681 -0.8313224 -0.5493518 -0.08435469 -0.4627519 -0.7815406 -0.418396 -0.6773632 -0.7342566 -0.04523801 -0.8608754 -0.3336954 -0.3841107 -0.9415827 -0.3354802 -0.02958577 -0.7656803 -0.4953007 -0.4103792 -0.6490076 -0.6571042 -0.38341 0.8983027 -0.2329777 -0.3725233 -0.7588072 -0.5342698 -0.3725153 -0.8891097 -0.4543213 -0.05546301 -0.4472646 -0.813001 -0.3728055 -0.4436313 -0.8949512 -0.04747378 -0.5628159 -0.8253237 -0.04559844 -0.6947328 -0.7178247 -0.04554134 -0.7497358 -0.658826 -0.06200534 -0.8226055 -0.5662375 -0.05191701 0.03303742 -0.9889595 -0.144457 -0.05840051 -0.9900958 -0.1276706 -0.04453736 -0.9264664 -0.3737332 -0.1416974 -0.9889743 -0.04303091 -0.2431113 -0.9690792 -0.04222023 -0.361213 -0.9317699 -0.03646987 -0.4269933 -0.9034187 -0.03887844 0.3680279 -0.8515115 -0.3734752 0.7047448 -0.6038056 -0.3724963 0.9232471 -0.009307622 -0.384094 0.1609426 -0.9758448 -0.1477313 0.356668 -0.9222716 -0.1490066 0.6892704 -0.7242129 0.02054244 0.810745 -0.5818267 -0.06457859 0.8384971 -0.3866481 -0.3839609 0.913516 -0.4067858 0.003737568 0.8909201 -0.1941817 -0.4105544 0.9687105 -0.2467611 -0.02662837 0.9960371 -0.07091665 -0.05367541 0.7126785 -0.5669859 -0.4130574 0.5652072 -0.7302311 -0.3838012 0.5231085 -0.8507629 -0.05059725 0.3919409 -0.9199196 0.0114178 0.5651405 -0.7303652 -0.3836442 0.3894031 -0.8245292 -0.410508 0.1276357 -0.9916565 -0.01807177 0.1100242 -0.9104677 -0.3986769 0.05451238 -0.998327 -0.01928025 0.1576461 -0.9874037 -0.01347935 0.2712982 -0.962138 -0.02622485 -0.6228271 -0.7822489 -0.01316624 -0.4740527 -0.8803244 -0.01741331 -0.5174313 -0.8555896 -0.01521217 -0.4849787 -0.8744203 -0.0135945 -0.4779255 -0.87825 -0.01625502 -0.4759342 -0.879314 -0.01713603 -0.6038753 -0.7963467 -0.03415817 -0.5216641 -0.8530745 -0.01142764 -0.5012646 -0.86525 -0.008741855 -0.4693477 -0.7882273 -0.3980081 -0.6689324 -0.5585491 -0.4904615 -0.7597514 -0.4957318 -0.4207468 -0.9199473 -0.07833695 -0.3841361 -0.9705874 -0.2322283 -0.06348413 -0.9446513 -0.3257634 -0.03888857 -0.8682874 -0.2777789 -0.4109939 -0.9138079 -0.4053326 -0.02570384 -0.7960795 -0.4684189 -0.3831987 -0.8624119 -0.5046086 -0.04019778 -0.7641304 -0.6436757 -0.04226535 -0.8023958 -0.5962472 0.02550423 -0.8743422 0.2929056 -0.3869522 -0.9448566 0.3245708 -0.04358762 -0.9757514 0.2059649 -0.07407879 -0.9065804 0.1067681 -0.4083047 -0.9975467 0.03455162 -0.06088429 -0.997799 -0.02476453 -0.06151419 -0.9780877 0.1992663 -0.06031018 -0.9177443 0.1254922 -0.3768249 -0.9957632 0.07127779 -0.05809599 -0.9865778 -0.06060546 -0.1516293 -0.986887 -0.009408652 -0.1611381 -0.9981123 -0.002138495 -0.06137895 -0.9016545 -0.2123377 -0.3767384 0.007903218 -0.9985975 -0.05235111 -0.005596399 -0.9865278 -0.1634984 -0.06060594 -0.9865776 -0.1516299 -0.2123429 -0.9016535 -0.3767382 0.126347 -0.91802 -0.375867 0.06660175 -0.9962709 -0.05485159 0.2912231 -0.8748359 -0.3871065 0.3316647 -0.9410218 -0.0669071 0.1929844 -0.9792689 -0.06155931 -0.2318205 -0.9615227 -0.1474221 -0.4001503 -0.9044983 -0.1475218 -0.5235702 -0.7637255 -0.3776211 -0.5592502 -0.8157758 -0.1474756 -0.6993705 -0.6993701 -0.1475212 -0.7637289 -0.523566 -0.37762 -0.8157759 -0.5592496 -0.147477 -0.9044984 -0.4001502 -0.1475211 -0.9615232 -0.2318193 -0.1474212 -0.4372742 -0.8974498 -0.05809777 -0.3525835 -0.9353411 -0.02866989 -0.4689471 -0.7949138 -0.3849685 0.02361679 -0.9968868 -0.0752263 0.1464934 -0.9875466 -0.05736982 0.333517 -0.9408534 -0.05967885 0.1077739 -0.9059661 -0.4094024 -0.07914257 -0.9196304 -0.3847289 -0.01310336 -0.9981434 -0.05948185 -0.2166756 -0.9752939 -0.04305285 -0.2771667 -0.8679248 -0.4121713 -0.4942588 -0.7594819 -0.4229607 -0.6615546 -0.7496607 -0.01882189 -0.5744076 -0.8181202 -0.02711743 -0.5585477 -0.6689357 -0.4904586 -0.7882127 -0.4693741 -0.3980062 -0.8518537 -0.5234295 -0.0191521 -0.8641291 -0.5031077 -0.01280111 -0.8219761 -0.5691071 -0.02173918 -0.723924 -0.6887401 -0.03963834 -0.8708882 -0.4913616 -0.01084017 -0.7822501 0.6228255 -0.01316636 -0.8792903 0.4759685 -0.01739519 -0.855626 0.5173712 -0.01521253 -0.8744358 0.4849513 -0.01357477 -0.878117 0.478169 -0.01627439 -0.8793751 0.4758194 -0.01718854 -0.7963454 0.6038769 -0.03416049 -0.8530614 0.5216855 -0.01142251 -0.8653174 0.5011484 -0.008730888 -0.7881976 0.4693886 -0.3980187 -0.5585479 0.6689342 -0.4904603 -0.4957309 0.7597527 -0.4207457 -0.0783379 0.9199436 -0.3841447 -0.2322272 0.9705876 -0.06348502 -0.3257586 0.9446529 -0.03888779 -0.2777367 0.8683123 -0.4109699 -0.4053315 0.9138084 -0.02570486 -0.4683791 0.7961108 -0.3831822 -0.5046124 0.8624097 -0.04019898 -0.643678 0.7641286 -0.04226619 -0.5962541 0.8023908 0.02550315 0.2929061 0.8743417 -0.3869532 0.3245703 0.9448567 -0.04358792 0.2059641 0.9757516 -0.07407867 0.1067678 0.9065787 -0.4083085 0.03454816 0.9975468 -0.06088417 -0.02476322 0.9977991 -0.06151372 0.1992658 0.9780878 -0.06031101 0.1254928 0.9177449 -0.3768234 0.07127511 0.9957635 -0.05809521 -0.0606057 0.9865776 -0.1516295 -0.009405791 0.9868872 -0.1611377 -0.002138912 0.9981123 -0.06137847 -0.2123377 0.9016547 -0.3767383 -0.9985976 -0.007900357 -0.05235064 -0.9865276 0.005598008 -0.1634997 -0.9865775 0.06060576 -0.1516301 -0.9016534 0.2123429 -0.3767384 -0.9180205 -0.1263467 -0.3758658 -0.9962707 -0.06660318 -0.05485212 -0.8748345 -0.2912224 -0.38711 -0.9410219 -0.3316648 -0.06690609 -0.9792684 -0.1929863 -0.06155931 -0.9615229 0.2318204 -0.1474209 -0.9044978 0.4001516 -0.1475215 -0.7637255 0.5235697 -0.3776215 -0.8157756 0.5592502 -0.1474769 -0.6993702 0.6993704 -0.1475207 -0.523566 0.7637284 -0.3776209 -0.5592485 0.8157768 -0.1474766 -0.4001498 0.9044986 -0.1475212 -0.2318201 0.9615229 -0.1474218 -0.8974514 0.4372709 -0.05809748 -0.9353412 0.3525832 -0.02866804 -0.7949076 0.4689451 -0.384984 -0.9968868 -0.0236178 -0.07522588 -0.9875465 -0.146494 -0.05737072 -0.9408545 -0.3335137 -0.05967795 -0.905968 -0.1077713 -0.4093987 -0.919632 0.07914501 -0.3847248 -0.9981433 0.01310414 -0.05948358 -0.9752938 0.2166759 -0.04305267 -0.8679157 0.2771663 -0.4121907 -0.7594801 0.4942595 -0.4229628 -0.749652 0.6615647 -0.01882094 -0.8181234 0.5744031 -0.02711969 -0.6689327 0.558548 -0.4904624 -0.4693231 0.7882408 -0.3980106 -0.523445 0.8518443 -0.01915228 -0.5031233 0.8641198 -0.01281195 -0.5691092 0.8219749 -0.02173131 -0.6887525 0.7239119 -0.03964424 -0.4915226 0.8707973 -0.01084673 0.07564806 0.9970204 -0.01509445 0.0617299 0.9979541 -0.01664686 0.1775017 0.9840649 -0.01046359 0.05787289 0.9981751 -0.01724284 0.07812482 0.9968193 -0.01574587 0.4315598 0.9019254 0.01693171 0.07475101 0.997053 -0.01725542 0.1369152 0.9904004 -0.01900833 0.4584824 0.8886659 -0.008183956 0.364438 0.9305659 -0.03510093 0.0968309 0.9950346 -0.02302044 0.1100234 0.9104645 -0.3986845 0.3896502 0.8241047 -0.4111255 0.564328 0.7311708 -0.3833057 0.6720513 0.739716 -0.03416591 0.5678156 0.7258642 -0.3882095 0.8154213 0.5788565 0.003636062 0.9804334 0.1765524 -0.08706116 0.9714937 0.2215477 -0.08436191 0.7082691 0.568644 -0.4183289 0.8924703 0.4488328 -0.04523313 0.9232405 0.009310603 -0.38411 0.9994103 -0.01742643 -0.02958607 0.8910155 0.1940753 -0.4103976 0.8387683 0.3865961 -0.3834208 -0.7588034 0.5342705 -0.3725219 0.8983063 0.232976 -0.3725157 0.9921278 0.1122784 -0.05546289 0.7048153 0.6035317 -0.3728069 0.7302517 0.6815265 -0.04747825 0.817309 0.5743926 -0.04559904 0.9029445 0.4273374 -0.04554104 0.93366 0.3527528 -0.06200504 0.9692745 0.2404407 -0.05191767 0.3171902 0.9372959 -0.144454 0.4031758 0.9061739 -0.1276643 0.3678019 0.8514944 -0.3737367 0.4807459 0.8758035 -0.04302906 0.5686699 0.8214817 -0.04221916 0.6660808 0.7449876 -0.03646874 0.7176647 0.6953026 -0.03888231 -0.0447424 0.9265611 -0.3734741 -0.4471017 0.813232 -0.3724969 -0.8608829 0.3336951 -0.3840942 0.192856 0.9700428 -0.1477285 -0.009201943 0.9887928 -0.1490102 -0.3902344 0.9204864 0.02054554 -0.5540524 0.8299735 -0.0645765 -0.6487372 0.6570575 -0.3839474 -0.7118665 0.7023048 0.003740131 -0.7655555 0.4953672 -0.4105317 -0.8198533 0.5719543 -0.02662557 -0.9073283 0.4169827 -0.05367499 -0.4674623 0.7815541 -0.4131009 -0.2719669 0.8824442 -0.3838313 -0.1901668 0.980447 -0.05059897 -0.04305052 0.9990077 0.0114147 -0.2718787 0.8825529 -0.3836436 -0.07424134 0.9088309 -0.4105054 0.2295829 0.9731214 -0.01807171 0.2175346 0.8909129 -0.398689 0.3004624 0.9535992 -0.01925897 0.2000132 0.9797005 -0.01348781 0.08473068 0.9960587 -0.02622681 0.6228271 0.7822489 -0.01316624 0.4740524 0.8803244 -0.01741415 0.5174314 0.8555895 -0.0152117 0.4849787 0.8744203 -0.0135945 0.4779255 0.87825 -0.01625502 0.4759342 0.879314 -0.01713603 0.6038753 0.7963467 -0.03415817 0.5216641 0.8530745 -0.01142764 0.5012646 0.86525 -0.008741855 0.4693477 0.7882273 -0.3980081 0.6689324 0.5585491 -0.4904615 0.7597517 0.4957324 -0.4207458 0.9199448 0.07833945 -0.3841414 0.9705874 0.2322283 -0.06348413 0.9446513 0.3257634 -0.03888857 0.8682881 0.2777794 -0.4109922 0.9138079 0.4053326 -0.02570384 0.796079 0.4684185 -0.3832001 0.8624119 0.5046086 -0.04019778 0.7641304 0.6436757 -0.04226535 0.8023958 0.5962472 0.02550423 0.8743367 -0.2929213 -0.3869528 0.9448566 -0.3245708 -0.04358762 0.9757514 -0.2059649 -0.07407879 0.9065783 -0.106765 -0.4083099 0.9975467 -0.03455162 -0.06088429 0.997799 0.02476453 -0.06151419 0.9780874 -0.1992688 -0.06030929 0.9177337 -0.1255618 -0.3768278 0.9957634 -0.071276 -0.05809605 0.9865821 0.06052798 -0.1516316 0.9868879 0.009387135 -0.1611341 0.9981135 0.002082467 -0.06136178 0.9016858 0.2122009 -0.3767406 -0.007556855 0.9985979 -0.05239373 0.005661904 0.9865347 -0.1634545 0.06082069 0.9865688 -0.151601 0.2126855 0.9015711 -0.3767421 -0.125929 0.9180763 -0.3758693 -0.06624895 0.9962942 -0.0548563 -0.1925122 0.9793629 -0.06154149 0.2321298 0.9614481 -0.1474221 0.400458 0.9043623 -0.1475206 0.5238013 0.7635657 -0.377624 0.5594986 0.8156054 -0.1474768 0.6995571 0.6991831 -0.1475223 0.7638477 0.5233919 -0.3776211 0.8159042 0.5590628 -0.1474763 0.9045746 0.3999779 -0.1475211 0.9615561 0.2316834 -0.1474207 0.4268096 0.9041775 -0.0172218 0.4268337 0.9041645 -0.01731234 0.9872118 -0.01126056 -0.1590162 0.8372923 0.4479314 -0.313527 0.798843 0.5108008 -0.3176987 0.4284335 0.9034081 -0.01728188 0.4250171 0.9050178 -0.01741766 0.4250137 0.9050129 -0.01774966 0.4262653 0.9044049 -0.01869976 0.431989 0.9016156 -0.02179491 0.4469814 0.8938477 -0.03527051 0.4910645 0.8681905 -0.0714206 0.5489623 0.8249803 -0.1343424 0.6154684 0.7631395 -0.1970202 0.8540852 0.5059802 -0.1205106 0.7556227 0.6458992 -0.1088518 0.6485809 0.7571214 -0.0781672 0.5459907 0.8363115 -0.04977232 0.4674499 0.8834781 -0.03093892 0.4411728 0.8971874 -0.0205276 0.4312896 0.9020273 -0.01833641 0.4287478 0.9032523 -0.01762217 0.6965938 0.6674295 -0.2632395 0.6792939 0.6959978 -0.2326946 0.8793647 0.4504072 -0.1544383 0.9422882 0.2981063 -0.1523998 0.9717954 0.1328783 -0.1948257 0.7533199 0.5944701 -0.2812733 0.6380844 0.6811301 -0.3590406 0.8797681 0.3861708 -0.2772728 0.7809128 0.5318481 -0.3275866 0.7883062 0.5426991 -0.2899158 0.807765 0.496147 -0.3183613 0.9501767 0.2019492 -0.2374464 0.9639711 0.2029786 -0.1719288 0.9774774 0.09430044 -0.1887998 0.9805213 0.02190095 -0.1951882 0.8317351 -0.4442889 -0.3329027 0.808561 -0.4984172 -0.3127449 0.6474719 -0.6770358 -0.349861 0.7809084 -0.5318561 -0.3275839 0.7872313 -0.5426204 -0.2929678 0.8797674 -0.3861717 -0.2772736 0.9491257 -0.2030698 -0.2406725 0.9653228 -0.1996148 -0.1682432 0.9791908 -0.09117865 -0.1813061 0.4396692 -0.8977271 -0.02787518 0.5274562 -0.8422624 -0.1112833 0.6056787 -0.7922217 -0.07441884 0.7077472 -0.6599935 -0.2519971 0.7913166 -0.5958675 -0.1369668 0.9438544 -0.2877977 -0.1622082 0.9828069 -0.02560722 -0.1828523 0.8285824 -0.4616432 -0.3167598 0.7894082 -0.5309426 -0.3081153 0.9647431 -0.1923156 -0.179682 0.7630387 -0.583916 -0.2771536 0.6422368 -0.7333891 -0.2228727 0.8789027 -0.4549414 -0.1433826 0.5960242 -0.7846705 -0.1704334 0.7202376 -0.687642 -0.0916863 0.4727894 -0.8794883 -0.05450475 0.5091311 -0.8596886 -0.04148536 0.4535553 -0.8908652 -0.02543461 0.4286244 -0.9032881 -0.01875358 0.4249081 -0.90504 -0.01886147 0.6811314 -0.6381025 -0.3590061 0.3861907 -0.8797709 -0.2772364 0.5318484 -0.7809302 -0.3275446 0.5428255 -0.7882446 -0.2898465 0.496302 -0.8077019 -0.3182798 0.2019531 -0.9501805 -0.237428 0.2033035 -0.963908 -0.1718981 0.09465277 -0.9774551 -0.1887387 0.4480976 -0.837216 -0.3134933 -0.01089936 -0.9872196 -0.1589934 0.510934 -0.7987548 -0.3177067 0.951613 -0.2807715 -0.1249001 0.9565311 -0.2390018 -0.1671127 0.9871192 -0.08927017 -0.1327648 0.9823033 -0.1738178 -0.06976848 0.9433109 -0.3205843 -0.08596807 0.9188876 -0.3936039 -0.0268681 0.9345867 -0.3534342 -0.04039752 0.9684154 -0.2443333 -0.04972875 0.9128063 -0.4077888 -0.022206 0.9165268 -0.3994269 -0.02090305 0.9238854 -0.3793382 -0.05038374 0.9142835 -0.4038813 -0.03107208 0.9126432 -0.4079222 -0.0261147 0.9104558 -0.4127942 -0.02590727 0.9088474 -0.4163595 -0.02532356 0.9079992 -0.4182239 -0.02503043 0.907028 -0.4203249 -0.02504342 0.9061281 -0.4222562 -0.02513289 0.9052105 -0.4241961 -0.0255292 0.9037888 -0.4272066 -0.02570098 0.9023799 -0.4301239 -0.02653473 0.9007957 -0.4333412 -0.02797341 0.8967425 -0.4413948 -0.03199464 0.8861142 -0.4604685 -0.05263292 0.8549357 -0.5118175 -0.0844267 0.7670887 -0.6117694 -0.1931662 0.827076 -0.5442099 -0.140645 0.9101083 -0.4138154 -0.021443 0.9085431 -0.4172599 -0.0210675 0.9069992 -0.420594 -0.02128922 0.9054136 -0.4240035 -0.02114695 0.9038068 -0.4273982 -0.02155089 0.9011256 -0.43305 -0.02098536 0.8986939 -0.4380333 -0.02182143 0.8958027 -0.4438501 -0.0231263 0.8887205 -0.4577375 -0.0255407 0.8706224 -0.4901359 -0.04223239 0.8086174 -0.5865533 -0.04575055 0.7661419 -0.636503 -0.08882987 0.6529237 -0.7499982 -0.1057991 0.5069352 -0.8536769 -0.1193839 0.6673635 -0.696594 -0.263406 0.6965146 -0.6790094 -0.2319778 0.4503317 -0.8794055 -0.154426 0.298333 -0.9422371 -0.1522723 0.1330603 -0.9717556 -0.1949003 0.5944526 -0.7532888 -0.2813935 0.9741488 0.1978245 -0.1090853 0.9741804 0.1985245 -0.1075199 0.9389747 0.3331544 -0.08564329 0.4926999 0.8139111 -0.3078891 -0.01913303 0.9816954 -0.1894947 0.4450635 0.8326389 -0.3295922 0.09285545 0.9796385 -0.1780068 0.2659556 0.948942 -0.1696369 0.5680927 0.7703141 -0.2896324 0.6450949 0.7154105 -0.2684036 0.6904183 0.6849352 -0.2327799 0.7619209 0.6178874 -0.1941432 0.4299 0.8880657 -0.1628657 0.5116518 0.8502721 -0.1234914 0.6440236 0.7572222 -0.1088497 0.7672107 0.6344093 -0.09440708 0.8260961 0.5460081 -0.1394293 0.8879765 0.4572912 -0.04881048 0.8574691 0.5080932 -0.08116728 0.8173964 0.5741906 -0.04656839 0.8757629 0.481135 -0.03935033 0.8950494 0.4451749 -0.02657121 0.8977286 0.440041 -0.02114826 0.9019123 0.4313588 -0.02200043 0.9043766 0.4262003 -0.02136331 0.9060263 0.4226832 -0.02134078 0.9074527 0.4196217 -0.02115249 0.9088754 0.4165302 -0.02117502 0.91044 0.4131028 -0.0210995 0.9124072 0.4087258 -0.02136296 0.9149586 0.4029629 -0.02171903 0.9173949 0.3973599 -0.02218157 0.9205316 0.3899058 -0.02439332 0.8998118 0.4351956 -0.03071624 0.9017499 0.4314714 -0.02607125 0.9038568 0.4270509 -0.02589237 0.9054792 0.4236412 -0.02521085 0.9064915 0.4214833 -0.0250045 0.9072315 0.4198749 -0.0252217 0.9080331 0.4181315 -0.02533686 0.9089107 0.4162142 -0.02543717 0.9100006 0.4137993 -0.0258677 0.9115887 0.4102662 -0.02622491 0.9128608 0.4073616 -0.02723371 0.9146996 0.4030377 -0.02975696 0.9202571 0.3890029 -0.04247128 0.9298995 0.3661523 -0.03491967 0.959228 0.2753608 -0.06370377 0.4985744 0.808494 -0.3126678 0.6770222 0.6475065 -0.3498234 0.5318398 0.7809382 -0.3275394 0.5427441 0.7871722 -0.2928973 0.3861907 0.8797708 -0.2772368 0.203074 0.9491343 -0.2406345 0.1999363 0.9652605 -0.1682196 0.09153687 0.979168 -0.1812487 0.3364027 -0.9416034 -0.01471483 0.3370742 -0.9413911 -0.0128023 0.3375874 -0.9412012 -0.01323008 -0.5254961 -0.8240723 -0.2115626 -0.1262725 -0.9423946 -0.3097543 -0.01614516 -0.9579984 -0.2863187 0.3324604 -0.9430174 -0.01372933 0.3417434 -0.9396753 -0.014894 0.3426898 -0.9392842 -0.0175811 0.3421778 -0.939463 -0.01799052 0.3391408 -0.9405306 -0.01964133 0.328339 -0.9441024 -0.02939826 0.2751461 -0.9590229 -0.06759929 0.1665424 -0.9754613 -0.1440105 -0.501412 -0.8621237 -0.0729978 -0.1690356 -0.9836819 -0.06161981 0.1351742 -0.9894791 -0.05156683 0.2898319 -0.9566522 -0.02853018 0.3215069 -0.9467164 -0.01900941 0.3303861 -0.9436777 -0.0178188 0.3319109 -0.9431487 -0.01748853 0.04459261 -0.9743428 -0.2206079 -0.6063966 -0.7810999 -0.1488837 0.3371048 -0.9413759 -0.01311373 0.3373162 -0.9412281 -0.01753455 0.3364115 -0.9415457 -0.01786386 0.3304776 -0.94362 -0.01913422 0.3099077 -0.9503633 -0.02769595 0.2090925 -0.9762538 -0.05664879 -0.001457571 -0.9945377 -0.1043688 -0.2338307 -0.9604996 -0.1508772 -0.3307284 -0.9110236 -0.2462818 -0.8230625 -0.5586748 -0.1022291 -0.02920806 -0.9654465 -0.2589593 0.07119464 -0.9408212 -0.3313409 0.1303735 -0.952194 -0.2762778 -0.7382715 -0.6543359 -0.1637067 -0.5575706 -0.8194797 -0.1325446 -0.6761471 -0.7216541 -0.1484609 -0.06841468 -0.9357631 -0.3459292 -0.04314726 -0.9395095 -0.3397946 0.002773642 -0.9437052 -0.3307762 0.04445022 -0.9472863 -0.31729 -0.4269429 -0.8949186 -0.1297715 -0.3110679 -0.9412499 -0.1314738 -0.2662088 -0.958096 -0.1057599 -0.1579582 -0.9809908 -0.1127218 -0.06831866 -0.9914062 -0.1115634 -0.143243 -0.9695632 -0.1985667 0.03100955 -0.9805223 -0.1939445 -0.02511602 -0.9794045 -0.2003402 -0.09271579 -0.9743552 -0.2050264 -0.12166 -0.9675353 -0.2215271 -0.2004482 -0.9523968 -0.2296975 -0.2927607 -0.9242544 -0.2450408 -0.3845663 -0.8864648 -0.2574667 -0.4372944 -0.8554382 -0.2774873 0.1123272 -0.9516944 -0.2857628 0.08796697 -0.9515922 -0.2945069 0.07546585 -0.949064 -0.3059124 0.04205787 -0.9987406 -0.02735704 0.1447954 -0.9881758 -0.05042719 0.3792278 -0.9224776 -0.07226026 0.3945021 -0.8703737 -0.2946487 0.9082354 -0.3940672 -0.1407822 0.6501146 -0.7534208 -0.09852945 0.8552098 -0.5109803 -0.08669143 0.3672669 -0.8940138 -0.2566215 0.2556533 -0.9472346 -0.1933602 0.702954 -0.6758186 -0.2216416 0.6517603 -0.7362177 -0.1821869 0.4652078 -0.8724405 -0.1497647 0.2630227 -0.9604887 -0.09099662 0.1426623 -0.9836145 -0.1102272 0.0562911 -0.9970052 -0.05302977 0.1107625 -0.9936497 -0.01980048 0.07691353 -0.9967425 -0.02426683 0.1006041 -0.993643 -0.05052286 0.02149415 -0.9995567 -0.02060014 0.01566517 -0.9996725 -0.02024203 0.009826779 -0.9997482 -0.02017545 -0.4268337 -0.9041645 -0.01731157 -0.4268093 -0.9041777 -0.01722067 -0.9872118 0.01126056 -0.1590162 -0.8372923 -0.4479314 -0.313527 -0.798843 -0.5108008 -0.3176987 -0.4284335 -0.9034081 -0.01728188 -0.4250171 -0.9050178 -0.01741766 -0.4250137 -0.9050129 -0.01774966 -0.4262653 -0.9044049 -0.01869976 -0.431989 -0.9016156 -0.02179491 -0.4469933 -0.8938422 -0.03526037 -0.4910691 -0.8681879 -0.07142049 -0.5489623 -0.8249803 -0.1343424 -0.6154684 -0.7631395 -0.1970202 -0.8540852 -0.5059802 -0.1205106 -0.7556227 -0.6458992 -0.1088518 -0.6485809 -0.7571214 -0.0781672 -0.5459907 -0.8363115 -0.04977232 -0.4674499 -0.8834781 -0.03093892 -0.4411728 -0.8971874 -0.0205276 -0.4312896 -0.9020273 -0.01833641 -0.4287478 -0.9032523 -0.01762217 -0.6965938 -0.6674295 -0.2632395 -0.6792939 -0.6959978 -0.2326946 -0.8793647 -0.4504072 -0.1544383 -0.9422882 -0.2981063 -0.1523998 -0.9717954 -0.1328783 -0.1948257 -0.7533199 -0.5944701 -0.2812733 -0.6380844 -0.6811301 -0.3590406 -0.8797681 -0.3861708 -0.2772728 -0.7809128 -0.5318481 -0.3275866 -0.7883062 -0.5426991 -0.2899158 -0.807765 -0.496147 -0.3183613 -0.9501761 -0.2019492 -0.2374489 -0.9639713 -0.2029796 -0.1719267 -0.9774774 -0.09430044 -0.1887998 0.02190083 -0.9805213 -0.1951881 -0.4442869 -0.8317365 -0.3329021 -0.4984169 -0.8085615 -0.3127443 -0.6769898 -0.6475287 -0.3498449 -0.531804 -0.7809516 -0.3275659 -0.5426216 -0.7872307 -0.292967 -0.386168 -0.8797677 -0.2772778 -0.2030543 -0.9491282 -0.2406756 -0.1996148 -0.9653229 -0.1682429 -0.09117937 -0.9791908 -0.1813057 -0.9032639 -0.4286751 -0.01876419 -0.9049171 -0.4251681 -0.01890671 -0.8976879 -0.4397501 -0.02786386 -0.46164 -0.8285846 -0.316759 -0.02560544 -0.9828069 -0.1828523 -0.2877969 -0.9438548 -0.1622067 -0.1923145 -0.9647432 -0.1796823 -0.5309424 -0.7894079 -0.3081158 -0.5839158 -0.7630389 -0.2771534 -0.659993 -0.7077471 -0.2519986 -0.4549414 -0.8789024 -0.1433835 -0.5958694 -0.7913155 -0.1369651 -0.7333922 -0.6422342 -0.2228707 -0.7846701 -0.5960251 -0.1704325 -0.6876447 -0.7202353 -0.09168374 -0.7922435 -0.6056501 -0.0744189 -0.84227 -0.5274433 -0.1112877 -0.8795033 -0.4727613 -0.05450445 -0.8596956 -0.5091198 -0.04147893 -0.8908432 -0.4535994 -0.02541774 -0.6810992 0.6381247 -0.3590277 -0.3861681 0.8797678 -0.2772775 -0.5318124 0.7809436 -0.3275709 -0.5427014 0.7883051 -0.2899144 -0.496146 0.8077653 -0.3183624 -0.2019334 0.9501786 -0.2374526 -0.2029826 0.9639708 -0.171925 -0.09429895 0.9774773 -0.1888015 -0.4479312 0.8372919 -0.3135282 0.01126027 0.9872117 -0.1590172 -0.5108005 0.798844 -0.3176969 -0.9047961 0.4254875 -0.01745468 -0.9029946 0.4292976 -0.01744639 -0.9034801 0.428273 -0.01749253 -0.9051784 0.4246711 -0.01751518 -0.9052285 0.4245541 -0.01775372 -0.9016031 0.4320177 -0.02174192 -0.9044189 0.4262341 -0.01873314 -0.8938382 0.4470018 -0.03525471 -0.8681806 0.4910799 -0.07143622 -0.8249774 0.5489682 -0.1343361 -0.7631455 0.6154617 -0.1970182 -0.5059809 0.8540846 -0.1205113 -0.645906 0.7556169 -0.1088517 -0.7571212 0.6485813 -0.07816535 -0.8363005 0.5460064 -0.04978406 -0.8834642 0.4674763 -0.03093618 -0.8972367 0.4410733 -0.02051025 -0.9020189 0.4313073 -0.01833701 -0.90318 0.4288997 -0.01763623 -0.6674288 0.6965944 -0.2632396 -0.6960002 0.6792906 -0.2326975 -0.4504045 0.8793658 -0.1544396 -0.2981039 0.9422892 -0.1523983 -0.1328793 0.9717954 -0.1948251 -0.5944707 0.7533199 -0.2812718 -0.9805213 -0.02190095 -0.1951882 -0.8317351 0.4442889 -0.3329027 -0.808561 0.4984172 -0.3127449 -0.6474719 0.6770358 -0.349861 -0.7809084 0.5318561 -0.3275839 -0.7872313 0.5426204 -0.2929678 -0.8797674 0.3861717 -0.2772736 -0.9491257 0.2030698 -0.2406725 -0.9653229 0.1996144 -0.1682432 -0.9791908 0.09117865 -0.1813061 -0.4396715 0.8977264 -0.02786272 -0.4727557 0.8795083 -0.05447161 -0.5274541 0.8422633 -0.1112869 -0.6056798 0.7922208 -0.07441961 -0.7077472 0.6599935 -0.2519971 -0.7913166 0.5958675 -0.1369668 -0.9438544 0.2877977 -0.1622082 -0.9828069 0.02560722 -0.1828523 -0.8285824 0.4616432 -0.3167598 -0.7894082 0.5309426 -0.3081153 -0.9647431 0.1923156 -0.179682 -0.7630387 0.583916 -0.2771536 -0.6422368 0.7333891 -0.2228727 -0.8789027 0.4549414 -0.1433826 -0.5960242 0.7846705 -0.1704334 -0.7202376 0.687642 -0.0916863 -0.5091345 0.8596869 -0.0414806 -0.4535553 0.8908652 -0.02543461 -0.4286244 0.9032881 -0.01875358 -0.4249081 0.90504 -0.01886147 0.01656556 0.9997532 -0.0148071 0.01592946 0.9997918 -0.01275646 0.01525527 0.9997963 -0.01321589 0.7819393 0.5863551 -0.2115626 0.4499142 0.8376331 -0.3097549 0.3523254 0.8910043 -0.2863186 0.02099627 0.9996891 -0.01345282 0.01082009 0.9998318 -0.01481717 0.01000297 0.9997959 -0.01755559 0.01040446 0.999784 -0.01799279 0.01363223 0.999714 -0.01965188 0.02505064 0.9992543 -0.02938342 0.08004456 0.9944931 -0.06764853 0.1874589 0.9716668 -0.143954 0.7727887 0.630452 -0.07299327 0.5044706 0.8612272 -0.06162279 0.2217708 0.9737343 -0.05156874 0.06544083 0.9974473 -0.02857744 0.03231221 0.9992978 -0.01897448 0.02296906 0.9995779 -0.01779264 0.02127635 0.9996203 -0.01751613 0.30123 0.9276804 -0.2206116 0.842534 0.5176575 -0.148887 0.01592916 0.9997922 -0.01272243 0.01555562 0.9997255 -0.01752668 0.01672208 0.9997008 -0.01785343 0.02280223 0.9995567 -0.01914626 0.04446244 0.9986268 -0.02770668 0.1479208 0.9873751 -0.0566554 0.3514438 0.9303736 -0.104367 0.5569602 0.8167203 -0.1508753 0.6302399 0.7363033 -0.2462826 0.9670407 0.2331988 -0.1022289 0.3671742 0.8933797 -0.2589514 0.2645254 0.9056703 -0.3313422 0.2131444 0.9371452 -0.2762759 0.9213477 0.3525881 -0.163707 0.8103432 0.5707678 -0.1325444 0.886896 0.4374641 -0.1484616 0.3934273 0.8517916 -0.3459281 0.371095 0.8641925 -0.339794 0.3295854 0.8842856 -0.3307757 0.2918403 0.9023058 -0.317291 0.714631 0.6873588 -0.1297709 0.6224786 0.7715153 -0.1314717 0.586423 0.8030718 -0.1057538 0.4931594 0.8626059 -0.1127169 0.4129158 0.903909 -0.1115748 0.4753624 0.8570905 -0.1985614 0.3161129 0.928683 -0.1939603 0.368263 0.9078817 -0.2003327 0.4297544 0.879361 -0.2050259 0.4544485 0.8627879 -0.2215258 0.5228649 0.8208844 -0.2296982 0.599361 0.7620505 -0.2450416 0.6719909 0.6943625 -0.2574666 0.7104219 0.6467623 -0.2774873 0.2298652 0.9303249 -0.2857581 0.2526228 0.9216538 -0.2945099 0.2634385 0.9148885 -0.3059073 0.3121934 0.9496249 -0.02734917 0.2123129 0.9758994 -0.0504353 0.09493494 0.9759918 -0.1960296 -0.0302484 0.9969263 -0.07227092 -0.3433022 0.934043 -0.09852623 -0.7113973 0.6885453 -0.1407814 -0.4200769 0.8800058 -0.221642 -0.06288146 0.9535341 -0.2946501 -0.02747535 0.9664855 -0.2552469 -0.3508968 0.9185203 -0.1821866 0.2127002 0.9708936 -0.1101107 -0.1283378 0.980358 -0.1497588 -0.6206127 0.7793107 -0.08668833 0.09190881 0.9916002 -0.09100538 0.298246 0.9530156 -0.05301702 0.2461031 0.9690416 -0.01979339 0.2788525 0.9600276 -0.02425664 0.2556015 0.9654617 -0.05051207 0.3318307 0.9431147 -0.02056914 0.3372046 0.941214 -0.02023041 0.3425688 0.9392761 -0.02017563 0.05578768 -0.9882751 0.1421276 0.0649802 -0.9977322 0.01754975 0.4947991 -0.8568856 0.1446417 0.6995979 -0.6997289 0.1447151 0.9966806 -0.08006966 0.01471734 0.7167626 -0.6965221 0.03329372 0.7061923 -0.7077044 0.02113884 0.6940663 -0.7196837 0.01809877 0.2561275 -0.9557379 0.1447887 -0.4948537 -0.8570426 0.1435195 -0.4426097 -0.8842533 0.1489723 -0.252816 -0.9576707 0.1376625 -0.3844335 -0.9147383 0.1243574 -0.00378102 -0.9900011 0.1410096 -0.2871529 -0.9515479 0.1099995 -0.1572986 -0.9858152 0.05852824 -0.0570178 -0.997869 0.03172641 -0.0130425 -0.9997197 0.01976311 0.8562707 0.4948897 0.1479347 0.8270755 0.5441911 0.1407205 0.6992075 0.69972 0.146632 0.6805434 0.7177574 0.1472591 0.4942659 0.8570512 0.1454805 0.4888313 0.8597558 0.1478651 0.2560921 0.9557365 0.1448614 0.2559721 0.9552957 0.1479476 -1.52715e-6 0.9894554 0.1448391 4.93938e-7 0.9889942 0.1479547 -0.2560894 0.9557389 0.14485 -0.255971 0.9552954 0.1479517 -0.4947314 0.8568952 0.1448159 -0.494496 0.8564952 0.1479526 -0.6996528 0.6996484 0.1448384 -0.699325 0.6993255 0.1479477 -0.8568934 0.4947289 0.1448345 -0.8564959 0.4944971 0.1479437 -0.9557389 0.2560911 0.1448473 -0.9552953 0.2559717 0.1479514 -0.9894545 -1.44291e-6 0.1448439 -0.9889952 3.22133e-7 0.1479476 -0.9557374 -0.2560909 0.1448566 -0.9552963 -0.2559707 0.1479468 -0.856894 -0.4947297 0.1448287 -0.859413 -0.4892231 0.1485608 -0.6993029 -0.7001632 0.1440386 -0.7167702 -0.6809911 0.1499722 -0.545311 -0.8259577 0.1429334 0.8568321 -0.4947999 0.1449545 0.9557839 -0.2559977 0.1447147 0.9898697 0.002822518 0.1419512 0.999719 0.01198703 0.0204519 0.9978818 0.05678993 0.03172981 0.9859588 0.1562748 0.05885159 0.9546567 0.2819246 0.09565174 0.9572972 0.2519806 0.1417318 0.9112056 0.3979489 0.1064947 0.8853222 0.4445013 0.1364669 0.9879284 -0.04892599 0.1469822 -0.102602 0.05923718 0.9929572 -0.08377236 0.08377325 0.9929574 0.003264486 -0.1269723 0.9919009 -0.04001802 -0.2277032 0.972908 -0.08670991 -0.08228647 0.9928295 0.1227964 -0.008175671 0.9923982 -0.1034266 -0.05887496 0.9928932 -0.1144446 -0.03066486 0.9929563 -0.118477 -1.79232e-7 0.9929569 -0.1144415 0.03066319 0.9929568 -0.0592367 0.1026025 0.9929571 -0.03066509 0.1144387 0.992957 0 0.1184806 0.9929565 0.03066456 0.1144378 0.9929571 0.05887418 0.1034264 0.9928932 0.08228409 0.0867111 0.9928296 0.2276945 0.04001969 0.9729099 0.8630907 -0.02787148 -0.5042794 0.9597052 -0.020114 -0.2802879 0.8187417 -0.2193832 -0.5305969 0.4350498 -0.5833829 -0.6858543 0.2949545 -0.4889424 -0.8209368 0.4261847 -0.3007705 -0.8531727 0.469041 -0.7069457 -0.529366 0.6747233 -0.5002094 -0.5427145 0.7036393 -0.02160531 -0.7102288 0.5010176 -0.1397222 -0.8540838 0.5027024 -0.01733016 -0.8642858 0.2442322 -0.2858019 -0.9266434 0.1735854 -0.3602883 -0.9165482 0.1339359 -0.3768281 -0.9165488 0.03063172 -0.3732393 -0.9272293 0.1171514 -0.5880763 -0.8002762 0.2439574 -0.6862497 -0.6852344 0.0601654 -0.7045094 -0.7071398 0.1772915 -0.8296406 -0.5293999 0.3161315 -0.6561574 -0.6852142 0.02017235 -0.9596915 -0.2803309 0.8547076 -0.05602484 -0.5160776 0.4835426 -0.03169578 -0.8747469 0.4705601 -0.1133404 -0.8750583 0.4421541 -0.1955071 -0.8753724 0.398807 -0.2732661 -0.8753736 0.3419419 -0.3417578 -0.8753728 0.2734804 -0.3986626 -0.8753722 0.195745 -0.4420475 -0.875373 0.1135604 -0.4705005 -0.8750619 0.03182435 -0.4835214 -0.8747539 0.8325178 -0.2006028 -0.5164037 0.7830142 -0.346226 -0.5167362 0.7062547 -0.4839302 -0.5167358 0.6055479 -0.6052227 -0.5167372 0.4843062 -0.7059963 -0.5167366 0.3466449 -0.7828284 -0.5167369 0.2009896 -0.8324226 -0.5164068 0.05625283 -0.8546891 -0.5160835 0.01738756 -0.5028983 -0.8641707 0.02169233 -0.7039005 -0.7099673 0.02792215 -0.8630671 -0.5043169 0.07241261 -0.9398965 -0.333693 0.1390301 -0.8763295 -0.4612131 0.09836113 -0.6918079 -0.715351 0.09591776 -0.5435314 -0.8338906 0.5851787 -0.4327942 -0.6857515 0.704308 -0.4896739 -0.5139746 0.5184018 -0.6698137 -0.5316101 0.1397228 -0.5010124 -0.8540868 0.2193865 -0.8187394 -0.5305992 0.4901475 -0.2929775 -0.8209261 0.3007693 -0.4261798 -0.8531757 0.2870631 -0.2430853 -0.9265551 0.3460727 -0.8869799 -0.3057782 0.3097398 -0.8183701 -0.4840784 0.3071562 -0.8002322 -0.5150567 0.2303172 -0.643331 -0.7301228 0.1773602 -0.5019636 -0.8465081 0.1745099 -0.4537061 -0.8738976 0.07799935 -0.4722756 -0.8779931 0.138854 -0.8431156 -0.5194956 0.6950074 -0.2184886 -0.6850018 0.7161821 -0.1322426 -0.6852701 0.6654673 -0.3081111 -0.6798682 0.3817909 0.1219354 -0.9161701 0.363833 0.1680938 -0.9161714 0.6654539 0.308452 -0.6797268 0.3638354 -0.168094 -0.9161705 0.4000235 -0.0247634 -0.9161702 0.3939107 -0.07391351 -0.916172 0.381787 -0.1219343 -0.9161718 0.4000219 0.02476441 -0.916171 0.3939101 0.07391428 -0.9161723 0.726883 -0.04417693 -0.685339 0.7269871 0.04448491 -0.6852086 0.7163751 0.1319619 -0.6851226 0.6950076 0.2184892 -0.6850013 0.7085502 0.4659806 -0.5299233 0.5856719 0.4324858 -0.685525 0.490149 0.2929783 -0.8209249 0.2870628 0.2430871 -0.9265547 0.1308144 -0.8440148 -0.5201218 0.1426361 -0.7132777 -0.6862141 0.05459815 -0.5689771 -0.820539 0.09947669 -0.3610006 -0.9272449 0.02792251 0.8630671 -0.5043169 0.02017235 0.9596914 -0.280331 0.2193841 0.8187421 -0.530596 0.3007713 0.4261819 -0.8531739 0.5002081 0.6747231 -0.542716 0.02167034 0.7038034 -0.7100643 0.1397236 0.5010128 -0.8540865 0.01737529 0.502896 -0.8641723 -0.1113875 -0.737726 -0.6658477 -0.4886955 -0.7041161 -0.5151674 -0.43097 -0.5866546 -0.6856393 -0.310056 -0.6784619 -0.6659991 -0.1123359 -0.3854326 -0.9158726 -0.05887264 -0.3971297 -0.9158723 -0.004315912 -0.4014441 -0.9158735 -0.2914196 -0.4911152 -0.8209022 -0.2421779 -0.2880704 -0.9264801 -0.1637127 -0.3665732 -0.9158724 -0.2057559 -0.7170717 -0.6659375 -0.008107841 -0.7496588 -0.6617749 0.9597053 0.020114 -0.2802879 0.05625116 0.8546878 -0.5160859 0.03182345 0.4835175 -0.8747561 0.1135592 0.4704995 -0.8750626 0.1957433 0.4420495 -0.8753725 0.2734793 0.3986632 -0.8753723 0.3419371 0.3417602 -0.8753737 0.3988054 0.2732671 -0.8753739 0.4421521 0.195509 -0.875373 0.4705627 0.1133425 -0.8750568 0.4835475 0.03169655 -0.8747441 0.2009875 0.832422 -0.5164084 0.3466418 0.7828305 -0.5167359 0.4843068 0.705996 -0.5167366 0.6055445 0.6052256 -0.5167379 0.7062529 0.4839317 -0.516737 0.7830138 0.3462273 -0.516736 0.8325182 0.2006034 -0.5164027 0.8547108 0.05602568 -0.5160723 0.502741 0.01731181 -0.8642637 0.7036937 0.02156656 -0.7101761 0.8630908 0.02787137 -0.5042792 -0.6698165 -0.5184024 -0.5316059 -0.8630943 -0.02788847 -0.5042722 -0.7036441 -0.02157193 -0.7102251 -0.5010166 -0.139723 -0.8540843 -0.9597074 -0.02013272 -0.2802789 -0.8187391 -0.219385 -0.5306003 -0.4261802 -0.300772 -0.8531745 -0.5027086 -0.01731675 -0.8642826 0.4350845 0.5833185 -0.6858871 0.4922444 0.7027575 -0.5136413 0.6698165 0.5184024 -0.5316059 0.5010166 0.139723 -0.8540843 0.8187391 0.219385 -0.5306003 0.2949499 0.4889438 -0.8209376 0.4261802 0.300772 -0.8531745 0.2442288 0.2858007 -0.9266446 -0.02012562 -0.9597118 -0.280265 -0.02788066 -0.8631047 -0.5042552 -0.05608886 -0.8547021 -0.5160801 -0.0216341 -0.7036985 -0.7101693 -0.0173484 -0.5027823 -0.864239 -0.03173297 -0.4835363 -0.874749 -0.1134064 -0.4705425 -0.8750593 -0.1955895 -0.4421135 -0.8753744 -0.2733534 -0.398745 -0.8753745 -0.3418458 -0.3418489 -0.8753747 -0.398743 -0.2733567 -0.8753743 -0.4421139 -0.1955918 -0.8753738 -0.4705402 -0.1134086 -0.8750603 -0.483544 -0.03173309 -0.8747447 -0.2007209 -0.8324886 -0.5164048 -0.3463745 -0.7829465 -0.5167393 -0.4840907 -0.7061433 -0.5167378 -0.6053834 -0.6053858 -0.5167388 -0.7061409 -0.4840926 -0.5167394 -0.7829469 -0.3463763 -0.5167377 -0.8324883 -0.200722 -0.516405 -0.8547046 -0.05609077 -0.5160754 0.1339362 0.3768277 -0.916549 0.1735854 0.3602891 -0.9165478 0.3160872 0.6561596 -0.6852325 0.2439289 0.6862812 -0.685213 0.1697656 0.8385523 -0.5176965 0.1104645 0.7180326 -0.6871877 0.145157 0.5527732 -0.8205921 0.03091329 0.3727755 -0.9274065 -0.2193841 -0.8187421 -0.530596 -0.5856719 -0.4324858 -0.685525 -0.490149 -0.2929783 -0.8209249 -0.3007713 -0.4261819 -0.8531739 -0.7085502 -0.4659806 -0.5299233 -0.5002081 -0.6747231 -0.542716 -0.1397236 -0.5010128 -0.8540865 -0.2870629 -0.2430871 -0.9265547 -0.01168328 0.9520859 -0.3056076 -0.001818776 0.8751108 -0.4839195 0.01085746 0.6832261 -0.7301262 0.01066493 0.5322638 -0.8465115 -0.6950074 0.2184886 -0.6850018 -0.7161821 0.1322426 -0.6852701 -0.704308 0.4896739 -0.5139746 -0.5851787 0.4327942 -0.6857515 -0.6654673 0.3081111 -0.6798682 -0.3817909 -0.1219354 -0.9161701 -0.363833 -0.1680938 -0.9161714 -0.6654539 -0.308452 -0.6797268 -0.4901476 0.2929775 -0.820926 -0.287063 0.2430853 -0.9265551 -0.3638354 0.168094 -0.9161705 -0.4000235 0.0247634 -0.9161702 -0.3939107 0.07391351 -0.916172 -0.381787 0.1219343 -0.9161718 -0.4000219 -0.02476441 -0.916171 -0.3939101 -0.07391428 -0.9161723 -0.726883 0.04417693 -0.685339 -0.7269871 -0.04448491 -0.6852086 -0.7163751 -0.1319619 -0.6851226 -0.6950076 -0.2184892 -0.6850013 -0.0058133 0.8571373 -0.5150552 -0.003633618 0.4860954 -0.8738982 0.09323441 0.4695056 -0.8779931 0.1668115 0.8380349 -0.5194917 0.1014876 0.5425222 -0.8338884 0.1513155 0.6821944 -0.7153422 0.1784713 0.8689 -0.4616935 0.2631253 0.9050952 -0.3340177 -0.5184018 0.6698137 -0.5316101 -0.02788031 0.8631047 -0.5042552 -0.02168023 0.703651 -0.710215 -0.1397228 0.5010124 -0.8540868 -0.02012562 0.9597118 -0.2802648 -0.2193865 0.8187394 -0.5305992 -0.3007693 0.4261798 -0.8531757 -0.01737475 0.5027486 -0.8642581 0.1222751 0.8386017 -0.5308448 0.1865715 0.6820627 -0.7070937 0.09324276 0.592251 -0.8003402 0.09990203 0.3613331 -0.9270696 -0.9597076 0.02013272 -0.2802789 -0.8630943 0.02788853 -0.5042725 -0.8547013 0.05608975 -0.516081 -0.7037439 0.02162045 -0.7101248 -0.5028181 0.01734185 -0.8642184 -0.4835347 0.0317322 -0.8747498 -0.4705427 0.113407 -0.8750591 -0.4421108 0.1955901 -0.8753756 -0.3987425 0.2733559 -0.8753749 -0.3418477 0.341847 -0.8753747 -0.2733563 0.3987432 -0.8753743 -0.1955919 0.4421128 -0.8753744 -0.1134086 0.4705422 -0.8750592 -0.03173315 0.4835405 -0.8747466 -0.8324891 0.2007207 -0.516404 -0.782947 0.3463746 -0.5167387 -0.7061427 0.4840907 -0.5167386 -0.6053861 0.6053841 -0.5167376 -0.4840912 0.7061427 -0.5167381 -0.3463764 0.7829462 -0.5167384 -0.2007227 0.8324885 -0.5164045 -0.05609059 0.8547042 -0.5160765 -0.001579582 0.7459512 -0.6659988 -0.004316151 0.4014463 -0.9158724 -0.1637133 0.3665716 -0.915873 -0.1123363 0.3854329 -0.9158723 -0.05887395 0.3971297 -0.9158722 -0.1124723 0.7374789 -0.6659392 -0.2068443 0.7168446 -0.6658448 -0.305673 0.6845571 -0.6617746 -0.4637932 0.708601 -0.5317711 -0.4299239 0.5882988 -0.6848869 -0.2914242 0.4911138 -0.8209015 -0.2421783 0.2880715 -0.9264796 -0.8187417 0.2193832 -0.5305969 -0.4261847 0.3007705 -0.8531727 -0.6747233 0.5002094 -0.5427145 -0.5010176 0.1397222 -0.8540838 -0.9919315 -0.1070506 0.06791371 -0.9892958 -0.1337119 0.05843687 -0.9979166 -0.06188452 0.01824289 -0.9913316 -0.1100328 0.07179474 -0.9904068 -0.1187028 0.07074004 -0.9906159 -0.1156631 0.07281708 -0.9909154 -0.1128517 0.07315117 -0.9898804 -0.1069823 0.09322899 -0.9903571 -0.1257677 0.05809909 -0.9902686 -0.1225077 0.06603008 -0.5923721 -0.8046952 0.03951245 -0.5805234 -0.8131732 0.04173696 -0.7000535 -0.7136795 0.02422338 -0.3465595 -0.9367495 0.04895859 -0.1608933 -0.9857282 0.04953086 -0.06414651 -0.9977833 0.01771676 -0.8199807 -0.5700708 0.05148756 -0.7975804 -0.6011717 0.04957848 -0.684398 -0.7287883 0.02161192 -0.6732989 -0.7385092 0.03567689 -0.703875 -0.7098481 0.02599591 -0.6911234 -0.7224496 0.02037388 -0.7018494 -0.7120681 0.01914691 -0.6989861 -0.7148713 0.019432 -0.6949665 -0.7187763 0.01955395 -0.7091315 -0.7047957 0.01989042 -0.7064297 -0.7075278 0.01901525 -0.7049314 -0.7090114 0.01935648 -0.7086312 -0.7051743 0.02389693 -0.7145388 -0.6993165 0.01977252 -0.7230013 -0.6905376 0.02066493 -0.7411909 -0.670808 0.02554821 -0.4946193 -0.8569668 0.1447744 -0.6997252 -0.6995768 0.1448345 -0.8567527 -0.4949209 0.1450113 -0.8995422 -0.435038 0.03956913 -0.9557397 -0.2559151 0.1451528 -0.9642537 -0.2604543 0.0487675 -0.8570427 0.4948549 0.1435146 -0.8842557 0.4426031 0.1489786 -0.9576708 0.252819 0.1376565 -0.9147395 0.3844322 0.1243531 -0.9900017 0.003780543 0.1410045 -0.9515477 0.2871534 0.1099996 -0.9858187 0.1572858 0.05850446 -0.9978705 0.05701822 0.03167575 -0.9997131 0.01290929 0.02018135 0.4948923 -0.8562712 0.1479231 0.5441979 -0.8270721 0.140714 0.6997174 -0.6992052 0.1466558 0.717756 -0.680543 0.1472676 0.8570524 -0.4942648 0.1454769 0.8597569 -0.4888293 0.1478649 0.955738 -0.2560907 0.1448529 0.9552949 -0.2559717 0.1479536 0.9894548 7.35318e-7 0.1448424 0.9889951 -3.19747e-7 0.1479486 0.9557378 0.256092 0.1448526 0.9552955 0.2559716 0.1479502 0.8568916 0.4947274 0.1448502 0.8564937 0.4944992 0.1479502 0.6996543 0.6996517 0.1448157 0.6993263 0.6993255 0.1479411 0.4947305 0.856892 0.1448379 0.4944969 0.8564952 0.1479492 0.2560916 0.9557417 0.1448271 0.2559708 0.9552962 0.1479473 -1.30017e-6 0.9894551 0.1448402 6.22791e-7 0.9889942 0.1479544 -0.2560894 0.9557337 0.1448844 -0.2559714 0.9552953 0.1479516 -0.494732 0.8568947 0.1448163 -0.4892207 0.8594145 0.1485594 -0.7001664 0.6992999 0.1440371 -0.6809916 0.7167695 0.1499737 -0.8259596 0.5453069 0.142938 -0.4893161 -0.8711386 0.04107856 -0.2561833 -0.9557321 0.1447287 0.00282365 -0.9898701 0.1419482 0.01188194 -0.9997212 0.02040314 0.05677682 -0.9978803 0.0318017 0.1562882 -0.9859555 0.05887192 0.2819212 -0.9546578 0.09565103 0.2519779 -0.9572979 0.1417315 0.3979443 -0.9112087 0.1064851 0.4445049 -0.885319 0.136476 -0.1049503 -0.9923922 0.06436765 -0.1081547 -0.9916985 0.06954598 -0.1129455 -0.9909411 0.07265794 -0.1193866 -0.9902881 0.07124859 -0.1248996 -0.990138 0.06345713 -0.1283612 -0.9820833 0.1379712 -0.1626291 -0.07902818 0.9835174 -0.2254662 0.03943812 0.9734525 -0.08228272 0.08671015 0.9928297 -0.05887514 0.1034232 0.9928935 -0.03066474 0.1144382 0.9929571 -0.07611817 -0.09424114 0.9926353 -1.95209e-7 0.1184809 0.9929563 0.1026007 0.05923777 0.9929572 -0.09424048 -0.07611936 0.9926352 0.08377528 0.08377408 0.9929571 -0.08565706 -0.08565664 0.9926358 0.05923497 0.1026023 0.9929573 0.03066426 0.1144383 0.992957 0.1144449 0.03066509 0.9929563 0.1184772 1.95357e-7 0.9929569 -0.06220304 -0.1624146 0.98476 0.1144416 -0.03066319 0.9929566 0.1034222 -0.05887287 0.9928938 0.08671188 -0.08228576 0.9928294 0.03944116 -0.2254626 0.9734532 -0.1070512 0.9919314 0.06791371 -0.1337085 0.9892963 0.05843818 -0.06182342 0.9979212 0.01819932 -0.1100375 0.9913312 0.0717929 -0.1186977 0.9904073 0.07074171 -0.1156681 0.9906151 0.07281941 -0.1128539 0.9909153 0.07315057 -0.1069878 0.9898734 0.09329766 -0.1257679 0.9903571 0.05809944 -0.1225087 0.9902686 0.06602954 -0.8047062 0.5923574 0.03950792 -0.8131867 0.5805047 0.04173487 -0.7136813 0.7000517 0.02422285 -0.9367507 0.3465561 0.04896181 -0.9857273 0.1608992 0.04953128 -0.9977783 0.06420761 0.01777708 -0.5700979 0.8199623 0.0514819 -0.6011644 0.797586 0.04958003 -0.7287623 0.6844257 0.02161073 -0.7385087 0.6733002 0.03566288 -0.7098459 0.7038773 0.02599382 -0.7225143 0.6910557 0.02037429 -0.7119641 0.7019543 0.01916754 -0.7149369 0.6989175 0.01948481 -0.7186905 0.6950553 0.01955443 -0.7048979 0.709039 0.01956295 -0.7065899 0.7073574 0.01939409 -0.7095229 0.7044115 0.01953876 -0.7048057 0.7089903 0.02411913 -0.6991199 0.714729 0.01984918 -0.6905567 0.7229842 0.02062296 -0.6708195 0.7411806 0.0255444 -0.8569674 0.4946197 0.14477 -0.6995748 0.6997247 0.1448464 -0.4949219 0.8567521 0.1450113 -0.4350357 0.8995434 0.03957068 -0.2559141 0.9557407 0.1451478 -0.2604548 0.9642537 0.04876708 0.4948537 0.8570426 0.1435195 0.4426097 0.8842533 0.1489723 0.252816 0.9576707 0.1376625 0.3844335 0.9147383 0.1243574 0.00378102 0.9900011 0.1410096 0.2871529 0.9515479 0.1099995 0.1572986 0.9858152 0.05852824 0.0570178 0.997869 0.03172641 0.0130425 0.9997197 0.01976311 -0.8562707 -0.4948897 0.1479347 -0.8270755 -0.5441911 0.1407205 -0.6992075 -0.69972 0.146632 -0.6805434 -0.7177574 0.1472591 -0.4942659 -0.8570512 0.1454805 -0.4888313 -0.8597558 0.1478651 -0.2560921 -0.9557365 0.1448614 -0.2559721 -0.9552957 0.1479476 1.52715e-6 -0.9894554 0.1448391 -4.93938e-7 -0.9889942 0.1479547 0.2560894 -0.9557389 0.14485 0.255971 -0.9552954 0.1479517 0.4947314 -0.8568952 0.1448159 0.494496 -0.8564952 0.1479526 0.6996528 -0.6996484 0.1448384 0.699325 -0.6993255 0.1479477 0.8568934 -0.4947289 0.1448345 0.8564959 -0.4944971 0.1479437 0.9557389 -0.2560911 0.1448473 0.9552953 -0.2559717 0.1479514 0.9894545 1.44215e-6 0.1448439 0.9889952 -3.22133e-7 0.1479476 0.9557374 0.2560909 0.1448566 0.9552963 0.2559707 0.1479468 0.856894 0.4947297 0.1448287 0.859413 0.4892231 0.1485608 0.6993029 0.7001632 0.1440386 0.7167702 0.6809911 0.1499722 0.545311 0.8259577 0.1429334 -0.87114 0.4893134 0.04107832 -0.9557337 0.2561829 0.1447187 -0.9898697 -0.002822518 0.1419512 -0.999719 -0.01198703 0.0204519 -0.9978818 -0.05678993 0.03172981 -0.9859588 -0.1562748 0.05885159 -0.9546567 -0.2819246 0.09565174 -0.9572972 -0.2519806 0.1417318 -0.9112056 -0.3979489 0.1064947 -0.8853222 -0.4445013 0.1364669 -0.992393 0.1049417 0.06437063 -0.9916989 0.1081534 0.06954413 -0.9909408 0.1129481 0.07265836 -0.9902883 0.1193864 0.07124656 -0.9901379 0.124901 0.06345677 -0.9820819 0.1283641 0.1379779 -0.03066354 -0.1144354 0.9929574 -0.1624062 0.06220471 0.9847614 0 -0.1184809 0.9929564 -0.07611817 0.09423983 0.9926354 0.03066575 -0.1144409 0.9929568 -0.05887407 -0.1034244 0.9928935 -0.08228456 -0.0867111 0.9928296 -0.2254641 -0.03944051 0.9734528 -0.0790295 0.1626396 0.9835156 0.03943896 0.2254627 0.9734532 0.08670997 0.08228647 0.9928295 0.1034265 0.0588749 0.9928931 0.114442 0.0306642 0.9929566 -0.0942406 0.07611966 0.9926351 0.1184776 1.79233e-7 0.9929568 0.114444 -0.03066396 0.9929564 0.1026009 -0.05923628 0.9929574 -0.08565545 0.08565616 0.992636 0.0837745 -0.08377403 0.9929571 0.05923557 -0.1026003 0.9929574 0.9919315 0.1070506 0.06791371 0.9892958 0.1337119 0.05843687 0.9979166 0.06188452 0.01824289 0.9913316 0.1100328 0.07179474 0.9904068 0.1187028 0.07074004 0.9906159 0.1156631 0.07281708 0.9909154 0.1128517 0.07315117 0.9898804 0.1069823 0.09322899 0.9903571 0.1257677 0.05809909 0.9902686 0.1225077 0.06603008 0.5923721 0.8046952 0.03951245 0.5805234 0.8131732 0.04173696 0.7000535 0.7136795 0.02422338 0.3465595 0.9367495 0.04895859 0.1608933 0.9857282 0.04953086 0.06414651 0.9977833 0.01771676 0.8199807 0.5700708 0.05148756 0.7975804 0.6011717 0.04957848 0.684398 0.7287883 0.02161192 0.6732989 0.7385092 0.03567689 0.703875 0.7098481 0.02599591 0.6911234 0.7224496 0.02037388 0.7018494 0.7120681 0.01914691 0.6989861 0.7148713 0.019432 0.6949665 0.7187763 0.01955395 0.7091315 0.7047957 0.01989042 0.7064297 0.7075278 0.01901525 0.7049314 0.7090114 0.01935648 0.7086312 0.7051743 0.02389693 0.7145388 0.6993165 0.01977252 0.7230013 0.6905376 0.02066493 0.7411909 0.670808 0.02554821 0.4946193 0.8569668 0.1447744 0.6997252 0.6995768 0.1448345 0.8567527 0.4949209 0.1450113 0.8995422 0.435038 0.03956913 0.9557397 0.2559151 0.1451528 0.9642537 0.2604543 0.0487675 0.8570427 -0.4948549 0.1435146 0.8842557 -0.4426031 0.1489786 0.9576708 -0.252819 0.1376565 0.9147395 -0.3844322 0.1243531 0.9900017 -0.003780543 0.1410045 0.9515477 -0.2871534 0.1099996 0.9858187 -0.1572858 0.05850446 0.9978705 -0.05701822 0.03167575 0.9997131 -0.01290929 0.02018135 -0.4948923 0.8562712 0.1479231 -0.5441979 0.8270721 0.140714 -0.6997174 0.6992052 0.1466558 -0.717756 0.680543 0.1472676 -0.8570524 0.4942648 0.1454769 -0.8597569 0.4888293 0.1478649 -0.955738 0.2560907 0.1448529 -0.9552949 0.2559717 0.1479536 -0.9894548 -7.36079e-7 0.1448424 -0.9889951 3.19747e-7 0.1479486 -0.9557378 -0.256092 0.1448526 -0.9552955 -0.2559716 0.1479502 -0.8568916 -0.4947274 0.1448502 -0.8564937 -0.4944992 0.1479502 -0.6996543 -0.6996517 0.1448157 -0.6993263 -0.6993255 0.1479411 -0.4947305 -0.856892 0.1448379 -0.4944969 -0.8564952 0.1479492 -0.2560916 -0.9557417 0.1448271 -0.2559708 -0.9552962 0.1479473 1.30017e-6 -0.9894551 0.1448402 -6.22791e-7 -0.9889942 0.1479544 0.2560894 -0.9557337 0.1448844 0.2559714 -0.9552953 0.1479516 0.494732 -0.8568947 0.1448163 0.4892207 -0.8594145 0.1485594 0.7001664 -0.6992999 0.1440371 0.6809916 -0.7167695 0.1499737 0.8259596 -0.5453069 0.142938 0.4893161 0.8711386 0.04107856 0.2561833 0.9557321 0.1447287 -0.00282365 0.9898701 0.1419482 -0.01188194 0.9997212 0.02040314 -0.05677682 0.9978803 0.0318017 -0.1562882 0.9859555 0.05887192 -0.2819212 0.9546578 0.09565103 -0.2519779 0.9572979 0.1417315 -0.3979443 0.9112087 0.1064851 -0.4445049 0.885319 0.136476 0.1049503 0.9923922 0.06436765 0.1081547 0.9916985 0.06954598 0.1129455 0.9909411 0.07265794 0.1193866 0.9902881 0.07124859 0.1248996 0.990138 0.06345713 0.1283612 0.9820832 0.1379712 0 -0.1184809 0.9929563 0.07611811 0.09424114 0.9926353 0.03066468 -0.1144382 0.9929571 0.1626292 0.07902818 0.9835173 -0.1144416 0.03066319 0.9929566 0.06220304 0.1624146 0.98476 -0.1184772 -1.95357e-7 0.9929569 0.09424042 0.07611936 0.9926352 -0.1144449 -0.03066509 0.9929563 0.2254661 -0.03943812 0.9734525 0.08228266 -0.08671015 0.9928297 0.05887556 -0.1034232 0.9928935 -0.03066444 -0.1144384 0.992957 -0.05923479 -0.1026023 0.9929573 0.08565717 0.08565664 0.9926358 -0.08377528 -0.08377408 0.9929571 -0.1026019 -0.05923777 0.9929571 -0.1034222 0.05887287 0.9928938 -0.08671188 0.08228576 0.9928294 -0.03944116 0.2254626 0.9734532 -0.03066408 -0.114436 0.9929574 -0.03614079 -0.1348728 0.9902036 9.9909e-7 -0.1184752 0.9929571 2.12606e-6 -0.1396314 0.9902036 0.03066259 -0.1144342 0.9929576 0.03613507 -0.1348699 0.9902042 0.05923753 -0.1025961 0.9929577 0.06981301 -0.1209268 0.9902034 0.08377647 -0.0837773 0.9929566 0.09873926 -0.09872901 0.9902036 0.1025974 -0.05923515 0.9929577 0.1209286 -0.06981813 0.9902029 0.1144387 -0.03066277 0.9929571 0.1348735 -0.0361377 0.9902036 0.1184749 0 0.9929571 0.1396387 2.14403e-7 0.9902026 0.1144436 0.03066426 0.9929565 0.1348729 0.03613895 0.9902037 0.1025951 0.05923455 0.992958 0.1209219 0.06981521 0.9902039 0.08377104 0.08377343 0.9929574 0.09873318 0.09873098 0.990204 0.05923575 0.1026036 0.9929571 0.06981402 0.12093 0.9902031 0.03066259 0.1144381 0.9929571 0.03613698 0.1348773 0.9902032 -1.92294e-7 0.1184762 0.9929569 -5.98888e-7 0.1396209 0.9902051 -0.03066331 0.1144378 0.9929572 -0.03613787 0.1348732 0.9902037 -0.05924183 0.1026046 0.9929566 -0.06981128 0.1209245 0.9902039 -0.08376437 0.08376705 0.9929586 -0.09874051 0.09873181 0.9902033 -0.1026155 0.05923885 0.9929556 -0.1209266 0.0698176 0.9902032 -0.1144329 0.03066289 0.9929577 -0.1348718 0.03613913 0.9902038 -0.1184793 -6.96915e-7 0.9929566 -0.139634 3.16213e-7 0.9902032 -0.1144421 -0.03066319 0.9929566 -0.1348757 -0.03613942 0.9902033 -0.102602 -0.05923897 0.992957 -0.1209279 -0.06981515 0.9902032 -0.08377122 -0.08377152 0.9929576 -0.0987305 -0.09872865 0.9902045 -0.05923771 -0.1026009 0.9929572 -0.06981045 -0.1209244 0.9902039 -0.1025987 -0.0592364 0.9929575 -0.1209201 -0.06981468 0.9902042 -0.08376711 -0.08376938 0.9929582 -0.09873318 -0.09873068 0.9902041 -0.05923557 -0.1026028 0.9929572 -0.06981408 -0.1209303 0.990203 -0.03066313 -0.1144409 0.9929568 -0.0361374 -0.1348772 0.9902032 -3.28452e-7 -0.1184798 0.9929566 5.97092e-7 -0.1396212 0.990205 0.03066504 -0.1144399 0.9929569 0.03613752 -0.1348733 0.9902037 0.05924195 -0.1026054 0.9929565 0.06981122 -0.1209238 0.9902039 0.0837655 -0.08376872 0.9929583 0.09874051 -0.09873199 0.9902032 0.1026127 -0.05923712 0.9929561 0.12093 -0.06981879 0.9902027 0.1144331 -0.03066265 0.9929577 0.1348675 -0.03613823 0.9902044 0.1184743 0 0.9929572 0.1396384 2.65308e-7 0.9902026 0.1144422 0.03066349 0.9929566 0.1348696 0.03613722 0.9902042 0.1025997 0.05923825 0.9929574 0.1209324 0.06981784 0.9902024 0.08377367 0.08377367 0.9929572 0.09873116 0.09872829 0.9902045 0.05923658 0.1025999 0.9929574 0.06981235 0.1209267 0.9902035 0.03066456 0.1144357 0.9929574 0.03613913 0.1348698 0.9902042 -1.00626e-6 0.1184756 0.992957 -2.59259e-6 0.1396346 0.9902032 -0.03066229 0.1144348 0.9929575 -0.03613638 0.13487 0.9902042 -0.05923753 0.1025956 0.9929578 -0.06981307 0.1209276 0.9902034 -0.08377456 0.08377552 0.9929569 -0.0987392 0.09872877 0.9902036 -0.1026007 0.05923724 0.9929572 -0.1209214 0.06981354 0.9902042 -0.1144385 0.03066301 0.992957 -0.1348794 0.03613924 0.9902029 -0.1184793 -4.25793e-7 0.9929566 -0.1396335 4.89292e-7 0.9902033 -0.1144415 -0.03066319 0.9929568 -0.1348751 -0.03613972 0.9902034 -0.03066259 -0.1144381 0.9929571 -0.03613698 -0.1348773 0.9902032 1.92294e-7 -0.1184762 0.9929569 5.98888e-7 -0.1396209 0.9902051 0.03066331 -0.1144378 0.9929572 0.03613787 -0.1348732 0.9902037 0.05924183 -0.1026046 0.9929566 0.06981128 -0.1209245 0.9902039 0.08376437 -0.08376705 0.9929586 0.09874051 -0.09873181 0.9902033 0.1026155 -0.05923885 0.9929556 0.1209266 -0.0698176 0.9902032 0.1144329 -0.03066289 0.9929577 0.1348718 -0.03613913 0.9902038 0.1184793 6.96915e-7 0.9929566 0.139634 -3.16213e-7 0.9902032 0.1144421 0.03066319 0.9929566 0.1348757 0.03613942 0.9902033 0.102602 0.05923897 0.992957 0.1209279 0.06981515 0.9902032 0.08377122 0.08377152 0.9929576 0.0987305 0.09872865 0.9902045 0.05923771 0.1026009 0.9929572 0.06981045 0.1209244 0.9902039 0.03066408 0.114436 0.9929574 0.03614079 0.1348728 0.9902036 -9.9909e-7 0.1184752 0.9929571 -2.12606e-6 0.1396314 0.9902036 -0.03066259 0.1144342 0.9929576 -0.03613507 0.1348699 0.9902042 -0.05923753 0.1025961 0.9929577 -0.06981301 0.1209268 0.9902034 -0.08377647 0.0837773 0.9929566 -0.09873926 0.09872901 0.9902036 -0.1025974 0.05923515 0.9929577 -0.1209286 0.06981813 0.9902029 -0.1144387 0.03066277 0.9929571 -0.1348735 0.0361377 0.9902036 -0.1184749 0 0.9929571 -0.1396387 -2.14403e-7 0.9902026 -0.1144436 -0.03066426 0.9929565 -0.1348729 -0.03613895 0.9902037 -0.1025951 -0.05923455 0.992958 -0.1209219 -0.06981521 0.9902039 -0.08377104 -0.08377343 0.9929574 -0.09873318 -0.09873098 0.990204 -0.05923575 -0.1026036 0.9929571 -0.06981402 -0.12093 0.9902031 -0.03066456 -0.1144357 0.9929574 -0.03613913 -0.1348698 0.9902042 1.00626e-6 -0.1184756 0.992957 2.59259e-6 -0.1396346 0.9902032 0.03066229 -0.1144348 0.9929575 0.03613638 -0.13487 0.9902042 0.05923753 -0.1025956 0.9929578 0.06981307 -0.1209276 0.9902034 0.08377456 -0.08377552 0.9929569 0.0987392 -0.09872877 0.9902036 0.1026007 -0.05923724 0.9929572 0.1209214 -0.06981354 0.9902042 0.1144385 -0.03066301 0.992957 0.1348794 -0.03613924 0.9902029 0.1184793 4.25793e-7 0.9929566 0.1396335 -4.89292e-7 0.9902033 0.1144415 0.03066319 0.9929567 0.1348751 0.03613972 0.9902034 0.1025987 0.0592364 0.9929575 0.1209201 0.06981468 0.9902042 0.08376711 0.08376938 0.9929582 0.09873318 0.09873068 0.9902041 0.05923557 0.1026028 0.9929572 0.06981408 0.1209303 0.990203 0.03066313 0.1144409 0.9929568 0.0361374 0.1348772 0.9902032 3.28452e-7 0.1184798 0.9929566 -5.97092e-7 0.1396212 0.990205 -0.03066504 0.1144399 0.9929569 -0.03613752 0.1348733 0.9902037 -0.05924195 0.1026054 0.9929565 -0.06981122 0.1209238 0.9902039 -0.0837655 0.08376872 0.9929583 -0.09874051 0.09873199 0.9902032 -0.1026127 0.05923712 0.9929561 -0.12093 0.06981879 0.9902027 -0.1144331 0.03066265 0.9929577 -0.1348675 0.03613823 0.9902044 -0.1184743 0 0.9929572 -0.1396384 -2.65308e-7 0.9902026 -0.1144422 -0.03066349 0.9929566 -0.1348696 -0.03613722 0.9902042 -0.1025997 -0.05923825 0.9929574 -0.1209324 -0.06981784 0.9902024 -0.08377367 -0.08377367 0.9929572 -0.09873116 -0.09872829 0.9902045 -0.05923658 -0.1025999 0.9929574 -0.06981235 -0.1209267 0.9902035 0.0210343 -0.4898459 0.8715553 0.04855734 -0.8537415 0.518428 -0.04044675 -0.5885894 0.8074198 -0.07426244 -0.4246172 0.9023222 -0.009477794 -0.9915725 0.1292057 -0.006984472 -0.9996352 0.02609252 -0.01901769 -0.9529134 0.3026458 -0.03101432 -0.8243685 0.5652033 -0.01391535 -0.7292227 0.684135 0.9530382 0.02087306 0.3021301 0.8244046 0.03101909 0.5651505 0.8586364 -0.05013126 0.5101279 0.7373026 0.008477449 0.6755095 0.992233 0.00538963 0.1242771 0.999661 0.006373465 0.02524393 0.4879046 -0.03192329 0.8723131 0.4407411 0.07863265 0.8941836 0.5911494 0.04794132 0.8051361 -0.9996287 0.006963074 0.02634322 -0.9915738 0.009483158 0.1291958 -0.9529086 0.0188111 0.3026736 -0.9682096 -0.1202765 0.2193261 -0.9370962 0.005167305 0.3490331 -0.8168734 0.0283786 0.5761185 -0.8632319 -0.05537986 0.5017609 -0.7295998 0.01404243 0.6837301 -0.5890197 0.04058831 0.8070988 -0.8470349 -0.2604593 0.4633495 -0.6673777 -0.09771502 0.738281 -0.5275959 -0.04354327 0.8483788 -0.4256213 0.07441371 0.9018366 -0.4656017 -0.07229012 0.8820371 -0.9135289 -0.1634987 0.3724691 -0.9097509 -0.2595456 0.3240208 0.006984472 0.9996299 0.02629554 0.009477913 0.9915723 0.1292077 0.01881009 0.9529255 0.3026206 -0.1202796 0.9681982 0.2193742 0.005144655 0.9371067 0.3490051 0.02837657 0.8168701 0.5761233 -0.05519902 0.8632922 0.501677 0.01403987 0.7296134 0.6837157 0.04056602 0.5889875 0.8071236 -0.2337406 0.8353037 0.4976274 -0.08614945 0.6703946 0.7369867 -0.04353976 0.5276235 0.8483618 0.07440716 0.4252334 0.9020201 -0.07229495 0.4656189 0.8820275 -0.1634994 0.9135476 0.3724229 -0.2595009 0.9097579 0.3240371 0.9996287 -0.006963074 0.02634322 0.9915738 -0.009483158 0.1291958 0.9529086 -0.0188111 0.3026736 0.9682096 0.1202765 0.2193261 0.9370962 -0.005167305 0.3490331 0.8168734 -0.0283786 0.5761185 0.8632319 0.05537986 0.5017609 0.7295998 -0.01404243 0.6837301 0.5890197 -0.04058831 0.8070988 0.8352437 0.233848 0.4976778 0.6703981 0.08615845 0.7369825 0.5275959 0.04354327 0.8483788 0.4256213 -0.07441371 0.9018366 0.4656017 0.07229012 0.8820371 0.9135289 0.1634987 0.3724691 0.9097509 0.2595456 0.3240208 0.006140112 -0.9996566 0.02547657 -0.07045447 -0.4104288 0.9091669 0.07864195 -0.4411383 0.8939868 -0.06580227 -0.5293623 0.8458403 0.04802674 -0.5914488 0.8049111 -0.02526968 -0.8807561 0.4728956 -0.08154642 -0.8264372 0.5570923 -0.0778892 -0.6890584 0.720508 -0.2396727 -0.9396134 0.2443023 -0.02521109 -0.9348878 0.3540472 0.008596181 -0.7376873 0.6750879 0.02837818 -0.816866 0.576129 0.02066129 -0.9530603 0.3020747 0.005392909 -0.9922335 0.1242732 -0.1737343 -0.937037 0.302949 -0.1322934 -0.899922 0.4154983 -0.9996612 -0.006373465 0.02523839 -0.4104178 0.07045316 0.9091719 -0.4411884 -0.07866066 0.8939605 -0.5293885 0.06580179 0.8458238 -0.5914438 -0.04805141 0.8049134 -0.880703 0.02542889 0.4729858 -0.8264319 0.08157408 0.5570962 -0.6890694 0.07789301 0.7204971 -0.9396018 0.2397307 0.2442905 -0.9348948 0.0252037 0.3540291 -0.7376835 -0.008601427 0.6750919 -0.8168773 -0.02838063 0.576113 -0.9530475 -0.02066653 0.3021149 -0.9922328 -0.00538975 0.1242782 -0.9370335 0.1737362 0.3029587 -0.8999189 0.1322878 0.4155069 -0.006140112 0.9996566 0.02547657 0.07045447 0.4104288 0.9091669 -0.07864195 0.4411383 0.8939868 0.06580227 0.5293623 0.8458403 -0.04802674 0.5914488 0.8049111 0.02526968 0.8807561 0.4728956 0.08154642 0.8264372 0.5570923 0.0778892 0.6890584 0.720508 0.2396727 0.9396134 0.2443023 0.02521109 0.9348878 0.3540472 -0.008596181 0.7376873 0.6750879 -0.02837818 0.816866 0.576129 -0.02066129 0.9530603 0.3020747 -0.005392909 0.9922335 0.1242732 0.1737343 0.937037 0.302949 0.1322934 0.899922 0.4154983 0.3398862 0.3220113 0.883621 0.3571724 0.288492 0.8883695 0.652111 0.4862619 0.5816361 0.6771255 0.5382925 0.5017393 0.6144421 0.6144419 0.4948961 0.4723144 0.6568189 0.5877994 0.5382919 0.6771234 0.5017428 0.3246548 0.3246534 0.888369 0.2884889 0.3571714 0.8883709 0.2866918 0.3507582 0.8915024 0.6594753 0.5569653 0.5048584 0.3658789 0.4847433 0.7944537 0.6405804 0.6329128 0.4348312 0.3469216 0.6682771 0.6580663 0.6644992 0.6351665 0.3937058 0.4692768 0.777065 0.419463 0.3400492 0.7752543 0.5323039 0.5595794 0.6514457 0.5123373 0.5170291 0.3603847 0.7764045 0.6388314 0.6360375 0.4328406 0.762647 0.3157425 0.5645143 0.6712211 0.3521587 0.6522626 0.77706 0.4692758 0.4194736 0.6737365 0.6413885 0.3670151 0.5044907 0.7880514 0.3527948 0.4938706 0.8270316 0.2685344 0.4836949 0.8520686 0.2000461 0.7931109 0.4918856 0.3591989 0.8273831 0.4952867 0.2648177 0.8502615 0.4862065 0.2016407 0.474007 0.8651891 0.1636014 0.8655889 0.4746719 0.1595076 0.4329987 0.8721476 0.2277515 0.4183608 0.8819279 0.2172037 0.4193636 0.8921713 0.1678233 0.4078708 0.8911385 0.1987807 0.4533335 0.8638088 0.2198252 0.4710167 0.8616555 0.1889261 0.8632144 0.4756448 0.169183 0.8626393 0.464591 0.2000217 0.8643939 0.452653 0.2189258 0.871384 0.4334619 0.2297841 0.8672519 0.4425436 0.2280995 0.8769447 0.4244781 0.2253589 0.8936774 0.4094742 0.1834979 0.8845721 0.4153749 0.2121226 0.823215 0.5572293 0.1086863 0.8702659 0.4690286 0.150498 0.7733385 0.6307679 0.06387138 0.7299135 0.6825489 0.03678786 0.7161315 0.697475 0.02616256 0.7110815 0.7026749 0.02472394 0.7091885 0.7046017 0.02424937 0.7078544 0.7059286 0.02463859 0.7066892 0.7071138 0.0240907 0.7059966 0.7078003 0.0242384 0.7043804 0.7094072 0.02428501 0.7028862 0.7108802 0.02450507 0.7005475 0.713182 0.02459359 0.6983096 0.715348 0.02532088 0.6933306 0.7201204 0.02682054 0.6825246 0.7297855 0.0396676 0.628507 0.7757985 0.05581849 0.5935997 0.7988635 0.09724539 0.514373 0.8463356 0.1383351 -0.3220143 0.3398857 0.8836202 -0.2884917 0.3571723 0.8883697 -0.4862639 0.6521115 0.5816339 -0.538293 0.6771243 0.5017403 -0.6144434 0.6144421 0.4948943 -0.6568217 0.4723117 0.5877982 -0.6771248 0.5382921 0.5017407 -0.3246539 0.3246535 0.8883693 -0.3571709 0.2884903 0.8883706 -0.3507575 0.2866883 0.8915038 -0.556973 0.6594713 0.5048552 -0.4847434 0.3658767 0.7944548 -0.6329178 0.6405723 0.4348359 -0.6682769 0.3469206 0.6580671 -0.6351779 0.6644839 0.3937134 -0.777059 0.4692773 0.4194738 -0.7752524 0.3400466 0.5323085 -0.6514472 0.5595821 0.5123324 -0.3603814 0.5170286 0.7764064 -0.6360372 0.6388319 0.4328401 -0.3157467 0.7626404 0.5645208 -0.3521607 0.6712155 0.6522673 -0.469281 0.7770623 0.4194634 -0.6413896 0.673734 0.3670176 -0.7880504 0.5044916 0.352796 -0.8270307 0.4938771 0.2685253 -0.8520712 0.4836958 0.2000328 -0.4918848 0.7931125 0.3591964 -0.495292 0.8273794 0.2648193 -0.4862092 0.8502581 0.2016478 -0.8651905 0.4740045 0.1636007 -0.4746685 0.8655911 0.159505 -0.8721477 0.4329983 0.2277517 -0.8819279 0.418362 0.2172015 -0.8921694 0.4193681 0.1678225 -0.8911418 0.4078611 0.1987857 -0.8638089 0.453336 0.21982 -0.8616529 0.471022 0.1889252 -0.4756441 0.8632145 0.1691848 -0.464592 0.8626389 0.2000207 -0.4526468 0.8643971 0.2189261 -0.4334623 0.8713833 0.2297863 -0.4425517 0.8672472 0.228102 -0.4244791 0.8769452 0.2253546 -0.4094698 0.8936796 0.1834977 -0.4153732 0.8845729 0.212123 -0.5572308 0.8232134 0.1086906 -0.4690325 0.8702642 0.1504952 -0.6307584 0.7733461 0.06387329 -0.68257 0.7298932 0.036798 -0.6973254 0.7162771 0.02616447 -0.702542 0.7112155 0.02464407 -0.7046822 0.7091062 0.02431964 -0.7061693 0.7076284 0.02423167 -0.706807 0.7069768 0.02465271 -0.7084854 0.7053062 0.02432453 -0.7093517 0.7044391 0.02420592 -0.7108102 0.7029566 0.02451407 -0.7131132 0.700618 0.02457833 -0.7155225 0.6981286 0.02537918 -0.7199569 0.6935012 0.0267989 -0.7297949 0.6825149 0.03966158 -0.7757824 0.6285277 0.05581003 -0.7988674 0.5935946 0.09724551 -0.8463355 0.5143728 0.1383361 -0.6370791 -0.6870731 0.3493719 -0.7692075 -0.244902 0.5902057 -0.8004625 -0.4964576 0.335842 -0.7358664 -0.4998475 0.4567857 -0.8273831 -0.4952867 0.2648177 -0.8502615 -0.4862065 0.2016407 -0.4723144 -0.6568189 0.5877994 -0.5595794 -0.6514457 0.5123373 -0.2866918 -0.3507582 0.8915024 -0.5170291 -0.3603847 0.7764045 -0.633095 -0.6421046 0.4323107 -0.649807 -0.3436321 0.6779881 -0.8655889 -0.4746719 0.1595076 -0.3398862 -0.3220113 0.883621 -0.3571724 -0.288492 0.8883695 -0.652111 -0.4862619 0.5816361 -0.6771255 -0.5382925 0.5017393 -0.6144421 -0.6144419 0.4948961 -0.5382919 -0.6771234 0.5017428 -0.3246548 -0.3246534 0.888369 -0.2884889 -0.3571714 0.8883709 -0.8632144 -0.4756448 0.169183 -0.8626393 -0.464591 0.2000217 -0.8643939 -0.452653 0.2189258 -0.871384 -0.4334619 0.2297841 -0.8672519 -0.4425436 0.2280995 -0.8769447 -0.4244781 0.2253589 -0.8936774 -0.4094742 0.1834979 -0.8845721 -0.4153749 0.2121226 -0.6594753 -0.5569653 0.5048584 -0.3658789 -0.4847433 0.7944537 -0.6405804 -0.6329128 0.4348312 -0.3469216 -0.6682771 0.6580663 -0.6644992 -0.6351665 0.3937058 -0.4692768 -0.777065 0.419463 -0.3400492 -0.7752543 0.5323039 -0.823215 -0.5572293 0.1086863 -0.8702659 -0.4690286 0.150498 -0.7733385 -0.6307679 0.06387138 -0.7299135 -0.6825489 0.03678786 -0.7161315 -0.697475 0.02616256 -0.7110815 -0.7026749 0.02472394 -0.7091885 -0.7046017 0.02424937 -0.7078544 -0.7059286 0.02463859 -0.7066892 -0.7071138 0.0240907 -0.7059966 -0.7078003 0.0242384 -0.7043804 -0.7094072 0.02428501 -0.7028862 -0.7108802 0.02450507 -0.7005475 -0.713182 0.02459359 -0.6983096 -0.715348 0.02532088 -0.6933306 -0.7201204 0.02682054 -0.6825246 -0.7297855 0.0396676 -0.628507 -0.7757985 0.05581849 -0.5935997 -0.7988635 0.09724539 -0.514373 -0.8463356 0.1383351 -0.4193636 -0.8921713 0.1678233 -0.5044907 -0.7880514 0.3527948 -0.4938706 -0.8270316 0.2685344 -0.4836949 -0.8520686 0.2000461 -0.4329987 -0.8721476 0.2277515 -0.4183608 -0.8819279 0.2172037 -0.4078708 -0.8911385 0.1987807 -0.4533335 -0.8638088 0.2198252 -0.4710167 -0.8616555 0.1889261 -0.474007 -0.865189 0.1636014 -0.8654887 3.13561e-6 0.5009286 -0.836005 -0.2240106 0.5009143 -0.7495335 -0.432739 0.5009357 -0.6120039 -0.6120016 0.5009045 -0.4327501 -0.7495324 0.5009279 -0.2240124 -0.8359962 0.5009281 -2.61886e-6 -0.8655007 0.5009077 0.2240043 -0.8360046 0.5009178 0.4327571 -0.7495521 0.5008922 0.6119959 -0.611997 0.5009199 0.7495477 -0.4327533 0.5009021 0.8360001 -0.2240085 0.5009232 0.8654937 -1.49653e-6 0.5009198 0.8359954 0.2240027 0.5009337 0.7495457 0.4327504 0.5009077 0.6119956 0.611993 0.5009253 0.4327484 0.7495332 0.5009279 0.2240132 0.8360005 0.5009205 4.11688e-6 0.8654866 0.5009322 -0.2240052 0.8360099 0.5009084 -0.4327528 0.7495363 0.5009196 -0.6119852 0.6119917 0.5009396 -0.7495349 0.4327514 0.5009228 -0.8360074 0.2240061 0.5009123 -0.5107107 6.12677e-7 0.8597528 -0.4933161 -0.1321833 0.8597481 -0.442284 -0.2553506 0.8597564 -0.3611319 -0.3611294 0.8597497 -0.2553488 -0.4422863 0.8597557 -0.132189 -0.4933245 0.8597425 -1.55008e-6 -0.5107182 0.8597483 0.1321813 -0.4933243 0.8597438 0.2553574 -0.4422962 0.8597481 0.3611305 -0.361126 0.8597515 0.4423059 -0.2553641 0.8597412 0.4933143 -0.1321818 0.8597494 0.5107192 -9.32302e-7 0.8597475 0.4933134 0.1321858 0.8597493 0.4422964 0.2553543 0.8597488 0.361127 0.3611321 0.8597506 0.2553485 0.4422819 0.8597581 0.1321885 0.4933064 0.859753 4.35275e-7 0.5107093 0.8597536 -0.1321828 0.4933211 0.8597453 -0.2553555 0.4422907 0.8597514 -0.3611412 0.3611345 0.8597437 -0.442285 0.2553564 0.8597542 -0.4933202 0.1321843 0.8597457 -0.865487 2.24547e-6 0.5009315 -0.8360015 -0.2240062 0.5009219 -0.7495361 -0.4327425 0.5009288 -0.6119937 -0.6119914 0.5009294 -0.4327487 -0.7495329 0.5009281 -0.2240101 -0.8359989 0.5009245 -3.48002e-6 -0.8654924 0.5009221 0.2240077 -0.8360052 0.5009151 0.4327542 -0.74954 0.5009129 0.6119925 -0.611996 0.5009253 0.7495372 -0.4327515 0.5009194 0.8360002 -0.2240047 0.5009247 0.8654946 -2.35649e-6 0.5009183 0.8359989 0.2240071 0.500926 0.7495378 0.4327433 0.5009255 0.6120061 0.6120023 0.500901 0.4327524 0.7495356 0.5009209 0.2240195 0.8360217 0.5008825 1.21326e-6 0.8654928 0.5009215 -0.2239971 0.8359874 0.5009496 -0.4327556 0.7495479 0.5008997 -0.6119933 0.6119958 0.5009245 -0.7495421 0.4327505 0.5009129 -0.8360079 0.22401 0.5009095 -0.5107102 5.57374e-7 0.8597529 -0.4933093 -0.1321848 0.8597519 -0.4422891 -0.2553498 0.859754 -0.3611342 -0.3611361 0.8597459 -0.255349 -0.442284 0.8597568 -0.1321902 -0.4933118 0.8597496 0 -0.5107118 0.8597521 0.1321809 -0.493314 0.8597497 0.2553613 -0.4422973 0.8597464 0.3611355 -0.3611292 0.8597482 0.4422842 -0.255353 0.8597555 0.4933232 -0.1321847 0.8597438 0.510719 -1.07759e-6 0.8597478 0.4933177 0.1321833 0.8597472 0.4422933 0.2553567 0.8597497 0.3611255 0.361125 0.8597541 0.2553544 0.4422924 0.8597509 0.13219 0.4933412 0.8597327 0 0.5107036 0.8597568 -0.1321828 0.4933233 0.859744 -0.2553517 0.4422897 0.8597532 -0.3611375 0.3611301 0.859747 -0.4422977 0.2553602 0.8597464 -0.4933124 0.1321819 0.8597505 -0.8654946 2.3561e-6 0.5009183 -0.8359989 -0.2240071 0.500926 -0.7495378 -0.4327433 0.5009255 -0.6120061 -0.6120023 0.500901 -0.4327524 -0.7495356 0.5009209 -0.2240195 -0.8360217 0.5008825 -1.21326e-6 -0.8654928 0.5009215 0.2239971 -0.8359874 0.5009496 0.4327556 -0.7495479 0.5008997 0.6119933 -0.6119958 0.5009245 0.7495421 -0.4327505 0.5009129 0.8360079 -0.22401 0.5009095 0.865487 -2.24586e-6 0.5009314 0.8360015 0.2240062 0.5009219 0.7495361 0.4327425 0.5009288 0.6119937 0.6119914 0.5009294 0.4327487 0.7495329 0.5009281 0.2240101 0.8359989 0.5009245 3.48002e-6 0.8654924 0.5009221 -0.2240077 0.8360052 0.5009151 -0.4327542 0.74954 0.5009129 -0.6119925 0.611996 0.5009253 -0.7495372 0.4327515 0.5009194 -0.8360002 0.2240047 0.5009247 -0.510719 1.07747e-6 0.8597477 -0.4933177 -0.1321833 0.8597472 -0.4422933 -0.2553567 0.8597497 -0.3611255 -0.361125 0.8597541 -0.2553544 -0.4422924 0.8597509 -0.13219 -0.4933412 0.8597327 0 -0.5107036 0.8597568 0.1321828 -0.4933233 0.859744 0.2553517 -0.4422897 0.8597532 0.3611375 -0.3611301 0.859747 0.4422977 -0.2553602 0.8597464 0.4933124 -0.1321819 0.8597505 0.5107102 -5.57646e-7 0.8597529 0.4933093 0.1321848 0.8597519 0.4422891 0.2553498 0.859754 0.3611342 0.3611361 0.8597459 0.255349 0.442284 0.8597568 0.1321902 0.4933118 0.8597496 0 0.5107118 0.8597521 -0.1321809 0.493314 0.8597497 -0.2553613 0.4422973 0.8597464 -0.3611355 0.3611292 0.8597482 -0.4422842 0.255353 0.8597555 -0.4933232 0.1321847 0.8597438 -0.8654937 1.49613e-6 0.5009199 -0.8359954 -0.2240027 0.5009337 -0.7495457 -0.4327504 0.5009077 -0.6119956 -0.611993 0.5009253 -0.4327484 -0.7495332 0.5009279 -0.2240132 -0.8360005 0.5009205 -4.11688e-6 -0.8654866 0.5009322 0.2240052 -0.8360099 0.5009084 0.4327528 -0.7495363 0.5009196 0.6119852 -0.6119917 0.5009396 0.7495349 -0.4327514 0.5009228 0.8360074 -0.2240061 0.5009123 0.8654887 -3.136e-6 0.5009286 0.836005 0.2240106 0.5009143 0.7495335 0.432739 0.5009357 0.6120039 0.6120016 0.5009045 0.4327501 0.7495324 0.5009279 0.2240124 0.8359962 0.5009281 2.61886e-6 0.8655007 0.5009077 -0.2240043 0.8360046 0.5009178 -0.4327571 0.7495521 0.5008922 -0.6119959 0.611997 0.5009199 -0.7495477 0.4327533 0.5009021 -0.8360001 0.2240085 0.5009232 -0.5107192 9.32069e-7 0.8597475 -0.4933134 -0.1321858 0.8597493 -0.4422964 -0.2553543 0.8597488 -0.361127 -0.3611321 0.8597506 -0.2553485 -0.4422819 0.8597581 -0.1321885 -0.4933064 0.859753 -4.35275e-7 -0.5107093 0.8597536 0.1321828 -0.4933211 0.8597453 0.2553555 -0.4422907 0.8597514 0.3611412 -0.3611345 0.8597437 0.442285 -0.2553564 0.8597542 0.4933202 -0.1321843 0.8597457 0.5107107 -6.12793e-7 0.8597528 0.4933161 0.1321833 0.8597481 0.442284 0.2553506 0.8597564 0.3611319 0.3611294 0.8597497 0.2553488 0.4422863 0.8597557 0.132189 0.4933245 0.8597425 1.55008e-6 0.5107182 0.8597483 -0.1321813 0.4933243 0.8597438 -0.2553574 0.4422962 0.8597481 -0.3611305 0.361126 0.8597515 -0.4423059 0.2553641 0.8597412 -0.4933143 0.1321818 0.8597494 -0.7360026 0.4483109 0.5072647 -0.992268 0.0268926 0.1211659 -0.9594594 0.06946164 0.2731537 -0.9965132 0.04604333 0.06958037 -0.9804337 0.1293348 0.1483992 -0.9247665 0.2162825 0.3130958 -0.7971527 0.09724205 0.5958958 -0.87471 0.3290559 0.3558156 -0.7248721 0.1965963 0.6602351 -0.4367508 0.2170218 0.8730123 -0.3305417 0.3483161 0.8771648 -0.5885456 0.6201872 0.5186347 -0.4224268 0.7430204 0.5191112 -0.2211403 0.8252936 0.5196033 -2.73623e-6 0.8544011 0.519614 0.2211339 0.8252914 0.5196093 0.4272009 0.7399401 0.5196037 0.6041629 0.6041617 0.5195922 0.7399384 0.4272082 0.5196001 0.8252933 0.2211396 0.519604 0.8544055 2.79682e-6 0.5196069 0.8252894 -0.221137 0.5196115 0.743022 -0.4224238 0.5191112 0.6201891 -0.5885383 0.5186408 0.4536985 -0.72847 0.5133121 -0.2369924 0.4166825 0.8776164 -0.1238538 0.4622176 0.8780747 -1.38363e-6 0.4785187 0.8780775 0.1238486 0.4622088 0.87808 0.2392562 0.4144136 0.8780762 0.3383702 0.3383672 0.8780736 0.4144139 0.2392647 0.8780739 0.4622215 0.1238529 0.8780727 0.4785198 1.58433e-6 0.8780769 0.4622179 -0.1238507 0.8780751 0.4166806 -0.2369875 0.8776186 0.3483175 -0.33054 0.877165 0.2263845 -0.4375067 0.8702517 0.1953786 -0.7295158 0.6554647 0.089217 -0.7996057 0.5938613 0.0204271 -0.9925627 0.1200082 0.06660693 -0.9611272 0.267952 0.04334026 -0.9965884 0.07023799 0.1223248 -0.9810158 0.1504817 0.2134795 -0.9240846 0.3170085 0.3227502 -0.8715167 0.369176 -0.4483091 -0.7360106 0.5072548 -0.02690738 -0.9922648 0.1211879 -0.06944662 -0.9594761 0.2730988 -0.04606556 -0.9965057 0.06967324 -0.129332 -0.9804365 0.1483834 -0.216278 -0.9247615 0.3131138 -0.09724289 -0.7971557 0.5958917 -0.3290553 -0.8747072 0.3558229 -0.1966021 -0.7248824 0.6602222 -0.2170237 -0.4367547 0.8730098 -0.3483167 -0.3305442 0.8771637 -0.6201895 -0.5885435 0.5186343 -0.7430162 -0.4224277 0.5191165 -0.8252955 -0.2211388 0.5196009 -0.8544066 -2.66595e-6 0.519605 -0.8252931 0.2211366 0.5196058 -0.7399434 0.4272018 0.5195983 -0.6041587 0.6041605 0.5195983 -0.4272044 0.7399343 0.5196093 -2.89376e-6 0.8544009 0.5196143 0.2211346 0.8252911 0.5196097 0.4224247 0.7430258 0.519105 0.5885406 0.6201936 0.518633 0.7284646 0.4536962 0.5133217 -0.4166822 -0.2369913 0.8776168 -0.4622209 -0.1238528 0.878073 -0.4785208 -1.46269e-6 0.8780763 -0.4622214 0.1238505 0.8780732 -0.4144132 0.2392579 0.878076 -0.3383665 0.3383684 0.8780746 -0.2392606 0.4144066 0.8780784 -0.1238538 0.4622175 0.8780747 -1.3818e-6 0.4785189 0.8780774 0.1238486 0.4622085 0.8780802 0.2369903 0.4166882 0.8776142 0.3305397 0.3483178 0.877165 0.4375018 0.2263822 0.8702548 0.7295092 0.1953784 0.6554722 0.7995921 0.08921921 0.5938792 0.9925645 0.02038168 0.1200018 0.9611197 0.06660842 0.2679781 0.9965963 0.04331034 0.07014214 0.9810166 0.1223096 0.1504886 0.9240834 0.2134885 0.3170058 0.8715164 0.3227571 0.3691709 0.7360026 -0.4483109 0.5072647 0.992268 -0.0268926 0.1211659 0.9594594 -0.06946164 0.2731537 0.9965132 -0.04604333 0.06958037 0.9804337 -0.1293348 0.1483992 0.9247665 -0.2162825 0.3130958 0.7971527 -0.09724205 0.5958958 0.87471 -0.3290559 0.3558156 0.7248721 -0.1965963 0.6602351 0.4367508 -0.2170218 0.8730123 0.3305417 -0.3483161 0.8771648 0.5885456 -0.6201872 0.5186347 0.4224268 -0.7430204 0.5191112 0.2211403 -0.8252936 0.5196033 2.73623e-6 -0.8544011 0.519614 -0.2211339 -0.8252914 0.5196093 -0.4272009 -0.7399401 0.5196037 -0.6041629 -0.6041617 0.5195922 -0.7399384 -0.4272082 0.5196001 -0.8252933 -0.2211396 0.519604 -0.8544055 -2.79682e-6 0.5196069 -0.8252894 0.221137 0.5196115 -0.743022 0.4224238 0.5191112 -0.6201891 0.5885383 0.5186408 -0.4536985 0.72847 0.5133121 0.2369924 -0.4166825 0.8776164 0.1238538 -0.4622176 0.8780747 1.38363e-6 -0.4785187 0.8780775 -0.1238486 -0.4622088 0.87808 -0.2392562 -0.4144136 0.8780762 -0.3383702 -0.3383672 0.8780736 -0.4144139 -0.2392647 0.8780739 -0.4622215 -0.1238529 0.8780727 -0.4785198 -1.58433e-6 0.8780769 -0.4622179 0.1238507 0.8780751 -0.4166806 0.2369875 0.8776186 -0.3483175 0.33054 0.877165 -0.2263845 0.4375067 0.8702517 -0.1953786 0.7295158 0.6554647 -0.089217 0.7996057 0.5938613 -0.0204271 0.9925627 0.1200082 -0.06660693 0.9611272 0.267952 -0.04334026 0.9965884 0.07023799 -0.1223248 0.9810158 0.1504817 -0.2134795 0.9240846 0.3170085 -0.3227502 0.8715167 0.369176 0.4483091 0.7360106 0.5072548 0.02690738 0.9922648 0.1211879 0.06944662 0.9594761 0.2730988 0.04606556 0.9965057 0.06967324 0.129332 0.9804365 0.1483834 0.216278 0.9247615 0.3131138 0.09724289 0.7971557 0.5958917 0.3290553 0.8747072 0.3558229 0.1966021 0.7248824 0.6602222 0.2170237 0.4367547 0.8730098 0.3483167 0.3305442 0.8771637 0.6201895 0.5885435 0.5186343 0.7430162 0.4224277 0.5191165 0.8252955 0.2211388 0.5196009 0.8544066 2.66595e-6 0.519605 0.8252931 -0.2211366 0.5196058 0.7399434 -0.4272018 0.5195983 0.6041587 -0.6041605 0.5195983 0.4272044 -0.7399343 0.5196093 2.89376e-6 -0.8544009 0.5196143 -0.2211346 -0.8252911 0.5196097 -0.4224247 -0.7430258 0.519105 -0.5885406 -0.6201936 0.518633 -0.7284646 -0.4536962 0.5133217 0.4166822 0.2369913 0.8776168 0.4622209 0.1238528 0.878073 0.4785208 1.46269e-6 0.8780763 0.4622214 -0.1238505 0.8780732 0.4144132 -0.2392579 0.878076 0.3383665 -0.3383684 0.8780746 0.2392606 -0.4144066 0.8780784 0.1238538 -0.4622175 0.8780747 1.3818e-6 -0.4785189 0.8780774 -0.1238486 -0.4622085 0.8780802 -0.2369903 -0.4166882 0.8776142 -0.3305397 -0.3483178 0.877165 -0.4375018 -0.2263822 0.8702548 -0.7295092 -0.1953784 0.6554722 -0.7995921 -0.08921921 0.5938792 -0.9925645 -0.02038168 0.1200018 -0.9611197 -0.06660842 0.2679781 -0.9965963 -0.04331034 0.07014214 -0.9810166 -0.1223096 0.1504886 -0.9240834 -0.2134885 0.3170058 -0.8715164 -0.3227571 0.3691709 -0.350337 0.9270557 0.1335355 -0.3729309 0.8791173 0.2967748 0.379708 0.8612973 0.3376224 -0.3643074 0.9309177 -0.02593195 0.3710774 0.8765168 0.3066266 0.3925793 0.8729999 0.2894005 0.3813315 0.9143827 0.1359801 0.3695603 0.927871 -0.0498076 -0.3656299 0.900992 -0.2335127 0.3730201 0.8944838 -0.2464848 -0.3773856 0.8269304 -0.4168528 0.3970838 0.8197267 -0.4127622 0.3833845 0.8272511 -0.4106969 -0.3668954 0.7336796 -0.5719284 0.3696306 0.7242885 -0.5820477 -0.3781478 0.6067481 -0.6991861 0.3854309 0.5852615 -0.7133808 0.3847694 0.5851994 -0.7137886 -0.3614054 0.5186507 -0.7748469 0.369566 0.4304087 -0.8235104 -0.3525692 0.4178987 -0.8372908 0.3819198 0.2451478 -0.8910892 0.3850048 0.247018 -0.8892432 -0.3130003 0.3293747 -0.8908104 0.3727483 0.1349446 -0.918068 -0.2976605 0.2522909 -0.9207321 0.4032441 0.8713728 0.2794706 -0.3628644 0.8936309 0.2641084 -0.3652886 0.9157518 -0.167221 0.404504 0.8785739 -0.253938 0.4035492 0.9026541 -0.1495457 -0.3928469 0.9178712 0.05642467 0.3935157 0.9159975 0.07806336 0.3910905 0.9022887 0.1814479 0.4075378 0.8963172 0.1747241 0.4115412 0.7457413 -0.5239312 0.3886119 0.8012641 -0.454925 -0.3682494 0.7444339 -0.5569655 -0.3986903 0.8431207 -0.3608234 0.40073 0.8474226 -0.348268 0.4042162 0.878206 -0.2556636 -0.3953018 0.5940232 -0.7006233 0.399865 0.6091912 -0.6848315 0.4015573 0.6788992 -0.6146932 0.4025347 0.3222213 -0.8568193 0.3983079 0.3233283 -0.8583762 -0.378704 0.3957731 -0.8366283 0.4031149 0.4154511 -0.8154132 0.3827424 0.5198475 -0.7637191 -0.3928965 -0.2148644 -0.8941284 0.1918646 0.05066418 -0.9801129 -0.3589027 1.0126e-5 -0.9333751 0.3829468 0.08062392 -0.9202455 -0.4275659 0.230527 -0.8740966 0.4302344 0.2000468 -0.8802725 -0.3696499 -0.419687 -0.8289886 0.3940731 -0.3063771 -0.8665099 0.2741538 -0.1755483 -0.9455277 0.3968103 -0.5048328 -0.7666065 0.3936429 -0.49273 -0.7760558 0.4089033 -0.405545 -0.8175154 0.3868275 -0.5832643 -0.7142599 -0.3971446 -0.5856504 -0.7066044 0.4050926 -0.6628869 -0.6296673 -0.3668365 -0.750133 -0.5502105 0.4124026 -0.7333776 -0.5404458 -0.3591835 -0.9191551 -0.1616826 0.3882018 -0.8860813 -0.253297 -0.3978016 -0.8397399 -0.3695818 0.4008182 -0.840231 -0.3651805 0.410353 -0.7883154 -0.4584422 0.4158677 -0.8764833 0.2425513 0.3983721 -0.9059866 0.143137 -0.369606 -0.8892893 0.269362 -0.3932832 -0.9177042 0.05610209 0.3968946 -0.9171721 0.03563636 0.3910666 -0.9164497 -0.08477503 0.3953849 -0.9008976 -0.1790377 -0.3812746 -0.8776497 0.2904492 0.4048962 -0.8288154 0.3861659 -0.3657305 -0.9199105 0.1414423 -0.3752772 -0.926236 -0.0354098 0.3856119 -0.897259 0.2150114 -0.246824 -0.2622392 -0.9329032 -0.300558 -0.3497979 -0.8873029 0.358753 -0.1794643 -0.9160179 -0.3205474 -0.356279 -0.8776758 0.3712542 -0.3454089 -0.861895 0.36295 -0.5248649 -0.7699249 -0.3434643 -0.5009284 -0.7944199 -0.3797548 -0.6059234 -0.6990302 0.3746343 -0.1895806 -0.9075839 0.3734919 -0.6741882 -0.637161 0.4067744 -0.7692194 -0.4927841 -0.3680021 -0.7338169 -0.5710405 0.385214 -0.7755901 -0.5000704 -0.377381 -0.8270525 -0.416615 0.3709202 -0.8662842 -0.3346189 0.3929292 -0.9052673 -0.1615482 -0.36493 -0.9012874 -0.2334677 0.3867028 -0.9090224 -0.1553683 0.3687294 -0.9293414 0.0190612 0.3820353 -0.8648034 0.3258283 0.3890606 -0.8964164 0.2122963 -0.3764644 -0.8501431 0.3681458 -0.1342076 -0.9185472 0.3718325 -0.3941074 -0.8262833 0.402412 -0.1297613 -0.9516421 0.2784589 -0.4013658 -0.8542937 0.3302847 -0.3632143 -0.9066551 0.2145971 -0.3494144 -0.9135785 -0.2080483 -0.3491469 -0.9136401 -0.2082266 -0.1210375 -0.9755474 -0.1834591 -0.4081923 -0.9083365 -0.09112656 -0.1251963 -0.9911198 0.04480612 -0.3565869 -0.9342547 0.003731548 -0.401435 -0.9079813 0.1200825 -0.3629955 -0.9067344 0.2146323 -0.3411881 -0.7354331 -0.5854305 -0.3998229 -0.7749382 -0.4895022 -0.1251094 -0.7931025 -0.5961008 -0.1213532 -0.9082537 -0.4004356 -0.3445544 -0.8452588 -0.4084361 -0.4074591 -0.8629165 -0.2989186 -0.3498116 -0.9134095 -0.2081227 -0.1199647 -0.4553427 -0.882197 -0.3362044 -0.4269083 -0.8394736 -0.35072 -0.4400866 -0.8266313 -0.1273497 -0.6317144 -0.7646692 -0.4224154 -0.4667 -0.7770178 -0.3384491 -0.5943408 -0.7295281 -0.3398755 -0.593801 -0.7293046 -0.3894755 -0.6511985 -0.6513444 -0.3414074 -0.7354807 -0.5852428 -0.1327837 -0.2249587 -0.9652783 -0.1328269 0.002499461 -0.9911362 -0.3332671 -0.06309795 -0.9407188 -0.3457349 -0.1532942 -0.9257259 -0.3332933 -0.2541471 -0.9079234 -0.3777364 -0.3283504 -0.8657374 -0.3329234 0.0440188 -0.9419259 -0.3425264 0.04039382 -0.9386395 -0.3182784 0.03570502 -0.9473246 -0.3549743 0.1320877 -0.9254978 -0.1321824 0.2299321 -0.9641883 -0.3567162 0.2431313 -0.9020204 -0.3712889 0.3238981 -0.8701923 -0.1314423 0.4447609 -0.8859518 -0.3368915 0.4247334 -0.8403011 -0.4460398 0.6508144 -0.6144015 -0.1274801 0.6383877 -0.7590849 -0.3815476 0.7010845 -0.6024134 -0.1201319 0.7932516 -0.5969257 -0.3417508 0.7348318 -0.5858572 -0.4498481 0.7686328 -0.4547972 -0.3389855 0.5920151 -0.7311683 -0.3792741 0.4975625 -0.7801172 -0.3369543 0.4246578 -0.840314 -0.1148751 0.975153 -0.1894209 -0.3492219 0.9134545 -0.2089139 -0.3711231 0.8998318 -0.2292826 -0.08914977 0.9032313 -0.4197923 -0.4499743 0.8514336 -0.269414 -0.3503912 0.8367454 -0.4208127 -0.4696789 0.7918819 -0.3902882 -0.4327238 0.8766253 0.210424 -0.1227319 0.991301 0.04753088 -0.3712391 0.9057881 0.2042782 -0.1233421 0.9545162 0.2714511 -0.364897 0.906216 0.213595 -0.4008861 0.8547789 0.3296111 -0.4209702 0.8970659 0.1343762 -0.3992459 0.9166648 -0.01812011 -0.4405401 0.8950814 -0.0689491 -0.3869477 0.829331 0.4030899 -0.08727365 0.9221032 0.3769737 -0.3784079 0.8415759 0.3854314 -0.09220993 -0.9550663 -0.2816838 -0.08976036 -0.9941065 -0.06078964 -0.405105 -0.9072422 -0.113144 -0.3684341 -0.290927 -0.8829597 -0.09688603 -0.3797135 -0.9200167 -0.3861334 -0.4543202 -0.8028039 -0.08971935 -0.5434667 -0.8346223 -0.09194904 -0.8609158 -0.5003693 -0.3879636 -0.6344033 -0.6685931 -0.0911923 -0.7280183 -0.6794655 -0.3763476 -0.4610673 -0.8036041 -0.3791792 -0.4534931 -0.8065774 -0.4029002 -0.8704193 -0.2829163 -0.3549703 -0.7912124 -0.4979751 -0.3953024 -0.7587091 -0.5177807 -0.3634839 -0.8704497 0.331959 -0.3852611 -0.8682387 0.3126267 -0.08894777 -0.9840789 0.1538741 -0.3778096 -0.916745 0.1297633 -0.3632078 -0.9280701 -0.08225667 -0.09599828 -0.9333896 0.3457865 -0.3821614 0.9060024 0.1819684 -0.08936756 0.935487 0.3418737 -0.3958437 0.9183002 -0.00571525 -0.3903492 0.9206638 -0.002397477 -0.09557867 0.9835141 0.153508 -0.3823996 0.923902 -0.01326268 -0.1261498 0.9875656 -0.09381008 -0.3932779 0.8907493 -0.2278122 -0.1123986 0.8466555 -0.5201358 -0.399285 0.6703023 -0.6255129 -0.1654491 0.9545763 -0.2478117 -0.3691261 0.8175069 -0.4420729 -0.3991012 0.8198411 -0.4105837 -0.0825091 0.5420804 -0.8362662 -0.3613727 0.338176 -0.8689343 -0.1341406 0.7377175 -0.661649 -0.3517751 0.5289051 -0.7723431 -0.3954933 0.5399505 -0.742993 -0.1013602 0.3763194 -0.9209288 -0.3461239 0.1439595 -0.9270782 -0.3667921 0.1551179 -0.9172797 -0.997085 -0.07346683 -0.02059417 -0.8976663 -0.3009883 -0.3218716 -0.9067679 -0.3332483 -0.2582978 -0.9969536 -0.07728981 0.01049053 -0.9431675 -0.3051397 -0.1316246 -0.9901569 -0.1282783 -0.05598247 -0.9901553 -0.1377215 -0.0250045 -0.943167 -0.331757 0.01932227 -0.990153 -0.1120108 -0.08396774 -0.9431674 -0.2136096 -0.2545707 -0.9901544 -0.08971261 -0.107452 -0.9067682 0.3332463 -0.2582993 -0.8926939 0.288768 -0.3459925 -0.9970861 0.07345229 -0.020594 -0.9050574 -0.4117091 -0.1066151 -0.9067727 -0.4167206 0.0640884 -0.9915546 -0.120132 0.0488668 -0.9244634 -0.3616227 0.1208159 -0.9900925 -0.1345604 0.04012846 -0.9901512 -0.1398111 0.007313251 -0.9901547 -0.06261074 -0.1251946 -0.9431655 -0.07664006 -0.3233655 -0.9901555 -0.03216701 -0.1362252 -0.9431666 0.07663822 -0.3233628 -0.9431667 0.2136108 -0.2545723 -0.9901548 0.08970469 -0.1074557 -0.9431669 0.3051409 -0.1316258 -0.9431665 0.3317584 0.01932257 -0.9901543 0.1397893 0.007313132 -0.990156 0.06259429 -0.1251925 -0.9901542 0.03217506 -0.1362338 -0.9901549 1.18523e-6 -0.1399765 -0.9901547 0.1377265 -0.02500486 -0.990154 0.1282998 -0.05598413 -0.9901534 0.1120082 -0.08396744 -0.9050564 0.4117115 -0.1066155 -0.9970536 0.07581245 0.01169103 -0.9067754 0.4167147 0.06408882 -0.9244667 0.3616151 0.1208134 -0.9961433 0.08128011 0.03304952 -0.9901552 0.1343593 0.03924709 -0.534739 0.7831907 0.3172803 -0.7051569 0.6571458 0.2662955 -0.7213276 0.684867 0.1031683 -0.8393294 0.5037452 0.2043697 -0.9311304 0.337859 0.1372869 -0.9397462 0.338001 0.05130743 -0.871177 0.2764151 -0.4057654 -0.9370994 0.2582786 -0.2348129 -0.9411855 0.3243867 -0.0945692 -0.3619059 0.8643813 0.3490974 -0.3732989 0.9173819 0.138053 -0.3745934 0.888495 -0.2650594 -0.3746133 0.6743045 -0.6363791 -0.3765638 0.3382548 -0.8624289 -0.3629403 0.2840672 -0.8874573 -0.3923574 0.2264525 -0.8915016 -0.3294259 0.1609119 -0.9303687 -0.3294022 0.1584206 -0.9308046 -0.7395479 0.2886956 -0.6080493 -0.53887 0.3226412 -0.7781528 -0.7603465 0.347148 -0.5489641 -0.7267585 0.5061814 -0.4643303 -0.7677688 0.3557004 -0.5329243 -0.7232794 0.6617385 -0.1974061 -0.4914973 0.835083 0.2471175 -0.8574103 0.4936313 0.1455188 -0.2546447 -0.8975499 0.3599449 -0.4975903 -0.8060653 0.3204103 -0.491552 -0.8346439 0.2484884 -0.7026001 -0.6615397 0.2621417 -0.8655675 -0.4658034 0.1839023 -0.8573701 -0.4932768 0.1469509 -0.9654058 -0.2424755 0.09590297 -0.8577697 0.513332 0.02685719 -0.8577619 0.5057786 -0.09182864 -0.8577578 0.471149 -0.2055971 -0.8577589 0.4112921 -0.3083641 -0.8577551 0.3294416 -0.3946195 -0.8577625 0.229916 -0.4597632 -0.8577544 0.118138 -0.5003008 -0.8577587 2.58052e-6 -0.5140528 -0.8577626 -0.1181307 -0.5002883 -0.8577595 -0.2299242 -0.4597646 -0.8577617 -0.3294212 -0.3946221 -0.8577477 -0.4113197 -0.3083584 -0.8577695 -0.4711284 -0.2055962 -0.8577784 -0.5057504 -0.091829 -0.8577383 -0.5133845 0.02685874 -0.4919484 0.8694351 0.0454936 -0.4919224 0.8566362 -0.1555213 -0.4919287 0.7979652 -0.3482211 -0.4919289 0.6965898 -0.5222725 -0.4919145 0.5579595 -0.6683572 -0.4919151 0.3894234 -0.778697 -0.4919151 0.2000716 -0.8473435 -0.4919071 -5.1427e-7 -0.8706478 -0.4919258 -0.2000776 -0.8473358 -0.4919163 -0.3894267 -0.7786946 -0.4919303 -0.557918 -0.6683802 -0.4919116 -0.6966139 -0.5222567 -0.4919316 -0.7979637 -0.3482199 -0.4919489 -0.8566188 -0.1555331 -0.4919105 -0.8694567 0.04548639 -0.7213214 -0.6844545 0.1059127 -0.3712156 -0.918245 0.1379312 -0.940429 -0.3363474 0.04963707 -0.9412018 -0.3243389 -0.09457015 -0.9319797 -0.2681732 -0.2439201 -0.7679656 -0.3193693 -0.5551864 -0.8364747 -0.3019863 -0.4572903 -0.8704413 -0.3230363 -0.3714562 -0.7284671 -0.508464 -0.4591298 -0.5081452 -0.3869004 -0.7694782 -0.756964 -0.3207436 -0.5693233 -0.3288688 -0.3713939 -0.8682811 -0.3294243 -0.1609115 -0.9303694 -0.3528155 -0.2944266 -0.8881635 -0.3294011 -0.1584254 -0.9308041 -0.3752826 -0.6749273 -0.6353237 -0.3746042 -0.8884893 -0.2650635 -0.7233133 -0.6616997 -0.1974121 -0.2787137 -0.4188625 -0.8642181 -0.8252924 -0.2211353 0.5196071 -0.7399317 -0.427202 0.5196149 -0.6041591 -0.6041656 0.5195919 -0.4272004 -0.7399314 0.5196166 -0.2211314 -0.8252875 0.5196167 9.18986e-7 -0.8544006 0.519615 0.2211363 -0.8252819 0.5196234 0.4272136 -0.7399497 0.5195797 0.604156 -0.604149 0.5196149 0.7399311 -0.4271962 0.5196205 0.8252971 -0.221134 0.5196004 0.8544065 5.80448e-7 0.5196053 0.8252914 0.2211354 0.5196089 0.7399413 0.4272015 0.5196017 0.6041445 0.6041477 0.5196297 0.4271965 0.739938 0.5196104 0.2211395 0.8253057 0.5195845 -2.54083e-6 0.8544184 0.5195856 -0.221142 0.8253021 0.5195891 -0.4271945 0.7399343 0.5196173 -0.6041584 0.6041545 0.5196058 -0.7399362 0.4272009 0.5196094 -0.8252952 0.2211347 0.5196031 -0.8544086 3.99891e-7 0.5196017 -0.4622128 -0.1238488 0.8780781 -0.414405 -0.2392607 0.8780791 -0.3383572 -0.3383641 0.8780798 -0.2392557 -0.4144038 0.878081 -0.1238439 -0.4622068 0.8780817 5.8907e-7 -0.4785299 0.8780713 0.1238486 -0.4622038 0.8780828 0.2392691 -0.4144204 0.8780695 0.3383535 -0.3383541 0.8780851 0.4144245 -0.2392609 0.8780698 0.4622156 -0.1238503 0.8780763 0.4785189 5.70102e-7 0.8780773 0.4622225 0.1238494 0.8780727 0.4144254 0.2392668 0.8780678 0.3383558 0.3383593 0.8780822 0.2392588 0.4144147 0.8780751 0.1238507 0.4622215 0.8780732 -2.80129e-6 0.4785263 0.8780732 -0.1238502 0.4622113 0.8780785 -0.2392539 0.4143978 0.8780843 -0.3383677 0.3383664 0.8780749 -0.4144086 0.239259 0.8780778 -0.4622109 0.1238462 0.8780794 -0.4785255 0 0.8780737 0.691967 0.6130322 -0.3812783 0.3278005 0.8643435 -0.3813885 -0.1114311 0.9177017 -0.3813223 -0.3190693 -0.1674607 -0.9328193 -0.2046976 -0.2965561 -0.9328202 -0.04343211 -0.3577091 -0.9328227 0.1277847 -0.3369374 -0.9328153 0.2697138 -0.2389436 -0.9328239 -0.3603449 0 -0.9328193 -0.3190657 0.1674569 -0.9328212 -0.2047001 0.2965639 -0.9328171 0.3498746 -0.08623808 -0.9328187 0.6774981 -0.1669877 -0.716318 0.3498736 0.08623355 -0.9328196 0.6774843 0.1669851 -0.7163316 0.8980018 0.2487456 -0.3629306 -0.6178462 -0.3242722 -0.7163196 -0.6977806 -5.90849e-7 -0.7163116 -0.6178445 0.3242697 -0.7163222 -0.3963776 0.5742533 -0.7163225 -0.5251504 -0.7608051 -0.3813039 -0.8185502 -0.4296035 -0.3813353 -0.9244459 -1.41562e-6 -0.3813134 -0.8185594 0.4296063 -0.3813123 -0.5251455 0.7608039 -0.3813132 -0.04343521 0.3577285 -0.932815 -0.084109 0.6926952 -0.7163093 0.1277818 0.3369295 -0.9328185 0.2474223 0.6523999 -0.7163495 0.2697312 0.2389603 -0.9328146 0.522306 0.4627213 -0.7162999 0.8980056 -0.2487544 -0.3629149 0.5222812 -0.4627004 -0.7163314 0.6919577 -0.6130199 -0.381315 0.2474372 -0.6524323 -0.7163148 0.3278083 -0.864371 -0.3813195 -0.08410429 -0.6926623 -0.7163417 -0.111435 -0.9176932 -0.3813418 -0.3963763 -0.5742456 -0.7163293 -0.8252946 -0.2211375 0.5196027 -0.7399429 -0.4272028 0.5195983 -0.6041477 -0.6041548 0.5196176 -0.4271899 -0.7399259 0.5196331 -0.2211382 -0.8253011 0.5195922 2.16926e-6 -0.8544183 0.5195857 0.221143 -0.8253023 0.5195882 0.4271955 -0.7399348 0.5196158 0.6041566 -0.6041466 0.519617 0.7399341 -0.4272005 0.5196128 0.825293 -0.2211349 0.5196066 0.8544079 6.82845e-7 0.519603 0.8252909 0.221134 0.5196103 0.7399273 0.4271985 0.5196238 0.6041636 0.6041678 0.5195842 0.4272016 0.7399327 0.5196139 0.2211341 0.8252897 0.519612 -1.28146e-7 0.8543943 0.5196252 -0.2211327 0.8252803 0.5196276 -0.427214 0.7399494 0.5195798 -0.6041542 0.6041526 0.5196128 -0.7399363 0.427198 0.5196115 -0.825295 0.2211322 0.5196044 -0.8544073 4.99258e-7 0.519604 -0.4622164 -0.1238482 0.8780762 -0.4144181 -0.2392616 0.8780727 -0.3383531 -0.338357 0.8780843 -0.2392542 -0.414402 0.8780824 -0.1238506 -0.4622123 0.878078 2.88031e-6 -0.4785251 0.8780739 0.1238493 -0.4622117 0.8780785 0.2392542 -0.4144009 0.8780829 0.33837 -0.3383667 0.8780739 0.4144134 -0.2392625 0.8780747 0.4622198 -0.1238485 0.8780742 0.4785203 7.4948e-7 0.8780766 0.4622239 0.1238518 0.8780716 0.4144057 0.2392611 0.8780786 0.3383614 0.3383683 0.8780766 0.2392554 0.4144058 0.8780801 0.1238433 0.4622077 0.8780814 0 0.4785156 0.8780791 -0.1238451 0.4621969 0.8780869 -0.2392703 0.4144177 0.8780704 -0.3383519 0.3383539 0.8780858 -0.4144226 0.2392586 0.8780714 -0.4622039 0.123847 0.8780828 -0.4785246 -1.40492e-7 0.8780742 0.6919659 0.6130273 -0.3812884 0.3278053 0.864368 -0.3813291 -0.1114332 0.9176952 -0.3813375 -0.319065 -0.1674561 -0.9328215 -0.2046983 -0.2965533 -0.9328209 -0.04344111 -0.3577468 -0.9328077 0.1277788 -0.3369266 -0.93282 0.2697272 -0.2389611 -0.9328156 -0.3603494 2.54814e-7 -0.9328175 -0.3190714 0.1674634 -0.9328181 -0.2046909 0.2965461 -0.9328248 0.3498818 -0.08623909 -0.932816 0.6775028 -0.1669958 -0.7163116 0.3498715 0.08623522 -0.9328202 0.6774898 0.1669819 -0.7163273 0.8980025 0.2487537 -0.3629232 -0.6178436 -0.32427 -0.7163228 -0.6977801 -6.581e-7 -0.7163121 -0.6178516 0.3242751 -0.7163135 -0.3963744 0.5742425 -0.716333 -0.525146 -0.7608079 -0.3813047 -0.8185572 -0.4296092 -0.3813137 -0.9244456 -2.01816e-6 -0.381314 -0.8185538 0.4296026 -0.3813287 -0.52515 0.760805 -0.3813046 -0.04343354 0.3577203 -0.9328182 -0.08410495 0.6926751 -0.7163293 0.1277806 0.3369224 -0.9328213 0.2474325 0.6524164 -0.716331 0.2697257 0.238954 -0.9328178 0.522302 0.4627159 -0.7163062 0.8980089 -0.2487494 -0.3629104 0.5222882 -0.4627107 -0.7163197 0.6919578 -0.6130231 -0.3813098 0.2474244 -0.652405 -0.7163441 0.3278065 -0.8643496 -0.3813698 -0.08410847 -0.6927001 -0.7163047 -0.111427 -0.9177012 -0.3813247 -0.3963793 -0.5742508 -0.7163236 -0.8252914 -0.2211354 0.5196089 -0.7399413 -0.4272015 0.5196017 -0.6041445 -0.6041477 0.5196297 -0.4271965 -0.739938 0.5196104 -0.2211395 -0.8253057 0.5195845 2.54083e-6 -0.8544184 0.5195856 0.221142 -0.8253021 0.5195891 0.4271945 -0.7399343 0.5196173 0.6041584 -0.6041545 0.5196058 0.7399362 -0.4272009 0.5196094 0.8252952 -0.2211347 0.5196031 0.8544088 -3.9974e-7 0.5196017 0.8252925 0.2211354 0.5196071 0.7399317 0.427202 0.5196149 0.6041591 0.6041656 0.5195919 0.4272004 0.7399314 0.5196166 0.2211314 0.8252875 0.5196167 -9.18986e-7 0.8544006 0.519615 -0.2211363 0.8252819 0.5196234 -0.4272136 0.7399497 0.5195797 -0.604156 0.604149 0.5196149 -0.7399311 0.4271962 0.5196205 -0.8252971 0.221134 0.5196004 -0.8544065 -5.8166e-7 0.5196052 -0.4622225 -0.1238493 0.8780727 -0.4144254 -0.2392668 0.8780678 -0.3383558 -0.3383593 0.8780822 -0.2392588 -0.4144147 0.8780751 -0.1238507 -0.4622215 0.8780732 2.80129e-6 -0.4785263 0.8780732 0.1238502 -0.4622113 0.8780785 0.2392539 -0.4143978 0.8780843 0.3383677 -0.3383664 0.8780749 0.4144086 -0.239259 0.8780778 0.4622109 -0.1238462 0.8780794 0.4785255 0 0.8780737 0.4622127 0.1238488 0.8780781 0.414405 0.2392607 0.8780791 0.3383572 0.3383641 0.8780798 0.2392557 0.4144038 0.878081 0.1238439 0.4622068 0.8780817 -5.8907e-7 0.4785299 0.8780713 -0.1238486 0.4622038 0.8780828 -0.2392691 0.4144204 0.8780695 -0.3383535 0.3383541 0.8780851 -0.4144245 0.2392609 0.8780698 -0.4622156 0.1238503 0.8780763 -0.4785189 -5.69874e-7 0.8780773 0.6919632 0.6130234 -0.3812997 0.3278093 0.8643673 -0.3813273 -0.1114304 0.9177029 -0.3813198 -0.319069 -0.1674583 -0.9328199 -0.204697 -0.2965549 -0.9328207 -0.04343909 -0.3577438 -0.9328089 0.1277806 -0.3369326 -0.9328176 0.2697225 -0.2389543 -0.9328187 -0.3603546 6.61796e-7 -0.9328154 -0.319076 0.1674662 -0.932816 -0.2046981 0.2965618 -0.9328182 0.3498905 -0.08624154 -0.9328125 0.6774975 -0.1669916 -0.7163176 0.3498818 0.08623903 -0.932816 0.6774843 0.1669791 -0.7163331 0.8979934 0.248752 -0.3629468 -0.6178434 -0.3242707 -0.7163227 -0.6977674 2.30575e-7 -0.7163245 -0.6178512 0.3242761 -0.7163134 -0.3963772 0.5742419 -0.7163319 -0.525146 -0.7608017 -0.3813168 -0.8185504 -0.4296169 -0.3813197 -0.9244363 -1.14193e-6 -0.3813365 -0.8185549 0.4296142 -0.381313 -0.525144 0.7607839 -0.3813551 -0.04343348 0.3577234 -0.9328171 -0.08410435 0.6926752 -0.7163292 0.1277849 0.3369374 -0.9328153 0.2474392 0.6524272 -0.7163188 0.2697223 0.2389481 -0.9328203 0.5222912 0.462708 -0.7163193 0.8980002 -0.2487487 -0.3629323 0.5222804 -0.4627056 -0.7163287 0.6919529 -0.6130176 -0.3813274 0.2474308 -0.6524095 -0.7163379 0.3278118 -0.864355 -0.3813528 -0.08410799 -0.6927005 -0.7163044 -0.1114238 -0.9177024 -0.3813229 -0.3963807 -0.5742499 -0.7163236 -0.8252909 -0.221134 0.5196103 -0.7399273 -0.4271985 0.5196238 -0.6041636 -0.6041678 0.5195842 -0.4272016 -0.7399327 0.5196139 -0.2211341 -0.8252897 0.519612 1.28146e-7 -0.8543943 0.5196252 0.2211327 -0.8252803 0.5196276 0.427214 -0.7399494 0.5195798 0.6041542 -0.6041526 0.5196128 0.7399363 -0.427198 0.5196115 0.825295 -0.2211322 0.5196044 0.8544072 -4.98198e-7 0.519604 0.8252946 0.2211375 0.5196027 0.7399429 0.4272028 0.5195983 0.6041477 0.6041548 0.5196176 0.4271899 0.7399259 0.5196331 0.2211382 0.8253011 0.5195922 -2.16926e-6 0.8544183 0.5195857 -0.221143 0.8253023 0.5195882 -0.4271955 0.7399348 0.5196158 -0.6041566 0.6041466 0.519617 -0.7399341 0.4272005 0.5196128 -0.825293 0.2211349 0.5196066 -0.8544079 -6.8345e-7 0.519603 -0.462224 -0.1238518 0.8780717 -0.4144057 -0.2392611 0.8780786 -0.3383614 -0.3383683 0.8780766 -0.2392554 -0.4144058 0.8780801 -0.1238433 -0.4622077 0.8780814 0 -0.4785156 0.8780791 0.1238451 -0.4621969 0.8780869 0.2392703 -0.4144177 0.8780704 0.3383519 -0.3383539 0.8780858 0.4144226 -0.2392586 0.8780714 0.4622039 -0.123847 0.8780828 0.4785246 1.4034e-7 0.8780742 0.4622164 0.1238483 0.8780762 0.4144181 0.2392616 0.8780727 0.3383531 0.338357 0.8780843 0.2392542 0.414402 0.8780824 0.1238506 0.4622123 0.878078 -2.88031e-6 0.4785251 0.8780739 -0.1238493 0.4622117 0.8780785 -0.2392542 0.4144009 0.8780829 -0.33837 0.3383667 0.8780739 -0.4144134 0.2392625 0.8780747 -0.4622198 0.1238485 0.8780742 -0.4785203 -7.4929e-7 0.8780766 0.6919594 0.6130263 -0.3813017 0.3278059 0.8643466 -0.3813766 -0.1114273 0.917699 -0.3813299 -0.3190735 -0.1674631 -0.9328173 -0.204706 -0.2965741 -0.9328126 -0.04343122 -0.3577089 -0.9328227 0.1277847 -0.3369411 -0.932814 0.2697147 -0.2389447 -0.9328234 -0.3603525 -2.34255e-7 -0.9328162 -0.3190633 0.1674537 -0.9328226 -0.204706 0.2965707 -0.9328138 0.3498842 -0.08624124 -0.9328149 0.677496 -0.1669851 -0.7163206 0.3498837 0.08623695 -0.9328155 0.677486 0.1669852 -0.7163301 0.8979949 0.2487459 -0.362947 -0.617846 -0.3242729 -0.7163194 -0.6977693 0 -0.7163226 -0.6178394 0.3242661 -0.7163282 -0.3963847 0.5742563 -0.7163162 -0.5251444 -0.760783 -0.3813565 -0.8185499 -0.4296157 -0.3813222 -0.9244389 -6.93267e-7 -0.3813306 -0.818553 0.4296131 -0.3813186 -0.5251454 0.7607985 -0.3813243 -0.04343342 0.3577272 -0.9328156 -0.08410865 0.6926957 -0.7163088 0.127784 0.3369399 -0.9328144 0.2474287 0.6524083 -0.7163397 0.2697272 0.2389537 -0.9328175 0.5222942 0.4627138 -0.7163133 0.8980002 -0.2487552 -0.3629276 0.5222721 -0.4626945 -0.7163419 0.6919555 -0.6130155 -0.3813263 0.2474434 -0.6524365 -0.7163089 0.327812 -0.8643699 -0.3813188 -0.08410394 -0.692663 -0.7163411 -0.1114316 -0.9177033 -0.3813183 -0.3963809 -0.5742478 -0.7163251 0.7034303 0.1417298 0.6964902 0.717093 0 0.6969776 0.6638314 0.2727461 0.6963745 0.5955991 0.4017475 0.695601 0.5083089 0.5083089 0.6951577 0.4017473 0.5955991 0.6956011 0.2727454 0.6638318 0.6963745 0.1417291 0.7034305 0.6964901 0 0.7170931 0.6969775 -0.1417295 0.7034305 0.69649 -0.2727458 0.6638317 0.6963744 -0.4017474 0.595599 0.6956011 -0.508309 0.5083089 0.6951576 -0.5955991 0.4017475 0.6956011 -0.6638314 0.2727462 0.6963746 -0.7034303 0.1417298 0.6964902 -0.717093 0 0.6969776 -0.7034304 -0.1417298 0.6964901 -0.6638314 -0.2727461 0.6963745 -0.5955991 -0.4017475 0.695601 -0.508309 -0.5083088 0.6951576 -0.4017475 -0.5955991 0.6956011 -0.2727457 -0.6638317 0.6963744 -0.1417294 -0.7034304 0.6964901 0 -0.7170931 0.6969775 0.1417294 -0.7034305 0.69649 0.2727456 -0.6638317 0.6963744 0.4017473 -0.5955991 0.6956011 0.508309 -0.5083089 0.6951577 0.5955991 -0.4017475 0.695601 0.6638314 -0.2727461 0.6963745 0.7034303 -0.1417298 0.6964902 0 0 1</float_array>
          <technique_common>
            <accessor source="#base-mesh-normals-array" count="5608" stride="3">
              <param name="X" type="float"/>
              <param name="Y" type="float"/>
              <param name="Z" type="float"/>
            </accessor>
          </technique_common>
        </source>
        <vertices id="base-mesh-vertices">
          <input semantic="POSITION" source="#base-mesh-positions"/>
        </vertices>
        <triangles count="11234">
          <input semantic="VERTEX" source="#base-mesh-vertices" offset="0"/>
          <input semantic="NORMAL" source="#base-mesh-normals" offset="1"/>
          <p>0 0 1 1 2 2 3 3 4 4 5 5 6 6 7 7 8 8 8 8 7 7 9 9 8 8 9 9 10 10 10 10 9 9 11 11 10 10 11 11 12 12 12 12 11 11 13 13 12 12 13 13 14 14 15 15 16 16 17 17 17 17 16 16 18 18 17 17 18 18 19 19 19 19 18 18 20 20 19 19 20 20 6 6 6 6 20 20 21 21 6 6 21 21 7 7 14 14 13 13 22 22 22 22 13 13 23 23 22 22 23 23 24 24 24 24 23 23 25 25 24 24 25 25 26 26 26 26 25 25 27 27 26 26 27 27 28 28 28 28 27 27 29 29 29 29 27 27 30 30 29 29 30 30 31 31 31 31 30 30 15 15 31 31 15 15 32 32 32 32 15 15 17 17 32 32 17 17 33 33 33 33 17 17 34 34 33 33 34 34 35 35 35 35 34 34 36 36 35 35 36 36 37 37 38 38 39 39 36 36 36 36 39 39 40 40 36 36 40 40 37 37 41 41 5 5 42 42 42 42 5 5 4 4 42 42 4 4 43 43 43 43 4 4 44 44 45 45 46 46 47 47 47 47 46 46 48 48 47 47 48 48 49 49 49 49 48 48 50 50 49 49 50 50 51 51 51 51 50 50 52 52 51 51 52 52 53 53 53 53 52 52 54 54 53 53 54 54 55 55 55 55 54 54 56 56 55 55 56 56 44 44 44 44 56 56 57 57 44 44 57 57 43 43 58 58 59 59 45 45 41 41 60 60 5 5 5 5 60 60 61 61 5 5 61 61 38 38 38 38 61 61 62 62 38 38 62 62 39 39 47 47 63 63 45 45 45 45 63 63 64 64 45 45 64 64 58 58 58 58 64 64 65 65 58 58 65 65 5 5 5 5 65 65 66 66 5 5 66 66 3 3 67 67 68 68 58 58 58 58 68 68 69 69 58 58 69 69 59 59 70 70 71 71 72 72 72 72 71 71 73 73 72 72 73 73 67 67 67 67 73 73 74 74 67 67 74 74 68 68 75 75 76 76 77 77 75 75 77 77 78 78 77 77 79 79 78 78 78 78 79 79 80 80 78 78 80 80 81 81 80 80 82 82 81 81 81 81 82 82 83 83 81 81 83 83 70 70 70 70 83 83 84 84 70 70 84 84 71 71 85 85 86 86 87 87 88 88 89 89 90 90 76 76 91 91 92 92 93 93 94 94 95 95 95 95 94 94 96 96 95 95 96 96 97 97 97 97 96 96 77 77 97 97 77 77 98 98 98 98 77 77 76 76 98 98 76 76 99 99 99 99 76 76 92 92 100 100 101 101 102 102 102 102 101 101 103 103 102 102 103 103 104 104 104 104 103 103 105 105 104 104 105 105 93 93 93 93 105 105 106 106 93 93 106 106 94 94 89 89 85 85 90 90 90 90 85 85 87 87 90 90 87 87 91 91 91 91 87 87 107 107 91 91 107 107 92 92 85 85 108 108 86 86 86 86 108 108 109 109 86 86 109 109 110 110 110 110 109 109 111 111 110 110 111 111 100 100 100 100 111 111 112 112 100 100 112 112 101 101 113 113 114 114 115 115 116 116 117 117 118 118 118 118 117 117 119 119 120 120 121 121 122 122 122 122 121 121 123 123 122 122 123 123 124 124 113 113 115 115 125 125 125 125 115 115 126 126 125 125 126 126 127 127 127 127 126 126 128 128 127 127 128 128 120 120 120 120 128 128 129 129 120 120 129 129 121 121 130 130 131 131 132 132 132 132 131 131 133 133 132 132 133 133 119 119 119 119 133 133 134 134 119 119 134 134 118 118 123 123 135 135 124 124 124 124 135 135 136 136 124 124 136 136 137 137 137 137 136 136 138 138 137 137 138 138 116 116 116 116 138 138 139 139 116 116 139 139 117 117 117 117 139 139 140 140 140 140 141 141 117 117 117 117 141 141 142 142 117 117 142 142 143 143 143 143 142 142 144 144 143 143 144 144 145 145 145 145 144 144 146 146 145 145 146 146 147 147 147 147 146 146 148 148 147 147 148 148 149 149 149 149 148 148 150 150 149 149 150 150 151 151 151 151 150 150 152 152 151 151 152 152 90 90 90 90 152 152 153 153 90 90 153 153 88 88 154 154 155 155 156 156 156 156 155 155 157 157 156 156 157 157 132 132 132 132 157 157 114 114 132 132 114 114 130 130 130 130 114 114 113 113 158 158 159 159 160 160 160 160 159 159 161 161 159 159 162 162 161 161 161 161 162 162 163 163 161 161 163 163 154 154 154 154 163 163 164 164 154 154 164 164 155 155 165 165 166 166 167 167 2 2 167 167 168 168 169 169 158 158 170 170 171 171 172 172 173 173 172 172 174 174 2 2 167 167 166 166 168 168 168 168 166 166 175 175 168 168 175 175 176 176 168 168 177 177 2 2 2 2 177 177 178 178 2 2 178 178 172 172 172 172 178 178 179 179 172 172 179 179 173 173 169 169 170 170 180 180 181 181 182 182 167 167 167 167 182 182 183 183 167 167 183 183 165 165 176 176 175 175 184 184 184 184 175 175 185 185 184 184 185 185 186 186 186 186 185 185 187 187 186 186 187 187 188 188 188 188 187 187 189 189 188 188 189 189 190 190 190 190 189 189 191 191 190 190 191 191 192 192 192 192 191 191 193 193 192 192 193 193 194 194 194 194 193 193 195 195 194 194 195 195 196 196 196 196 195 195 197 197 196 196 197 197 198 198 198 198 197 197 199 199 198 198 199 199 173 173 173 173 199 199 200 200 173 173 200 200 171 171 201 201 202 202 203 203 203 203 202 202 204 204 203 203 204 204 205 205 205 205 204 204 206 206 205 205 206 206 207 207 201 201 208 208 202 202 202 202 208 208 209 209 202 202 209 209 181 181 181 181 209 209 210 210 181 181 210 210 182 182 211 211 212 212 213 213 213 213 212 212 214 214 213 213 214 214 215 215 206 206 216 216 207 207 207 207 216 216 217 217 207 207 217 217 218 218 218 218 217 217 219 219 218 218 219 219 220 220 220 220 219 219 221 221 220 220 221 221 222 222 222 222 221 221 223 223 215 215 224 224 225 225 225 225 224 224 226 226 225 225 226 226 227 227 227 227 226 226 228 228 227 227 228 228 229 229 229 229 228 228 230 230 229 229 230 230 223 223 223 223 230 230 231 231 223 223 231 231 222 222 225 225 232 232 215 215 215 215 232 232 233 233 215 215 233 233 213 213 213 213 233 233 234 234 213 213 234 234 235 235 235 235 234 234 236 236 235 235 236 236 206 206 206 206 236 236 237 237 206 206 237 237 216 216 238 238 239 239 240 240 213 213 241 241 240 240 240 240 241 241 242 242 240 240 242 242 238 238 211 211 213 213 243 243 243 243 213 213 240 240 243 243 240 240 244 244 244 244 240 240 245 245 245 245 240 240 246 246 245 245 246 246 247 247 158 158 160 160 170 170 170 170 160 160 248 248 170 170 248 248 249 249 174 174 180 180 2 2 2 2 180 180 170 170 2 2 170 170 0 0 0 0 170 170 249 249 250 250 251 251 252 252 252 252 251 251 253 253 252 252 253 253 254 254 254 254 253 253 255 255 254 254 255 255 256 256 8 8 257 257 6 6 6 6 257 257 258 258 6 6 258 258 259 259 259 259 258 258 260 260 259 259 260 260 261 261 261 261 260 260 251 251 261 261 251 251 262 262 262 262 251 251 250 250 263 263 264 264 265 265 265 265 264 264 266 266 265 265 266 266 267 267 267 267 266 266 268 268 267 267 268 268 269 269 269 269 268 268 270 270 269 269 270 270 271 271 271 271 270 270 272 272 271 271 272 272 273 273 273 273 272 272 274 274 273 273 274 274 275 275 275 275 274 274 276 276 276 276 274 274 277 277 276 276 277 277 278 278 278 278 277 277 279 279 278 278 279 279 280 280 280 280 279 279 281 281 280 280 281 281 282 282 282 282 281 281 283 283 282 282 283 283 284 284 284 284 283 283 285 285 284 284 285 285 286 286 286 286 285 285 287 287 286 286 287 287 288 288 288 288 287 287 289 289 288 288 289 289 290 290 290 290 289 289 291 291 290 290 291 291 292 292 292 292 291 291 293 293 292 292 293 293 294 294 294 294 293 293 295 295 294 294 295 295 296 296 296 296 295 295 297 297 296 296 297 297 298 298 298 298 297 297 299 299 298 298 299 299 300 300 300 300 299 299 301 301 300 300 301 301 302 302 302 302 301 301 303 303 302 302 303 303 304 304 304 304 303 303 305 305 304 304 305 305 306 306 306 306 305 305 307 307 306 306 307 307 308 308 308 308 307 307 309 309 308 308 309 309 263 263 263 263 309 309 310 310 263 263 310 310 264 264 311 311 312 312 313 313 313 313 312 312 314 314 313 313 314 314 315 315 315 315 314 314 316 316 315 315 316 316 317 317 317 317 316 316 318 318 317 317 318 318 319 319 319 319 318 318 320 320 319 319 320 320 321 321 321 321 320 320 322 322 321 321 322 322 323 323 323 323 322 322 324 324 324 324 322 322 325 325 324 324 325 325 326 326 326 326 325 325 327 327 326 326 327 327 328 328 328 328 327 327 329 329 328 328 329 329 330 330 330 330 329 329 331 331 330 330 331 331 332 332 332 332 331 331 333 333 332 332 333 333 334 334 334 334 333 333 335 335 334 334 335 335 336 336 336 336 335 335 337 337 336 336 337 337 338 338 338 338 337 337 339 339 338 338 339 339 340 340 340 340 339 339 341 341 340 340 341 341 342 342 342 342 341 341 343 343 342 342 343 343 344 344 344 344 343 343 345 345 344 344 345 345 346 346 346 346 345 345 347 347 346 346 347 347 348 348 348 348 347 347 349 349 348 348 349 349 350 350 350 350 349 349 351 351 350 350 351 351 352 352 352 352 351 351 353 353 352 352 353 353 354 354 354 354 353 353 355 355 354 354 355 355 356 356 356 356 355 355 357 357 356 356 357 357 311 311 311 311 357 357 358 358 311 311 358 358 312 312 359 359 360 360 361 361 361 361 360 360 362 362 361 361 362 362 363 363 363 363 362 362 364 364 363 363 364 364 365 365 365 365 364 364 366 366 365 365 366 366 367 367 367 367 366 366 368 368 367 367 368 368 369 369 369 369 368 368 370 370 369 369 370 370 371 371 371 371 370 370 372 372 372 372 370 370 373 373 372 372 373 373 374 374 374 374 373 373 375 375 374 374 375 375 376 376 376 376 375 375 377 377 376 376 377 377 378 378 378 378 377 377 379 379 378 378 379 379 380 380 380 380 379 379 381 381 380 380 381 381 382 382 382 382 381 381 383 383 382 382 383 383 384 384 384 384 383 383 385 385 384 384 385 385 386 386 386 386 385 385 387 387 386 386 387 387 388 388 388 388 387 387 389 389 388 388 389 389 390 390 390 390 389 389 391 391 390 390 391 391 392 392 392 392 391 391 393 393 392 392 393 393 394 394 394 394 393 393 395 395 394 394 395 395 396 396 396 396 395 395 397 397 396 396 397 397 398 398 398 398 397 397 399 399 398 398 399 399 400 400 400 400 399 399 401 401 400 400 401 401 402 402 402 402 401 401 403 403 402 402 403 403 404 404 404 404 403 403 405 405 404 404 405 405 359 359 359 359 405 405 406 406 359 359 406 406 360 360 407 407 408 408 409 409 409 409 408 408 410 410 409 409 410 410 411 411 411 411 410 410 412 412 411 411 412 412 413 413 413 413 412 412 414 414 413 413 414 414 415 415 415 415 414 414 416 416 415 415 416 416 417 417 417 417 416 416 418 418 417 417 418 418 419 419 419 419 418 418 420 420 420 420 418 418 421 421 420 420 421 421 422 422 422 422 421 421 423 423 422 422 423 423 424 424 424 424 423 423 425 425 424 424 425 425 426 426 426 426 425 425 427 427 426 426 427 427 428 428 428 428 427 427 429 429 428 428 429 429 430 430 430 430 429 429 431 431 430 430 431 431 432 432 432 432 431 431 433 433 432 432 433 433 434 434 434 434 433 433 435 435 434 434 435 435 436 436 436 436 435 435 437 437 436 436 437 437 438 438 438 438 437 437 439 439 438 438 439 439 440 440 440 440 439 439 441 441 440 440 441 441 442 442 442 442 441 441 443 443 442 442 443 443 444 444 444 444 443 443 445 445 444 444 445 445 446 446 446 446 445 445 447 447 446 446 447 447 448 448 448 448 447 447 449 449 448 448 449 449 450 450 450 450 449 449 451 451 450 450 451 451 452 452 452 452 451 451 453 453 452 452 453 453 407 407 407 407 453 453 454 454 407 407 454 454 408 408 455 455 456 456 457 457 458 458 459 459 460 460 461 461 462 462 463 463 463 463 462 462 464 464 465 465 466 466 467 467 467 467 466 466 468 468 469 469 465 465 470 470 470 470 465 465 467 467 470 470 467 467 471 471 471 471 467 467 468 468 471 471 468 468 472 472 473 473 469 469 474 474 474 474 469 469 470 470 474 474 470 470 475 475 475 475 470 470 471 471 475 475 471 471 461 461 461 461 471 471 472 472 461 461 472 472 462 462 463 463 476 476 461 461 461 461 476 476 477 477 461 461 477 477 475 475 475 475 477 477 478 478 475 475 478 478 474 474 474 474 478 478 479 479 474 474 479 479 473 473 480 480 481 481 479 479 479 479 481 481 482 482 479 479 482 482 473 473 483 483 484 484 485 485 485 485 484 484 486 486 485 485 486 486 487 487 487 487 486 486 488 488 487 487 488 488 489 489 489 489 488 488 490 490 491 491 492 492 493 493 493 493 492 492 494 494 459 459 494 494 460 460 460 460 494 494 492 492 460 460 492 492 495 495 495 495 492 492 491 491 495 495 491 491 496 496 484 484 458 458 486 486 486 486 458 458 460 460 486 486 460 460 488 488 488 488 460 460 495 495 488 488 495 495 490 490 490 490 495 495 496 496 476 476 483 483 477 477 477 477 483 483 485 485 477 477 485 485 478 478 478 478 485 485 487 487 478 478 487 487 479 479 479 479 487 487 489 489 479 479 489 489 480 480 480 480 489 489 490 490 480 480 490 490 497 497 497 497 490 490 496 496 497 497 496 496 498 498 498 498 496 496 499 499 494 494 500 500 493 493 493 493 500 500 501 501 493 493 501 501 502 502 502 502 503 503 493 493 493 493 503 503 504 504 493 493 504 504 491 491 491 491 504 504 457 457 491 491 457 457 496 496 496 496 457 457 456 456 496 496 456 456 499 499 505 505 455 455 506 506 506 506 455 455 457 457 506 506 457 457 507 507 507 507 457 457 504 504 507 507 504 504 508 508 508 508 504 504 503 503 508 508 503 503 509 509 509 509 503 503 502 502 510 510 511 511 512 512 513 513 514 514 515 515 516 516 517 517 518 518 519 519 520 520 521 521 519 519 521 521 522 522 522 522 521 521 523 523 522 522 523 523 524 524 525 525 526 526 523 523 523 523 526 526 527 527 523 523 527 527 524 524 528 528 529 529 525 525 525 525 529 529 530 530 525 525 530 530 526 526 528 528 525 525 531 531 531 531 525 525 532 532 531 531 532 532 533 533 533 533 532 532 534 534 533 533 534 534 535 535 517 517 516 516 536 536 516 516 537 537 536 536 536 536 537 537 538 538 536 536 538 538 534 534 534 534 538 538 539 539 534 534 539 539 535 535 514 514 540 540 515 515 515 515 540 540 541 541 515 515 541 541 542 542 542 542 541 541 543 543 542 542 543 543 518 518 513 513 515 515 544 544 544 544 515 515 545 545 544 544 545 545 546 546 547 547 548 548 549 549 549 549 548 548 550 550 549 549 550 550 551 551 551 551 550 550 552 552 553 553 554 554 555 555 555 555 554 554 556 556 555 555 556 556 557 557 558 558 559 559 553 553 553 553 559 559 560 560 553 553 560 560 554 554 505 505 561 561 558 558 558 558 561 561 562 562 558 558 562 562 559 559 505 505 558 558 455 455 455 455 558 558 563 563 455 455 563 563 456 456 456 456 563 563 564 564 456 456 564 564 499 499 481 481 480 480 565 565 565 565 480 480 497 497 565 565 497 497 564 564 564 564 497 497 498 498 564 564 498 498 499 499 566 566 466 466 465 465 465 465 469 469 566 566 566 566 469 469 473 473 566 566 473 473 565 565 565 565 473 473 482 482 565 565 482 482 481 481 510 510 512 512 520 520 567 567 568 568 569 569 569 569 568 568 570 570 547 547 571 571 548 548 548 548 571 571 572 572 548 548 572 572 567 567 518 518 517 517 542 542 542 542 517 517 536 536 542 542 536 536 573 573 573 573 536 536 534 534 573 573 534 534 574 574 574 574 534 534 532 532 574 574 532 532 575 575 575 575 532 532 525 525 575 575 525 525 576 576 576 576 525 525 523 523 576 576 523 523 577 577 577 577 523 523 521 521 577 577 521 521 578 578 567 567 569 569 548 548 548 548 569 569 579 579 548 548 579 579 550 550 550 550 579 579 580 580 550 550 580 580 581 581 581 581 580 580 582 582 581 581 582 582 583 583 583 583 582 582 584 584 583 583 584 584 585 585 585 585 584 584 586 586 585 585 586 586 587 587 587 587 586 586 588 588 587 587 588 588 589 589 589 589 588 588 590 590 589 589 590 590 591 591 520 520 512 512 521 521 521 521 512 512 592 592 521 521 592 592 578 578 578 578 592 592 593 593 578 578 593 593 594 594 594 594 590 590 578 578 578 578 590 590 588 588 578 578 588 588 577 577 577 577 588 588 586 586 577 577 586 586 576 576 576 576 586 586 584 584 576 576 584 584 575 575 575 575 584 584 582 582 575 575 582 582 574 574 574 574 582 582 580 580 574 574 580 580 573 573 573 573 580 580 579 579 573 573 579 579 542 542 542 542 579 579 569 569 542 542 569 569 515 515 515 515 569 569 570 570 515 515 570 570 545 545 594 594 595 595 590 590 590 590 595 595 596 596 590 590 596 596 591 591 591 591 596 596 597 597 591 591 597 597 598 598 552 552 550 550 557 557 557 557 550 550 581 581 557 557 581 581 555 555 555 555 581 581 583 583 555 555 583 583 553 553 553 553 583 583 585 585 553 553 585 585 558 558 558 558 585 585 587 587 558 558 587 587 563 563 563 563 587 587 589 589 563 563 589 589 564 564 564 564 589 589 591 591 564 564 591 591 565 565 565 565 591 591 598 598 565 565 598 598 566 566 599 599 600 600 601 601 602 602 603 603 604 604 605 605 606 606 607 607 607 607 606 606 608 608 609 609 610 610 611 611 611 611 610 610 612 612 613 613 609 609 614 614 614 614 609 609 611 611 614 614 611 611 615 615 615 615 611 611 612 612 615 615 612 612 616 616 617 617 613 613 618 618 618 618 613 613 614 614 618 618 614 614 619 619 619 619 614 614 615 615 619 619 615 615 605 605 605 605 615 615 616 616 605 605 616 616 606 606 607 607 620 620 605 605 605 605 620 620 621 621 605 605 621 621 619 619 619 619 621 621 622 622 619 619 622 622 618 618 618 618 622 622 623 623 618 618 623 623 617 617 624 624 625 625 623 623 623 623 625 625 626 626 623 623 626 626 617 617 627 627 628 628 629 629 629 629 628 628 630 630 629 629 630 630 631 631 631 631 630 630 632 632 631 631 632 632 633 633 633 633 632 632 634 634 635 635 636 636 637 637 637 637 636 636 638 638 603 603 638 638 604 604 604 604 638 638 636 636 604 604 636 636 639 639 639 639 636 636 635 635 639 639 635 635 640 640 628 628 602 602 630 630 630 630 602 602 604 604 630 630 604 604 632 632 632 632 604 604 639 639 632 632 639 639 634 634 634 634 639 639 640 640 620 620 627 627 621 621 621 621 627 627 629 629 621 621 629 629 622 622 622 622 629 629 631 631 622 622 631 631 623 623 623 623 631 631 633 633 623 623 633 633 624 624 624 624 633 633 634 634 624 624 634 634 641 641 641 641 634 634 640 640 641 641 640 640 642 642 642 642 640 640 643 643 638 638 644 644 637 637 637 637 644 644 645 645 637 637 645 645 646 646 646 646 647 647 637 637 637 637 647 647 648 648 637 637 648 648 635 635 635 635 648 648 601 601 635 635 601 601 640 640 640 640 601 601 600 600 640 640 600 600 643 643 649 649 599 599 650 650 650 650 599 599 601 601 650 650 601 601 651 651 651 651 601 601 648 648 651 651 648 648 652 652 652 652 648 648 647 647 652 652 647 647 653 653 653 653 647 647 646 646 654 654 655 655 656 656 657 657 658 658 659 659 660 660 661 661 662 662 663 663 664 664 665 665 663 663 665 665 666 666 666 666 665 665 667 667 666 666 667 667 668 668 669 669 670 670 667 667 667 667 670 670 671 671 667 667 671 671 668 668 672 672 673 673 669 669 669 669 673 673 674 674 669 669 674 674 670 670 672 672 669 669 675 675 675 675 669 669 676 676 675 675 676 676 677 677 677 677 676 676 678 678 677 677 678 678 679 679 662 662 661 661 678 678 678 678 661 661 680 680 678 678 680 680 679 679 662 662 681 681 682 682 660 660 662 662 683 683 683 683 662 662 682 682 683 683 682 682 684 684 685 685 686 686 687 687 687 687 686 686 688 688 687 687 688 688 689 689 689 689 688 688 690 690 689 689 690 690 691 691 691 691 690 690 692 692 691 691 692 692 684 684 684 684 692 692 693 693 684 684 693 693 683 683 685 685 687 687 694 694 694 694 687 687 695 695 694 694 695 695 696 696 697 697 698 698 699 699 699 699 698 698 700 700 699 699 700 700 659 659 659 659 700 700 701 701 659 659 701 701 657 657 702 702 600 600 703 703 703 703 600 600 599 599 703 703 599 599 699 699 699 699 599 599 649 649 699 699 649 649 697 697 704 704 625 625 624 624 624 624 641 641 704 704 704 704 641 641 642 642 704 704 642 642 702 702 702 702 642 642 643 643 702 702 643 643 600 600 705 705 610 610 609 609 609 609 613 613 705 705 705 705 613 613 617 617 705 705 617 617 704 704 704 704 617 617 626 626 704 704 626 626 625 625 654 654 656 656 664 664 664 664 656 656 665 665 665 665 656 656 706 706 665 665 706 706 707 707 681 681 662 662 658 658 658 658 662 662 678 678 658 658 678 678 659 659 659 659 678 678 676 676 659 659 676 676 699 699 699 699 676 676 669 669 699 699 669 669 703 703 703 703 669 669 667 667 703 703 667 667 702 702 702 702 667 667 665 665 702 702 665 665 704 704 704 704 665 665 707 707 704 704 707 707 705 705 708 708 709 709 710 710 711 711 712 712 713 713 714 714 715 715 716 716 717 717 718 718 719 719 720 720 721 721 722 722 723 723 724 724 725 725 726 726 727 727 728 728 729 729 730 730 731 731 732 732 733 733 734 734 735 735 736 736 737 737 738 738 739 739 740 740 741 741 742 742 743 743 744 744 745 745 746 746 747 747 748 748 749 749 750 750 751 751 752 752 753 753 754 754 755 755 756 756 757 757 758 758 759 759 760 760 761 761 762 762 763 763 764 764 765 765 766 766 767 767 768 768 769 769 770 770 770 770 769 769 771 771 772 772 773 773 774 774 775 775 776 776 777 777 778 778 779 779 780 780 781 781 782 782 783 783 784 784 785 785 786 786 787 787 788 788 789 789 790 790 791 791 792 792 793 793 794 794 795 795 795 795 794 794 796 796 797 797 798 798 799 799 800 800 801 801 802 802 803 803 804 804 805 805 806 806 807 807 808 808 809 809 810 810 811 811 812 812 813 813 814 814 815 815 816 816 817 817 818 818 819 819 820 820 820 820 819 819 821 821 822 822 823 823 824 824 825 825 826 826 827 827 828 828 829 829 830 830 830 830 829 829 831 831 832 832 833 833 834 834 835 835 836 836 837 837 838 838 839 839 840 840 841 841 842 842 843 843 843 843 842 842 844 844 843 843 844 844 845 845 846 846 847 847 835 835 835 835 847 847 848 848 835 835 848 848 836 836 849 849 850 850 851 851 852 852 853 853 851 851 851 851 853 853 854 854 851 851 854 854 849 849 850 850 855 855 851 851 851 851 855 855 856 856 851 851 856 856 857 857 856 856 858 858 857 857 857 857 858 858 859 859 857 857 859 859 860 860 859 859 861 861 860 860 860 860 861 861 862 862 860 860 862 862 863 863 864 864 865 865 866 866 866 866 865 865 867 867 866 866 867 867 868 868 869 869 870 870 871 871 871 871 870 870 872 872 871 871 872 872 873 873 869 869 874 874 870 870 870 870 874 874 875 875 870 870 875 875 876 876 877 877 878 878 879 879 879 879 878 878 880 880 881 881 882 882 883 883 883 883 882 882 884 884 883 883 884 884 877 877 877 877 884 884 885 885 877 877 885 885 878 878 826 826 825 825 883 883 883 883 825 825 886 886 883 883 886 886 881 881 887 887 888 888 889 889 890 890 891 891 892 892 721 721 893 893 894 894 721 721 894 894 722 722 722 722 894 894 895 895 722 722 895 895 896 896 896 896 897 897 722 722 722 722 897 897 898 898 722 722 898 898 899 899 900 900 901 901 902 902 902 902 901 901 903 903 902 902 903 903 904 904 719 719 905 905 906 906 907 907 908 908 909 909 909 909 908 908 910 910 909 909 910 910 718 718 718 718 910 910 911 911 718 718 911 911 912 912 912 912 913 913 718 718 718 718 913 913 914 914 718 718 914 914 915 915 915 915 916 916 718 718 718 718 916 916 917 917 718 718 917 917 719 719 719 719 917 917 918 918 719 719 918 918 905 905 919 919 920 920 921 921 921 921 920 920 922 922 921 921 922 922 909 909 909 909 922 922 923 923 909 909 923 923 907 907 924 924 925 925 926 926 926 926 925 925 927 927 926 926 927 927 928 928 929 929 930 930 931 931 931 931 930 930 932 932 933 933 934 934 935 935 933 933 935 935 936 936 937 937 938 938 939 939 939 939 938 938 940 940 939 939 940 940 941 941 934 934 942 942 935 935 935 935 942 942 943 943 935 935 943 943 944 944 822 822 824 824 945 945 946 946 947 947 948 948 948 948 947 947 949 949 948 948 949 949 950 950 951 951 952 952 953 953 953 953 952 952 954 954 955 955 956 956 957 957 957 957 956 956 958 958 959 959 960 960 961 961 962 962 963 963 961 961 961 961 963 963 964 964 961 961 964 964 959 959 960 960 965 965 961 961 961 961 965 965 966 966 961 961 966 966 967 967 966 966 968 968 967 967 967 967 968 968 969 969 967 967 969 969 970 970 969 969 971 971 970 970 970 970 971 971 972 972 970 970 972 972 973 973 974 974 975 975 976 976 976 976 975 975 977 977 976 976 977 977 814 814 814 814 977 977 978 978 814 814 978 978 812 812 811 811 810 810 979 979 980 980 981 981 811 811 811 811 981 981 982 982 811 811 982 982 809 809 983 983 984 984 985 985 985 985 984 984 986 986 985 985 986 986 980 980 980 980 986 986 987 987 980 980 987 987 981 981 806 806 808 808 988 988 989 989 716 716 990 990 990 990 716 716 715 715 990 990 715 715 991 991 991 991 715 715 992 992 989 989 993 993 716 716 716 716 993 993 994 994 716 716 994 994 995 995 996 996 997 997 998 998 998 998 997 997 999 999 1000 1000 1001 1001 712 712 712 712 1001 1001 1002 1002 712 712 1002 1002 713 713 713 713 1002 1002 1003 1003 713 713 1003 1003 803 803 1004 1004 1005 1005 1006 1006 1006 1006 1005 1005 1007 1007 1004 1004 1008 1008 1005 1005 1005 1005 1008 1008 1009 1009 1005 1005 1009 1009 1010 1010 1011 1011 1012 1012 1013 1013 1013 1013 1012 1012 1014 1014 1015 1015 1016 1016 1007 1007 1007 1007 1016 1016 1017 1017 1007 1007 1017 1017 1006 1006 1018 1018 1019 1019 1020 1020 1020 1020 1019 1019 1021 1021 1020 1020 1021 1021 1015 1015 1015 1015 1021 1021 1022 1022 1015 1015 1022 1022 1016 1016 1023 1023 1024 1024 1025 1025 1023 1023 1025 1025 1026 1026 1027 1027 1028 1028 1029 1029 1029 1029 1028 1028 1030 1030 1029 1029 1030 1030 1031 1031 1024 1024 1032 1032 1025 1025 1025 1025 1032 1032 1033 1033 1025 1025 1033 1033 1034 1034 797 797 799 799 1035 1035 1036 1036 1037 1037 1038 1038 1038 1038 1037 1037 1039 1039 1038 1038 1039 1039 1040 1040 1041 1041 1042 1042 1043 1043 1043 1043 1042 1042 1044 1044 1045 1045 1046 1046 1047 1047 1047 1047 1046 1046 1048 1048 1049 1049 1050 1050 1051 1051 1052 1052 1053 1053 1051 1051 1051 1051 1053 1053 1054 1054 1051 1051 1054 1054 1049 1049 1050 1050 1055 1055 1051 1051 1051 1051 1055 1055 1056 1056 1051 1051 1056 1056 1057 1057 1056 1056 1058 1058 1057 1057 1057 1057 1058 1058 1059 1059 1057 1057 1059 1059 1060 1060 1059 1059 1061 1061 1060 1060 1060 1060 1061 1061 1062 1062 1060 1060 1062 1062 1063 1063 1064 1064 1065 1065 1066 1066 1066 1066 1065 1065 1067 1067 1066 1066 1067 1067 789 789 789 789 1067 1067 1068 1068 789 789 1068 1068 787 787 786 786 785 785 1069 1069 1070 1070 1071 1071 786 786 786 786 1071 1071 1072 1072 786 786 1072 1072 784 784 1073 1073 1074 1074 1075 1075 1075 1075 1074 1074 1076 1076 1075 1075 1076 1076 1070 1070 1070 1070 1076 1076 1077 1077 1070 1070 1077 1077 1071 1071 781 781 783 783 1078 1078 1079 1079 1080 1080 1081 1081 1081 1081 1082 1082 1079 1079 1079 1079 1082 1082 1083 1083 1079 1079 1083 1083 1084 1084 1084 1084 1085 1085 1079 1079 1079 1079 1085 1085 1086 1086 1079 1079 1086 1086 1087 1087 1087 1087 1086 1086 1088 1088 1089 1089 1090 1090 1091 1091 1091 1091 1090 1090 1092 1092 1091 1091 1092 1092 1080 1080 1080 1080 1092 1092 1093 1093 1080 1080 1093 1093 1081 1081 1094 1094 1095 1095 1096 1096 1096 1096 1095 1095 1097 1097 1096 1096 1097 1097 1098 1098 1099 1099 1100 1100 1101 1101 1101 1101 1100 1100 1102 1102 1101 1101 1102 1102 1103 1103 1098 1098 1104 1104 1096 1096 1096 1096 1104 1104 1105 1105 1096 1096 1105 1105 775 775 772 772 774 774 1106 1106 1107 1107 1108 1108 1109 1109 1109 1109 1108 1108 1110 1110 1109 1109 1110 1110 1111 1111 1112 1112 1113 1113 1114 1114 1114 1114 1113 1113 1115 1115 1116 1116 1117 1117 1118 1118 1118 1118 1117 1117 1119 1119 1120 1120 1121 1121 1122 1122 1123 1123 1124 1124 1122 1122 1122 1122 1124 1124 1125 1125 1122 1122 1125 1125 1120 1120 1121 1121 1126 1126 1122 1122 1122 1122 1126 1126 1127 1127 1122 1122 1127 1127 1128 1128 1127 1127 1129 1129 1128 1128 1128 1128 1129 1129 1130 1130 1128 1128 1130 1130 1131 1131 1130 1130 1132 1132 1131 1131 1131 1131 1132 1132 1133 1133 1131 1131 1133 1133 1134 1134 1135 1135 1136 1136 1137 1137 1137 1137 1136 1136 1138 1138 1137 1137 1138 1138 764 764 764 764 1138 1138 1139 1139 764 764 1139 1139 762 762 761 761 760 760 1140 1140 1141 1141 1142 1142 761 761 761 761 1142 1142 1143 1143 761 761 1143 1143 759 759 1144 1144 1145 1145 1146 1146 1146 1146 1145 1145 1147 1147 1146 1146 1147 1147 1141 1141 1141 1141 1147 1147 1148 1148 1141 1141 1148 1148 1142 1142 1149 1149 1150 1150 1151 1151 1149 1149 1151 1151 1152 1152 1088 1088 1153 1153 1087 1087 1087 1087 1153 1153 1154 1154 1087 1087 1154 1154 1149 1149 1149 1149 1154 1154 1155 1155 1149 1149 1155 1155 1150 1150 1156 1156 734 734 1157 1157 1157 1157 734 734 733 733 1157 1157 733 733 1158 1158 1159 1159 1160 1160 1161 1161 851 851 1162 1162 1163 1163 863 863 864 864 860 860 860 860 864 864 866 866 860 860 866 866 754 754 1164 1164 1165 1165 730 730 730 730 1165 1165 1166 1166 730 730 1166 1166 731 731 731 731 1166 1166 1167 1167 731 731 1167 1167 753 753 1168 1168 1169 1169 1170 1170 1171 1171 1172 1172 1173 1173 1122 1122 1174 1174 1175 1175 1134 1134 765 765 1131 1131 1131 1131 765 765 767 767 1131 1131 767 767 748 748 1176 1176 1177 1177 1178 1178 1178 1178 1177 1177 747 747 1179 1179 1180 1180 1176 1176 1181 1181 1182 1182 1183 1183 1184 1184 728 728 1185 1185 1185 1185 728 728 727 727 1185 1185 727 727 1186 1186 1187 1187 1188 1188 1189 1189 1051 1051 1190 1190 1191 1191 1063 1063 790 790 1060 1060 1060 1060 790 790 792 792 1060 1060 792 792 742 742 1192 1192 1193 1193 741 741 1194 1194 1195 1195 1196 1196 1197 1197 1198 1198 1199 1199 1200 1200 725 725 1201 1201 1201 1201 725 725 724 724 1201 1201 724 724 1202 1202 1203 1203 1204 1204 1205 1205 961 961 1206 1206 1207 1207 973 973 815 815 970 970 970 970 815 815 817 817 970 970 817 817 736 736 1208 1208 1209 1209 1210 1210 1210 1210 1209 1209 735 735 1211 1211 1212 1212 1208 1208 1213 1213 1214 1214 1215 1215 1160 1160 1158 1158 1161 1161 1161 1161 1158 1158 733 733 1161 1161 733 733 1216 1216 1216 1216 733 733 732 732 1216 1216 732 732 1217 1217 880 880 873 873 879 879 879 879 873 873 872 872 879 879 872 872 1163 1163 1163 1163 872 872 870 870 1163 1163 870 870 851 851 851 851 870 870 876 876 851 851 876 876 852 852 831 831 1218 1218 830 830 830 830 1218 1218 866 866 830 830 866 866 828 828 828 828 866 866 868 868 1219 1219 1164 1164 1220 1220 1220 1220 1164 1164 730 730 1220 1220 730 730 1221 1221 1221 1221 730 730 729 729 1221 1221 729 729 1222 1222 760 760 1135 1135 1140 1140 1140 1140 1135 1135 1137 1137 1140 1140 1137 1137 1175 1175 1175 1175 1137 1137 764 764 1175 1175 764 764 1122 1122 1122 1122 764 764 763 763 1122 1122 763 763 1123 1123 771 771 1223 1223 770 770 770 770 1223 1223 767 767 770 770 767 767 768 768 768 768 767 767 766 766 1188 1188 1186 1186 1189 1189 1189 1189 1186 1186 727 727 1189 1189 727 727 1224 1224 1224 1224 727 727 726 726 1224 1224 726 726 1225 1225 785 785 1064 1064 1069 1069 1069 1069 1064 1064 1066 1066 1069 1069 1066 1066 1191 1191 1191 1191 1066 1066 789 789 1191 1191 789 789 1051 1051 1051 1051 789 789 788 788 1051 1051 788 788 1052 1052 796 796 1226 1226 795 795 795 795 1226 1226 792 792 795 795 792 792 793 793 793 793 792 792 791 791 1204 1204 1202 1202 1205 1205 1205 1205 1202 1202 724 724 1205 1205 724 724 1227 1227 1227 1227 724 724 723 723 1227 1227 723 723 1228 1228 810 810 974 974 979 979 979 979 974 974 976 976 979 979 976 976 1207 1207 1207 1207 976 976 814 814 1207 1207 814 814 961 961 961 961 814 814 813 813 961 961 813 813 962 962 821 821 1229 1229 820 820 820 820 1229 1229 817 817 820 820 817 817 818 818 818 818 817 817 816 816 1230 1230 1159 1159 1231 1231 1231 1231 1159 1159 1161 1161 1231 1231 1161 1161 1232 1232 1232 1232 1161 1161 1216 1216 1232 1232 1216 1216 1233 1233 1233 1233 1216 1216 1217 1217 1233 1233 1217 1217 1234 1234 1169 1169 1219 1219 1170 1170 1170 1170 1219 1219 1220 1220 1170 1170 1220 1220 1235 1235 1235 1235 1220 1220 1221 1221 1235 1235 1221 1221 1236 1236 1236 1236 1221 1221 1222 1222 1236 1236 1222 1222 1237 1237 1238 1238 1187 1187 1239 1239 1239 1239 1187 1187 1189 1189 1239 1239 1189 1189 1240 1240 1240 1240 1189 1189 1224 1224 1240 1240 1224 1224 1241 1241 1241 1241 1224 1224 1225 1225 1241 1241 1225 1225 1242 1242 1243 1243 1203 1203 1244 1244 1244 1244 1203 1203 1205 1205 1244 1244 1205 1205 1245 1245 1245 1245 1205 1205 1227 1227 1245 1245 1227 1227 1246 1246 1246 1246 1227 1227 1228 1228 1246 1246 1228 1228 1247 1247 757 757 1230 1230 758 758 758 758 1230 1230 1231 1231 758 758 1231 1231 1248 1248 1248 1248 1231 1231 1232 1232 1248 1248 1232 1232 1249 1249 1249 1249 1232 1232 1233 1233 1249 1249 1233 1233 1250 1250 1250 1250 1233 1233 1234 1234 1250 1250 1234 1234 889 889 1251 1251 1168 1168 1252 1252 1252 1252 1168 1168 1170 1170 1252 1252 1170 1170 1253 1253 1253 1253 1170 1170 1235 1235 1253 1253 1235 1235 1254 1254 1254 1254 1235 1235 1236 1236 1254 1254 1236 1236 1255 1255 1255 1255 1236 1236 1237 1237 1255 1255 1237 1237 1256 1256 745 745 1238 1238 746 746 746 746 1238 1238 1239 1239 746 746 1239 1239 1257 1257 1257 1257 1239 1239 1240 1240 1257 1257 1240 1240 1258 1258 1258 1258 1240 1240 1241 1241 1258 1258 1241 1241 1259 1259 1259 1259 1241 1241 1242 1242 1259 1259 1242 1242 1260 1260 739 739 1243 1243 740 740 740 740 1243 1243 1244 1244 740 740 1244 1244 1261 1261 1261 1261 1244 1244 1245 1245 1261 1261 1245 1245 1262 1262 1262 1262 1245 1245 1246 1246 1262 1262 1246 1246 1263 1263 1263 1263 1246 1246 1247 1247 1263 1263 1247 1247 1264 1264 891 891 887 887 892 892 892 892 887 887 889 889 892 892 889 889 1265 1265 1265 1265 889 889 1234 1234 1265 1265 1234 1234 1266 1266 1266 1266 1234 1234 1217 1217 1266 1266 1217 1217 1267 1267 1267 1267 1217 1217 732 732 1267 1267 732 732 1268 1268 1268 1268 732 732 734 734 1268 1268 734 734 1213 1213 1213 1213 734 734 1156 1156 1213 1213 1156 1156 1214 1214 1162 1162 756 756 1163 1163 1163 1163 756 756 758 758 1163 1163 758 758 879 879 879 879 758 758 1248 1248 879 879 1248 1248 877 877 877 877 1248 1248 1249 1249 877 877 1249 1249 883 883 883 883 1249 1249 1250 1250 883 883 1250 1250 826 826 826 826 1250 1250 889 889 826 826 889 889 827 827 827 827 889 889 888 888 928 928 1269 1269 926 926 926 926 1269 1269 931 931 926 926 931 931 924 924 924 924 931 931 932 932 1270 1270 1251 1251 1271 1271 1271 1271 1251 1251 1252 1252 1271 1271 1252 1252 1272 1272 1272 1272 1252 1252 1253 1253 1272 1272 1253 1253 1273 1273 1273 1273 1253 1253 1254 1254 1273 1273 1254 1254 1274 1274 1274 1274 1254 1254 1255 1255 1274 1274 1255 1255 1275 1275 1275 1275 1255 1255 1256 1256 1275 1275 1256 1256 1276 1276 1174 1174 750 750 1175 1175 1175 1175 750 750 752 752 1175 1175 752 752 1140 1140 1140 1140 752 752 1277 1277 1140 1140 1277 1277 761 761 761 761 1277 1277 1278 1278 761 761 1278 1278 1141 1141 1141 1141 1278 1278 1279 1279 1141 1141 1279 1279 1146 1146 1146 1146 1279 1279 1152 1152 1146 1146 1152 1152 1144 1144 1144 1144 1152 1152 1151 1151 1111 1111 1280 1280 1109 1109 1109 1109 1280 1280 1114 1114 1109 1109 1114 1114 1107 1107 1107 1107 1114 1114 1115 1115 782 782 1281 1281 783 783 783 783 1281 1281 1260 1260 783 783 1260 1260 1282 1282 1282 1282 1260 1260 1242 1242 1282 1282 1242 1242 1283 1283 1283 1283 1242 1242 1225 1225 1283 1283 1225 1225 1284 1284 1284 1284 1225 1225 726 726 1284 1284 726 726 1285 1285 1285 1285 726 726 728 728 1285 1285 728 728 1181 1181 1181 1181 728 728 1184 1184 1181 1181 1184 1184 1182 1182 1190 1190 744 744 1191 1191 1191 1191 744 744 746 746 1191 1191 746 746 1069 1069 1069 1069 746 746 1257 1257 1069 1069 1257 1257 786 786 786 786 1257 1257 1258 1258 786 786 1258 1258 1070 1070 1070 1070 1258 1258 1259 1259 1070 1070 1259 1259 1075 1075 1075 1075 1259 1259 1260 1260 1075 1075 1260 1260 1073 1073 1073 1073 1260 1260 1281 1281 1040 1040 1286 1286 1038 1038 1038 1038 1286 1286 1043 1043 1038 1038 1043 1043 1036 1036 1036 1036 1043 1043 1044 1044 807 807 1287 1287 808 808 808 808 1287 1287 1264 1264 808 808 1264 1264 1288 1288 1288 1288 1264 1264 1247 1247 1288 1288 1247 1247 1289 1289 1289 1289 1247 1247 1228 1228 1289 1289 1228 1228 1290 1290 1290 1290 1228 1228 723 723 1290 1290 723 723 1291 1291 1291 1291 723 723 725 725 1291 1291 725 725 1197 1197 1197 1197 725 725 1200 1200 1197 1197 1200 1200 1198 1198 1206 1206 738 738 1207 1207 1207 1207 738 738 740 740 1207 1207 740 740 979 979 979 979 740 740 1261 1261 979 979 1261 1261 811 811 811 811 1261 1261 1262 1262 811 811 1262 1262 980 980 980 980 1262 1262 1263 1263 980 980 1263 1263 985 985 985 985 1263 1263 1264 1264 985 985 1264 1264 983 983 983 983 1264 1264 1287 1287 950 950 1292 1292 948 948 948 948 1292 1292 953 953 948 948 953 953 946 946 946 946 953 953 954 954 904 904 890 890 902 902 902 902 890 890 892 892 902 902 892 892 1293 1293 1293 1293 892 892 1265 1265 1293 1293 1265 1265 1294 1294 1294 1294 1265 1265 1266 1266 1294 1294 1266 1266 1295 1295 1295 1295 1266 1266 1267 1267 1295 1295 1267 1267 1296 1296 1296 1296 1267 1267 1268 1268 1296 1296 1268 1268 1297 1297 1297 1297 1268 1268 1213 1213 1297 1297 1213 1213 1298 1298 1298 1298 1213 1213 1215 1215 1298 1298 1215 1215 1299 1299 1172 1172 1270 1270 1173 1173 1173 1173 1270 1270 1271 1271 1173 1173 1271 1271 1300 1300 1300 1300 1271 1271 1272 1272 1300 1300 1272 1272 1301 1301 1301 1301 1272 1272 1273 1273 1301 1301 1273 1273 1302 1302 1302 1302 1273 1273 1274 1274 1302 1302 1274 1274 1303 1303 1303 1303 1274 1274 1275 1275 1303 1303 1275 1275 1304 1304 1304 1304 1275 1275 1276 1276 1304 1304 1276 1276 1305 1305 1014 1014 1078 1078 1013 1013 1013 1013 1078 1078 783 783 1013 1013 783 783 1306 1306 1306 1306 783 783 1282 1282 1306 1306 1282 1282 1307 1307 1307 1307 1282 1282 1283 1283 1307 1307 1283 1283 1308 1308 1308 1308 1283 1283 1284 1284 1308 1308 1284 1284 1309 1309 1309 1309 1284 1284 1285 1285 1309 1309 1285 1285 1310 1310 1310 1310 1285 1285 1181 1181 1310 1310 1181 1181 1311 1311 1311 1311 1181 1181 1183 1183 1311 1311 1183 1183 1312 1312 999 999 988 988 998 998 998 998 988 988 808 808 998 998 808 808 1313 1313 1313 1313 808 808 1288 1288 1313 1313 1288 1288 1314 1314 1314 1314 1288 1288 1289 1289 1314 1314 1289 1289 1315 1315 1315 1315 1289 1289 1290 1290 1315 1315 1290 1290 1316 1316 1316 1316 1290 1290 1291 1291 1316 1316 1291 1291 1317 1317 1317 1317 1291 1291 1197 1197 1317 1317 1197 1197 1318 1318 1318 1318 1197 1197 1199 1199 1318 1318 1199 1199 1319 1319 899 899 900 900 722 722 722 722 900 900 902 902 722 722 902 902 1320 1320 1320 1320 902 902 1293 1293 1320 1320 1293 1293 1321 1321 1321 1321 1293 1293 1294 1294 1321 1321 1294 1294 1322 1322 1322 1322 1294 1294 1295 1295 1322 1322 1295 1295 1323 1323 1323 1323 1295 1295 1296 1296 1323 1323 1296 1296 1324 1324 1324 1324 1296 1296 1297 1297 1324 1324 1297 1297 1325 1325 1325 1325 1297 1297 1298 1298 1325 1325 1298 1298 1211 1211 1211 1211 1298 1298 1299 1299 1211 1211 1299 1299 1212 1212 1326 1326 1171 1171 1327 1327 1327 1327 1171 1171 1173 1173 1327 1327 1173 1173 1328 1328 1328 1328 1173 1173 1300 1300 1328 1328 1300 1300 1329 1329 1329 1329 1300 1300 1301 1301 1329 1329 1301 1301 1330 1330 1330 1330 1301 1301 1302 1302 1330 1330 1302 1302 1331 1331 1331 1331 1302 1302 1303 1303 1331 1331 1303 1303 1332 1332 1332 1332 1303 1303 1304 1304 1332 1332 1304 1304 1333 1333 1333 1333 1304 1304 1305 1305 1333 1333 1305 1305 1334 1334 1010 1010 1011 1011 1005 1005 1005 1005 1011 1011 1013 1013 1005 1005 1013 1013 1335 1335 1335 1335 1013 1013 1306 1306 1335 1335 1306 1306 1336 1336 1336 1336 1306 1306 1307 1307 1336 1336 1307 1307 1337 1337 1337 1337 1307 1307 1308 1308 1337 1337 1308 1308 1338 1338 1338 1338 1308 1308 1309 1309 1338 1338 1309 1309 1339 1339 1339 1339 1309 1309 1310 1310 1339 1339 1310 1310 1340 1340 1340 1340 1310 1310 1311 1311 1340 1340 1311 1311 1179 1179 1179 1179 1311 1311 1312 1312 1179 1179 1312 1312 1180 1180 995 995 996 996 716 716 716 716 996 996 998 998 716 716 998 998 1341 1341 1341 1341 998 998 1313 1313 1341 1341 1313 1313 1342 1342 1342 1342 1313 1313 1314 1314 1342 1342 1314 1314 1343 1343 1343 1343 1314 1314 1315 1315 1343 1343 1315 1315 1344 1344 1344 1344 1315 1315 1316 1316 1344 1344 1316 1316 1345 1345 1345 1345 1316 1316 1317 1317 1345 1345 1317 1317 1346 1346 1346 1346 1317 1317 1318 1318 1346 1346 1318 1318 1194 1194 1194 1194 1318 1318 1319 1319 1194 1194 1319 1319 1195 1195 1347 1347 1348 1348 1349 1349 751 751 1326 1326 752 752 752 752 1326 1326 1327 1327 752 752 1327 1327 1277 1277 1277 1277 1327 1327 1328 1328 1277 1277 1328 1328 1278 1278 1278 1278 1328 1328 1329 1329 1278 1278 1329 1329 1279 1279 1279 1279 1329 1329 1330 1330 1279 1279 1330 1330 1152 1152 1152 1152 1330 1330 1331 1331 1152 1152 1331 1331 1149 1149 1149 1149 1331 1331 1332 1332 1149 1149 1332 1332 1087 1087 1087 1087 1332 1332 1333 1333 1087 1087 1333 1333 1079 1079 1079 1079 1333 1333 1334 1334 958 958 951 951 957 957 957 957 951 951 953 953 957 957 953 953 1350 1350 1350 1350 953 953 1292 1292 1350 1350 1292 1292 1351 1351 1351 1351 1292 1292 1352 1352 1351 1351 1352 1352 1353 1353 1353 1353 1352 1352 1354 1354 1353 1353 1354 1354 1355 1355 1355 1355 1354 1354 1356 1356 1355 1355 1356 1356 1357 1357 1357 1357 1356 1356 710 710 1357 1357 710 710 1358 1358 736 736 817 817 737 737 737 737 817 817 1229 1229 737 737 1229 1229 1359 1359 1359 1359 1229 1229 1360 1360 1359 1359 1360 1360 1361 1361 1361 1361 1360 1360 1362 1362 1361 1361 1362 1362 1363 1363 1363 1363 1362 1362 1364 1364 1363 1363 1364 1364 1365 1365 1365 1365 1364 1364 1366 1366 1365 1365 1366 1366 1367 1367 1367 1367 1366 1366 1368 1368 1367 1367 1368 1368 1369 1369 1369 1369 1368 1368 1370 1370 1369 1369 1370 1370 1371 1371 1371 1371 1370 1370 1372 1372 1371 1371 1372 1372 1373 1373 1374 1374 1375 1375 1376 1376 1377 1377 1349 1349 1378 1378 1378 1378 1349 1349 1348 1348 1378 1378 1348 1348 1379 1379 831 831 832 832 1218 1218 1218 1218 832 832 834 834 1218 1218 834 834 1380 1380 1380 1380 834 834 1381 1381 1380 1380 1381 1381 1382 1382 1382 1382 1381 1381 1383 1383 1382 1382 1383 1383 1384 1384 1384 1384 1383 1383 1385 1385 1384 1384 1385 1385 1386 1386 1386 1386 1385 1385 1387 1387 1386 1386 1387 1387 1388 1388 1388 1388 1387 1387 1389 1389 1388 1388 1389 1389 1390 1390 1390 1390 1389 1389 1391 1391 1390 1390 1391 1391 1392 1392 1334 1334 1393 1393 1079 1079 1079 1079 1393 1393 1394 1394 1079 1079 1394 1394 1080 1080 1080 1080 1394 1394 1395 1395 1080 1080 1395 1395 1091 1091 777 777 1396 1396 1397 1397 773 773 1099 1099 774 774 774 774 1099 1099 1101 1101 774 774 1101 1101 1398 1398 1398 1398 1101 1101 1399 1399 1398 1398 1399 1399 1400 1400 1400 1400 1399 1399 1401 1401 1400 1400 1401 1401 1402 1402 1111 1111 1106 1106 1280 1280 1280 1280 1106 1106 774 774 1280 1280 774 774 1403 1403 1403 1403 774 774 1398 1398 1403 1403 1398 1398 1404 1404 1404 1404 1398 1398 1400 1400 1404 1404 1400 1400 1405 1405 1405 1405 1400 1400 1402 1402 1405 1405 1402 1402 1406 1406 748 748 767 767 749 749 749 749 767 767 1223 1223 749 749 1223 1223 1407 1407 1407 1407 1223 1223 1408 1408 1407 1407 1408 1408 1409 1409 1409 1409 1408 1408 1410 1410 1409 1409 1410 1410 1411 1411 1411 1411 1410 1410 1412 1412 1411 1411 1412 1412 1413 1413 1413 1413 1412 1412 1414 1414 1413 1413 1414 1414 1415 1415 1415 1415 1414 1414 1416 1416 1415 1415 1416 1416 1417 1417 1417 1417 1416 1416 1418 1418 1417 1417 1418 1418 1419 1419 1419 1419 1418 1418 1420 1420 1419 1419 1420 1420 1421 1421 1005 1005 1422 1422 1007 1007 1007 1007 1422 1422 1423 1423 1007 1007 1423 1423 1015 1015 1015 1015 1423 1423 1424 1424 1015 1015 1424 1424 1020 1020 1025 1025 1425 1425 1426 1426 1040 1040 1035 1035 1286 1286 1286 1286 1035 1035 799 799 1286 1286 799 799 1427 1427 1427 1427 799 799 1428 1428 1427 1427 1428 1428 1429 1429 1429 1429 1428 1428 1430 1430 1429 1429 1430 1430 1431 1431 1431 1431 1430 1430 843 843 1431 1431 843 843 835 835 835 835 843 843 845 845 835 835 845 845 846 846 1048 1048 1041 1041 1047 1047 1047 1047 1041 1041 1043 1043 1047 1047 1043 1043 1432 1432 1432 1432 1043 1043 1286 1286 1432 1432 1286 1286 1433 1433 1433 1433 1286 1286 1427 1427 1433 1433 1427 1427 1434 1434 1434 1434 1427 1427 1429 1429 1434 1434 1429 1429 1435 1435 1435 1435 1429 1429 1431 1431 1435 1435 1431 1431 1436 1436 1436 1436 1431 1431 835 835 1436 1436 835 835 838 838 838 838 835 835 837 837 838 838 837 837 839 839 742 742 792 792 743 743 743 743 792 792 1226 1226 743 743 1226 1226 1437 1437 1437 1437 1226 1226 1438 1438 1437 1437 1438 1438 1439 1439 1439 1439 1438 1438 1440 1440 1439 1439 1440 1440 1441 1441 1441 1441 1440 1440 1442 1442 1441 1441 1442 1442 1443 1443 1443 1443 1442 1442 1444 1444 1443 1443 1444 1444 1445 1445 1445 1445 1444 1444 1446 1446 1445 1445 1446 1446 1447 1447 1447 1447 1446 1446 1448 1448 1447 1447 1448 1448 1449 1449 1449 1449 1448 1448 1450 1450 1449 1449 1450 1450 1451 1451 741 741 743 743 1192 1192 1192 1192 743 743 1437 1437 1192 1192 1437 1437 1452 1452 1452 1452 1437 1437 1439 1439 1452 1452 1439 1439 1453 1453 1453 1453 1439 1439 1441 1441 1453 1453 1441 1441 1454 1454 1454 1454 1441 1441 1443 1443 1454 1454 1443 1443 1455 1455 1455 1455 1443 1443 1445 1445 1455 1455 1445 1445 1456 1456 1456 1456 1445 1445 1447 1447 1456 1456 1447 1447 1457 1457 1457 1457 1447 1447 1449 1449 1457 1457 1449 1449 1458 1458 1458 1458 1449 1449 1451 1451 1458 1458 1451 1451 1459 1459 805 805 1460 1460 1461 1461 935 935 1462 1462 1463 1463 941 941 936 936 939 939 939 939 936 936 935 935 939 939 935 935 1464 1464 1464 1464 935 935 1463 1463 1464 1464 1463 1463 1465 1465 710 710 709 709 1358 1358 1358 1358 709 709 1466 1466 1358 1358 1466 1466 1467 1467 821 821 955 955 1229 1229 1229 1229 955 955 957 957 1229 1229 957 957 1360 1360 1360 1360 957 957 1350 1350 1360 1360 1350 1350 1362 1362 1362 1362 1350 1350 1351 1351 1362 1362 1351 1351 1364 1364 1364 1364 1351 1351 1353 1353 1364 1364 1353 1353 1366 1366 1366 1366 1353 1353 1355 1355 1366 1366 1355 1355 1368 1368 1368 1368 1355 1355 1357 1357 1368 1368 1357 1357 1370 1370 1370 1370 1357 1357 1358 1358 1370 1370 1358 1358 1372 1372 1372 1372 1358 1358 1467 1467 1467 1467 1468 1468 1372 1372 1372 1372 1468 1468 1469 1469 1372 1372 1469 1469 1373 1373 1373 1373 1469 1469 1470 1470 1373 1373 1470 1470 1471 1471 735 735 737 737 1210 1210 1210 1210 737 737 1359 1359 1210 1210 1359 1359 1472 1472 1472 1472 1359 1359 1361 1361 1472 1472 1361 1361 1473 1473 1473 1473 1361 1361 1363 1363 1473 1473 1363 1363 1474 1474 1474 1474 1363 1363 1365 1365 1474 1474 1365 1365 1475 1475 1475 1475 1365 1365 1367 1367 1475 1475 1367 1367 1476 1476 1476 1476 1367 1367 1369 1369 1476 1476 1369 1369 1477 1477 1477 1477 1369 1369 1371 1371 1477 1477 1371 1371 1478 1478 1478 1478 1371 1371 1373 1373 1478 1478 1373 1373 1479 1479 1479 1479 1373 1373 1471 1471 1479 1479 1471 1471 1480 1480 1208 1208 1210 1210 1211 1211 1211 1211 1210 1210 1472 1472 1211 1211 1472 1472 1325 1325 1325 1325 1472 1472 1473 1473 1325 1325 1473 1473 1324 1324 1324 1324 1473 1473 1474 1474 1324 1324 1474 1474 1323 1323 1323 1323 1474 1474 1475 1475 1323 1323 1475 1475 1322 1322 1322 1322 1475 1475 1476 1476 1322 1322 1476 1476 1321 1321 1321 1321 1476 1476 1477 1477 1321 1321 1477 1477 1320 1320 1320 1320 1477 1477 1478 1478 1320 1320 1478 1478 722 722 722 722 1478 1478 1479 1479 722 722 1479 1479 720 720 720 720 1479 1479 1480 1480 720 720 1480 1480 1481 1481 1481 1481 1482 1482 720 720 720 720 1482 1482 1483 1483 720 720 1483 1483 721 721 721 721 1483 1483 1484 1484 721 721 1484 1484 893 893 893 893 1484 1484 1485 1485 1482 1482 1486 1486 1483 1483 1483 1483 1486 1486 1375 1375 1483 1483 1375 1375 1484 1484 1484 1484 1375 1375 1374 1374 1484 1484 1374 1374 1485 1485 1485 1485 1374 1374 906 906 1486 1486 1487 1487 1375 1375 1375 1375 1487 1487 1488 1488 1375 1375 1488 1488 1376 1376 1376 1376 1488 1488 1489 1489 1376 1376 1489 1489 1490 1490 906 906 1374 1374 719 719 719 719 1374 1374 1376 1376 719 719 1376 1376 717 717 717 717 1376 1376 1490 1490 717 717 1490 1490 1491 1491 1491 1491 1492 1492 717 717 717 717 1492 1492 1379 1379 717 717 1379 1379 718 718 718 718 1379 1379 1348 1348 718 718 1348 1348 909 909 909 909 1348 1348 1347 1347 909 909 1347 1347 921 921 1492 1492 1493 1493 1379 1379 1379 1379 1493 1493 1494 1494 1379 1379 1494 1494 1378 1378 1378 1378 1494 1494 1495 1495 1378 1378 1495 1495 1377 1377 1377 1377 1495 1495 1496 1496 1377 1377 1496 1496 1497 1497 928 928 919 919 1269 1269 1269 1269 919 919 921 921 1269 1269 921 921 1498 1498 1498 1498 921 921 1347 1347 1498 1498 1347 1347 1499 1499 1499 1499 1347 1347 1349 1349 1499 1499 1349 1349 1500 1500 1500 1500 1349 1349 1377 1377 1500 1500 1377 1377 1501 1501 1501 1501 1377 1377 1497 1497 1501 1501 1497 1497 1502 1502 833 833 929 929 834 834 834 834 929 929 931 931 834 834 931 931 1381 1381 1381 1381 931 931 1269 1269 1381 1381 1269 1269 1383 1383 1383 1383 1269 1269 1498 1498 1383 1383 1498 1498 1385 1385 1385 1385 1498 1498 1499 1499 1385 1385 1499 1499 1387 1387 1387 1387 1499 1499 1500 1500 1387 1387 1500 1500 1389 1389 1389 1389 1500 1500 1501 1501 1389 1389 1501 1501 1391 1391 1391 1391 1501 1501 1502 1502 1502 1502 1503 1503 1391 1391 1391 1391 1503 1503 1504 1504 1391 1391 1504 1504 1392 1392 1392 1392 1504 1504 1505 1505 1392 1392 1505 1505 1506 1506 754 754 866 866 755 755 755 755 866 866 1218 1218 755 755 1218 1218 1507 1507 1507 1507 1218 1218 1380 1380 1507 1507 1380 1380 1508 1508 1508 1508 1380 1380 1382 1382 1508 1508 1382 1382 1509 1509 1509 1509 1382 1382 1384 1384 1509 1509 1384 1384 1510 1510 1510 1510 1384 1384 1386 1386 1510 1510 1386 1386 1511 1511 1511 1511 1386 1386 1388 1388 1511 1511 1388 1388 1512 1512 1512 1512 1388 1388 1390 1390 1512 1512 1390 1390 1513 1513 1513 1513 1390 1390 1392 1392 1513 1513 1392 1392 1514 1514 1514 1514 1392 1392 1506 1506 1514 1514 1506 1506 1515 1515 753 753 755 755 731 731 731 731 755 755 1507 1507 731 731 1507 1507 729 729 729 729 1507 1507 1508 1508 729 729 1508 1508 1222 1222 1222 1222 1508 1508 1509 1509 1222 1222 1509 1509 1237 1237 1237 1237 1509 1509 1510 1510 1237 1237 1510 1510 1256 1256 1256 1256 1510 1510 1511 1511 1256 1256 1511 1511 1276 1276 1276 1276 1511 1511 1512 1512 1276 1276 1512 1512 1305 1305 1305 1305 1512 1512 1513 1513 1305 1305 1513 1513 1334 1334 1334 1334 1513 1513 1514 1514 1334 1334 1514 1514 1393 1393 1393 1393 1514 1514 1515 1515 1393 1393 1515 1515 1516 1516 1517 1517 1395 1395 1518 1518 1518 1518 1395 1395 1394 1394 1518 1518 1394 1394 1519 1519 1519 1519 1394 1394 1393 1393 1519 1519 1393 1393 1520 1520 1520 1520 1393 1393 1516 1516 1517 1517 1521 1521 1395 1395 1395 1395 1521 1521 1522 1522 1395 1395 1522 1522 1091 1091 1091 1091 1522 1522 780 780 1091 1091 780 780 1089 1089 1089 1089 780 780 779 779 1521 1521 1523 1523 1522 1522 1522 1522 1523 1523 1396 1396 1522 1522 1396 1396 780 780 780 780 1396 1396 777 777 780 780 777 777 778 778 778 778 777 777 776 776 1523 1523 1524 1524 1396 1396 1396 1396 1524 1524 1525 1525 1396 1396 1525 1525 1397 1397 1397 1397 1525 1525 1526 1526 1397 1397 1526 1526 1527 1527 775 775 777 777 1096 1096 1096 1096 777 777 1397 1397 1096 1096 1397 1397 1528 1528 1528 1528 1397 1397 1527 1527 1528 1528 1527 1527 1529 1529 1103 1103 1094 1094 1101 1101 1101 1101 1094 1094 1096 1096 1101 1101 1096 1096 1399 1399 1399 1399 1096 1096 1528 1528 1399 1399 1528 1528 1401 1401 1401 1401 1528 1528 1529 1529 1401 1401 1529 1529 1530 1530 1530 1530 1531 1531 1401 1401 1401 1401 1531 1531 1532 1532 1401 1401 1532 1532 1402 1402 1402 1402 1532 1532 1533 1533 1402 1402 1533 1533 1406 1406 1406 1406 1533 1533 1534 1534 1406 1406 1534 1534 1535 1535 1119 1119 1112 1112 1118 1118 1118 1118 1112 1112 1114 1114 1118 1118 1114 1114 1536 1536 1536 1536 1114 1114 1280 1280 1536 1536 1280 1280 1537 1537 1537 1537 1280 1280 1403 1403 1537 1537 1403 1403 1538 1538 1538 1538 1403 1403 1404 1404 1538 1538 1404 1404 1539 1539 1539 1539 1404 1404 1405 1405 1539 1539 1405 1405 1540 1540 1540 1540 1405 1405 1406 1406 1540 1540 1406 1406 1541 1541 1541 1541 1406 1406 1535 1535 1541 1541 1535 1535 1542 1542 771 771 1116 1116 1223 1223 1223 1223 1116 1116 1118 1118 1223 1223 1118 1118 1408 1408 1408 1408 1118 1118 1536 1536 1408 1408 1536 1536 1410 1410 1410 1410 1536 1536 1537 1537 1410 1410 1537 1537 1412 1412 1412 1412 1537 1537 1538 1538 1412 1412 1538 1538 1414 1414 1414 1414 1538 1538 1539 1539 1414 1414 1539 1539 1416 1416 1416 1416 1539 1539 1540 1540 1416 1416 1540 1540 1418 1418 1418 1418 1540 1540 1541 1541 1418 1418 1541 1541 1420 1420 1420 1420 1541 1541 1542 1542 1542 1542 1543 1543 1420 1420 1420 1420 1543 1543 1544 1544 1420 1420 1544 1544 1421 1421 1421 1421 1544 1544 1545 1545 1421 1421 1545 1545 1546 1546 747 747 749 749 1178 1178 1178 1178 749 749 1407 1407 1178 1178 1407 1407 1547 1547 1547 1547 1407 1407 1409 1409 1547 1547 1409 1409 1548 1548 1548 1548 1409 1409 1411 1411 1548 1548 1411 1411 1549 1549 1549 1549 1411 1411 1413 1413 1549 1549 1413 1413 1550 1550 1550 1550 1413 1413 1415 1415 1550 1550 1415 1415 1551 1551 1551 1551 1415 1415 1417 1417 1551 1551 1417 1417 1552 1552 1552 1552 1417 1417 1419 1419 1552 1552 1419 1419 1553 1553 1553 1553 1419 1419 1421 1421 1553 1553 1421 1421 1554 1554 1554 1554 1421 1421 1546 1546 1554 1554 1546 1546 1555 1555 1176 1176 1178 1178 1179 1179 1179 1179 1178 1178 1547 1547 1179 1179 1547 1547 1340 1340 1340 1340 1547 1547 1548 1548 1340 1340 1548 1548 1339 1339 1339 1339 1548 1548 1549 1549 1339 1339 1549 1549 1338 1338 1338 1338 1549 1549 1550 1550 1338 1338 1550 1550 1337 1337 1337 1337 1550 1550 1551 1551 1337 1337 1551 1551 1336 1336 1336 1336 1551 1551 1552 1552 1336 1336 1552 1552 1335 1335 1335 1335 1552 1552 1553 1553 1335 1335 1553 1553 1005 1005 1005 1005 1553 1553 1554 1554 1005 1005 1554 1554 1422 1422 1422 1422 1554 1554 1555 1555 1422 1422 1555 1555 1556 1556 1557 1557 1424 1424 1558 1558 1558 1558 1424 1424 1423 1423 1558 1558 1423 1423 1559 1559 1559 1559 1423 1423 1422 1422 1559 1559 1422 1422 1560 1560 1560 1560 1422 1422 1556 1556 1557 1557 1561 1561 1424 1424 1424 1424 1561 1561 1562 1562 1424 1424 1562 1562 1020 1020 1020 1020 1562 1562 802 802 1020 1020 802 802 1018 1018 1018 1018 802 802 801 801 1561 1561 1563 1563 1562 1562 1562 1562 1563 1563 1425 1425 1562 1562 1425 1425 802 802 802 802 1425 1425 1025 1025 802 802 1025 1025 800 800 800 800 1025 1025 1034 1034 1563 1563 1564 1564 1425 1425 1425 1425 1564 1564 1565 1565 1425 1425 1565 1565 1426 1426 1426 1426 1565 1565 1566 1566 1426 1426 1566 1566 1567 1567 1031 1031 1026 1026 1029 1029 1029 1029 1026 1026 1025 1025 1029 1029 1025 1025 1568 1568 1568 1568 1025 1025 1426 1426 1568 1568 1426 1426 1569 1569 1569 1569 1426 1426 1567 1567 1569 1569 1567 1567 1570 1570 798 798 1027 1027 799 799 799 799 1027 1027 1029 1029 799 799 1029 1029 1428 1428 1428 1428 1029 1029 1568 1568 1428 1428 1568 1568 1430 1430 1430 1430 1568 1568 1569 1569 1430 1430 1569 1569 843 843 843 843 1569 1569 1570 1570 843 843 1570 1570 841 841 1571 1571 838 838 1572 1572 1572 1572 838 838 840 840 1572 1572 840 840 1573 1573 796 796 1045 1045 1226 1226 1226 1226 1045 1045 1047 1047 1226 1226 1047 1047 1438 1438 1438 1438 1047 1047 1432 1432 1438 1438 1432 1432 1440 1440 1440 1440 1432 1432 1433 1433 1440 1440 1433 1433 1442 1442 1442 1442 1433 1433 1434 1434 1442 1442 1434 1434 1444 1444 1444 1444 1434 1434 1435 1435 1444 1444 1435 1435 1446 1446 1446 1446 1435 1435 1436 1436 1446 1446 1436 1436 1448 1448 1448 1448 1436 1436 838 838 1448 1448 838 838 1450 1450 1450 1450 838 838 1571 1571 1571 1571 1574 1574 1450 1450 1450 1450 1574 1574 1575 1575 1450 1450 1575 1575 1451 1451 1451 1451 1575 1575 1576 1576 1451 1451 1576 1576 1459 1459 1459 1459 1576 1576 1577 1577 1459 1459 1577 1577 1578 1578 1578 1578 714 714 1459 1459 1459 1459 714 714 716 716 1459 1459 716 716 1458 1458 1458 1458 716 716 1341 1341 1458 1458 1341 1341 1457 1457 1457 1457 1341 1341 1342 1342 1457 1457 1342 1342 1456 1456 1456 1456 1342 1342 1343 1343 1456 1456 1343 1343 1455 1455 1455 1455 1343 1343 1344 1344 1455 1455 1344 1344 1454 1454 1454 1454 1344 1344 1345 1345 1454 1454 1345 1345 1453 1453 1453 1453 1345 1345 1346 1346 1453 1453 1346 1346 1452 1452 1452 1452 1346 1346 1194 1194 1452 1452 1194 1194 1192 1192 1192 1192 1194 1194 1196 1196 1192 1192 1196 1196 1193 1193 1578 1578 1579 1579 714 714 714 714 1579 1579 1460 1460 714 714 1460 1460 715 715 715 715 1460 1460 805 805 715 715 805 805 992 992 992 992 805 805 804 804 1579 1579 1580 1580 1460 1460 1460 1460 1580 1580 1581 1581 1460 1460 1581 1581 1461 1461 1461 1461 1581 1581 1582 1582 1461 1461 1582 1582 1583 1583 803 803 805 805 713 713 713 713 805 805 1461 1461 713 713 1461 1461 711 711 711 711 1461 1461 1583 1583 711 711 1583 1583 1584 1584 1584 1584 1585 1585 711 711 711 711 1585 1585 1462 1462 711 711 1462 1462 712 712 712 712 1462 1462 935 935 712 712 935 935 1000 1000 1000 1000 935 935 944 944 1585 1585 1586 1586 1462 1462 1462 1462 1586 1586 1587 1587 1462 1462 1587 1587 1463 1463 1463 1463 1587 1587 1588 1588 1463 1463 1588 1588 1465 1465 1465 1465 1588 1588 1589 1589 1465 1465 1589 1589 1590 1590 823 823 937 937 824 824 824 824 937 937 939 939 824 824 939 939 1591 1591 1591 1591 939 939 1464 1464 1591 1591 1464 1464 1592 1592 1592 1592 1464 1464 1465 1465 1592 1592 1465 1465 1593 1593 1593 1593 1465 1465 1590 1590 1593 1593 1590 1590 1594 1594 950 950 945 945 1292 1292 1292 1292 945 945 824 824 1292 1292 824 824 1352 1352 1352 1352 824 824 1591 1591 1352 1352 1591 1591 1354 1354 1354 1354 1591 1591 1592 1592 1354 1354 1592 1592 1356 1356 1356 1356 1592 1592 1593 1593 1356 1356 1593 1593 710 710 710 710 1593 1593 1594 1594 710 710 1594 1594 708 708 1595 1595 1596 1596 1597 1597 1598 1598 1599 1599 1600 1600 1598 1598 1600 1600 1601 1601 1601 1601 1600 1600 1597 1597 1597 1597 1600 1600 1602 1602 1597 1597 1602 1602 1603 1603 1603 1603 1604 1604 1597 1597 1597 1597 1604 1604 1605 1605 1597 1597 1605 1605 1606 1606 1606 1606 1607 1607 1597 1597 1597 1597 1607 1607 1608 1608 1597 1597 1608 1608 1595 1595 1596 1596 1609 1609 1597 1597 1597 1597 1609 1609 1610 1610 1597 1597 1610 1610 1611 1611 1612 1612 841 841 1613 1613 1613 1613 841 841 1614 1614 1612 1612 1615 1615 841 841 841 841 1615 1615 1616 1616 841 841 1616 1616 1617 1617 1618 1618 1619 1619 842 842 1617 1617 1620 1620 841 841 841 841 1620 1620 1621 1621 841 841 1621 1621 842 842 842 842 1621 1621 1622 1622 842 842 1622 1622 1618 1618 1619 1619 1623 1623 842 842 842 842 1623 1623 1624 1624 842 842 1624 1624 844 844 1572 1572 1573 1573 1625 1625 1625 1625 1626 1626 1572 1572 1572 1572 1626 1626 1627 1627 1572 1572 1627 1627 1571 1571 1571 1571 1627 1627 1628 1628 1571 1571 1628 1628 1629 1629 1629 1629 1630 1630 1571 1571 1571 1571 1630 1630 1631 1631 1571 1571 1631 1631 1632 1632 1632 1632 1633 1633 1571 1571 1571 1571 1633 1633 1634 1634 1571 1571 1634 1634 1635 1635 1636 1636 1637 1637 1638 1638 1637 1637 1639 1639 1638 1638 1638 1638 1639 1639 1640 1640 1638 1638 1640 1640 1641 1641 1642 1642 1643 1643 1644 1644 1645 1645 1646 1646 1642 1642 1645 1645 1642 1642 1647 1647 1647 1647 1642 1642 1648 1648 1648 1648 1642 1642 1644 1644 1648 1648 1644 1644 1649 1649 1649 1649 1650 1650 1648 1648 1648 1648 1650 1650 1651 1651 1648 1648 1651 1651 1652 1652 1641 1641 1653 1653 1638 1638 1638 1638 1653 1653 1648 1648 1638 1638 1648 1648 1654 1654 1654 1654 1648 1648 1652 1652 1655 1655 1577 1577 1656 1656 1656 1656 1577 1577 1576 1576 1656 1656 1576 1576 1657 1657 1657 1657 1576 1576 1575 1575 1657 1657 1575 1575 1658 1658 1658 1658 1575 1575 1574 1574 1658 1658 1574 1574 1638 1638 1638 1638 1574 1574 1571 1571 1638 1638 1571 1571 1636 1636 1636 1636 1571 1571 1635 1635 1659 1659 1582 1582 1660 1660 1660 1660 1582 1582 1581 1581 1660 1660 1581 1581 1661 1661 1661 1661 1581 1581 1580 1580 1661 1661 1580 1580 1662 1662 1662 1662 1580 1580 1579 1579 1662 1662 1579 1579 1655 1655 1655 1655 1579 1579 1578 1578 1655 1655 1578 1578 1577 1577 1663 1663 1589 1589 1664 1664 1664 1664 1589 1589 1588 1588 1664 1664 1588 1588 1665 1665 1665 1665 1588 1588 1587 1587 1665 1665 1587 1587 1666 1666 1666 1666 1587 1587 1586 1586 1666 1666 1586 1586 1667 1667 1667 1667 1586 1586 1585 1585 1667 1667 1585 1585 1668 1668 1668 1668 1585 1585 1584 1584 1668 1668 1584 1584 1659 1659 1659 1659 1584 1584 1583 1583 1659 1659 1583 1583 1582 1582 1669 1669 1466 1466 1670 1670 1670 1670 1466 1466 709 709 1670 1670 709 709 1671 1671 1671 1671 709 709 708 708 1671 1671 708 708 1672 1672 1672 1672 708 708 1594 1594 1672 1672 1594 1594 1663 1663 1663 1663 1594 1594 1590 1590 1663 1663 1590 1590 1589 1589 1673 1673 1481 1481 1674 1674 1674 1674 1481 1481 1480 1480 1674 1674 1480 1480 1675 1675 1675 1675 1480 1480 1471 1471 1675 1675 1471 1471 1676 1676 1676 1676 1471 1471 1470 1470 1676 1676 1470 1470 1677 1677 1677 1677 1470 1470 1469 1469 1677 1677 1469 1469 1678 1678 1678 1678 1469 1469 1468 1468 1678 1678 1468 1468 1669 1669 1669 1669 1468 1468 1467 1467 1669 1669 1467 1467 1466 1466 1679 1679 1489 1489 1680 1680 1680 1680 1489 1489 1488 1488 1680 1680 1488 1488 1681 1681 1681 1681 1488 1488 1487 1487 1681 1681 1487 1487 1682 1682 1682 1682 1487 1487 1486 1486 1682 1682 1486 1486 1673 1673 1673 1673 1486 1486 1482 1482 1673 1673 1482 1482 1481 1481 1683 1683 1496 1496 1684 1684 1684 1684 1496 1496 1495 1495 1684 1684 1495 1495 1685 1685 1685 1685 1495 1495 1494 1494 1685 1685 1494 1494 1686 1686 1686 1686 1494 1494 1493 1493 1686 1686 1493 1493 1687 1687 1687 1687 1493 1493 1492 1492 1687 1687 1492 1492 1688 1688 1688 1688 1492 1492 1491 1491 1688 1688 1491 1491 1679 1679 1679 1679 1491 1491 1490 1490 1679 1679 1490 1490 1489 1489 1689 1689 1505 1505 1690 1690 1690 1690 1505 1505 1504 1504 1690 1690 1504 1504 1691 1691 1691 1691 1504 1504 1503 1503 1691 1691 1503 1503 1692 1692 1692 1692 1503 1503 1502 1502 1692 1692 1502 1502 1683 1683 1683 1683 1502 1502 1497 1497 1683 1683 1497 1497 1496 1496 1693 1693 1517 1517 1694 1694 1694 1694 1517 1517 1518 1518 1694 1694 1518 1518 1695 1695 1695 1695 1518 1518 1519 1519 1695 1695 1519 1519 1696 1696 1696 1696 1519 1519 1520 1520 1696 1696 1520 1520 1697 1697 1697 1697 1520 1520 1516 1516 1697 1697 1516 1516 1698 1698 1698 1698 1516 1516 1515 1515 1698 1698 1515 1515 1689 1689 1689 1689 1515 1515 1506 1506 1689 1689 1506 1506 1505 1505 1699 1699 1526 1526 1700 1700 1700 1700 1526 1526 1525 1525 1700 1700 1525 1525 1701 1701 1701 1701 1525 1525 1524 1524 1701 1701 1524 1524 1702 1702 1702 1702 1524 1524 1523 1523 1702 1702 1523 1523 1693 1693 1693 1693 1523 1523 1521 1521 1693 1693 1521 1521 1517 1517 1703 1703 1534 1534 1704 1704 1704 1704 1534 1534 1533 1533 1704 1704 1533 1533 1705 1705 1705 1705 1533 1533 1532 1532 1705 1705 1532 1532 1706 1706 1706 1706 1532 1532 1531 1531 1706 1706 1531 1531 1707 1707 1707 1707 1531 1531 1530 1530 1707 1707 1530 1530 1708 1708 1708 1708 1530 1530 1529 1529 1708 1708 1529 1529 1699 1699 1699 1699 1529 1529 1527 1527 1699 1699 1527 1527 1526 1526 1709 1709 1545 1545 1710 1710 1710 1710 1545 1545 1544 1544 1710 1710 1544 1544 1711 1711 1711 1711 1544 1544 1543 1543 1711 1711 1543 1543 1712 1712 1712 1712 1543 1543 1542 1542 1712 1712 1542 1542 1703 1703 1703 1703 1542 1542 1535 1535 1703 1703 1535 1535 1534 1534 1713 1713 1559 1559 1714 1714 1714 1714 1559 1559 1560 1560 1714 1714 1560 1560 1715 1715 1715 1715 1560 1560 1556 1556 1715 1715 1556 1556 1716 1716 1716 1716 1556 1556 1555 1555 1716 1716 1555 1555 1709 1709 1709 1709 1555 1555 1546 1546 1709 1709 1546 1546 1545 1545 1717 1717 1566 1566 1718 1718 1718 1718 1566 1566 1565 1565 1718 1718 1565 1565 1719 1719 1719 1719 1565 1565 1564 1564 1719 1719 1564 1564 1720 1720 1720 1720 1564 1564 1563 1563 1720 1720 1563 1563 1721 1721 1721 1721 1563 1563 1561 1561 1721 1721 1561 1561 1722 1722 1722 1722 1561 1561 1557 1557 1722 1722 1557 1557 1713 1713 1713 1713 1557 1557 1558 1558 1713 1713 1558 1558 1559 1559 1611 1611 1614 1614 1597 1597 1597 1597 1614 1614 841 841 1597 1597 841 841 1723 1723 1723 1723 841 841 1570 1570 1723 1723 1570 1570 1717 1717 1717 1717 1570 1570 1567 1567 1717 1717 1567 1567 1566 1566 1724 1724 1725 1725 1726 1726 1726 1726 1725 1725 1727 1727 1726 1726 1727 1727 1728 1728 1728 1728 1727 1727 1729 1729 1728 1728 1729 1729 1730 1730 1730 1730 1729 1729 1731 1731 1730 1730 1731 1731 1732 1732 1732 1732 1731 1731 1733 1733 1732 1732 1733 1733 1734 1734 1734 1734 1733 1733 1735 1735 1734 1734 1735 1735 1736 1736 1736 1736 1735 1735 1737 1737 1725 1725 1724 1724 1738 1738 1738 1738 1724 1724 1739 1739 1740 1740 1741 1741 1742 1742 1742 1742 1741 1741 1743 1743 1742 1742 1743 1743 1744 1744 1744 1744 1743 1743 1745 1745 1744 1744 1745 1745 1746 1746 1746 1746 1745 1745 1747 1747 1746 1746 1747 1747 1748 1748 1748 1748 1747 1747 1749 1749 1748 1748 1749 1749 1750 1750 1750 1750 1749 1749 1751 1751 1750 1750 1751 1751 1739 1739 1739 1739 1751 1751 1738 1738 1741 1741 1740 1740 1737 1737 1737 1737 1740 1740 1736 1736 1726 1726 1728 1728 1724 1724 1724 1724 1728 1728 1730 1730 1724 1724 1730 1730 1732 1732 1742 1742 1744 1744 1740 1740 1740 1740 1744 1744 1746 1746 1740 1740 1746 1746 1748 1748 1732 1732 1734 1734 1724 1724 1724 1724 1734 1734 1736 1736 1724 1724 1736 1736 1739 1739 1739 1739 1736 1736 1740 1740 1739 1739 1740 1740 1750 1750 1750 1750 1740 1740 1748 1748 1752 1752 1753 1753 1754 1754 1754 1754 1753 1753 1755 1755 1754 1754 1755 1755 1756 1756 1756 1756 1755 1755 1757 1757 1756 1756 1757 1757 1758 1758 1758 1758 1757 1757 1759 1759 1758 1758 1759 1759 1760 1760 1760 1760 1759 1759 1761 1749 1760 1760 1761 1749 1762 1761 1762 1761 1761 1749 1763 1762 1762 1761 1763 1762 1764 1763 1764 1763 1763 1762 1765 1764 1764 1763 1765 1764 1766 1765 1766 1765 1765 1764 1767 1766 1766 1765 1767 1766 1768 1767 1768 1767 1767 1766 1769 1768 1768 1767 1769 1768 1770 1769 1770 1769 1769 1768 1771 1770 1770 1769 1771 1770 1772 1771 1772 1771 1771 1770 1773 1772 1772 1771 1773 1772 1774 1773 1774 1773 1773 1772 1775 1774 1774 1773 1775 1774 1752 1752 1752 1752 1775 1774 1753 1753 1772 1771 1774 1773 1776 1775 1776 1775 1774 1773 1752 1752 1776 1775 1752 1752 1754 1754 1766 1765 1768 1767 1776 1775 1776 1775 1768 1767 1770 1769 1776 1775 1770 1769 1772 1771 1760 1760 1762 1761 1776 1775 1776 1775 1762 1761 1764 1763 1776 1775 1764 1763 1766 1765 1754 1754 1756 1756 1776 1775 1776 1775 1756 1756 1758 1758 1776 1775 1758 1758 1760 1760 1777 1776 1778 1777 1779 1778 1780 1779 1781 1780 1782 1781 1783 1782 1784 1783 1785 1784 1785 1784 1784 1783 1786 1785 1785 1784 1786 1785 1787 1786 1781 1780 1780 1779 1788 1787 1780 1779 1789 1788 1788 1787 1788 1787 1789 1788 1790 1789 1788 1787 1790 1789 1785 1784 1785 1784 1790 1789 1791 1790 1785 1784 1791 1790 1783 1782 1792 1791 1793 1792 1794 1793 1794 1793 1793 1792 1782 1781 1794 1793 1782 1781 1795 1794 1796 1795 1797 1796 1798 1797 1796 1795 1798 1797 1794 1793 1794 1793 1798 1797 1799 1798 1794 1793 1799 1798 1792 1791 1800 1799 1801 1800 1802 1801 1802 1801 1801 1800 1803 1802 1802 1801 1803 1802 1796 1795 1796 1795 1803 1802 1804 1803 1796 1795 1804 1803 1797 1796 1805 1804 1806 1805 1807 1806 1807 1806 1806 1805 1808 1807 1807 1806 1808 1807 1809 1808 1809 1808 1810 1809 1811 1810 1811 1810 1810 1809 1812 1811 1812 1811 1810 1809 1813 1812 1813 1812 1810 1809 1814 1813 1813 1812 1814 1813 1815 1814 1815 1814 1814 1813 1816 1815 1815 1814 1816 1815 1817 1816 1817 1816 1816 1815 1818 1817 1818 1817 1816 1815 1819 1818 1818 1817 1819 1818 1820 1819 1821 1820 1822 1821 1819 1818 1819 1818 1822 1821 1823 1822 1819 1818 1823 1822 1820 1819 1778 1777 1824 1823 1779 1778 1779 1778 1824 1823 1825 1824 1779 1778 1825 1824 1821 1820 1821 1820 1825 1824 1826 1825 1821 1820 1826 1825 1822 1821 1827 1826 1828 1827 1829 1828 1827 1826 1829 1828 1779 1778 1779 1778 1829 1828 1830 1829 1779 1778 1830 1829 1777 1776 1828 1827 1827 1826 1831 1830 1831 1830 1827 1826 1832 1831 1831 1830 1832 1831 1833 1832 1834 1833 1835 1834 1836 1835 1837 1836 1838 1837 1839 1838 1839 1838 1838 1837 1834 1833 1835 1834 1840 1839 1836 1835 1836 1835 1840 1839 1841 1840 1836 1835 1841 1840 1842 1841 1837 1836 1839 1838 1843 1842 1843 1842 1839 1838 1844 1843 1843 1842 1844 1843 1845 1844 1786 1785 1846 1845 1787 1786 1787 1786 1846 1845 1847 1846 1787 1786 1847 1846 1844 1843 1844 1843 1847 1846 1848 1847 1844 1843 1848 1847 1845 1844 1849 1848 1850 1849 1851 1850 1851 1850 1850 1849 1852 1851 1805 1804 1853 1852 1806 1805 1806 1805 1853 1852 1854 1853 1806 1805 1854 1853 1849 1848 1782 1781 1781 1780 1795 1794 1795 1794 1781 1780 1788 1787 1795 1794 1788 1787 1855 1854 1855 1854 1788 1787 1785 1784 1855 1854 1785 1784 1856 1855 1856 1855 1785 1784 1787 1786 1856 1855 1787 1786 1857 1856 1857 1856 1787 1786 1844 1843 1857 1856 1844 1843 1858 1857 1858 1857 1844 1843 1839 1838 1858 1857 1839 1838 1859 1858 1849 1848 1851 1850 1806 1805 1806 1805 1851 1850 1860 1859 1806 1805 1860 1859 1808 1807 1808 1807 1860 1859 1861 1860 1808 1807 1861 1860 1862 1861 1862 1861 1861 1860 1863 1862 1862 1861 1863 1862 1864 1863 1864 1863 1863 1862 1865 1864 1864 1863 1865 1864 1866 1865 1866 1865 1865 1864 1867 1866 1866 1865 1867 1866 1868 1867 1868 1867 1867 1866 1869 1868 1868 1867 1869 1868 1870 1869 1870 1869 1869 1868 1871 1870 1870 1869 1871 1870 1872 1871 1834 1833 1836 1835 1839 1838 1839 1838 1836 1835 1873 1872 1839 1838 1873 1872 1859 1858 1859 1858 1873 1872 1874 1873 1859 1858 1874 1873 1875 1874 1875 1874 1871 1870 1859 1858 1859 1858 1871 1870 1869 1868 1859 1858 1869 1868 1858 1857 1858 1857 1869 1868 1867 1866 1858 1857 1867 1866 1857 1856 1857 1856 1867 1866 1865 1864 1857 1856 1865 1864 1856 1855 1856 1855 1865 1864 1863 1862 1856 1855 1863 1862 1855 1854 1855 1854 1863 1862 1861 1860 1855 1854 1861 1860 1795 1794 1795 1794 1861 1860 1860 1859 1795 1794 1860 1859 1794 1793 1794 1793 1860 1859 1851 1850 1794 1793 1851 1850 1796 1795 1796 1795 1851 1850 1852 1851 1796 1795 1852 1851 1802 1801 1875 1874 1876 1875 1871 1870 1871 1870 1876 1875 1877 1876 1871 1870 1877 1876 1872 1871 1872 1871 1877 1876 1878 1877 1872 1871 1878 1877 1879 1878 1809 1808 1808 1807 1810 1809 1810 1809 1808 1807 1862 1861 1810 1809 1862 1861 1814 1813 1814 1813 1862 1861 1864 1863 1814 1813 1864 1863 1816 1815 1816 1815 1864 1863 1866 1865 1816 1815 1866 1865 1819 1818 1819 1818 1866 1865 1868 1867 1819 1818 1868 1867 1821 1820 1821 1820 1868 1867 1870 1869 1821 1820 1870 1869 1779 1778 1779 1778 1870 1869 1872 1871 1779 1778 1872 1871 1827 1826 1827 1826 1872 1871 1879 1878 1827 1826 1879 1878 1832 1831 1880 1879 1881 1880 1882 1881 1883 1882 1884 1883 1885 1884 1886 1885 1887 1886 1888 1887 1889 1888 1890 1889 1891 1890 1892 1891 1893 1892 1894 1893 1895 1894 1896 1895 1897 1896 1895 1894 1897 1896 1898 1897 1898 1897 1897 1896 1899 1898 1898 1897 1899 1898 1900 1899 1901 1900 1902 1901 1899 1898 1899 1898 1902 1901 1903 1902 1899 1898 1903 1902 1900 1899 1904 1903 1905 1904 1901 1900 1901 1900 1905 1904 1906 1905 1901 1900 1906 1905 1902 1901 1904 1903 1901 1900 1907 1906 1907 1906 1901 1900 1908 1907 1907 1906 1908 1907 1909 1908 1909 1908 1908 1907 1910 1909 1909 1908 1910 1909 1911 1910 1912 1911 1913 1912 1910 1909 1910 1909 1913 1912 1914 1913 1910 1909 1914 1913 1911 1910 1915 1914 1916 1915 1917 1916 1917 1916 1916 1915 1918 1917 1917 1916 1918 1917 1912 1911 1912 1911 1918 1917 1919 1918 1912 1911 1919 1918 1913 1912 1920 1919 1921 1920 1888 1887 1888 1887 1921 1920 1922 1921 1888 1887 1922 1921 1923 1922 1923 1922 1922 1921 1924 1923 1923 1922 1924 1923 1915 1914 1920 1919 1888 1887 1925 1924 1925 1924 1888 1887 1887 1886 1925 1924 1887 1886 1926 1925 1927 1926 1928 1927 1929 1928 1929 1928 1928 1927 1930 1929 1929 1928 1930 1929 1931 1930 1927 1926 1929 1928 1932 1931 1932 1931 1929 1928 1933 1932 1932 1931 1933 1932 1934 1933 1934 1933 1933 1932 1935 1934 1934 1933 1935 1934 1936 1935 1936 1935 1935 1934 1937 1936 1937 1936 1935 1934 1938 1937 1937 1936 1938 1937 1939 1938 1940 1939 1941 1940 1938 1937 1938 1937 1941 1940 1942 1941 1938 1937 1942 1941 1939 1938 1893 1892 1943 1942 1894 1893 1894 1893 1943 1942 1944 1943 1894 1893 1944 1943 1940 1939 1940 1939 1944 1943 1945 1944 1940 1939 1945 1944 1941 1940 1946 1945 1947 1946 1948 1947 1946 1945 1948 1947 1894 1893 1894 1893 1948 1947 1949 1948 1894 1893 1949 1948 1892 1891 1947 1946 1946 1945 1950 1949 1950 1949 1946 1945 1951 1950 1950 1949 1951 1950 1952 1951 1889 1888 1891 1890 1896 1895 1953 1952 1954 1953 1886 1885 1955 1954 1956 1955 1957 1956 1956 1955 1955 1954 1884 1883 1958 1957 1959 1958 1960 1959 1960 1959 1959 1958 1961 1960 1960 1959 1961 1960 1880 1879 1915 1914 1917 1916 1923 1922 1923 1922 1917 1916 1912 1911 1923 1922 1912 1911 1962 1961 1962 1961 1912 1911 1910 1909 1962 1961 1910 1909 1963 1962 1963 1962 1910 1909 1908 1907 1963 1962 1908 1907 1964 1963 1964 1963 1908 1907 1901 1900 1964 1963 1901 1900 1965 1964 1965 1964 1901 1900 1899 1898 1965 1964 1899 1898 1966 1965 1966 1965 1899 1898 1897 1896 1966 1965 1897 1896 1967 1966 1884 1883 1955 1954 1885 1884 1885 1884 1955 1954 1968 1967 1885 1884 1968 1967 1969 1968 1969 1968 1968 1967 1970 1969 1969 1968 1970 1969 1971 1970 1971 1970 1970 1969 1972 1971 1971 1970 1972 1971 1973 1972 1973 1972 1972 1971 1974 1973 1973 1972 1974 1973 1975 1974 1975 1974 1974 1973 1976 1975 1975 1974 1976 1975 1977 1976 1977 1976 1976 1975 1978 1977 1977 1976 1978 1977 1979 1978 1979 1978 1978 1977 1980 1979 1979 1978 1980 1979 1981 1980 1880 1879 1882 1881 1960 1959 1960 1959 1882 1881 1982 1981 1960 1959 1982 1981 1983 1982 1983 1982 1982 1981 1984 1983 1983 1982 1984 1983 1985 1984 1985 1984 1984 1983 1986 1985 1985 1984 1986 1985 1987 1986 1987 1986 1986 1985 1988 1987 1987 1986 1988 1987 1989 1988 1989 1988 1988 1987 1990 1989 1989 1988 1990 1989 1991 1990 1991 1990 1990 1989 1992 1991 1991 1990 1992 1991 1993 1992 1993 1992 1992 1991 1994 1993 1993 1992 1994 1993 1995 1994 1896 1895 1891 1890 1897 1896 1897 1896 1891 1890 1996 1995 1897 1896 1996 1995 1967 1966 1967 1966 1996 1995 1997 1996 1967 1966 1997 1996 1998 1997 1886 1885 1888 1887 1953 1952 1953 1952 1888 1887 1923 1922 1953 1952 1923 1922 1999 1998 1999 1998 1923 1922 1962 1961 1999 1998 1962 1961 2000 1999 2000 1999 1962 1961 1963 1962 2000 1999 1963 1962 2001 2000 2001 2000 1963 1962 1964 1963 2001 2000 1964 1963 2002 2001 2002 2001 1964 1963 1965 1964 2002 2001 1965 1964 2003 2002 2003 2002 1965 1964 1966 1965 2003 2002 1966 1965 2004 2003 2004 2003 1966 1965 1967 1966 2004 2003 1967 1966 2005 2004 2005 2004 1967 1966 1998 1997 2005 2004 1998 1997 2006 2005 2006 2005 1980 1979 2005 2004 2005 2004 1980 1979 1978 1977 2005 2004 1978 1977 2004 2003 2004 2003 1978 1977 1976 1975 2004 2003 1976 1975 2003 2002 2003 2002 1976 1975 1974 1973 2003 2002 1974 1973 2002 2001 2002 2001 1974 1973 1972 1971 2002 2001 1972 1971 2001 2000 2001 2000 1972 1971 1970 1969 2001 2000 1970 1969 2000 1999 2000 1999 1970 1969 1968 1967 2000 1999 1968 1967 1999 1998 1999 1998 1968 1967 1955 1954 1999 1998 1955 1954 1953 1952 1953 1952 1955 1954 1957 1956 1953 1952 1957 1956 1954 1953 2006 2005 2007 2006 1980 1979 1980 1979 2007 2006 2008 2007 1980 1979 2008 2007 1981 1980 1981 1980 2008 2007 2009 2008 1981 1980 2009 2008 2010 2009 2010 2009 1994 1993 1981 1980 1981 1980 1994 1993 1992 1991 1981 1980 1992 1991 1979 1978 1979 1978 1992 1991 1990 1989 1979 1978 1990 1989 1977 1976 1977 1976 1990 1989 1988 1987 1977 1976 1988 1987 1975 1974 1975 1974 1988 1987 1986 1985 1975 1974 1986 1985 1973 1972 1973 1972 1986 1985 1984 1983 1973 1972 1984 1983 1971 1970 1971 1970 1984 1983 1982 1981 1971 1970 1982 1981 1969 1968 1969 1968 1982 1981 1882 1881 1969 1968 1882 1881 1885 1884 1885 1884 1882 1881 1881 1880 1885 1884 1881 1880 1883 1882 2010 2009 2011 2010 1994 1993 1994 1993 2011 2010 2012 2011 1994 1993 2012 2011 1995 1994 1995 1994 2012 2011 2013 2012 1995 1994 2013 2012 2014 2013 1958 1957 1960 1959 1931 1930 1931 1930 1960 1959 1983 1982 1931 1930 1983 1982 1929 1928 1929 1928 1983 1982 1985 1984 1929 1928 1985 1984 1933 1932 1933 1932 1985 1984 1987 1986 1933 1932 1987 1986 1935 1934 1935 1934 1987 1986 1989 1988 1935 1934 1989 1988 1938 1937 1938 1937 1989 1988 1991 1990 1938 1937 1991 1990 1940 1939 1940 1939 1991 1990 1993 1992 1940 1939 1993 1992 1894 1893 1894 1893 1993 1992 1995 1994 1894 1893 1995 1994 1946 1945 1946 1945 1995 1994 2014 2013 1946 1945 2014 2013 1951 1950 2015 2014 2016 2015 2017 2016 2018 2017 2019 2018 2020 2019 2021 2020 2022 2021 2023 2022 2023 2022 2022 2021 2024 2023 2023 2022 2024 2023 2025 2024 2026 2025 2027 2026 2028 2027 2028 2027 2027 2026 2029 2028 2028 2027 2029 2028 2023 2022 2023 2022 2029 2028 2030 2029 2023 2022 2030 2029 2021 2020 2031 2030 2032 2031 2033 2032 2033 2032 2032 2031 2034 2033 2033 2032 2034 2033 2035 2034 2035 2034 2034 2033 2036 2035 2035 2034 2036 2035 2037 2036 2037 2036 2036 2035 2038 2037 2038 2037 2036 2035 2039 2038 2038 2037 2039 2038 2040 2039 2041 2040 2042 2041 2043 2042 2043 2042 2042 2041 2044 2043 2043 2042 2044 2043 2039 2038 2039 2038 2044 2043 2045 2044 2039 2038 2045 2044 2040 2039 2033 2032 2046 2045 2031 2030 2031 2030 2046 2045 2047 2046 2031 2030 2047 2046 2048 2047 2048 2047 2047 2046 2049 2048 2046 2045 2026 2025 2047 2046 2047 2046 2026 2025 2050 2049 2047 2046 2050 2049 2049 2048 2049 2048 2050 2049 2051 2050 2051 2050 2050 2049 2052 2051 2052 2051 2050 2049 2053 2052 2052 2051 2053 2052 2054 2053 2055 2054 2056 2055 2053 2052 2053 2052 2056 2055 2057 2056 2053 2052 2057 2056 2054 2053 2019 2018 2058 2057 2020 2019 2020 2019 2058 2057 2059 2058 2020 2019 2059 2058 2055 2054 2055 2054 2059 2058 2060 2059 2055 2054 2060 2059 2056 2055 2017 2016 2061 2060 2062 2061 2017 2016 2062 2061 2020 2019 2020 2019 2062 2061 2063 2062 2020 2019 2063 2062 2018 2017 2061 2060 2017 2016 2064 2063 2064 2063 2017 2016 2016 2015 2064 2063 2016 2015 2065 2064 2066 2065 2067 2066 2068 2067 2068 2067 2067 2066 2069 2068 2070 2069 2071 2070 2072 2071 2072 2071 2071 2070 2073 2072 2072 2071 2073 2072 2074 2073 2066 2065 2068 2067 2075 2074 2075 2074 2068 2067 2076 2075 2075 2074 2076 2075 2077 2076 2024 2023 2078 2077 2025 2024 2025 2024 2078 2077 2079 2078 2025 2024 2079 2078 2076 2075 2076 2075 2079 2078 2080 2079 2076 2075 2080 2079 2077 2076 2081 2080 2068 2067 2072 2071 2072 2071 2068 2067 2069 2068 2072 2071 2069 2068 2070 2069 2026 2025 2028 2027 2050 2049 2050 2049 2028 2027 2023 2022 2050 2049 2023 2022 2053 2052 2053 2052 2023 2022 2025 2024 2053 2052 2025 2024 2055 2054 2055 2054 2025 2024 2076 2075 2055 2054 2076 2075 2020 2019 2020 2019 2076 2075 2068 2067 2020 2019 2068 2067 2017 2016 2017 2016 2068 2067 2081 2080 2017 2016 2081 2080 2015 2014 2082 2081 2083 2082 2084 2083 2082 2081 2084 2083 2085 2084 2085 2084 2084 2083 696 696 2085 2084 696 696 695 695 2086 2085 2087 2086 2088 2087 2089 2088 1800 1799 1802 1801 1853 1852 2086 2085 1854 1853 1854 1853 2086 2085 2088 2087 1854 1853 2088 2087 1849 1848 1849 1848 2088 2087 2090 2089 2091 2090 2089 2088 2092 2091 2092 2091 2089 2088 1802 1801 2092 2091 1802 1801 2093 2092 2093 2092 1802 1801 1852 1851 2093 2092 1852 1851 2090 2089 2090 2089 1852 1851 1850 1849 2090 2089 1850 1849 1849 1848 2094 2093 2095 2094 2096 2095 2097 2096 1926 1925 1887 1886 2094 2093 2096 2095 1959 1958 2098 2097 2097 2096 2099 2098 2099 2098 2097 2096 1887 1886 2099 2098 1887 1886 2100 2099 2100 2099 1887 1886 1886 1885 2100 2099 1886 1885 2101 2100 2101 2100 1886 1885 1954 1953 2101 2100 1954 1953 2102 2101 1954 1953 1957 1956 2102 2101 2102 2101 1957 1956 1956 1955 2102 2101 1956 1955 2103 2102 2103 2102 1956 1955 1884 1883 2103 2102 1884 1883 2104 2103 2104 2103 1884 1883 1883 1882 2104 2103 1883 1882 2105 2104 2105 2104 1883 1882 1881 1880 2105 2104 1881 1880 2106 2105 2106 2105 1881 1880 1880 1879 2106 2105 1880 1879 2096 2095 2096 2095 1880 1879 1961 1960 2096 2095 1961 1960 1959 1958 2107 2106 2108 2107 2109 2108 2110 2109 546 546 545 545 2111 2110 2110 2109 2112 2111 2112 2111 2110 2109 545 545 2112 2111 545 545 2113 2112 571 571 2107 2106 572 572 572 572 2107 2106 2109 2108 572 572 2109 2108 567 567 567 567 2109 2108 2114 2113 567 567 2114 2113 568 568 568 568 2114 2113 2113 2112 568 568 2113 2112 570 570 570 570 2113 2112 545 545 2115 2114 2116 2115 2117 2116 2118 2117 2119 2118 2120 2119 2121 2120 2122 2121 2123 2122 2124 2123 2125 2124 2126 2125 2127 2126 2128 2127 2129 2128 2127 2126 2129 2128 2130 2129 2130 2129 2129 2128 2131 2130 2130 2129 2131 2130 2132 2131 2133 2132 2134 2133 2131 2130 2131 2130 2134 2133 2135 2134 2131 2130 2135 2134 2132 2131 2136 2135 2137 2136 2133 2132 2137 2136 2138 2137 2133 2132 2133 2132 2138 2137 2139 2138 2133 2132 2139 2138 2134 2133 2136 2135 2140 2139 2141 2140 2141 2140 2140 2139 2142 2141 2141 2140 2142 2141 2143 2142 2125 2124 2144 2143 2145 2144 2145 2144 2144 2143 2146 2145 2145 2144 2146 2145 2142 2141 2142 2141 2146 2145 2147 2146 2142 2141 2147 2146 2143 2142 2148 2147 2149 2148 2150 2149 2151 2150 2152 2151 2150 2149 2150 2149 2152 2151 2153 2152 2150 2149 2153 2152 2148 2147 2154 2153 2155 2154 2150 2149 2150 2149 2155 2154 2156 2155 2150 2149 2156 2155 2151 2150 2157 2156 2158 2157 2126 2125 2126 2125 2158 2157 2159 2158 2126 2125 2159 2158 2150 2149 2150 2149 2159 2158 2160 2159 2150 2149 2160 2159 2154 2153 2149 2148 2161 2160 2150 2149 2150 2149 2161 2160 2162 2161 2150 2149 2162 2161 2126 2125 2126 2125 2162 2161 2163 2162 2126 2125 2163 2162 2124 2123 2125 2124 2145 2144 2126 2125 2126 2125 2145 2144 2164 2163 2126 2125 2164 2163 2157 2156 2165 2164 2166 2165 2142 2141 2142 2141 2166 2165 2167 2166 2142 2141 2167 2166 2145 2144 2145 2144 2167 2166 2168 2167 2145 2144 2168 2167 2164 2163 2165 2164 2142 2141 2169 2168 2169 2168 2142 2141 2140 2139 2169 2168 2140 2139 2170 2169 2136 2135 2133 2132 2140 2139 2140 2139 2133 2132 2171 2170 2140 2139 2171 2170 2170 2169 2172 2171 2173 2172 2123 2122 2123 2122 2173 2172 2174 2173 2123 2122 2174 2173 2121 2120 2119 2118 2175 2174 2120 2119 2120 2119 2175 2174 2176 2175 2120 2119 2176 2175 2172 2171 2172 2171 2176 2175 2177 2176 2172 2171 2177 2176 2173 2172 2178 2177 2179 2178 2180 2179 2180 2179 2179 2178 2181 2180 2180 2179 2181 2180 2182 2181 2183 2182 2184 2183 2185 2184 2185 2184 2184 2183 2186 2185 2185 2184 2186 2185 2181 2180 2181 2180 2186 2185 2187 2186 2181 2180 2187 2186 2182 2181 2188 2187 2189 2188 2190 2189 2191 2190 2192 2191 2193 2192 2193 2192 2192 2191 2194 2193 2193 2192 2194 2193 2195 2194 2194 2193 2196 2195 2195 2194 2195 2194 2196 2195 2197 2196 2195 2194 2197 2196 2198 2197 2198 2197 2197 2196 2199 2198 2198 2197 2199 2198 2200 2199 2201 2200 2202 2201 2203 2202 2203 2202 2202 2201 2204 2203 2203 2202 2204 2203 2191 2190 2205 2204 2206 2205 2207 2206 2207 2206 2208 2207 2205 2204 2205 2204 2208 2207 2209 2208 2205 2204 2209 2208 2201 2200 2201 2200 2209 2208 2210 2209 2201 2200 2210 2209 2202 2201 2211 2210 2212 2211 2213 2212 2211 2210 2213 2212 2214 2213 2215 2214 2216 2215 2213 2212 2213 2212 2216 2215 2217 2216 2213 2212 2217 2216 2214 2213 2213 2212 2218 2217 2219 2218 2219 2218 2220 2219 2213 2212 2213 2212 2220 2219 2221 2220 2213 2212 2221 2220 2215 2214 2212 2211 2222 2221 2213 2212 2213 2212 2222 2221 2223 2222 2213 2212 2223 2222 2224 2223 2224 2223 2223 2222 2225 2224 2224 2223 2225 2224 2206 2205 2206 2205 2225 2224 2226 2225 2206 2205 2226 2225 2207 2206 2227 2226 2228 2227 2224 2223 2224 2223 2228 2227 2229 2228 2224 2223 2229 2228 2213 2212 2213 2212 2229 2228 2230 2229 2213 2212 2230 2229 2218 2217 2227 2226 2224 2223 2231 2230 2231 2230 2224 2223 2206 2205 2231 2230 2206 2205 2232 2231 2232 2231 2206 2205 2233 2232 2233 2232 2206 2205 2205 2204 2233 2232 2205 2204 2234 2233 2234 2233 2205 2204 2235 2234 2235 2234 2205 2204 2201 2200 2235 2234 2201 2200 2236 2235 2236 2235 2201 2200 2237 2236 2237 2236 2201 2200 2203 2202 2237 2236 2203 2202 2238 2237 2239 2238 2240 2239 2241 2240 2241 2240 2240 2239 2242 2241 2241 2240 2242 2241 2203 2202 2203 2202 2242 2241 2243 2242 2203 2202 2243 2242 2238 2237 2244 2243 2245 2244 2246 2245 2244 2243 2246 2245 2241 2240 2241 2240 2246 2245 2247 2246 2241 2240 2247 2246 2239 2238 2245 2244 2244 2243 2248 2247 2248 2247 2244 2243 2249 2248 2248 2247 2249 2248 2250 2249 2172 2171 2251 2250 2120 2119 2120 2119 2251 2250 2179 2178 2120 2119 2179 2178 2118 2117 2118 2117 2179 2178 2178 2177 2200 2199 2188 2187 2198 2197 2198 2197 2188 2187 2190 2189 2198 2197 2190 2189 2195 2194 2195 2194 2190 2189 2252 2251 2253 2252 2129 2128 2117 2116 2117 2116 2129 2128 2128 2127 2117 2116 2128 2127 2115 2114 2253 2252 2251 2250 2129 2128 2129 2128 2251 2250 2172 2171 2129 2128 2172 2171 2131 2130 2131 2130 2172 2171 2123 2122 2131 2130 2123 2122 2133 2132 2133 2132 2123 2122 2122 2121 2133 2132 2122 2121 2171 2170 2253 2252 2254 2253 2251 2250 2251 2250 2254 2253 2255 2254 2251 2250 2255 2254 2179 2178 2179 2178 2255 2254 2256 2255 2179 2178 2256 2255 2181 2180 2257 2256 2185 2184 2258 2257 2258 2257 2185 2184 2181 2180 2258 2257 2181 2180 2259 2258 2259 2258 2181 2180 2256 2255 2257 2256 2260 2259 2185 2184 2185 2184 2260 2259 2190 2189 2185 2184 2190 2189 2183 2182 2183 2182 2190 2189 2189 2188 2260 2259 2261 2260 2190 2189 2190 2189 2261 2260 2262 2261 2190 2189 2262 2261 2252 2251 2252 2251 2262 2261 2263 2262 2252 2251 2263 2262 2264 2263 2191 2190 2193 2192 2203 2202 2203 2202 2193 2192 2195 2194 2203 2202 2195 2194 2241 2240 2241 2240 2195 2194 2252 2251 2241 2240 2252 2251 2244 2243 2244 2243 2252 2251 2264 2263 2244 2243 2264 2263 2249 2248 2265 2264 2266 2265 2267 2266 2265 2264 2267 2266 2043 2042 2043 2042 2267 2266 2268 2267 2043 2042 2268 2267 2041 2040 2269 2268 2270 2269 2271 2270 2272 2271 2273 2272 2274 2273 2275 2274 2276 2275 2277 2276 2274 2273 2278 2277 2277 2276 2277 2276 2278 2277 2279 2278 2280 2279 2281 2280 2282 2281 2276 2275 2283 2282 2277 2276 2277 2276 2283 2282 2284 2283 2277 2276 2284 2283 2285 2284 2279 2278 2286 2285 2277 2276 2277 2276 2286 2285 2271 2270 2277 2276 2271 2270 2275 2274 2275 2274 2271 2270 2270 2269 2275 2274 2270 2269 2287 2286 2288 2287 2289 2288 2290 2289 2291 2290 2273 2272 2292 2291 2292 2291 2273 2272 2293 2292 2269 2268 2271 2270 2282 2281 2282 2281 2271 2270 2294 2293 2282 2281 2294 2293 2280 2279 2295 2294 2290 2289 2277 2276 2277 2276 2290 2289 2296 2295 2277 2276 2296 2295 2274 2273 2274 2273 2296 2295 2297 2296 2274 2273 2297 2296 2272 2271 2287 2286 2298 2297 2275 2274 2275 2274 2298 2297 2299 2298 2275 2274 2299 2298 2300 2299 2300 2299 2299 2298 2301 2300 2302 2301 2303 2302 2284 2283 2284 2283 2303 2302 2304 2303 2293 2292 2305 2304 2292 2291 2292 2291 2305 2304 2306 2305 2292 2291 2306 2305 2307 2306 2308 2307 2274 2273 2309 2308 2309 2308 2274 2273 2273 2272 2309 2308 2273 2272 2310 2309 2310 2309 2273 2272 2291 2290 2304 2303 2311 2310 2284 2283 2284 2283 2311 2310 2312 2311 2284 2283 2312 2311 2285 2284 2313 2312 2314 2313 2315 2314 2315 2314 2314 2313 2316 2315 2308 2307 2317 2316 2274 2273 2274 2273 2317 2316 2314 2313 2274 2273 2314 2313 2318 2317 2318 2317 2314 2313 2313 2312 2319 2318 2320 2319 2321 2320 2295 2294 2322 2321 2290 2289 2290 2289 2322 2321 2323 2322 2290 2289 2323 2322 2288 2287 2307 2306 2306 2305 2324 2323 2324 2323 2306 2305 2325 2324 2324 2323 2325 2324 2326 2325 2301 2300 2299 2298 2327 2326 2327 2326 2299 2298 2328 2327 2327 2326 2328 2327 2329 2328 2329 2328 2328 2327 2330 2329 2329 2328 2330 2329 2321 2320 2321 2320 2330 2329 2331 2330 2321 2320 2331 2330 2319 2318 2331 2330 2332 2331 2319 2318 2319 2318 2332 2331 2333 2332 2319 2318 2333 2332 2334 2333 2326 2325 2335 2334 2324 2323 2324 2323 2335 2334 2336 2335 2324 2323 2336 2335 2337 2336 2337 2336 2338 2337 2324 2323 2324 2323 2338 2337 2339 2338 2324 2323 2339 2338 2340 2339 2340 2339 2341 2340 2324 2323 2324 2323 2341 2340 2342 2341 2324 2323 2342 2341 2343 2342 2334 2333 2344 2343 2319 2318 2319 2318 2344 2343 2345 2344 2319 2318 2345 2344 2346 2345 2346 2345 2345 2344 2347 2346 2346 2345 2347 2346 2348 2347 2349 2348 2350 2349 2351 2350 2351 2350 2350 2349 2352 2351 2351 2350 2352 2351 2353 2352 2353 2352 2352 2351 2354 2353 2353 2352 2354 2353 2355 2354 2356 2355 2357 2356 2351 2350 2351 2350 2357 2356 2358 2357 2351 2350 2358 2357 2349 2348 2359 2358 2360 2359 2361 2360 2360 2359 2362 2361 2361 2360 2361 2360 2362 2361 2363 2362 2361 2360 2363 2362 2364 2363 2363 2362 2365 2364 2364 2363 2364 2363 2365 2364 2366 2365 2364 2363 2366 2365 2367 2366 2367 2366 2368 2367 2364 2363 2364 2363 2368 2367 2369 2368 2364 2363 2369 2368 2370 2369 2370 2369 2369 2368 2371 2370 2369 2368 2372 2371 2371 2370 2371 2370 2372 2371 2373 2372 2371 2370 2373 2372 2370 2369 2370 2369 2373 2372 2374 2373 2370 2369 2374 2373 2364 2363 2364 2363 2374 2373 2375 2374 2364 2363 2375 2374 2356 2355 2356 2355 2375 2374 2376 2375 2356 2355 2376 2375 2357 2356 2377 2376 2378 2377 2379 2378 2379 2378 2378 2377 2380 2379 2379 2378 2380 2379 2381 2380 2381 2380 2382 2381 2379 2378 2379 2378 2382 2381 2383 2382 2379 2378 2383 2382 2361 2360 2361 2360 2383 2382 2384 2383 2361 2360 2384 2383 2359 2358 2385 2384 2386 2385 2387 2386 2387 2386 2388 2387 2379 2378 2379 2378 2388 2387 2389 2388 2390 2389 2391 2390 2392 2391 2393 2392 2394 2393 2395 2394 2395 2394 2394 2393 2396 2395 2397 2396 2398 2397 2377 2376 2377 2376 2398 2397 2399 2398 2377 2376 2399 2398 2400 2399 2400 2399 2399 2398 2401 2400 2400 2399 2401 2400 2402 2401 2403 2402 2404 2403 2405 2404 2405 2404 2404 2403 2406 2405 2405 2404 2406 2405 2407 2406 2393 2392 2395 2394 2408 2407 2408 2407 2395 2394 2409 2408 2408 2407 2409 2408 2403 2402 2403 2402 2409 2408 2410 2409 2403 2402 2410 2409 2404 2403 2411 2410 2412 2411 2413 2412 2389 2388 2414 2413 2379 2378 2379 2378 2414 2413 2415 2414 2379 2378 2415 2414 2377 2376 2377 2376 2415 2414 2416 2415 2377 2376 2416 2415 2397 2396 2392 2391 2391 2390 2417 2416 2417 2416 2391 2390 2418 2417 2417 2416 2418 2417 2419 2418 2419 2418 2418 2417 2420 2419 2419 2418 2420 2419 2421 2420 2421 2420 2420 2419 2422 2421 2421 2420 2422 2421 2423 2422 2423 2422 2422 2421 2424 2423 2423 2422 2424 2423 2401 2400 2401 2400 2424 2423 2425 2424 2401 2400 2425 2424 2402 2401 2406 2405 2426 2425 2407 2406 2407 2406 2426 2425 2427 2426 2407 2406 2427 2426 2428 2427 2428 2427 2427 2426 2429 2428 2428 2427 2429 2428 2430 2429 2430 2429 2429 2428 2431 2430 2430 2429 2431 2430 2392 2391 2392 2391 2431 2430 2432 2431 2392 2391 2432 2431 2390 2389 2433 2432 2434 2433 2435 2434 2435 2434 2434 2433 2436 2435 2387 2386 2379 2378 2385 2384 2385 2384 2379 2378 2437 2436 2385 2384 2437 2436 2438 2437 2394 2393 2439 2438 2396 2395 2396 2395 2439 2438 2440 2439 2396 2395 2440 2439 2411 2410 2411 2410 2440 2439 2441 2440 2411 2410 2441 2440 2412 2411 2435 2434 2442 2441 2443 2442 2443 2442 2442 2441 2444 2443 2443 2442 2444 2443 2445 2444 2446 2445 2433 2432 2447 2446 2447 2446 2433 2432 2435 2434 2447 2446 2435 2434 2448 2447 2448 2447 2435 2434 2443 2442 2413 2412 2449 2448 2411 2410 2411 2410 2449 2448 2435 2434 2411 2410 2435 2434 2450 2449 2450 2449 2435 2434 2436 2435 2451 2450 2452 2451 2453 2452 2453 2452 2452 2451 2454 2453 2438 2437 2455 2454 2385 2384 2385 2384 2455 2454 2453 2452 2385 2384 2453 2452 2456 2455 2456 2455 2453 2452 2454 2453 2411 2410 2457 2456 2458 2457 2458 2457 2459 2458 2411 2410 2411 2410 2459 2458 2460 2459 2411 2410 2460 2459 2461 2460 2461 2460 2460 2459 2462 2461 2460 2459 2463 2462 2462 2461 2462 2461 2463 2462 2464 2463 2462 2461 2464 2463 2461 2460 2461 2460 2464 2463 2465 2464 2461 2460 2465 2464 2411 2410 2411 2410 2465 2464 2396 2395 2466 2465 2467 2466 2468 2467 2466 2465 2468 2467 2469 2468 2470 2469 2471 2470 2468 2467 2468 2467 2471 2470 2472 2471 2468 2467 2472 2471 2469 2468 2467 2466 2473 2472 2468 2467 2468 2467 2473 2472 2474 2473 2468 2467 2474 2473 2457 2456 2474 2473 2475 2474 2457 2456 2457 2456 2475 2474 2476 2475 2457 2456 2476 2475 2477 2476 2477 2476 2478 2477 2457 2456 2457 2456 2478 2477 2479 2478 2457 2456 2479 2478 2458 2457 2480 2479 2481 2480 2468 2467 2468 2467 2481 2480 2482 2481 2468 2467 2482 2481 2470 2469 2483 2482 2484 2483 2485 2484 2485 2484 2486 2485 2483 2482 2483 2482 2486 2485 2487 2486 2483 2482 2487 2486 2480 2479 2480 2479 2487 2486 2488 2487 2480 2479 2488 2487 2481 2480 2484 2483 2483 2482 2489 2488 2489 2488 2483 2482 2490 2489 2489 2488 2490 2489 2491 2490 2491 2490 2490 2489 2492 2491 2492 2491 2490 2489 2493 2492 2492 2491 2493 2492 2494 2493 2495 2494 2496 2495 2497 2496 2494 2493 2493 2492 2497 2496 2497 2496 2493 2492 2498 2497 2497 2496 2498 2497 2495 2494 2499 2498 2500 2499 2501 2500 2501 2500 2502 2501 2499 2498 2499 2498 2502 2501 2503 2502 2499 2498 2503 2502 2504 2503 2505 2504 2506 2505 2503 2502 2503 2502 2506 2505 2507 2506 2503 2502 2507 2506 2504 2503 2501 2500 2508 2507 2502 2501 2502 2501 2508 2507 2509 2508 2502 2501 2509 2508 2510 2509 2509 2508 2511 2510 2510 2509 2510 2509 2511 2510 2512 2511 2510 2509 2512 2511 2513 2512 2512 2511 2514 2513 2513 2512 2513 2512 2514 2513 2515 2514 2513 2512 2515 2514 2498 2497 2498 2497 2515 2514 2516 2515 2498 2497 2516 2515 2495 2494 2517 2516 2518 2517 2519 2518 2520 2519 2521 2520 2505 2504 2505 2504 2521 2520 2522 2521 2505 2504 2522 2521 2506 2505 2505 2504 2523 2522 2520 2519 2520 2519 2523 2522 2524 2523 2520 2519 2524 2523 2525 2524 2525 2524 2524 2523 2526 2525 2526 2525 2524 2523 2518 2517 2518 2517 2524 2523 2527 2526 2518 2517 2527 2526 2519 2518 2528 2527 2529 2528 2519 2518 2519 2518 2529 2528 2530 2529 2519 2518 2530 2529 2517 2516 2531 2530 2532 2531 2533 2532 2534 2533 2535 2534 2528 2527 2528 2527 2535 2534 2536 2535 2528 2527 2536 2535 2529 2528 2531 2530 2533 2532 2528 2527 2528 2527 2533 2532 2537 2536 2528 2527 2537 2536 2534 2533 2538 2537 2539 2538 2540 2539 2539 2538 2541 2540 2540 2539 2540 2539 2541 2540 2542 2541 2540 2539 2542 2541 2543 2542 2543 2542 2542 2541 2544 2543 2543 2542 2544 2543 2545 2544 2545 2544 2546 2545 2543 2542 2543 2542 2546 2545 2547 2546 2543 2542 2547 2546 2540 2539 2540 2539 2547 2546 2548 2547 2540 2539 2548 2547 2538 2537 2545 2544 2549 2548 2550 2549 2545 2544 2550 2549 2546 2545 2546 2545 2550 2549 2551 2550 2546 2545 2551 2550 2552 2551 2552 2551 2551 2550 2553 2552 2552 2551 2553 2552 2554 2553 2555 2554 2556 2555 2557 2556 2557 2556 2556 2555 2553 2552 2553 2552 2556 2555 2558 2557 2553 2552 2558 2557 2554 2553 2559 2558 2560 2559 2561 2560 2561 2560 2560 2559 2555 2554 2561 2560 2555 2554 2562 2561 2562 2561 2555 2554 2557 2556 501 501 500 500 2563 2562 2559 2558 2564 2563 2560 2559 2560 2559 2564 2563 2565 2564 2566 2565 2567 2566 2568 2567 2568 2567 2569 2568 2566 2565 2566 2565 2569 2568 2570 2569 2566 2565 2570 2569 2564 2563 2564 2563 2570 2569 2571 2570 2564 2563 2571 2570 2565 2564 2572 2571 2573 2572 2574 2573 2574 2573 2573 2572 2575 2574 2575 2574 2576 2575 2574 2573 2574 2573 2576 2575 2577 2576 2574 2573 2577 2576 2566 2565 2566 2565 2577 2576 2578 2577 2566 2565 2578 2577 2567 2566 484 484 2579 2578 458 458 458 458 2579 2578 2580 2579 458 458 2580 2579 459 459 484 484 483 483 2579 2578 2579 2578 483 483 476 476 2579 2578 476 476 463 463 2563 2562 500 500 2580 2579 2580 2579 500 500 494 494 2580 2579 494 494 459 459 2581 2580 509 509 2563 2562 2563 2562 509 509 502 502 2563 2562 502 502 501 501 2572 2571 2574 2573 2582 2581 2582 2581 2574 2573 2579 2578 2582 2581 2579 2578 2583 2582 2583 2582 2579 2578 463 463 2583 2582 463 463 464 464 2584 2583 2585 2584 2586 2585 2586 2585 2585 2584 2587 2586 2586 2585 2587 2586 2588 2587 2588 2587 2587 2586 2589 2588 2588 2587 2589 2588 2581 2580 2581 2580 2589 2588 2590 2589 2581 2580 2590 2589 509 509 2586 2585 2591 2590 2584 2583 2584 2583 2591 2590 2592 2591 2584 2583 2592 2591 2593 2592 2593 2592 2592 2591 2594 2593 2592 2591 2595 2594 2594 2593 2594 2593 2595 2594 2596 2595 2594 2593 2596 2595 2597 2596 2597 2596 2596 2595 2598 2597 2599 2598 2600 2599 2597 2596 2597 2596 2600 2599 2601 2600 2597 2596 2601 2600 2594 2593 2602 2601 2603 2602 2604 2603 2605 2604 2606 2605 2602 2601 2602 2601 2606 2605 2607 2606 2602 2601 2607 2606 2603 2602 2608 2607 2609 2608 2602 2601 2602 2601 2609 2608 2610 2609 2602 2601 2610 2609 2605 2604 2611 2610 2612 2611 2604 2603 2604 2603 2612 2611 2613 2612 2604 2603 2613 2612 2602 2601 2614 2613 2615 2614 2616 2615 2614 2613 2616 2615 2617 2616 2617 2616 2616 2615 2618 2617 2617 2616 2618 2617 2619 2618 2619 2618 2618 2617 2620 2619 2619 2618 2620 2619 2613 2612 2613 2612 2620 2619 2621 2620 2613 2612 2621 2620 2602 2601 2602 2601 2621 2620 2622 2621 2602 2601 2622 2621 2608 2607 2623 2622 2624 2623 2625 2624 2623 2622 2625 2624 2626 2625 2626 2625 2625 2624 2627 2626 2626 2625 2627 2626 2614 2613 2614 2613 2627 2626 2628 2627 2614 2613 2628 2627 2615 2614 2624 2623 2623 2622 2629 2628 2629 2628 2623 2622 2630 2629 2629 2628 2630 2629 2631 2630 2632 2631 2633 2632 2634 2633 2631 2630 2630 2629 2634 2633 2634 2633 2630 2629 2635 2634 2634 2633 2635 2634 2632 2631 2636 2635 2637 2636 2638 2637 2638 2637 2639 2638 2636 2635 2636 2635 2639 2638 2640 2639 2636 2635 2640 2639 2641 2640 2642 2641 2643 2642 2640 2639 2640 2639 2643 2642 2644 2643 2640 2639 2644 2643 2641 2640 2638 2637 2645 2644 2639 2638 2639 2638 2645 2644 2646 2645 2639 2638 2646 2645 2647 2646 2646 2645 2648 2647 2647 2646 2647 2646 2648 2647 2649 2648 2647 2646 2649 2648 2650 2649 2649 2648 2651 2650 2650 2649 2650 2649 2651 2650 2652 2651 2650 2649 2652 2651 2635 2634 2635 2634 2652 2651 2653 2652 2635 2634 2653 2652 2632 2631 2654 2653 2655 2654 2656 2655 2657 2656 2658 2657 2642 2641 2642 2641 2658 2657 2659 2658 2642 2641 2659 2658 2643 2642 2642 2641 2660 2659 2657 2656 2657 2656 2660 2659 2661 2660 2657 2656 2661 2660 2662 2661 2662 2661 2661 2660 2663 2662 2663 2662 2661 2660 2655 2654 2655 2654 2661 2660 2664 2663 2655 2654 2664 2663 2656 2655 2665 2664 2666 2665 2656 2655 2656 2655 2666 2665 2667 2666 2656 2655 2667 2666 2654 2653 2668 2667 2669 2668 2670 2669 2671 2670 2672 2671 2665 2664 2665 2664 2672 2671 2673 2672 2665 2664 2673 2672 2666 2665 2668 2667 2670 2669 2665 2664 2665 2664 2670 2669 2674 2673 2665 2664 2674 2673 2671 2670 2675 2674 2676 2675 2677 2676 2678 2677 2679 2678 2675 2674 2675 2674 2679 2678 2680 2679 2675 2674 2680 2679 2676 2675 2681 2680 2682 2681 2675 2674 2675 2674 2682 2681 2683 2682 2675 2674 2683 2682 2678 2677 2684 2683 2685 2684 2677 2676 2677 2676 2685 2684 2686 2685 2677 2676 2686 2685 2675 2674 2687 2686 2688 2687 2689 2688 2687 2686 2689 2688 2690 2689 2690 2689 2689 2688 2691 2690 2690 2689 2691 2690 2692 2691 2692 2691 2691 2690 2693 2692 2692 2691 2693 2692 2686 2685 2686 2685 2693 2692 2694 2693 2686 2685 2694 2693 2675 2674 2675 2674 2694 2693 2695 2694 2675 2674 2695 2694 2681 2680 2696 2695 2697 2696 2698 2697 2696 2695 2698 2697 2699 2698 2699 2698 2698 2697 2700 2699 2699 2698 2700 2699 2687 2686 2687 2686 2700 2699 2701 2700 2687 2686 2701 2700 2688 2687 2697 2696 2696 2695 2702 2701 2702 2701 2696 2695 2703 2702 2702 2701 2703 2702 2704 2703 2705 2704 2706 2705 2707 2706 2704 2703 2703 2702 2707 2706 2707 2706 2703 2702 2708 2707 2707 2706 2708 2707 2705 2704 2709 2708 2710 2709 2711 2710 2711 2710 2712 2711 2709 2708 2709 2708 2712 2711 2713 2712 2709 2708 2713 2712 2714 2713 2715 2714 2716 2715 2713 2712 2713 2712 2716 2715 2717 2716 2713 2712 2717 2716 2714 2713 2711 2710 2718 2717 2712 2711 2712 2711 2718 2717 2719 2718 2712 2711 2719 2718 2720 2719 2719 2718 2721 2720 2720 2719 2720 2719 2721 2720 2722 2721 2720 2719 2722 2721 2723 2722 2722 2721 2724 2723 2723 2722 2723 2722 2724 2723 2725 2724 2723 2722 2725 2724 2708 2707 2708 2707 2725 2724 2726 2725 2708 2707 2726 2725 2705 2704 2727 2726 2728 2727 2729 2728 2730 2729 2731 2730 2715 2714 2715 2714 2731 2730 2732 2731 2715 2714 2732 2731 2716 2715 2715 2714 2733 2732 2730 2729 2730 2729 2733 2732 2734 2733 2730 2729 2734 2733 2735 2734 2735 2734 2734 2733 2736 2735 2736 2735 2734 2733 2728 2727 2728 2727 2734 2733 2737 2736 2728 2727 2737 2736 2729 2728 2738 2737 2739 2738 2729 2728 2729 2728 2739 2738 2740 2739 2729 2728 2740 2739 2727 2726 2741 2740 2742 2741 2743 2742 2744 2743 2745 2744 2738 2737 2738 2737 2745 2744 2746 2745 2738 2737 2746 2745 2739 2738 2741 2740 2743 2742 2738 2737 2738 2737 2743 2742 2747 2746 2738 2737 2747 2746 2744 2743 2748 2747 2749 2748 2750 2749 2749 2748 2751 2750 2750 2749 2750 2749 2751 2750 2752 2751 2750 2749 2752 2751 2753 2752 2753 2752 2752 2751 2754 2753 2753 2752 2754 2753 2755 2754 2755 2754 2756 2755 2753 2752 2753 2752 2756 2755 2757 2756 2753 2752 2757 2756 2750 2749 2750 2749 2757 2756 2758 2757 2750 2749 2758 2757 2748 2747 2755 2754 2759 2758 2760 2759 2755 2754 2760 2759 2756 2755 2756 2755 2760 2759 2761 2760 2756 2755 2761 2760 2762 2761 2762 2761 2761 2760 2763 2762 2762 2761 2763 2762 2764 2763 2765 2764 2766 2765 2767 2766 2767 2766 2766 2765 2763 2762 2763 2762 2766 2765 2768 2767 2763 2762 2768 2767 2764 2763 2769 2768 2770 2769 2771 2770 2771 2770 2770 2769 2765 2764 2771 2770 2765 2764 2772 2771 2772 2771 2765 2764 2767 2766 645 645 644 644 2773 2772 2769 2768 2774 2773 2770 2769 2770 2769 2774 2773 2775 2774 2776 2775 2777 2776 2778 2777 2778 2777 2779 2778 2776 2775 2776 2775 2779 2778 2780 2779 2776 2775 2780 2779 2774 2773 2774 2773 2780 2779 2781 2780 2774 2773 2781 2780 2775 2774 2782 2781 2783 2782 2784 2783 2784 2783 2783 2782 2785 2784 2785 2784 2786 2785 2784 2783 2784 2783 2786 2785 2787 2786 2784 2783 2787 2786 2776 2775 2776 2775 2787 2786 2788 2787 2776 2775 2788 2787 2777 2776 628 628 2789 2788 602 602 602 602 2789 2788 2790 2789 602 602 2790 2789 603 603 628 628 627 627 2789 2788 2789 2788 627 627 620 620 2789 2788 620 620 607 607 2773 2772 644 644 2790 2789 2790 2789 644 644 638 638 2790 2789 638 638 603 603 2791 2790 653 653 2773 2772 2773 2772 653 653 646 646 2773 2772 646 646 645 645 2782 2781 2784 2783 2792 2791 2792 2791 2784 2783 2789 2788 2792 2791 2789 2788 2793 2792 2793 2792 2789 2788 607 607 2793 2792 607 607 608 608 2794 2793 2795 2794 2796 2795 2796 2795 2795 2794 2797 2796 2796 2795 2797 2796 2798 2797 2798 2797 2797 2796 2799 2798 2798 2797 2799 2798 2791 2790 2791 2790 2799 2798 2800 2799 2791 2790 2800 2799 653 653 2796 2795 2801 2800 2794 2793 2794 2793 2801 2800 2802 2801 2794 2793 2802 2801 2803 2802 2803 2802 2802 2801 2804 2803 2802 2801 2805 2804 2804 2803 2804 2803 2805 2804 2806 2805 2804 2803 2806 2805 2807 2806 2807 2806 2806 2805 2808 2807 2809 2808 2810 2809 2807 2806 2807 2806 2810 2809 2811 2810 2807 2806 2811 2810 2804 2803 2812 2811 2813 2812 2814 2813 2815 2814 2816 2815 2812 2811 2812 2811 2816 2815 2817 2816 2812 2811 2817 2816 2813 2812 2818 2817 2819 2818 2812 2811 2812 2811 2819 2818 2820 2819 2812 2811 2820 2819 2815 2814 2821 2820 2822 2821 2814 2813 2814 2813 2822 2821 2823 2822 2814 2813 2823 2822 2812 2811 2824 2823 2825 2824 2826 2825 2824 2823 2826 2825 2827 2826 2827 2826 2826 2825 2828 2827 2827 2826 2828 2827 2829 2828 2829 2828 2828 2827 2830 2829 2829 2828 2830 2829 2823 2822 2823 2822 2830 2829 2831 2830 2823 2822 2831 2830 2812 2811 2812 2811 2831 2830 2832 2831 2812 2811 2832 2831 2818 2817 2833 2832 2834 2833 2835 2834 2833 2832 2835 2834 2836 2835 2836 2835 2835 2834 2837 2836 2836 2835 2837 2836 2824 2823 2824 2823 2837 2836 2838 2837 2824 2823 2838 2837 2825 2824 2834 2833 2833 2832 2839 2838 2839 2838 2833 2832 2840 2839 2839 2838 2840 2839 2841 2840 2842 2841 2843 2842 2844 2843 2841 2840 2840 2839 2844 2843 2844 2843 2840 2839 2845 2844 2844 2843 2845 2844 2842 2841 2846 2845 2847 2846 2848 2847 2848 2847 2849 2848 2846 2845 2846 2845 2849 2848 2850 2849 2846 2845 2850 2849 2851 2850 2353 2352 2355 2354 2850 2849 2850 2849 2355 2354 2852 2851 2850 2849 2852 2851 2851 2850 2848 2847 2853 2852 2849 2848 2849 2848 2853 2852 2854 2853 2849 2848 2854 2853 2855 2854 2854 2853 2856 2855 2855 2854 2855 2854 2856 2855 2857 2856 2855 2854 2857 2856 2858 2857 2857 2856 2859 2858 2858 2857 2858 2857 2859 2858 2860 2859 2858 2857 2860 2859 2845 2844 2845 2844 2860 2859 2861 2860 2845 2844 2861 2860 2842 2841 2862 2861 696 696 2084 2083 2083 2082 2821 2820 2814 2813 2862 2861 2084 2083 2863 2862 2083 2082 2814 2813 2084 2083 2084 2083 2814 2813 2813 2812 2084 2083 2813 2812 2863 2862 2864 2863 2865 2864 2866 2865 2862 2861 2863 2862 2867 2866 696 696 2868 2867 694 694 694 694 2868 2867 2869 2868 694 694 2869 2868 685 685 685 685 2869 2868 686 686 686 686 2869 2868 2870 2869 686 686 2870 2869 688 688 688 688 2870 2869 2871 2870 688 688 2871 2870 690 690 690 690 2871 2870 2872 2871 690 690 2872 2871 692 692 692 692 2872 2871 693 693 693 693 2872 2871 2873 2872 693 693 2873 2872 683 683 2874 2873 661 661 2873 2872 2873 2872 661 661 660 660 2873 2872 660 660 683 683 2875 2874 679 679 2874 2873 2874 2873 679 679 680 680 2874 2873 680 680 661 661 2828 2827 2876 2875 2830 2829 2830 2829 2876 2875 2877 2876 2830 2829 2877 2876 2831 2830 2831 2830 2877 2876 2878 2877 2831 2830 2878 2877 2832 2831 2832 2831 2878 2877 2879 2878 2832 2831 2879 2878 2818 2817 2818 2817 2879 2878 2880 2879 2818 2817 2880 2879 2819 2818 2819 2818 2880 2879 2881 2880 2819 2818 2881 2880 2820 2819 2820 2819 2881 2880 2882 2881 2820 2819 2882 2881 2815 2814 2815 2814 2882 2881 2883 2882 2815 2814 2883 2882 2816 2815 2816 2815 2883 2882 2867 2866 2816 2815 2867 2866 2817 2816 2817 2816 2867 2866 2863 2862 2817 2816 2863 2862 2813 2812 674 674 673 673 2884 2883 2884 2883 673 673 672 672 2884 2883 672 672 2885 2884 2885 2884 672 672 675 675 2885 2884 675 675 2875 2874 2875 2874 675 675 677 677 2875 2874 677 677 679 679 2828 2827 2826 2825 2876 2875 2876 2875 2826 2825 2825 2824 2876 2875 2825 2824 2886 2885 2886 2885 2825 2824 2838 2837 2886 2885 2838 2837 2887 2886 2887 2886 2838 2837 2837 2836 2887 2886 2837 2836 2888 2887 2888 2887 2837 2836 2835 2834 2888 2887 2835 2834 2834 2833 2834 2833 2864 2863 2888 2887 2888 2887 2864 2863 2866 2865 2888 2887 2866 2865 2887 2886 2887 2886 2866 2865 2889 2888 2887 2886 2889 2888 2886 2885 2886 2885 2889 2888 2884 2883 2886 2885 2884 2883 2876 2875 2876 2875 2884 2883 2885 2884 2876 2875 2885 2884 2877 2876 2877 2876 2885 2884 2875 2874 2877 2876 2875 2874 2878 2877 2878 2877 2875 2874 2874 2873 2878 2877 2874 2873 2879 2878 2879 2878 2874 2873 2873 2872 2879 2878 2873 2872 2880 2879 2880 2879 2873 2872 2872 2871 2880 2879 2872 2871 2881 2880 2881 2880 2872 2871 2871 2870 2881 2880 2871 2870 2882 2881 2882 2881 2871 2870 2870 2869 2882 2881 2870 2869 2883 2882 2883 2882 2870 2869 2869 2868 2883 2882 2869 2868 2867 2866 2867 2866 2869 2868 2868 2867 2867 2866 2868 2867 2862 2861 2862 2861 2868 2867 696 696 674 674 2884 2883 670 670 670 670 2884 2883 2889 2888 670 670 2889 2888 671 671 671 671 2889 2888 2866 2865 671 671 2866 2865 668 668 668 668 2866 2865 2865 2864 668 668 2865 2864 666 666 2890 2889 655 655 654 654 2891 2890 2892 2891 2893 2892 2893 2892 2892 2891 2890 2889 654 654 664 664 2894 2893 2895 2894 2891 2890 2896 2895 2896 2895 2891 2890 2893 2892 2896 2895 2893 2892 2897 2896 664 664 663 663 2894 2893 2894 2893 663 663 666 666 2894 2893 666 666 2865 2864 2890 2889 654 654 2893 2892 2893 2892 654 654 2894 2893 2893 2892 2894 2893 2897 2896 2897 2896 2894 2893 2865 2864 2897 2896 2865 2864 2864 2863 2843 2842 2895 2894 2844 2843 2844 2843 2895 2894 2896 2895 2844 2843 2896 2895 2841 2840 2841 2840 2896 2895 2897 2896 2841 2840 2897 2896 2839 2838 2839 2838 2897 2896 2864 2863 2839 2838 2864 2863 2834 2833 2898 2897 2899 2898 2900 2899 2901 2900 2902 2901 2903 2902 2904 2903 2905 2904 2906 2905 2906 2905 2905 2904 2500 2499 2906 2905 2500 2499 2499 2498 2499 2498 2504 2503 2906 2905 2906 2905 2504 2503 2507 2506 2906 2905 2507 2506 2907 2906 2907 2906 2507 2506 2506 2505 2506 2505 2898 2897 2907 2906 2907 2906 2898 2897 2900 2899 2907 2906 2900 2899 2906 2905 2906 2905 2900 2899 2903 2902 2906 2905 2903 2902 2904 2903 2904 2903 2903 2902 2902 2901 2065 2064 2901 2900 2064 2063 2064 2063 2901 2900 2903 2902 2064 2063 2903 2902 2061 2060 2061 2060 2903 2902 2900 2899 2061 2060 2900 2899 2062 2061 2062 2061 2900 2899 2899 2898 2062 2061 2899 2898 2063 2062 2039 2038 2036 2035 2908 2907 2031 2030 2048 2047 2909 2908 2529 2528 2536 2535 2910 2909 2057 2056 2056 2055 2911 2910 2518 2517 2517 2516 2912 2911 2520 2519 2525 2524 2913 2912 2899 2898 2898 2897 2914 2913 2520 2519 2913 2912 2521 2520 2063 2062 2899 2898 2915 2914 2915 2914 2899 2898 2914 2913 2915 2914 2914 2913 2916 2915 2916 2915 2914 2913 2917 2916 2916 2915 2917 2916 2918 2917 2060 2059 2059 2058 2918 2917 2918 2917 2059 2058 2058 2057 2918 2917 2058 2057 2916 2915 2916 2915 2058 2057 2019 2018 2916 2915 2019 2018 2915 2914 2915 2914 2019 2018 2018 2017 2915 2914 2018 2017 2063 2062 2056 2055 2060 2059 2911 2910 2911 2910 2060 2059 2918 2917 2911 2910 2918 2917 2913 2912 2913 2912 2918 2917 2917 2916 2913 2912 2917 2916 2521 2520 2521 2520 2917 2916 2914 2913 2521 2520 2914 2913 2522 2521 2522 2521 2914 2913 2898 2897 2522 2521 2898 2897 2506 2505 2054 2053 2057 2056 2919 2918 2919 2918 2057 2056 2911 2910 2919 2918 2911 2910 2920 2919 2920 2919 2911 2910 2913 2912 2920 2919 2913 2912 2526 2525 2526 2525 2913 2912 2525 2524 2526 2525 2518 2517 2920 2919 2920 2919 2518 2517 2912 2911 2920 2919 2912 2911 2919 2918 2919 2918 2912 2911 2921 2920 2919 2918 2921 2920 2054 2053 2049 2048 2051 2050 2921 2920 2921 2920 2051 2050 2052 2051 2921 2920 2052 2051 2054 2053 2048 2047 2049 2048 2909 2908 2909 2908 2049 2048 2921 2920 2909 2908 2921 2920 2922 2921 2922 2921 2921 2920 2912 2911 2922 2921 2912 2911 2530 2529 2530 2529 2912 2911 2517 2516 2923 2922 2034 2033 2032 2031 2032 2031 2031 2030 2923 2922 2923 2922 2031 2030 2909 2908 2923 2922 2909 2908 2910 2909 2910 2909 2909 2908 2922 2921 2910 2909 2922 2921 2529 2528 2529 2528 2922 2921 2530 2529 2535 2534 2534 2533 2924 2923 2924 2923 2534 2533 2925 2924 2924 2923 2925 2924 2908 2907 2036 2035 2034 2033 2908 2907 2908 2907 2034 2033 2923 2922 2908 2907 2923 2922 2924 2923 2924 2923 2923 2922 2910 2909 2924 2923 2910 2909 2535 2534 2535 2534 2910 2909 2536 2535 2534 2533 2537 2536 2925 2924 2925 2924 2537 2536 2926 2925 2925 2924 2926 2925 2908 2907 2908 2907 2926 2925 2927 2926 2908 2907 2927 2926 2039 2038 2039 2038 2927 2926 2043 2042 2926 2925 2537 2536 2533 2532 2533 2532 2532 2531 2265 2264 2265 2264 2532 2531 2266 2265 2926 2925 2533 2532 2927 2926 2927 2926 2533 2532 2265 2264 2927 2926 2265 2264 2043 2042 2928 2927 2116 2115 2115 2114 2929 2928 2930 2929 2931 2930 2931 2930 2930 2929 2928 2927 2115 2114 2128 2127 2932 2931 2933 2932 2929 2928 2934 2933 2934 2933 2929 2928 2931 2930 2934 2933 2931 2930 2935 2934 2128 2127 2127 2126 2932 2931 2932 2931 2127 2126 2130 2129 2932 2931 2130 2129 2936 2935 2928 2927 2115 2114 2931 2930 2931 2930 2115 2114 2932 2931 2931 2930 2932 2931 2935 2934 2935 2934 2932 2931 2936 2935 2935 2934 2936 2935 2937 2936 2496 2495 2933 2932 2497 2496 2497 2496 2933 2932 2934 2933 2497 2496 2934 2933 2494 2493 2494 2493 2934 2933 2935 2934 2494 2493 2935 2934 2492 2491 2492 2491 2935 2934 2937 2936 2492 2491 2937 2936 2491 2490 2937 2936 2936 2935 2938 2937 2939 2938 2167 2166 2166 2165 2940 2939 2941 2940 2942 2941 2167 2166 2939 2938 2168 2167 2168 2167 2939 2938 2943 2942 2168 2167 2943 2942 2164 2163 2459 2458 2944 2943 2460 2459 2460 2459 2944 2943 2945 2944 2460 2459 2945 2944 2463 2462 2463 2462 2945 2944 2946 2945 2463 2462 2946 2945 2464 2463 2464 2463 2946 2945 2942 2941 2464 2463 2942 2941 2465 2464 2465 2464 2942 2941 2941 2940 2465 2464 2941 2940 2396 2395 2458 2457 2947 2946 2459 2458 2459 2458 2947 2946 2948 2947 2459 2458 2948 2947 2944 2943 2164 2163 2943 2942 2157 2156 2157 2156 2943 2942 2949 2948 2157 2156 2949 2948 2158 2157 2158 2157 2949 2948 2950 2949 2158 2157 2950 2949 2159 2158 2159 2158 2950 2949 2951 2950 2159 2158 2951 2950 2160 2159 2160 2159 2951 2950 2952 2951 2160 2159 2952 2951 2154 2153 2154 2153 2952 2951 2953 2952 2154 2153 2953 2952 2155 2154 2155 2154 2953 2952 2954 2953 2155 2154 2954 2953 2156 2155 2156 2155 2954 2953 2955 2954 2156 2155 2955 2954 2151 2150 2151 2150 2955 2954 2956 2955 2151 2150 2956 2955 2152 2151 2152 2151 2956 2955 2957 2956 2152 2151 2957 2956 2153 2152 2153 2152 2957 2956 2958 2957 2153 2152 2958 2957 2148 2147 2148 2147 2958 2957 2959 2958 2148 2147 2959 2958 2149 2148 2149 2148 2959 2958 2960 2959 2149 2148 2960 2959 2161 2160 2161 2160 2960 2959 2162 2161 2162 2161 2960 2959 2961 2960 2162 2161 2961 2960 2163 2162 2163 2162 2961 2960 2962 2961 2163 2162 2962 2961 2124 2123 2124 2123 2962 2961 2125 2124 2125 2124 2962 2961 2963 2962 2125 2124 2963 2962 2144 2143 2964 2963 2143 2142 2965 2964 2965 2964 2143 2142 2147 2146 2965 2964 2147 2146 2963 2962 2963 2962 2147 2146 2146 2145 2963 2962 2146 2145 2144 2143 2458 2457 2479 2478 2947 2946 2947 2946 2479 2478 2478 2477 2947 2946 2478 2477 2966 2965 2966 2965 2478 2477 2477 2476 2966 2965 2477 2476 2967 2966 2967 2966 2477 2476 2476 2475 2967 2966 2476 2475 2968 2967 2968 2967 2476 2475 2475 2474 2968 2967 2475 2474 2969 2968 2969 2968 2475 2474 2474 2473 2969 2968 2474 2473 2970 2969 2970 2969 2474 2473 2473 2472 2970 2969 2473 2472 2971 2970 2971 2970 2473 2472 2467 2466 2971 2970 2467 2466 2972 2971 2972 2971 2467 2466 2466 2465 2972 2971 2466 2465 2973 2972 2973 2972 2466 2465 2469 2468 2973 2972 2469 2468 2974 2973 2974 2973 2469 2468 2472 2471 2974 2973 2472 2471 2975 2974 2975 2974 2472 2471 2471 2470 2975 2974 2471 2470 2976 2975 2976 2975 2471 2470 2470 2469 2976 2975 2470 2469 2977 2976 2977 2976 2470 2469 2482 2481 2977 2976 2482 2481 2978 2977 2978 2977 2482 2481 2481 2480 2978 2977 2481 2480 2979 2978 2979 2978 2481 2480 2488 2487 2139 2138 2138 2137 2980 2979 2980 2979 2138 2137 2137 2136 2980 2979 2137 2136 2981 2980 2981 2980 2137 2136 2136 2135 2981 2980 2136 2135 2964 2963 2964 2963 2136 2135 2141 2140 2964 2963 2141 2140 2143 2142 2488 2487 2487 2486 2979 2978 2979 2978 2487 2486 2486 2485 2979 2978 2486 2485 2982 2981 2982 2981 2486 2485 2485 2484 2982 2981 2485 2484 2983 2982 2983 2982 2485 2484 2484 2483 2983 2982 2484 2483 2984 2983 2984 2983 2484 2483 2489 2488 2984 2983 2489 2488 2491 2490 2491 2490 2937 2936 2984 2983 2984 2983 2937 2936 2938 2937 2984 2983 2938 2937 2983 2982 2983 2982 2938 2937 2985 2984 2983 2982 2985 2984 2982 2981 2982 2981 2985 2984 2980 2979 2982 2981 2980 2979 2979 2978 2979 2978 2980 2979 2981 2980 2979 2978 2981 2980 2978 2977 2978 2977 2981 2980 2964 2963 2978 2977 2964 2963 2977 2976 2977 2976 2964 2963 2965 2964 2977 2976 2965 2964 2976 2975 2976 2975 2965 2964 2963 2962 2976 2975 2963 2962 2975 2974 2975 2974 2963 2962 2962 2961 2975 2974 2962 2961 2974 2973 2974 2973 2962 2961 2961 2960 2974 2973 2961 2960 2973 2972 2973 2972 2961 2960 2960 2959 2973 2972 2960 2959 2972 2971 2972 2971 2960 2959 2959 2958 2972 2971 2959 2958 2971 2970 2971 2970 2959 2958 2958 2957 2971 2970 2958 2957 2970 2969 2970 2969 2958 2957 2957 2956 2970 2969 2957 2956 2969 2968 2969 2968 2957 2956 2956 2955 2969 2968 2956 2955 2968 2967 2968 2967 2956 2955 2955 2954 2968 2967 2955 2954 2967 2966 2967 2966 2955 2954 2954 2953 2967 2966 2954 2953 2966 2965 2966 2965 2954 2953 2953 2952 2966 2965 2953 2952 2947 2946 2947 2946 2953 2952 2952 2951 2947 2946 2952 2951 2948 2947 2948 2947 2952 2951 2951 2950 2948 2947 2951 2950 2944 2943 2944 2943 2951 2950 2950 2949 2944 2943 2950 2949 2945 2944 2945 2944 2950 2949 2949 2948 2945 2944 2949 2948 2946 2945 2946 2945 2949 2948 2943 2942 2946 2945 2943 2942 2942 2941 2942 2941 2943 2942 2939 2938 2942 2941 2939 2938 2940 2939 2940 2939 2939 2938 2166 2165 2139 2138 2980 2979 2134 2133 2134 2133 2980 2979 2985 2984 2134 2133 2985 2984 2135 2134 2135 2134 2985 2984 2938 2937 2135 2134 2938 2937 2132 2131 2132 2131 2938 2937 2936 2935 2132 2131 2936 2935 2130 2129 2986 2985 2377 2376 2400 2399 2208 2207 2987 2986 2209 2208 2209 2208 2987 2986 2210 2209 2987 2986 2986 2985 2210 2209 2210 2209 2986 2985 2400 2399 2210 2209 2400 2399 2202 2201 2202 2201 2400 2399 2402 2401 2202 2201 2402 2401 2204 2203 2204 2203 2402 2401 2425 2424 2204 2203 2425 2424 2191 2190 2422 2421 2196 2195 2424 2423 2424 2423 2196 2195 2194 2193 2424 2423 2194 2193 2425 2424 2425 2424 2194 2193 2192 2191 2425 2424 2192 2191 2191 2190 2188 2187 2200 2199 2420 2419 2420 2419 2200 2199 2199 2198 2420 2419 2199 2198 2422 2421 2422 2421 2199 2198 2197 2196 2422 2421 2197 2196 2196 2195 2188 2187 2420 2419 2189 2188 2189 2188 2420 2419 2418 2417 2189 2188 2418 2417 2391 2390 2180 2179 2182 2181 2431 2430 2431 2430 2182 2181 2187 2186 2431 2430 2187 2186 2432 2431 2432 2431 2187 2186 2186 2185 2432 2431 2186 2185 2390 2389 2390 2389 2186 2185 2184 2183 2390 2389 2184 2183 2391 2390 2391 2390 2184 2183 2183 2182 2391 2390 2183 2182 2189 2188 2180 2179 2431 2430 2178 2177 2178 2177 2431 2430 2429 2428 2178 2177 2429 2428 2427 2426 2176 2175 2175 2174 2426 2425 2426 2425 2175 2174 2119 2118 2426 2425 2119 2118 2427 2426 2427 2426 2119 2118 2118 2117 2427 2426 2118 2117 2178 2177 2176 2175 2426 2425 2177 2176 2177 2176 2426 2425 2406 2405 2177 2176 2406 2405 2404 2403 2410 2409 2174 2173 2404 2403 2404 2403 2174 2173 2173 2172 2404 2403 2173 2172 2177 2176 2170 2169 2171 2170 2409 2408 2409 2408 2171 2170 2122 2121 2409 2408 2122 2121 2410 2409 2410 2409 2122 2121 2121 2120 2410 2409 2121 2120 2174 2173 2940 2939 2166 2165 2165 2164 2940 2939 2165 2164 2941 2940 2170 2169 2409 2408 2169 2168 2169 2168 2409 2408 2395 2394 2169 2168 2395 2394 2165 2164 2165 2164 2395 2394 2396 2395 2165 2164 2396 2395 2941 2940 2207 2206 2226 2225 2988 2987 2240 2239 2239 2238 2989 2988 2989 2988 2239 2238 2247 2246 2990 2989 2355 2354 2354 2353 2991 2990 2990 2989 2992 2991 2990 2989 2354 2353 2992 2991 2992 2991 2354 2353 2352 2351 2992 2991 2352 2351 2993 2992 2240 2239 2989 2988 2242 2241 2242 2241 2989 2988 2994 2993 2242 2241 2994 2993 2243 2242 2243 2242 2994 2993 2995 2994 2243 2242 2995 2994 2238 2237 2238 2237 2995 2994 2996 2995 2238 2237 2996 2995 2237 2236 2237 2236 2996 2995 2236 2235 2236 2235 2996 2995 2997 2996 2236 2235 2997 2996 2235 2234 2352 2351 2350 2349 2993 2992 2993 2992 2350 2349 2349 2348 2993 2992 2349 2348 2998 2997 2998 2997 2349 2348 2358 2357 2998 2997 2358 2357 2999 2998 2999 2998 2358 2357 2357 2356 2999 2998 2357 2356 3000 2999 3000 2999 2357 2356 2376 2375 3000 2999 2376 2375 3001 3000 3001 3000 2376 2375 2375 2374 2235 2234 2997 2996 2234 2233 2234 2233 2997 2996 3002 3001 2234 2233 3002 3001 2233 2232 3003 3002 2227 2226 3004 3003 3004 3003 2227 2226 2231 2230 3004 3003 2231 2230 3002 3001 3002 3001 2231 2230 2232 2231 3002 3001 2232 2231 2233 2232 2375 2374 2374 2373 3001 3000 3001 3000 2374 2373 2373 2372 3001 3000 2373 2372 3005 3004 3005 3004 2373 2372 2372 2371 3005 3004 2372 2371 3006 3005 3006 3005 2372 2371 2369 2368 3006 3005 2369 2368 3007 3006 3007 3006 2369 2368 2368 2367 3007 3006 2368 2367 3008 3007 3008 3007 2368 2367 2367 2366 3008 3007 2367 2366 3009 3008 3009 3008 2367 2366 2366 2365 3009 3008 2366 2365 3010 3009 3010 3009 2366 2365 2365 2364 3010 3009 2365 2364 3011 3010 3011 3010 2365 2364 2363 2362 3011 3010 2363 2362 3012 3011 3012 3011 2363 2362 2362 2361 3012 3011 2362 2361 3013 3012 3013 3012 2362 2361 2360 2359 3013 3012 2360 2359 3014 3013 3014 3013 2360 2359 2359 2358 3014 3013 2359 2358 3015 3014 3015 3014 2359 2358 2384 2383 3015 3014 2384 2383 3016 3015 2384 2383 2383 2382 3016 3015 3016 3015 2383 2382 2382 2381 3016 3015 2382 2381 3017 3016 3017 3016 2382 2381 2381 2380 3017 3016 2381 2380 3018 3017 2247 2246 2991 2990 2989 2988 2989 2988 2991 2990 2992 2991 2989 2988 2992 2991 2994 2993 2994 2993 2992 2991 2993 2992 2994 2993 2993 2992 2995 2994 2995 2994 2993 2992 2998 2997 2995 2994 2998 2997 2996 2995 2996 2995 2998 2997 2999 2998 2996 2995 2999 2998 2997 2996 2997 2996 2999 2998 3000 2999 2997 2996 3000 2999 3002 3001 3002 3001 3000 2999 3001 3000 3002 3001 3001 3000 3004 3003 3004 3003 3001 3000 3005 3004 3004 3003 3005 3004 3003 3002 3003 3002 3005 3004 3006 3005 3003 3002 3006 3005 3019 3018 3019 3018 3006 3005 3007 3006 3019 3018 3007 3006 3020 3019 3020 3019 3007 3006 3008 3007 3020 3019 3008 3007 3021 3020 3021 3020 3008 3007 3009 3008 3021 3020 3009 3008 3022 3021 3022 3021 3009 3008 3010 3009 3022 3021 3010 3009 3023 3022 3023 3022 3010 3009 3011 3010 3023 3022 3011 3010 3024 3023 3024 3023 3011 3010 3012 3011 3024 3023 3012 3011 3025 3024 3025 3024 3012 3011 3013 3012 3025 3024 3013 3012 3026 3025 3026 3025 3013 3012 3014 3013 3026 3025 3014 3013 3027 3026 3027 3026 3014 3013 3015 3014 3027 3026 3015 3014 3028 3027 3028 3027 3015 3014 3016 3015 3028 3027 3016 3015 3029 3028 3029 3028 3016 3015 3017 3016 3029 3028 3017 3016 3030 3029 3030 3029 3017 3016 3018 3017 3030 3029 3018 3017 3031 3030 2225 2224 2223 2222 3031 3030 3031 3030 2223 2222 2222 2221 3031 3030 2222 2221 3030 3029 3030 3029 2222 2221 2212 2211 3030 3029 2212 2211 3029 3028 3029 3028 2212 2211 2211 2210 3029 3028 2211 2210 3028 3027 3028 3027 2211 2210 2214 2213 3028 3027 2214 2213 3027 3026 3027 3026 2214 2213 2217 2216 3027 3026 2217 2216 3026 3025 3026 3025 2217 2216 2216 2215 3026 3025 2216 2215 3025 3024 3025 3024 2216 2215 2215 2214 3025 3024 2215 2214 3024 3023 3024 3023 2215 2214 2221 2220 3024 3023 2221 2220 3023 3022 3023 3022 2221 2220 2220 2219 3023 3022 2220 2219 3022 3021 3022 3021 2220 2219 2219 2218 3022 3021 2219 2218 3021 3020 3021 3020 2219 2218 2218 2217 3021 3020 2218 2217 3020 3019 3020 3019 2218 2217 2230 2229 3020 3019 2230 2229 3019 3018 3019 3018 2230 2229 2229 2228 3019 3018 2229 2228 3003 3002 3003 3002 2229 2228 2228 2227 3003 3002 2228 2227 2227 2226 2380 2379 2378 2377 3032 3031 3032 3031 2378 2377 3033 3032 3032 3031 3033 3032 2988 2987 2226 2225 2225 2224 2988 2987 2988 2987 2225 2224 3031 3030 2988 2987 3031 3030 3032 3031 3032 3031 3031 3030 3018 3017 3032 3031 3018 3017 2380 2379 2380 2379 3018 3017 2381 2380 2208 2207 2207 2206 2987 2986 2987 2986 2207 2206 2988 2987 2987 2986 2988 2987 2986 2985 2986 2985 2988 2987 3033 3032 2986 2985 3033 3032 2377 2376 2377 2376 3033 3032 2378 2377 2990 2989 2991 2990 3034 3033 3035 3034 3036 3035 3037 3036 3038 3037 3039 3038 3040 3039 3040 3039 3039 3038 2847 2846 3040 3039 2847 2846 2846 2845 2846 2845 2851 2850 3040 3039 3040 3039 2851 2850 2852 2851 3040 3039 2852 2851 3041 3040 3041 3040 2852 2851 2355 2354 2355 2354 2990 2989 3041 3040 3041 3040 2990 2989 3034 3033 3041 3040 3034 3033 3040 3039 3040 3039 3034 3033 3037 3036 3040 3039 3037 3036 3038 3037 3038 3037 3037 3036 3036 3035 2250 2249 3035 3034 2248 2247 2248 2247 3035 3034 3037 3036 2248 2247 3037 3036 2245 2244 2245 2244 3037 3036 3034 3033 2245 2244 3034 3033 2246 2245 2246 2245 3034 3033 2991 2990 2246 2245 2991 2990 2247 2246 2267 2266 2549 2548 2545 2544 2267 2266 2545 2544 2268 2267 2268 2267 2545 2544 2544 2543 2268 2267 2544 2543 3042 3041 3042 3041 3043 3042 2268 2267 2268 2267 3043 3042 3044 3043 2268 2267 3044 3043 2041 2040 3045 3044 3046 3045 3047 3046 3043 3042 3042 3041 3048 3047 2041 2040 3049 3048 2042 2041 2042 2041 3049 3048 3050 3049 2042 2041 3050 3049 2044 2043 2044 2043 3050 3049 3051 3050 2044 2043 3051 3050 2045 2044 2045 2044 3051 3050 2040 2039 2040 2039 3051 3050 3052 3051 2040 2039 3052 3051 2038 2037 2038 2037 3052 3051 3053 3052 2038 2037 3053 3052 2037 2036 2037 2036 3053 3052 3054 3053 2037 2036 3054 3053 2035 2034 2027 2026 2026 2025 3055 3054 3055 3054 2026 2025 2046 2045 3055 3054 2046 2045 3054 3053 3054 3053 2046 2045 2033 2032 3054 3053 2033 2032 2035 2034 2554 2553 3056 3055 2552 2551 2552 2551 3056 3055 3057 3056 2552 2551 3057 3056 2546 2545 2546 2545 3057 3056 3058 3057 2546 2545 3058 3057 2547 2546 2547 2546 3058 3057 3059 3058 2547 2546 3059 3058 2548 2547 2548 2547 3059 3058 3060 3059 2548 2547 3060 3059 2538 2537 2538 2537 3060 3059 3061 3060 2538 2537 3061 3060 2539 2538 2539 2538 3061 3060 3062 3061 2539 2538 3062 3061 2541 2540 2541 2540 3062 3061 3048 3047 2541 2540 3048 3047 2542 2541 2542 2541 3048 3047 3042 3041 2542 2541 3042 3041 2544 2543 2027 2026 3055 3054 2029 2028 2029 2028 3055 3054 3063 3062 2029 2028 3063 3062 2030 2029 2030 2029 3063 3062 3047 3046 2030 2029 3047 3046 2021 2020 2554 2553 2558 2557 3056 3055 3056 3055 2558 2557 2556 2555 3056 3055 2556 2555 3064 3063 3064 3063 2556 2555 2555 2554 3044 3043 3043 3042 3065 3064 3065 3064 3043 3042 3048 3047 3065 3064 3048 3047 3066 3065 3066 3065 3048 3047 3062 3061 3066 3065 3062 3061 3067 3066 3067 3066 3062 3061 3061 3060 3067 3066 3061 3060 3068 3067 3068 3067 3061 3060 3060 3059 3068 3067 3060 3059 3069 3068 3069 3068 3060 3059 3059 3058 3069 3068 3059 3058 3070 3069 3070 3069 3059 3058 3058 3057 3070 3069 3058 3057 3071 3070 3071 3070 3058 3057 3057 3056 3071 3070 3057 3056 3072 3071 3072 3071 3057 3056 3056 3055 3072 3071 3056 3055 3073 3072 3073 3072 3056 3055 3064 3063 3073 3072 3064 3063 3074 3073 3074 3073 3064 3063 2555 2554 3074 3073 2555 2554 2560 2559 3074 3073 3045 3044 3073 3072 3073 3072 3045 3044 3047 3046 3073 3072 3047 3046 3072 3071 3072 3071 3047 3046 3063 3062 3072 3071 3063 3062 3071 3070 3071 3070 3063 3062 3055 3054 3071 3070 3055 3054 3070 3069 3070 3069 3055 3054 3054 3053 3070 3069 3054 3053 3069 3068 3069 3068 3054 3053 3053 3052 3069 3068 3053 3052 3068 3067 3068 3067 3053 3052 3052 3051 3068 3067 3052 3051 3067 3066 3067 3066 3052 3051 3051 3050 3067 3066 3051 3050 3066 3065 3066 3065 3051 3050 3050 3049 3066 3065 3050 3049 3065 3064 3065 3064 3050 3049 3049 3048 3065 3064 3049 3048 3044 3043 3044 3043 3049 3048 2041 2040 3046 3045 2024 2023 3047 3046 3047 3046 2024 2023 2022 2021 3047 3046 2022 2021 2021 2020 3075 3074 3076 3075 3077 3076 2078 2077 2024 2023 3046 3045 3045 3044 3074 3073 3078 3077 2571 2570 3078 3077 2565 2564 2565 2564 3078 3077 3074 3073 2565 2564 3074 3073 2560 2559 2570 2569 3079 3078 2571 2570 2571 2570 3079 3078 3080 3079 2571 2570 3080 3079 3078 3077 2079 2078 3081 3080 2080 2079 2080 2079 3081 3080 3082 3081 2080 2079 3082 3081 2077 2076 2077 2076 3082 3081 3083 3082 2077 2076 3083 3082 2075 2074 2075 2074 3083 3082 3084 3083 2075 2074 3084 3083 2066 2065 2570 2569 2569 2568 3079 3078 3079 3078 2569 2568 2568 2567 3079 3078 2568 2567 3085 3084 3085 3084 2568 2567 2567 2566 3085 3084 2567 2566 3086 3085 3086 3085 2567 2566 2578 2577 3086 3085 2578 2577 3087 3086 2578 2577 2577 2576 3087 3086 3087 3086 2577 2576 2576 2575 3087 3086 2576 2575 3088 3087 3088 3087 2576 2575 2575 2574 3088 3087 2575 2574 3089 3088 3089 3088 2575 2574 2573 2572 2573 2572 3090 3089 3089 3088 3089 3088 3090 3089 3091 3090 3089 3088 3091 3090 3088 3087 3088 3087 3091 3090 3092 3091 3088 3087 3092 3091 3087 3086 3087 3086 3092 3091 3093 3092 3087 3086 3093 3092 3086 3085 3086 3085 3093 3092 3094 3093 3086 3085 3094 3093 3085 3084 3085 3084 3094 3093 3095 3094 3085 3084 3095 3094 3079 3078 3079 3078 3095 3094 3096 3095 3079 3078 3096 3095 3080 3079 3080 3079 3096 3095 3097 3096 3080 3079 3097 3096 3078 3077 3078 3077 3097 3096 3098 3097 3078 3077 3098 3097 3045 3044 3045 3044 3098 3097 3046 3045 3090 3089 3075 3074 3091 3090 3091 3090 3075 3074 3077 3076 3091 3090 3077 3076 3092 3091 3092 3091 3077 3076 3099 3098 3092 3091 3099 3098 3093 3092 3093 3092 3099 3098 3100 3099 3093 3092 3100 3099 3094 3093 3094 3093 3100 3099 3101 3100 3094 3093 3101 3100 3095 3094 3095 3094 3101 3100 3084 3083 3095 3094 3084 3083 3096 3095 3096 3095 3084 3083 3083 3082 3096 3095 3083 3082 3097 3096 3097 3096 3083 3082 3082 3081 3097 3096 3082 3081 3098 3097 3098 3097 3082 3081 3081 3080 3098 3097 3081 3080 3046 3045 3046 3045 3081 3080 2079 2078 3046 3045 2079 2078 2078 2077 2066 2065 3084 3083 2067 2066 2067 2066 3084 3083 3101 3100 2067 2066 3101 3100 2069 2068 2069 2068 3101 3100 3100 3099 2069 2068 3100 3099 2070 2069 2070 2069 3100 3099 3099 3098 2070 2069 3099 3098 2071 2070 2071 2070 3099 3098 3077 3076 2071 2070 3077 3076 2073 2072 2073 2072 3077 3076 3076 3075 2073 2072 3076 3075 2074 2073 547 547 549 549 3102 3101 2594 2593 2601 2600 3103 3102 2584 2583 2593 2592 3104 3103 3105 3104 561 561 505 505 507 507 508 508 3106 3105 2585 2584 3107 3106 2587 2586 2587 2586 3107 3106 3108 3107 2587 2586 3108 3107 2589 2588 2589 2588 3108 3107 3106 3105 2589 2588 3106 3105 2590 2589 2590 2589 3106 3105 508 508 2590 2589 508 508 509 509 561 561 3105 3104 562 562 562 562 3105 3104 3109 3108 562 562 3109 3108 559 559 559 559 3109 3108 3110 3109 559 559 3110 3109 560 560 506 506 507 507 3111 3110 3111 3110 507 507 3106 3105 3111 3110 3106 3105 3112 3111 3112 3111 3106 3105 3108 3107 3112 3111 3108 3107 3113 3112 3113 3112 3108 3107 3107 3106 3113 3112 3107 3106 3114 3113 560 560 3110 3109 554 554 554 554 3110 3109 3115 3114 554 554 3115 3114 556 556 505 505 506 506 3105 3104 3105 3104 506 506 3111 3110 3105 3104 3111 3110 3109 3108 3109 3108 3111 3110 3112 3111 3109 3108 3112 3111 3110 3109 3110 3109 3112 3111 3113 3112 3110 3109 3113 3112 3115 3114 3115 3114 3113 3112 3114 3113 3115 3114 3114 3113 3116 3115 3116 3115 551 551 552 552 3116 3115 552 552 3115 3114 3115 3114 552 552 557 557 3115 3114 557 557 556 556 2601 2600 2600 2599 3103 3102 3103 3102 2600 2599 3117 3116 3103 3102 3117 3116 3118 3117 2593 2592 2594 2593 3104 3103 3104 3103 2594 2593 3103 3102 3104 3103 3103 3102 3119 3118 3119 3118 3103 3102 3118 3117 3119 3118 3118 3117 3102 3101 549 549 551 551 3102 3101 3102 3101 551 551 3116 3115 3102 3101 3116 3115 3119 3118 3119 3118 3116 3115 3114 3113 3119 3118 3114 3113 3104 3103 3104 3103 3114 3113 3107 3106 3104 3103 3107 3106 2584 2583 2584 2583 3107 3106 2585 2584 2600 2599 2599 2598 3117 3116 3117 3116 2599 2598 3120 3119 3117 3116 3120 3119 3118 3117 3118 3117 3120 3119 3121 3120 3118 3117 3121 3120 3102 3101 3102 3101 3121 3120 3122 3121 3102 3101 3122 3121 547 547 547 547 3122 3121 571 571 2597 2596 2598 2597 2107 2106 2107 2106 2598 2597 2108 2107 571 571 3122 3121 2107 2106 2107 2106 3122 3121 3121 3120 2107 2106 3121 3120 2597 2596 2597 2596 3121 3120 3120 3119 2597 2596 3120 3119 2599 2598 2603 2602 2110 2109 2604 2603 2604 2603 2110 2109 2111 2110 2604 2603 2111 2110 2611 2610 2603 2602 3123 3122 2110 2109 2110 2109 3123 3122 3124 3123 2110 2109 3124 3123 546 546 3125 3124 3126 3125 3127 3126 3124 3123 3123 3122 3128 3127 546 546 3129 3128 544 544 544 544 3129 3128 3130 3129 544 544 3130 3129 513 513 513 513 3130 3129 514 514 514 514 3130 3129 3131 3130 514 514 3131 3130 540 540 540 540 3131 3130 3132 3131 540 540 3132 3131 541 541 541 541 3132 3131 3133 3132 541 541 3133 3132 543 543 543 543 3133 3132 518 518 518 518 3133 3132 3134 3133 518 518 3134 3133 516 516 3135 3134 538 538 3134 3133 3134 3133 538 538 537 537 3134 3133 537 537 516 516 3136 3135 535 535 3135 3134 3135 3134 535 535 539 539 3135 3134 539 539 538 538 2618 2617 3137 3136 2620 2619 2620 2619 3137 3136 3138 3137 2620 2619 3138 3137 2621 2620 2621 2620 3138 3137 3139 3138 2621 2620 3139 3138 2622 2621 2622 2621 3139 3138 3140 3139 2622 2621 3140 3139 2608 2607 2608 2607 3140 3139 3141 3140 2608 2607 3141 3140 2609 2608 2609 2608 3141 3140 3142 3141 2609 2608 3142 3141 2610 2609 2610 2609 3142 3141 3143 3142 2610 2609 3143 3142 2605 2604 2605 2604 3143 3142 3144 3143 2605 2604 3144 3143 2606 2605 2606 2605 3144 3143 3128 3127 2606 2605 3128 3127 2607 2606 2607 2606 3128 3127 3123 3122 2607 2606 3123 3122 2603 2602 530 530 529 529 3145 3144 3145 3144 529 529 528 528 3145 3144 528 528 3146 3145 3146 3145 528 528 531 531 3146 3145 531 531 3136 3135 3136 3135 531 531 533 533 3136 3135 533 533 535 535 2618 2617 2616 2615 3137 3136 3137 3136 2616 2615 2615 2614 3137 3136 2615 2614 3147 3146 3147 3146 2615 2614 2628 2627 3147 3146 2628 2627 3148 3147 3148 3147 2628 2627 2627 2626 3148 3147 2627 2626 3149 3148 3149 3148 2627 2626 2625 2624 3149 3148 2625 2624 2624 2623 2624 2623 3125 3124 3149 3148 3149 3148 3125 3124 3127 3126 3149 3148 3127 3126 3148 3147 3148 3147 3127 3126 3150 3149 3148 3147 3150 3149 3147 3146 3147 3146 3150 3149 3145 3144 3147 3146 3145 3144 3137 3136 3137 3136 3145 3144 3146 3145 3137 3136 3146 3145 3138 3137 3138 3137 3146 3145 3136 3135 3138 3137 3136 3135 3139 3138 3139 3138 3136 3135 3135 3134 3139 3138 3135 3134 3140 3139 3140 3139 3135 3134 3134 3133 3140 3139 3134 3133 3141 3140 3141 3140 3134 3133 3133 3132 3141 3140 3133 3132 3142 3141 3142 3141 3133 3132 3132 3131 3142 3141 3132 3131 3143 3142 3143 3142 3132 3131 3131 3130 3143 3142 3131 3130 3144 3143 3144 3143 3131 3130 3130 3129 3144 3143 3130 3129 3128 3127 3128 3127 3130 3129 3129 3128 3128 3127 3129 3128 3124 3123 3124 3123 3129 3128 546 546 530 530 3145 3144 526 526 526 526 3145 3144 3150 3149 526 526 3150 3149 527 527 527 527 3150 3149 3127 3126 527 527 3127 3126 524 524 524 524 3127 3126 3126 3125 524 524 3126 3125 522 522 3151 3150 511 511 510 510 3152 3151 3153 3152 3154 3153 3154 3153 3153 3152 3151 3150 510 510 520 520 3155 3154 3156 3155 3152 3151 3157 3156 3157 3156 3152 3151 3154 3153 3157 3156 3154 3153 3158 3157 520 520 519 519 3155 3154 3155 3154 519 519 522 522 3155 3154 522 522 3126 3125 3151 3150 510 510 3154 3153 3154 3153 510 510 3155 3154 3154 3153 3155 3154 3158 3157 3158 3157 3155 3154 3126 3125 3158 3157 3126 3125 3125 3124 2633 2632 3156 3155 2634 2633 2634 2633 3156 3155 3157 3156 2634 2633 3157 3156 2631 2630 2631 2630 3157 3156 3158 3157 2631 2630 3158 3157 2629 2628 2629 2628 3158 3157 3125 3124 2629 2628 3125 3124 2624 2623 3159 3158 3160 3159 3161 3160 3162 3161 3163 3162 3164 3163 3165 3164 3166 3165 3167 3166 3167 3166 3166 3165 2637 2636 3167 3166 2637 2636 2636 2635 2636 2635 2641 2640 3167 3166 3167 3166 2641 2640 2644 2643 3167 3166 2644 2643 3168 3167 3168 3167 2644 2643 2643 2642 2643 2642 3159 3158 3168 3167 3168 3167 3159 3158 3161 3160 3168 3167 3161 3160 3167 3166 3167 3166 3161 3160 3164 3163 3167 3166 3164 3163 3165 3164 3165 3164 3164 3163 3163 3162 1952 1951 3162 3161 1950 1949 1950 1949 3162 3161 3164 3163 1950 1949 3164 3163 1947 1946 1947 1946 3164 3163 3161 3160 1947 1946 3161 3160 1948 1947 1948 1947 3161 3160 3160 3159 1948 1947 3160 3159 1949 1948 3169 3168 3170 3169 3171 3170 3172 3171 1892 1891 1949 1948 3160 3159 3159 3158 3173 3172 2658 2657 3173 3172 2659 2658 2659 2658 3173 3172 3159 3158 2659 2658 3159 3158 2643 2642 2657 2656 3174 3173 2658 2657 2658 2657 3174 3173 3175 3174 2658 2657 3175 3174 3173 3172 1892 1891 3172 3171 1893 1892 1893 1892 3172 3171 3176 3175 1893 1892 3176 3175 1943 1942 1943 1942 3176 3175 3177 3176 1943 1942 3177 3176 1944 1943 1944 1943 3177 3176 1945 1944 1945 1944 3177 3176 3178 3177 1945 1944 3178 3177 1941 1940 2657 2656 2662 2661 3174 3173 3174 3173 2662 2661 2663 2662 3174 3173 2663 2662 3179 3178 3179 3178 2663 2662 2655 2654 3179 3178 2655 2654 3180 3179 1941 1940 3178 3177 1942 1941 1942 1941 3178 3177 3181 3180 1942 1941 3181 3180 1939 1938 1939 1938 3181 3180 3182 3181 1939 1938 3182 3181 1937 1936 2655 2654 2654 2653 3180 3179 3180 3179 2654 2653 2667 2666 3180 3179 2667 2666 3183 3182 3183 3182 2667 2666 2666 2665 3183 3182 2666 2665 3184 3183 3185 3184 1932 1931 1934 1933 3185 3184 1934 1933 3182 3181 3182 3181 1934 1933 1936 1935 3182 3181 1936 1935 1937 1936 1932 1931 3185 3184 1927 1926 1927 1926 3185 3184 3186 3185 1927 1926 3186 3185 1928 1927 1928 1927 3186 3185 3171 3170 1928 1927 3171 3170 1930 1929 2666 2665 2673 2672 3184 3183 3184 3183 2673 2672 2672 2671 3184 3183 2672 2671 3187 3186 3187 3186 2672 2671 2671 2670 3187 3186 2671 2670 3188 3187 3188 3187 2671 2670 2674 2673 2674 2673 3169 3168 3188 3187 3188 3187 3169 3168 3171 3170 3188 3187 3171 3170 3187 3186 3187 3186 3171 3170 3186 3185 3187 3186 3186 3185 3184 3183 3184 3183 3186 3185 3185 3184 3184 3183 3185 3184 3183 3182 3183 3182 3185 3184 3182 3181 3183 3182 3182 3181 3180 3179 3180 3179 3182 3181 3181 3180 3180 3179 3181 3180 3179 3178 3179 3178 3181 3180 3178 3177 3179 3178 3178 3177 3174 3173 3174 3173 3178 3177 3177 3176 3174 3173 3177 3176 3175 3174 3175 3174 3177 3176 3176 3175 3175 3174 3176 3175 3173 3172 3173 3172 3176 3175 3172 3171 3173 3172 3172 3171 3160 3159 3160 3159 3172 3171 1949 1948 3170 3169 1959 1958 1958 1957 3170 3169 1958 1957 3171 3170 3171 3170 1958 1957 1931 1930 3171 3170 1931 1930 1930 1929 3169 3168 2674 2673 2670 2669 2670 2669 2669 2668 2094 2093 2094 2093 2669 2668 2095 2094 3169 3168 2670 2669 3170 3169 3170 3169 2670 2669 2094 2093 3170 3169 2094 2093 1959 1958 3189 3188 1890 1889 1889 1888 3190 3189 3191 3190 3192 3191 3192 3191 3191 3190 3189 3188 1889 1888 1896 1895 3193 3192 3194 3193 3190 3189 3195 3194 3195 3194 3190 3189 3192 3191 3195 3194 3192 3191 3196 3195 1896 1895 1895 1894 3193 3192 3193 3192 1895 1894 1898 1897 3193 3192 1898 1897 3197 3196 3189 3188 1889 1888 3192 3191 3192 3191 1889 1888 3193 3192 3192 3191 3193 3192 3196 3195 3196 3195 3193 3192 3197 3196 3196 3195 3197 3196 3198 3197 2706 2705 3194 3193 2707 2706 2707 2706 3194 3193 3195 3194 2707 2706 3195 3194 2704 2703 2704 2703 3195 3194 3196 3195 2704 2703 3196 3195 2702 2701 2702 2701 3196 3195 3198 3197 2702 2701 3198 3197 2697 2696 3198 3197 3197 3196 3199 3198 3200 3199 3201 3200 3202 3201 1926 1925 3203 3202 1925 1924 1925 1924 3203 3202 3204 3203 3205 3204 1922 1921 3206 3205 3206 3205 1922 1921 1921 1920 3206 3205 1921 1920 3204 3203 3204 3203 1921 1920 1920 1919 3204 3203 1920 1919 1925 1924 3207 3206 1915 1914 3205 3204 3205 3204 1915 1914 1924 1923 3205 3204 1924 1923 1922 1921 3208 3207 1918 1917 3207 3206 3207 3206 1918 1917 1916 1915 3207 3206 1916 1915 1915 1914 3209 3208 1913 1912 3208 3207 3208 3207 1913 1912 1919 1918 3208 3207 1919 1918 1918 1917 3210 3209 1911 1910 3209 3208 3209 3208 1911 1910 1914 1913 3209 3208 1914 1913 1913 1912 2691 2690 3211 3210 2693 2692 2693 2692 3211 3210 3212 3211 2693 2692 3212 3211 2694 2693 2694 2693 3212 3211 3213 3212 2694 2693 3213 3212 2695 2694 2695 2694 3213 3212 3214 3213 2695 2694 3214 3213 2681 2680 2681 2680 3214 3213 3215 3214 2681 2680 3215 3214 2682 2681 2682 2681 3215 3214 3216 3215 2682 2681 3216 3215 2683 2682 2683 2682 3216 3215 3217 3216 2683 2682 3217 3216 2678 2677 2678 2677 3217 3216 3218 3217 2678 2677 3218 3217 2679 2678 2679 2678 3218 3217 3202 3201 2679 2678 3202 3201 2680 2679 2680 2679 3202 3201 3201 3200 2680 2679 3201 3200 2676 2675 1906 1905 1905 1904 3219 3218 3219 3218 1905 1904 1904 1903 3219 3218 1904 1903 3220 3219 3220 3219 1904 1903 1907 1906 3220 3219 1907 1906 3210 3209 3210 3209 1907 1906 1909 1908 3210 3209 1909 1908 1911 1910 2691 2690 2689 2688 3211 3210 3211 3210 2689 2688 2688 2687 3211 3210 2688 2687 3221 3220 3221 3220 2688 2687 2701 2700 3221 3220 2701 2700 3222 3221 3222 3221 2701 2700 2700 2699 3222 3221 2700 2699 3223 3222 3223 3222 2700 2699 2698 2697 3223 3222 2698 2697 2697 2696 2697 2696 3198 3197 3223 3222 3223 3222 3198 3197 3199 3198 3223 3222 3199 3198 3222 3221 3222 3221 3199 3198 3224 3223 3222 3221 3224 3223 3221 3220 3221 3220 3224 3223 3219 3218 3221 3220 3219 3218 3211 3210 3211 3210 3219 3218 3220 3219 3211 3210 3220 3219 3212 3211 3212 3211 3220 3219 3210 3209 3212 3211 3210 3209 3213 3212 3213 3212 3210 3209 3209 3208 3213 3212 3209 3208 3214 3213 3214 3213 3209 3208 3208 3207 3214 3213 3208 3207 3215 3214 3215 3214 3208 3207 3207 3206 3215 3214 3207 3206 3216 3215 3216 3215 3207 3206 3205 3204 3216 3215 3205 3204 3217 3216 3217 3216 3205 3204 3206 3205 3217 3216 3206 3205 3218 3217 3218 3217 3206 3205 3204 3203 3218 3217 3204 3203 3202 3201 3202 3201 3204 3203 3203 3202 3202 3201 3203 3202 3200 3199 3200 3199 3203 3202 1926 1925 1906 1905 3219 3218 1902 1901 1902 1901 3219 3218 3224 3223 1902 1901 3224 3223 1903 1902 1903 1902 3224 3223 3199 3198 1903 1902 3199 3198 1900 1899 1900 1899 3199 3198 3197 3196 1900 1899 3197 3196 1898 1897 2097 2096 2098 2097 2677 2676 2677 2676 2098 2097 2684 2683 1926 1925 2097 2096 3200 3199 3200 3199 2097 2096 2677 2676 3200 3199 2677 2676 3201 3200 3201 3200 2677 2676 2676 2675 3225 3224 3226 3225 3227 3226 3228 3227 3229 3228 3230 3229 3231 3230 3232 3231 3233 3232 3233 3232 3232 3231 2710 2709 3233 3232 2710 2709 2709 2708 2709 2708 2714 2713 3233 3232 3233 3232 2714 2713 2717 2716 3233 3232 2717 2716 3234 3233 3234 3233 2717 2716 2716 2715 2716 2715 3225 3224 3234 3233 3234 3233 3225 3224 3227 3226 3234 3233 3227 3226 3233 3232 3233 3232 3227 3226 3230 3229 3233 3232 3230 3229 3231 3230 3231 3230 3230 3229 3229 3228 1833 1832 3228 3227 1831 1830 1831 1830 3228 3227 3230 3229 1831 1830 3230 3229 1828 1827 1828 1827 3230 3229 3227 3226 1828 1827 3227 3226 1829 1828 1829 1828 3227 3226 3226 3225 1829 1828 3226 3225 1830 1829 1805 1804 1807 1806 3235 3234 1809 1808 1811 1810 3236 3235 1812 1811 1813 1812 3237 3236 2739 2738 2746 2745 3238 3237 1823 1822 1822 1821 3239 3238 2728 2727 2727 2726 3240 3239 2730 2729 2735 2734 3241 3240 3226 3225 3225 3224 3242 3241 2730 2729 3241 3240 2731 2730 1830 1829 3226 3225 3243 3242 3243 3242 3226 3225 3242 3241 3243 3242 3242 3241 3244 3243 3244 3243 3242 3241 3245 3244 3244 3243 3245 3244 3246 3245 1826 1825 1825 1824 3246 3245 3246 3245 1825 1824 1824 1823 3246 3245 1824 1823 3244 3243 3244 3243 1824 1823 1778 1777 3244 3243 1778 1777 3243 3242 3243 3242 1778 1777 1777 1776 3243 3242 1777 1776 1830 1829 1822 1821 1826 1825 3239 3238 3239 3238 1826 1825 3246 3245 3239 3238 3246 3245 3241 3240 3241 3240 3246 3245 3245 3244 3241 3240 3245 3244 2731 2730 2731 2730 3245 3244 3242 3241 2731 2730 3242 3241 2732 2731 2732 2731 3242 3241 3225 3224 2732 2731 3225 3224 2716 2715 1820 1819 1823 1822 3247 3246 3247 3246 1823 1822 3239 3238 3247 3246 3239 3238 3248 3247 3248 3247 3239 3238 3241 3240 3248 3247 3241 3240 2736 2735 2736 2735 3241 3240 2735 2734 2736 2735 2728 2727 3248 3247 3248 3247 2728 2727 3240 3239 3248 3247 3240 3239 3247 3246 3247 3246 3240 3239 3249 3248 3247 3246 3249 3248 1820 1819 1815 1814 1817 1816 3249 3248 3249 3248 1817 1816 1818 1817 3249 3248 1818 1817 1820 1819 1813 1812 1815 1814 3237 3236 3237 3236 1815 1814 3249 3248 3237 3236 3249 3248 3250 3249 3250 3249 3249 3248 3240 3239 3250 3249 3240 3239 2740 2739 2740 2739 3240 3239 2727 2726 1811 1810 1812 1811 3236 3235 3236 3235 1812 1811 3237 3236 3236 3235 3237 3236 3238 3237 3238 3237 3237 3236 3250 3249 3238 3237 3250 3249 2739 2738 2739 2738 3250 3249 2740 2739 2745 2744 2744 2743 3251 3250 3251 3250 2744 2743 3252 3251 3251 3250 3252 3251 3235 3234 2746 2745 2745 2744 3238 3237 3238 3237 2745 2744 3251 3250 3238 3237 3251 3250 3236 3235 3236 3235 3251 3250 3235 3234 3236 3235 3235 3234 1809 1808 1809 1808 3235 3234 1807 1806 2744 2743 2747 2746 3252 3251 3252 3251 2747 2746 3253 3252 3252 3251 3253 3252 3235 3234 3235 3234 3253 3252 3254 3253 3235 3234 3254 3253 1805 1804 1805 1804 3254 3253 1853 1852 3253 3252 2747 2746 2743 2742 2743 2742 2742 2741 2086 2085 2086 2085 2742 2741 2087 2086 3253 3252 2743 2742 3254 3253 3254 3253 2743 2742 2086 2085 3254 3253 2086 2085 1853 1852 2091 2090 2759 2758 2755 2754 2091 2090 2755 2754 2089 2088 2089 2088 2755 2754 2754 2753 2089 2088 2754 2753 3255 3254 3255 3254 3256 3255 2089 2088 2089 2088 3256 3255 3257 3256 2089 2088 3257 3256 1800 1799 3258 3257 3259 3258 3260 3259 3256 3255 3255 3254 3261 3260 1800 1799 3262 3261 1801 1800 1801 1800 3262 3261 3263 3262 1801 1800 3263 3262 1803 1802 1803 1802 3263 3262 3264 3263 1803 1802 3264 3263 1804 1803 1804 1803 3264 3263 1797 1796 1797 1796 3264 3263 3265 3264 1797 1796 3265 3264 1798 1797 1798 1797 3265 3264 3266 3265 1798 1797 3266 3265 1799 1798 1799 1798 3266 3265 3267 3266 1799 1798 3267 3266 1792 1791 1789 1788 1780 1779 3268 3267 3268 3267 1780 1779 1782 1781 3268 3267 1782 1781 3267 3266 3267 3266 1782 1781 1793 1792 3267 3266 1793 1792 1792 1791 2764 2763 3269 3268 2762 2761 2762 2761 3269 3268 3270 3269 2762 2761 3270 3269 2756 2755 2756 2755 3270 3269 3271 3270 2756 2755 3271 3270 2757 2756 2757 2756 3271 3270 3272 3271 2757 2756 3272 3271 2758 2757 2758 2757 3272 3271 3273 3272 2758 2757 3273 3272 2748 2747 2748 2747 3273 3272 3274 3273 2748 2747 3274 3273 2749 2748 2749 2748 3274 3273 3275 3274 2749 2748 3275 3274 2751 2750 2751 2750 3275 3274 3261 3260 2751 2750 3261 3260 2752 2751 2752 2751 3261 3260 3255 3254 2752 2751 3255 3254 2754 2753 1789 1788 3268 3267 1790 1789 1790 1789 3268 3267 3276 3275 1790 1789 3276 3275 1791 1790 1791 1790 3276 3275 3260 3259 1791 1790 3260 3259 1783 1782 2764 2763 2768 2767 3269 3268 3269 3268 2768 2767 2766 2765 3269 3268 2766 2765 3277 3276 3277 3276 2766 2765 2765 2764 3257 3256 3256 3255 3278 3277 3278 3277 3256 3255 3261 3260 3278 3277 3261 3260 3279 3278 3279 3278 3261 3260 3275 3274 3279 3278 3275 3274 3280 3279 3280 3279 3275 3274 3274 3273 3280 3279 3274 3273 3281 3280 3281 3280 3274 3273 3273 3272 3281 3280 3273 3272 3282 3281 3282 3281 3273 3272 3272 3271 3282 3281 3272 3271 3283 3282 3283 3282 3272 3271 3271 3270 3283 3282 3271 3270 3284 3283 3284 3283 3271 3270 3270 3269 3284 3283 3270 3269 3285 3284 3285 3284 3270 3269 3269 3268 3285 3284 3269 3268 3286 3285 3286 3285 3269 3268 3277 3276 3286 3285 3277 3276 3287 3286 3287 3286 3277 3276 2765 2764 3287 3286 2765 2764 2770 2769 3287 3286 3258 3257 3286 3285 3286 3285 3258 3257 3260 3259 3286 3285 3260 3259 3285 3284 3285 3284 3260 3259 3276 3275 3285 3284 3276 3275 3284 3283 3284 3283 3276 3275 3268 3267 3284 3283 3268 3267 3283 3282 3283 3282 3268 3267 3267 3266 3283 3282 3267 3266 3282 3281 3282 3281 3267 3266 3266 3265 3282 3281 3266 3265 3281 3280 3281 3280 3266 3265 3265 3264 3281 3280 3265 3264 3280 3279 3280 3279 3265 3264 3264 3263 3280 3279 3264 3263 3279 3278 3279 3278 3264 3263 3263 3262 3279 3278 3263 3262 3278 3277 3278 3277 3263 3262 3262 3261 3278 3277 3262 3261 3257 3256 3257 3256 3262 3261 1800 1799 3259 3258 1786 1785 3260 3259 3260 3259 1786 1785 1784 1783 3260 3259 1784 1783 1783 1782 3288 3287 3289 3288 3290 3289 1846 1845 1786 1785 3259 3258 3258 3257 3287 3286 3291 3290 2781 2780 3291 3290 2775 2774 2775 2774 3291 3290 3287 3286 2775 2774 3287 3286 2770 2769 2780 2779 3292 3291 2781 2780 2781 2780 3292 3291 3293 3292 2781 2780 3293 3292 3291 3290 1847 1846 3294 3293 1848 1847 1848 1847 3294 3293 3295 3294 1848 1847 3295 3294 1845 1844 1845 1844 3295 3294 3296 3295 1845 1844 3296 3295 1843 1842 1843 1842 3296 3295 3297 3296 1843 1842 3297 3296 1837 1836 2780 2779 2779 2778 3292 3291 3292 3291 2779 2778 2778 2777 3292 3291 2778 2777 3298 3297 3298 3297 2778 2777 2777 2776 3298 3297 2777 2776 3299 3298 3299 3298 2777 2776 2788 2787 3299 3298 2788 2787 3300 3299 2788 2787 2787 2786 3300 3299 3300 3299 2787 2786 2786 2785 3300 3299 2786 2785 3301 3300 3301 3300 2786 2785 2785 2784 3301 3300 2785 2784 3302 3301 3302 3301 2785 2784 2783 2782 2783 2782 3303 3302 3302 3301 3302 3301 3303 3302 3304 3303 3302 3301 3304 3303 3301 3300 3301 3300 3304 3303 3305 3304 3301 3300 3305 3304 3300 3299 3300 3299 3305 3304 3306 3305 3300 3299 3306 3305 3299 3298 3299 3298 3306 3305 3307 3306 3299 3298 3307 3306 3298 3297 3298 3297 3307 3306 3308 3307 3298 3297 3308 3307 3292 3291 3292 3291 3308 3307 3309 3308 3292 3291 3309 3308 3293 3292 3293 3292 3309 3308 3310 3309 3293 3292 3310 3309 3291 3290 3291 3290 3310 3309 3311 3310 3291 3290 3311 3310 3258 3257 3258 3257 3311 3310 3259 3258 3303 3302 3288 3287 3304 3303 3304 3303 3288 3287 3290 3289 3304 3303 3290 3289 3305 3304 3305 3304 3290 3289 3312 3311 3305 3304 3312 3311 3306 3305 3306 3305 3312 3311 3313 3312 3306 3305 3313 3312 3307 3306 3307 3306 3313 3312 3314 3313 3307 3306 3314 3313 3308 3307 3308 3307 3314 3313 3297 3296 3308 3307 3297 3296 3309 3308 3309 3308 3297 3296 3296 3295 3309 3308 3296 3295 3310 3309 3310 3309 3296 3295 3295 3294 3310 3309 3295 3294 3311 3310 3311 3310 3295 3294 3294 3293 3311 3310 3294 3293 3259 3258 3259 3258 3294 3293 1847 1846 3259 3258 1847 1846 1846 1845 1837 1836 3297 3296 1838 1837 1838 1837 3297 3296 3314 3313 1838 1837 3314 3313 1834 1833 1834 1833 3314 3313 3313 3312 1834 1833 3313 3312 1835 1834 1835 1834 3313 3312 3312 3311 1835 1834 3312 3311 1840 1839 1840 1839 3312 3311 3290 3289 1840 1839 3290 3289 1841 1840 1841 1840 3290 3289 3289 3288 1841 1840 3289 3288 1842 1841 687 687 689 689 3315 3314 2804 2803 2811 2810 3316 3315 658 658 657 657 3317 3316 2794 2793 2803 2802 3318 3317 2797 2796 2795 2794 3319 3318 3320 3319 652 652 2800 2799 2800 2799 652 652 653 653 650 650 651 651 3321 3320 649 649 650 650 3322 3321 3322 3321 650 650 3321 3320 3322 3321 3321 3320 3323 3322 701 701 700 700 3323 3322 3323 3322 700 700 698 698 3323 3322 698 698 3322 3321 3322 3321 698 698 697 697 3322 3321 697 697 649 649 657 657 701 701 3317 3316 3317 3316 701 701 3323 3322 3317 3316 3323 3322 3324 3323 3324 3323 3323 3322 3321 3320 3324 3323 3321 3320 3320 3319 3320 3319 3321 3320 651 651 3320 3319 651 651 652 652 684 684 682 682 3325 3324 3325 3324 682 682 681 681 681 681 658 658 3325 3324 3325 3324 658 658 3317 3316 3325 3324 3317 3316 3326 3325 3326 3325 3317 3316 3324 3323 3326 3325 3324 3323 3327 3326 3327 3326 3324 3323 3320 3319 3327 3326 3320 3319 2799 2798 2799 2798 3320 3319 2800 2799 2799 2798 2797 2796 3327 3326 3327 3326 2797 2796 3319 3318 3327 3326 3319 3318 3326 3325 3326 3325 3319 3318 3328 3327 3326 3325 3328 3327 3325 3324 3325 3324 3328 3327 3329 3328 3325 3324 3329 3328 684 684 684 684 3329 3328 691 691 2811 2810 2810 2809 3316 3315 3316 3315 2810 2809 3330 3329 3316 3315 3330 3329 3331 3330 2803 2802 2804 2803 3318 3317 3318 3317 2804 2803 3316 3315 3318 3317 3316 3315 3332 3331 3332 3331 3316 3315 3331 3330 3332 3331 3331 3330 3315 3314 689 689 691 691 3315 3314 3315 3314 691 691 3329 3328 3315 3314 3329 3328 3332 3331 3332 3331 3329 3328 3328 3327 3332 3331 3328 3327 3318 3317 3318 3317 3328 3327 3319 3318 3318 3317 3319 3318 2794 2793 2794 2793 3319 3318 2795 2794 2810 2809 2809 2808 3330 3329 3330 3329 2809 2808 3333 3332 3330 3329 3333 3332 3331 3330 3331 3330 3333 3332 3334 3333 3331 3330 3334 3333 3315 3314 3315 3314 3334 3333 3335 3334 3315 3314 3335 3334 687 687 687 687 3335 3334 695 695 2807 2806 2808 2807 2085 2084 2085 2084 2808 2807 2082 2081 695 695 3335 3334 2085 2084 2085 2084 3335 3334 3334 3333 2085 2084 3334 3333 2807 2806 2807 2806 3334 3333 3333 3332 2807 2806 3333 3332 2809 2808 907 907 3336 3335 908 908 908 908 3336 3335 910 910 924 924 932 932 3337 3336 3337 3336 932 932 930 930 3337 3336 930 930 929 929 928 928 927 927 3337 3336 3337 3336 927 927 925 925 3337 3336 925 925 924 924 3336 3335 907 907 3337 3336 3337 3336 907 907 923 923 3337 3336 923 923 922 922 922 922 920 920 3337 3336 3337 3336 920 920 919 919 3337 3336 919 919 928 928 828 828 868 868 3338 3337 3338 3337 868 868 3339 3338 869 869 871 871 3340 3339 3340 3339 871 871 873 873 873 873 880 880 3340 3339 3340 3339 880 880 878 878 3340 3339 878 878 885 885 867 867 865 865 3341 3340 854 854 853 853 3342 3341 855 855 850 850 3342 3341 3342 3341 850 850 849 849 3342 3341 849 849 854 854 3342 3341 861 861 859 859 855 855 3342 3341 856 856 856 856 3342 3341 859 859 856 856 859 859 858 858 864 864 863 863 3342 3341 3342 3341 863 863 862 862 3342 3341 862 862 861 861 853 853 852 852 3342 3341 3342 3341 852 852 3341 3340 3342 3341 3341 3340 864 864 864 864 3341 3340 865 865 852 852 876 876 3341 3340 3341 3340 876 876 875 875 3341 3340 875 875 3343 3342 3343 3342 875 875 874 874 832 832 3338 3337 3344 3343 3337 3336 929 929 833 833 832 832 831 831 3338 3337 3338 3337 831 831 829 829 3338 3337 829 829 828 828 3345 3344 3346 3345 3347 3346 3347 3346 3346 3345 3348 3347 3347 3346 3348 3347 3349 3348 3348 3347 3350 3349 3349 3348 3349 3348 3350 3349 3351 3350 3349 3348 3351 3350 3352 3351 3352 3351 3353 3352 3349 3348 3349 3348 3353 3352 3337 3336 3349 3348 3337 3336 3344 3343 3344 3343 3337 3336 833 833 3344 3343 833 833 832 832 3354 3353 3355 3354 3356 3355 3356 3355 3355 3354 3357 3356 3356 3355 3357 3356 3358 3357 3358 3357 3357 3356 3359 3358 3358 3357 3359 3358 3360 3359 3360 3359 3359 3358 3361 3360 3360 3359 3361 3360 3362 3361 3362 3361 3361 3360 3363 3362 3362 3361 3363 3362 3364 3363 3364 3363 3363 3362 3365 3364 3364 3363 3365 3364 3366 3365 3366 3365 3365 3364 3367 3366 3366 3365 3367 3366 3368 3367 3368 3367 3367 3366 3369 3368 3368 3367 3369 3368 3370 3369 3370 3369 3369 3368 3371 3370 3370 3369 3371 3370 3372 3371 3372 3371 3371 3370 3373 3372 3372 3371 3373 3372 3374 3373 3374 3373 3373 3372 3375 3374 3374 3373 3375 3374 3376 3375 3376 3375 3375 3374 3377 3376 3376 3375 3377 3376 3378 3377 3378 3377 3377 3376 3379 3378 3378 3377 3379 3378 3380 3379 3380 3379 3379 3378 3381 3380 3380 3379 3381 3380 3345 3344 3345 3344 3381 3380 3382 3381 3345 3344 3382 3381 3346 3345 867 867 3341 3340 868 868 868 868 3341 3340 3343 3342 868 868 3343 3342 3339 3338 3339 3338 3343 3342 874 874 3339 3338 874 874 3383 3382 3383 3382 874 874 869 869 3383 3382 869 869 3384 3383 3384 3383 869 869 3340 3339 3384 3383 3340 3339 3385 3384 3385 3384 3340 3339 3386 3385 3385 3384 3386 3385 3387 3386 3387 3386 3388 3387 3385 3384 3385 3384 3388 3387 3389 3388 3385 3384 3389 3388 3390 3389 3390 3389 3389 3388 3391 3390 3390 3389 3391 3390 3354 3353 3354 3353 3391 3390 3392 3391 3354 3353 3392 3391 3355 3354 3340 3339 885 885 884 884 884 884 882 882 3340 3339 3340 3339 882 882 881 881 3340 3339 881 881 886 886 886 886 825 825 3340 3339 3340 3339 825 825 827 827 3340 3339 827 827 888 888 890 890 3393 3392 891 891 891 891 3393 3392 3340 3339 891 891 3340 3339 887 887 887 887 3340 3339 888 888 903 903 3393 3392 904 904 904 904 3393 3392 890 890 3394 3393 3395 3394 906 906 3396 3395 3397 3396 3398 3397 905 905 918 918 3396 3395 906 906 3395 3394 1485 1485 3399 3398 894 894 893 893 3398 3397 3400 3399 3396 3395 3396 3395 3400 3399 3401 3400 3396 3395 3401 3400 905 905 905 905 3401 3400 3402 3401 905 905 3402 3401 906 906 906 906 3402 3401 3403 3402 906 906 3403 3402 3394 3393 3395 3394 3404 3403 1485 1485 1485 1485 3404 3403 3405 3404 1485 1485 3405 3404 893 893 893 893 3405 3404 3406 3405 3406 3405 3407 3406 893 893 893 893 3407 3406 3408 3407 893 893 3408 3407 3399 3398 3399 3398 3408 3407 3409 3408 3399 3398 3409 3408 3410 3409 3411 3410 3412 3411 3413 3412 3414 3413 3415 3414 3416 3415 3417 3416 3418 3417 2065 2064 2065 2064 3418 3417 2901 2900 2901 2900 3418 3417 2902 2901 2902 2901 3418 3417 3413 3412 2902 2901 3413 3412 2904 2903 2904 2903 3413 3412 2905 2904 2905 2904 3413 3412 3412 3411 2905 2904 3412 3411 2500 2499 3419 3418 3420 3419 3421 3420 3421 3420 3420 3419 2316 2315 3416 3415 2316 2315 3420 3419 3415 3414 3422 3421 3416 3415 3416 3415 3422 3421 2316 2315 3419 3418 3411 3410 3420 3419 3420 3419 3411 3410 3413 3412 3420 3419 3413 3412 3416 3415 3416 3415 3413 3412 3418 3417 3416 3415 3418 3417 3414 3413 3414 3413 3418 3417 3417 3416 2313 2312 2315 2314 3423 3422 2313 2312 3424 3423 2318 2317 2318 2317 3424 3423 3425 3424 3425 3424 3424 3423 3426 3425 3426 3425 3424 3423 3427 3426 3426 3425 3427 3426 3428 3427 2072 2071 2074 2073 3429 3428 3428 3427 3427 3426 3429 3428 3429 3428 3427 3426 2081 2080 3429 3428 2081 2080 2072 2071 2313 2312 3423 3422 3424 3423 3424 3423 3423 3422 3430 3429 3424 3423 3430 3429 3427 3426 3427 3426 3430 3429 2015 2014 3427 3426 2015 2014 2081 2080 2065 2064 2016 2015 3417 3416 3417 3416 2016 2015 2015 2014 3417 3416 2015 2014 3414 3413 3414 3413 2015 2014 3430 3429 3414 3413 3430 3429 3415 3414 3415 3414 3430 3429 3423 3422 3415 3414 3423 3422 3422 3421 3422 3421 3423 3422 2315 2314 3422 3421 2315 2314 2316 2315 3431 3430 2496 2495 2495 2494 3412 3411 3411 3410 3432 3431 3419 3418 3421 3420 3433 3432 3421 3420 2316 2315 3433 3432 3433 3432 2316 2315 2314 2313 3433 3432 2314 2313 3434 3433 3434 3433 2314 2313 2317 2316 3434 3433 2317 2316 3435 3434 3435 3434 2317 2316 2308 2307 3435 3434 2308 2307 3436 3435 3436 3435 2308 2307 2309 2308 3436 3435 2309 2308 3437 3436 3437 3436 2309 2308 2310 2309 3437 3436 2310 2309 3438 3437 3438 3437 2310 2309 2291 2290 3438 3437 2291 2290 3439 3438 3439 3438 2291 2290 2292 2291 3439 3438 2292 2291 3440 3439 3440 3439 2292 2291 2307 2306 3440 3439 2307 2306 3441 3440 3411 3410 3419 3418 3432 3431 3432 3431 3419 3418 3433 3432 3432 3431 3433 3432 3442 3441 3442 3441 3433 3432 3434 3433 3442 3441 3434 3433 3443 3442 3443 3442 3434 3433 3435 3434 3443 3442 3435 3434 3444 3443 3444 3443 3435 3434 3436 3435 3444 3443 3436 3435 3445 3444 3445 3444 3436 3435 3437 3436 3445 3444 3437 3436 3446 3445 3446 3445 3437 3436 3438 3437 3446 3445 3438 3437 3447 3446 3447 3446 3438 3437 3439 3438 3447 3446 3439 3438 3448 3447 3448 3447 3439 3438 3440 3439 3448 3447 3440 3439 3449 3448 3449 3448 3440 3439 3441 3440 2324 2323 2343 2342 3450 3449 2307 2306 2324 2323 3441 3440 3441 3440 2324 2323 3450 3449 3441 3440 3450 3449 3449 3448 3449 3448 3450 3449 3451 3450 3449 3448 3451 3450 3452 3451 3452 3451 3431 3430 3449 3448 3449 3448 3431 3430 2495 2494 3449 3448 2495 2494 3448 3447 3448 3447 2495 2494 2516 2515 3448 3447 2516 2515 3447 3446 3447 3446 2516 2515 2515 2514 3447 3446 2515 2514 3446 3445 3446 3445 2515 2514 2514 2513 3446 3445 2514 2513 3445 3444 3445 3444 2514 2513 2512 2511 3445 3444 2512 2511 3444 3443 3444 3443 2512 2511 2511 2510 3444 3443 2511 2510 3443 3442 3443 3442 2511 2510 2509 2508 3443 3442 2509 2508 3442 3441 3442 3441 2509 2508 2508 2507 3442 3441 2508 2507 3432 3431 3432 3431 2508 2507 2501 2500 3432 3431 2501 2500 3412 3411 3412 3411 2501 2500 2500 2499 3429 3428 2074 2073 3453 3452 3453 3452 2074 2073 3076 3075 3076 3075 3075 3074 3453 3452 3453 3452 3075 3074 3090 3089 3453 3452 3090 3089 2573 2572 3429 3428 3453 3452 3428 3427 3428 3427 3453 3452 3454 3453 3428 3427 3454 3453 3426 3425 3426 3425 3454 3453 3455 3454 3426 3425 3455 3454 3425 3424 3425 3424 3455 3454 3456 3455 3425 3424 3456 3455 2318 2317 3457 3456 3458 3457 3459 3458 3452 3451 3451 3450 3460 3459 2496 2495 3431 3430 2933 2932 2933 2932 3431 3430 3461 3460 2933 2932 3461 3460 2929 2928 2929 2928 3461 3460 2930 2929 2930 2929 3461 3460 3459 3458 2930 2929 3459 3458 2928 2927 2928 2927 3459 3458 3458 3457 2928 2927 3458 3457 2116 2115 3462 3461 3463 3462 3464 3463 3464 3463 3463 3462 2343 2342 3460 3459 2343 2342 3463 3462 3451 3450 3450 3449 3460 3459 3460 3459 3450 3449 2343 2342 3462 3461 3457 3456 3463 3462 3463 3462 3457 3456 3459 3458 3463 3462 3459 3458 3460 3459 3460 3459 3459 3458 3461 3460 3460 3459 3461 3460 3452 3451 3452 3451 3461 3460 3431 3430 3465 3464 3466 3465 3467 3466 3468 3467 3469 3468 3470 3469 3469 3468 2279 2278 3470 3469 3470 3469 2279 2278 2278 2277 3470 3469 2278 2277 3471 3470 3471 3470 2278 2277 2274 2273 3466 3465 3468 3467 3467 3466 3467 3466 3468 3467 3470 3469 3467 3466 3470 3469 3472 3471 3472 3471 3470 3469 3471 3470 3472 3471 3471 3470 3456 3455 3456 3455 3471 3470 2274 2273 3456 3455 2274 2273 2318 2317 3456 3455 3455 3454 3472 3471 3472 3471 3455 3454 3454 3453 3472 3471 3454 3453 3453 3452 464 464 3465 3464 2583 2582 2583 2582 3465 3464 3467 3466 2583 2582 3467 3466 2582 2581 2582 2581 3467 3466 3472 3471 2582 2581 3472 3471 2572 2571 2572 2571 3472 3471 3453 3452 2572 2571 3453 3452 2573 2572 3473 3472 3474 3473 2256 2255 3458 3457 3457 3456 3475 3474 3476 3475 3477 3476 3478 3477 3462 3461 3464 3463 3479 3478 2340 2339 2339 2338 3480 3479 2340 2339 3481 3480 2341 2340 2341 2340 3481 3480 3482 3481 2341 2340 3482 3481 2342 2341 2342 2341 3482 3481 3479 3478 2342 2341 3479 3478 2343 2342 2343 2342 3479 3478 3464 3463 3480 3479 2339 2338 3483 3482 3483 3482 2339 2338 2338 2337 3483 3482 2338 2337 3484 3483 2335 2334 3477 3476 2336 2335 2336 2335 3477 3476 3476 3475 2336 2335 3476 3475 2337 2336 3481 3480 3474 3473 3482 3481 3482 3481 3474 3473 3473 3472 3482 3481 3473 3472 3479 3478 3479 3478 3473 3472 3475 3474 3479 3478 3475 3474 3462 3461 3462 3461 3475 3474 3457 3456 3485 3484 3480 3479 3486 3485 3486 3485 3480 3479 3483 3482 3486 3485 3483 3482 3487 3486 3487 3486 3483 3482 3484 3483 3487 3486 3484 3483 3488 3487 2256 2255 2255 2254 3473 3472 3473 3472 2255 2254 2254 2253 3473 3472 2254 2253 3475 3474 3475 3474 2254 2253 2253 2252 3475 3474 2253 2252 3458 3457 3458 3457 2253 2252 2117 2116 3458 3457 2117 2116 2116 2115 2340 2339 3480 3479 3481 3480 3481 3480 3480 3479 3485 3484 3481 3480 3485 3484 3474 3473 3474 3473 3485 3484 2259 2258 3474 3473 2259 2258 2256 2255 2263 2262 2262 2261 3488 3487 3488 3487 2262 2261 2261 2260 3488 3487 2261 2260 3487 3486 3487 3486 2261 2260 2260 2259 3487 3486 2260 2259 3486 3485 3486 3485 2260 2259 2257 2256 3486 3485 2257 2256 3485 3484 3485 3484 2257 2256 2258 2257 3485 3484 2258 2257 2259 2258 2264 2263 2263 2262 3478 3477 3478 3477 2263 2262 3488 3487 3478 3477 3488 3487 3476 3475 3476 3475 3488 3487 3484 3483 3476 3475 3484 3483 2337 2336 2337 2336 3484 3483 2338 2337 2250 2249 2249 2248 3489 3488 3489 3488 2249 2248 2264 2263 3489 3488 2264 2263 3490 3489 3490 3489 2264 2263 3478 3477 3490 3489 3478 3477 3491 3490 3491 3490 3478 3477 3477 3476 3491 3490 3477 3476 3492 3491 3492 3491 3477 3476 2335 2334 3492 3491 2335 2334 2326 2325 468 468 466 466 3493 3492 472 472 3465 3464 462 462 462 462 3465 3464 464 464 472 472 468 468 3465 3464 3465 3464 468 468 3493 3492 3465 3464 3493 3492 3466 3465 3466 3465 3493 3492 3494 3493 3466 3465 3494 3493 3468 3467 3468 3467 3494 3493 3495 3494 3468 3467 3495 3494 3469 3468 3469 3468 3495 3494 3496 3495 3469 3468 3496 3495 2279 2278 3497 3496 3498 3497 3499 3498 3490 3489 3491 3490 3500 3499 3489 3488 3501 3500 2250 2249 2250 2249 3501 3500 3035 3034 3035 3034 3501 3500 3036 3035 3036 3035 3501 3500 3499 3498 3036 3035 3499 3498 3038 3037 3038 3037 3499 3498 3039 3038 3039 3038 3499 3498 3498 3497 3039 3038 3498 3497 2847 2846 3502 3501 3503 3502 3504 3503 3504 3503 3503 3502 2326 2325 3500 3499 2326 2325 3503 3502 3491 3490 3492 3491 3500 3499 3500 3499 3492 3491 2326 2325 3502 3501 3497 3496 3503 3502 3503 3502 3497 3496 3499 3498 3503 3502 3499 3498 3500 3499 3500 3499 3499 3498 3501 3500 3500 3499 3501 3500 3490 3489 3490 3489 3501 3500 3489 3488 597 597 596 596 3505 3504 3506 3505 3507 3506 3508 3507 3509 3508 3510 3509 3505 3504 2271 2270 2286 2285 3511 3510 3512 3511 3513 3512 3514 3513 3514 3513 3513 3512 2281 2280 2271 2270 3510 3509 2294 2293 2294 2293 3510 3509 3509 3508 2294 2293 3509 3508 2280 2279 3507 3506 3512 3511 3508 3507 3508 3507 3512 3511 3514 3513 3508 3507 3514 3513 3515 3514 595 595 594 594 3515 3514 3515 3514 594 594 593 593 3515 3514 593 593 3508 3507 3508 3507 593 593 592 592 3508 3507 592 592 3506 3505 3506 3505 592 592 512 512 3506 3505 512 512 511 511 2281 2280 2280 2279 3514 3513 3514 3513 2280 2279 3509 3508 3514 3513 3509 3508 3515 3514 3515 3514 3509 3508 3505 3504 3515 3514 3505 3504 595 595 595 595 3505 3504 596 596 2271 2270 3511 3510 3510 3509 3510 3509 3511 3510 3516 3515 3510 3509 3516 3515 3505 3504 3505 3504 3516 3515 598 598 3505 3504 598 598 597 597 466 466 566 566 3493 3492 3493 3492 566 566 598 598 3493 3492 598 598 3494 3493 3494 3493 598 598 3516 3515 3494 3493 3516 3515 3495 3494 3495 3494 3516 3515 3511 3510 3495 3494 3511 3510 3496 3495 3496 3495 3511 3510 2286 2285 3496 3495 2286 2285 2279 2278 3517 3516 2843 2842 2842 2841 3498 3497 3497 3496 3518 3517 3502 3501 3504 3503 3519 3518 3504 3503 2326 2325 3519 3518 3519 3518 2326 2325 2325 2324 3519 3518 2325 2324 3520 3519 3520 3519 2325 2324 2306 2305 3520 3519 2306 2305 3521 3520 3521 3520 2306 2305 2305 2304 3521 3520 2305 2304 3522 3521 3522 3521 2305 2304 2293 2292 3522 3521 2293 2292 3523 3522 3523 3522 2293 2292 2273 2272 3523 3522 2273 2272 3524 3523 3524 3523 2273 2272 2272 2271 3524 3523 2272 2271 3525 3524 3525 3524 2272 2271 2297 2296 3525 3524 2297 2296 3526 3525 3526 3525 2297 2296 2296 2295 3526 3525 2296 2295 3527 3526 3497 3496 3502 3501 3518 3517 3518 3517 3502 3501 3519 3518 3518 3517 3519 3518 3528 3527 3528 3527 3519 3518 3520 3519 3528 3527 3520 3519 3529 3528 3529 3528 3520 3519 3521 3520 3529 3528 3521 3520 3530 3529 3530 3529 3521 3520 3522 3521 3530 3529 3522 3521 3531 3530 3531 3530 3522 3521 3523 3522 3531 3530 3523 3522 3532 3531 3532 3531 3523 3522 3524 3523 3532 3531 3524 3523 3533 3532 3533 3532 3524 3523 3525 3524 3533 3532 3525 3524 3534 3533 3534 3533 3525 3524 3526 3525 3534 3533 3526 3525 3535 3534 3535 3534 3526 3525 3527 3526 2290 2289 2289 2288 3536 3535 2296 2295 2290 2289 3527 3526 3527 3526 2290 2289 3536 3535 3527 3526 3536 3535 3535 3534 3535 3534 3536 3535 3537 3536 3535 3534 3537 3536 3538 3537 3538 3537 3517 3516 3535 3534 3535 3534 3517 3516 2842 2841 3535 3534 2842 2841 3534 3533 3534 3533 2842 2841 2861 2860 3534 3533 2861 2860 3533 3532 3533 3532 2861 2860 2860 2859 3533 3532 2860 2859 3532 3531 3532 3531 2860 2859 2859 2858 3532 3531 2859 2858 3531 3530 3531 3530 2859 2858 2857 2856 3531 3530 2857 2856 3530 3529 3530 3529 2857 2856 2856 2855 3530 3529 2856 2855 3529 3528 3529 3528 2856 2855 2854 2853 3529 3528 2854 2853 3528 3527 3528 3527 2854 2853 2853 2852 3528 3527 2853 2852 3518 3517 3518 3517 2853 2852 2848 2847 3518 3517 2848 2847 3498 3497 3498 3497 2848 2847 2847 2846 3507 3506 3506 3505 3539 3538 3540 3539 3541 3540 3542 3541 2633 2632 3543 3542 3156 3155 3156 3155 3543 3542 3544 3543 3156 3155 3544 3543 3152 3151 3152 3151 3544 3543 3153 3152 3153 3152 3544 3543 3539 3538 3153 3152 3539 3538 3151 3150 3151 3150 3539 3538 3506 3505 3151 3150 3506 3505 511 511 3512 3511 3545 3544 3513 3512 3513 3512 3545 3544 2281 2280 3542 3541 2281 2280 3545 3544 3541 3540 3546 3545 3542 3541 3542 3541 3546 3545 2281 2280 3512 3511 3507 3506 3545 3544 3545 3544 3507 3506 3539 3538 3545 3544 3539 3538 3542 3541 3542 3541 3539 3538 3544 3543 3542 3541 3544 3543 3540 3539 3540 3539 3544 3543 3543 3542 3547 3546 3548 3547 3549 3548 3538 3537 3537 3536 3550 3549 2843 2842 3517 3516 2895 2894 2895 2894 3517 3516 3551 3550 2895 2894 3551 3550 2891 2890 2891 2890 3551 3550 2892 2891 2892 2891 3551 3550 3549 3548 2892 2891 3549 3548 2890 2889 2890 2889 3549 3548 3548 3547 2890 2889 3548 3547 655 655 3552 3551 3553 3552 3554 3553 3554 3553 3553 3552 2289 2288 3550 3549 2289 2288 3553 3552 3537 3536 3536 3535 3550 3549 3550 3549 3536 3535 2289 2288 3552 3551 3547 3546 3553 3552 3553 3552 3547 3546 3549 3548 3553 3552 3549 3548 3550 3549 3550 3549 3549 3548 3551 3550 3550 3549 3551 3550 3538 3537 3538 3537 3551 3550 3517 3516 3543 3542 2633 2632 2632 2631 3555 3554 3556 3555 3557 3556 3558 3557 3559 3558 3560 3559 3559 3558 2332 2331 3560 3559 3560 3559 2332 2331 2331 2330 3560 3559 2331 2330 3561 3560 3561 3560 2331 2330 2330 2329 3561 3560 2330 2329 3562 3561 3562 3561 2330 2329 2328 2327 3562 3561 2328 2327 3563 3562 3563 3562 2328 2327 2299 2298 3563 3562 2299 2298 3564 3563 3564 3563 2299 2298 2298 2297 3564 3563 2298 2297 3565 3564 3565 3564 2298 2297 2287 2286 3565 3564 2287 2286 3566 3565 3566 3565 2287 2286 2270 2269 3566 3565 2270 2269 3567 3566 3567 3566 2270 2269 2269 2268 3567 3566 2269 2268 3568 3567 3556 3555 3558 3557 3557 3556 3557 3556 3558 3557 3560 3559 3557 3556 3560 3559 3569 3568 3569 3568 3560 3559 3561 3560 3569 3568 3561 3560 3570 3569 3570 3569 3561 3560 3562 3561 3570 3569 3562 3561 3571 3570 3571 3570 3562 3561 3563 3562 3571 3570 3563 3562 3572 3571 3572 3571 3563 3562 3564 3563 3572 3571 3564 3563 3573 3572 3573 3572 3564 3563 3565 3564 3573 3572 3565 3564 3574 3573 3574 3573 3565 3564 3566 3565 3574 3573 3566 3565 3575 3574 3575 3574 3566 3565 3567 3566 3575 3574 3567 3566 3576 3575 3576 3575 3567 3566 3568 3567 2282 2281 2281 2280 3546 3545 2269 2268 2282 2281 3568 3567 3568 3567 2282 2281 3546 3545 3568 3567 3546 3545 3576 3575 3576 3575 3546 3545 3541 3540 3576 3575 3541 3540 3540 3539 3540 3539 3543 3542 3576 3575 3576 3575 3543 3542 2632 2631 3576 3575 2632 2631 3575 3574 3575 3574 2632 2631 2653 2652 3575 3574 2653 2652 3574 3573 3574 3573 2653 2652 2652 2651 3574 3573 2652 2651 3573 3572 3573 3572 2652 2651 2651 2650 3573 3572 2651 2650 3572 3571 3572 3571 2651 2650 2649 2648 3572 3571 2649 2648 3571 3570 3571 3570 2649 2648 2648 2647 3571 3570 2648 2647 3570 3569 3570 3569 2648 2647 2646 2645 3570 3569 2646 2645 3569 3568 3569 3568 2646 2645 2645 2644 3569 3568 2645 2644 3557 3556 3557 3556 2645 2644 2638 2637 3557 3556 2638 2637 3555 3554 3555 3554 2638 2637 2637 2636 2288 2287 2323 2322 3577 3576 2288 2287 3578 3577 2289 2288 2289 2288 3578 3577 3554 3553 3554 3553 3578 3577 3552 3551 3552 3551 3578 3577 3579 3578 3552 3551 3579 3578 3547 3546 656 656 655 655 3548 3547 3547 3546 3579 3578 3548 3547 3548 3547 3579 3578 706 706 3548 3547 706 706 656 656 2288 2287 3577 3576 3578 3577 3578 3577 3577 3576 3580 3579 3578 3577 3580 3579 3579 3578 3579 3578 3580 3579 707 707 3579 3578 707 707 706 706 610 610 705 705 3581 3580 3581 3580 705 705 707 707 3581 3580 707 707 3582 3581 3582 3581 707 707 3580 3579 3582 3581 3580 3579 3583 3582 3583 3582 3580 3579 3577 3576 3583 3582 3577 3576 3584 3583 3584 3583 3577 3576 2323 2322 3584 3583 2323 2322 2322 2321 3556 3555 3555 3554 3585 3584 3586 3585 3587 3586 3588 3587 3589 3588 3590 3589 1952 1951 1952 1951 3590 3589 3162 3161 3162 3161 3590 3589 3163 3162 3163 3162 3590 3589 3585 3584 3163 3162 3585 3584 3165 3164 3165 3164 3585 3584 3166 3165 3166 3165 3585 3584 3555 3554 3166 3165 3555 3554 2637 2636 3558 3557 3591 3590 3559 3558 3559 3558 3591 3590 2332 2331 3588 3587 2332 2331 3591 3590 3587 3586 3592 3591 3588 3587 3588 3587 3592 3591 2332 2331 3558 3557 3556 3555 3591 3590 3591 3590 3556 3555 3585 3584 3591 3590 3585 3584 3588 3587 3588 3587 3585 3584 3590 3589 3588 3587 3590 3589 3586 3585 3586 3585 3590 3589 3589 3588 612 612 610 610 3581 3580 616 616 3593 3592 606 606 606 606 3593 3592 608 608 616 616 612 612 3593 3592 3593 3592 612 612 3581 3580 3593 3592 3581 3580 3594 3593 3594 3593 3581 3580 3582 3581 3594 3593 3582 3581 3595 3594 3595 3594 3582 3581 3583 3582 3595 3594 3583 3582 3596 3595 3596 3595 3583 3582 3584 3583 3596 3595 3584 3583 2322 2321 3597 3596 3598 3597 2006 2005 3599 3598 3600 3599 3601 3600 3602 3601 3603 3602 3604 3603 3605 3604 3606 3605 3607 3606 2348 2347 2347 2346 3608 3607 2348 2347 3609 3608 2346 2345 2346 2345 3609 3608 3610 3609 2346 2345 3610 3609 2319 2318 2319 2318 3610 3609 3607 3606 2319 2318 3607 3606 2320 2319 2320 2319 3607 3606 3606 3605 3608 3607 2347 2346 3611 3610 3611 3610 2347 2346 2345 2344 3611 3610 2345 2344 3612 3611 2333 2332 3603 3602 2334 2333 2334 2333 3603 3602 3602 3601 2334 2333 3602 3601 2344 2343 3609 3608 3598 3597 3610 3609 3610 3609 3598 3597 3597 3596 3610 3609 3597 3596 3607 3606 3607 3606 3597 3596 3601 3600 3607 3606 3601 3600 3605 3604 3605 3604 3601 3600 3600 3599 3613 3612 3608 3607 3614 3613 3614 3613 3608 3607 3611 3610 3614 3613 3611 3610 3615 3614 3615 3614 3611 3610 3612 3611 3615 3614 3612 3611 3616 3615 2006 2005 1998 1997 3597 3596 3597 3596 1998 1997 1997 1996 3597 3596 1997 1996 3601 3600 3601 3600 1997 1996 1996 1995 3601 3600 1996 1995 3599 3598 3599 3598 1996 1995 1891 1890 3599 3598 1891 1890 1890 1889 2348 2347 3608 3607 3609 3608 3609 3608 3608 3607 3613 3612 3609 3608 3613 3612 3598 3597 3598 3597 3613 3612 2007 2006 3598 3597 2007 2006 2006 2005 2013 2012 2012 2011 3616 3615 3616 3615 2012 2011 2011 2010 3616 3615 2011 2010 3615 3614 3615 3614 2011 2010 2010 2009 3615 3614 2010 2009 3614 3613 3614 3613 2010 2009 2009 2008 3614 3613 2009 2008 3613 3612 3613 3612 2009 2008 2008 2007 3613 3612 2008 2007 2007 2006 2014 2013 2013 2012 3604 3603 3604 3603 2013 2012 3616 3615 3604 3603 3616 3615 3602 3601 3602 3601 3616 3615 3612 3611 3602 3601 3612 3611 2344 2343 2344 2343 3612 3611 2345 2344 1952 1951 1951 1950 3589 3588 3589 3588 1951 1950 2014 2013 3589 3588 2014 2013 3586 3585 3586 3585 2014 2013 3604 3603 3586 3585 3604 3603 3587 3586 3587 3586 3604 3603 3603 3602 3587 3586 3603 3602 3592 3591 3592 3591 3603 3602 2333 2332 3592 3591 2333 2332 2332 2331 3593 3592 3594 3593 3617 3616 3595 3594 3596 3595 3618 3617 3596 3595 2322 2321 3618 3617 3618 3617 2322 2321 2295 2294 3618 3617 2295 2294 3619 3618 3619 3618 2295 2294 2277 2276 3594 3593 3595 3594 3617 3616 3617 3616 3595 3594 3618 3617 3617 3616 3618 3617 3620 3619 3620 3619 3618 3617 3619 3618 3620 3619 3619 3618 3621 3620 3621 3620 3619 3618 2277 2276 3621 3620 2277 2276 2285 2284 3621 3620 3622 3621 3620 3619 3620 3619 3622 3621 3623 3622 3620 3619 3623 3622 3624 3623 608 608 3593 3592 2793 2792 2793 2792 3593 3592 3617 3616 2793 2792 3617 3616 2792 2791 2792 2791 3617 3616 3620 3619 2792 2791 3620 3619 2782 2781 2782 2781 3620 3619 3624 3623 2782 2781 3624 3623 2783 2782 3600 3599 3599 3598 3625 3624 3626 3625 3627 3626 3628 3627 2706 2705 3629 3628 3194 3193 3194 3193 3629 3628 3630 3629 3194 3193 3630 3629 3190 3189 3190 3189 3630 3629 3191 3190 3191 3190 3630 3629 3625 3624 3191 3190 3625 3624 3189 3188 3189 3188 3625 3624 3599 3598 3189 3188 3599 3598 1890 1889 3605 3604 3631 3630 3606 3605 3606 3605 3631 3630 2320 2319 3628 3627 2320 2319 3631 3630 3627 3626 3632 3631 3628 3627 3628 3627 3632 3631 2320 2319 3605 3604 3600 3599 3631 3630 3631 3630 3600 3599 3625 3624 3631 3630 3625 3624 3628 3627 3628 3627 3625 3624 3630 3629 3628 3627 3630 3629 3626 3625 3626 3625 3630 3629 3629 3628 3633 3632 1842 1841 3624 3623 3624 3623 1842 1841 3289 3288 3289 3288 3288 3287 3624 3623 3624 3623 3288 3287 3303 3302 3624 3623 3303 3302 2783 2782 3633 3632 3624 3623 3634 3633 3634 3633 3624 3623 3623 3622 3634 3633 3623 3622 3635 3634 3635 3634 3623 3622 3622 3621 3635 3634 3622 3621 3636 3635 3636 3635 3622 3621 3621 3620 3636 3635 3621 3620 2285 2284 3629 3628 2706 2705 2705 2704 3637 3636 3638 3637 3639 3638 3640 3639 3641 3640 3642 3641 3641 3640 2302 2301 3642 3641 3642 3641 2302 2301 2284 2283 3642 3641 2284 2283 3643 3642 3643 3642 2284 2283 2283 2282 3643 3642 2283 2282 3644 3643 3644 3643 2283 2282 2276 2275 3644 3643 2276 2275 3645 3644 3645 3644 2276 2275 2275 2274 3645 3644 2275 2274 3646 3645 3646 3645 2275 2274 2300 2299 3646 3645 2300 2299 3647 3646 3647 3646 2300 2299 2301 2300 3647 3646 2301 2300 3648 3647 3648 3647 2301 2300 2327 2326 3648 3647 2327 2326 3649 3648 3649 3648 2327 2326 2329 2328 3649 3648 2329 2328 3650 3649 3638 3637 3640 3639 3639 3638 3639 3638 3640 3639 3642 3641 3639 3638 3642 3641 3651 3650 3651 3650 3642 3641 3643 3642 3651 3650 3643 3642 3652 3651 3652 3651 3643 3642 3644 3643 3652 3651 3644 3643 3653 3652 3653 3652 3644 3643 3645 3644 3653 3652 3645 3644 3654 3653 3654 3653 3645 3644 3646 3645 3654 3653 3646 3645 3655 3654 3655 3654 3646 3645 3647 3646 3655 3654 3647 3646 3656 3655 3656 3655 3647 3646 3648 3647 3656 3655 3648 3647 3657 3656 3657 3656 3648 3647 3649 3648 3657 3656 3649 3648 3658 3657 3658 3657 3649 3648 3650 3649 2321 2320 2320 2319 3632 3631 2329 2328 2321 2320 3650 3649 3650 3649 2321 2320 3632 3631 3650 3649 3632 3631 3658 3657 3658 3657 3632 3631 3627 3626 3658 3657 3627 3626 3626 3625 3626 3625 3629 3628 3658 3657 3658 3657 3629 3628 2705 2704 3658 3657 2705 2704 3657 3656 3657 3656 2705 2704 2726 2725 3657 3656 2726 2725 3656 3655 3656 3655 2726 2725 2725 2724 3656 3655 2725 2724 3655 3654 3655 3654 2725 2724 2724 2723 3655 3654 2724 2723 3654 3653 3654 3653 2724 2723 2722 2721 3654 3653 2722 2721 3653 3652 3653 3652 2722 2721 2721 2720 3653 3652 2721 2720 3652 3651 3652 3651 2721 2720 2719 2718 3652 3651 2719 2718 3651 3650 3651 3650 2719 2718 2718 2717 3651 3650 2718 2717 3639 3638 3639 3638 2718 2717 2711 2710 3639 3638 2711 2710 3637 3636 3637 3636 2711 2710 2710 2709 3633 3632 3634 3633 3659 3658 3635 3634 3636 3635 3660 3659 2304 2303 2303 2302 3661 3660 2311 2310 2304 2303 3662 3661 2311 2310 3663 3662 2312 2311 2312 2311 3663 3662 3660 3659 2312 2311 3660 3659 2285 2284 2285 2284 3660 3659 3636 3635 3663 3662 3664 3663 3660 3659 3660 3659 3664 3663 3659 3658 3660 3659 3659 3658 3635 3634 3635 3634 3659 3658 3634 3633 1836 1835 1842 1841 3633 3632 1836 1835 3633 3632 1873 1872 1873 1872 3633 3632 3659 3658 1873 1872 3659 3658 1874 1873 1874 1873 3659 3658 3664 3663 1874 1873 3664 3663 1875 1874 1878 1877 1877 1876 3665 3664 3665 3664 1877 1876 1876 1875 2311 2310 3662 3661 3663 3662 3663 3662 3662 3661 3665 3664 3663 3662 3665 3664 3664 3663 3664 3663 3665 3664 1876 1875 3664 3663 1876 1875 1875 1874 2304 2303 3661 3660 3662 3661 3662 3661 3661 3660 3666 3665 3662 3661 3666 3665 3665 3664 3665 3664 3666 3665 1879 1878 3665 3664 1879 1878 1878 1877 1833 1832 1832 1831 3667 3666 3667 3666 1832 1831 1879 1878 3667 3666 1879 1878 3668 3667 3668 3667 1879 1878 3666 3665 3668 3667 3666 3665 3669 3668 3669 3668 3666 3665 3661 3660 3669 3668 3661 3660 3670 3669 3670 3669 3661 3660 2303 2302 3670 3669 2303 2302 2302 2301 3638 3637 3637 3636 3671 3670 3668 3667 3669 3668 3672 3671 3667 3666 3673 3672 1833 1832 1833 1832 3673 3672 3228 3227 3228 3227 3673 3672 3229 3228 3229 3228 3673 3672 3671 3670 3229 3228 3671 3670 3231 3230 3231 3230 3671 3670 3232 3231 3232 3231 3671 3670 3637 3636 3232 3231 3637 3636 2710 2709 3640 3639 3674 3673 3641 3640 3641 3640 3674 3673 2302 2301 3672 3671 2302 2301 3674 3673 3669 3668 3670 3669 3672 3671 3672 3671 3670 3669 2302 2301 3640 3639 3638 3637 3674 3673 3674 3673 3638 3637 3671 3670 3674 3673 3671 3670 3672 3671 3672 3671 3671 3670 3673 3672 3672 3671 3673 3672 3668 3667 3668 3667 3673 3672 3667 3666 3675 3674 3676 3675 3677 3676 3675 3674 3677 3676 3678 3677 3679 3678 3680 3679 3677 3676 3677 3676 3680 3679 3681 3680 3677 3676 3681 3680 3678 3677 3682 3681 3683 3682 3677 3676 3677 3676 3683 3682 3684 3683 3677 3676 3684 3683 3679 3678 3685 3684 3686 3685 3687 3686 3688 3687 3689 3688 3690 3689 3691 3690 3692 3691 3687 3686 3693 3692 3694 3693 3695 3694 3693 3692 3695 3694 3696 3695 3697 3696 3698 3697 3695 3694 3695 3694 3698 3697 3699 3698 3695 3694 3699 3698 3696 3695 3700 3699 3701 3700 3695 3694 3695 3694 3701 3700 3702 3701 3695 3694 3702 3701 3697 3696 3703 3702 3700 3699 3704 3703 3704 3703 3700 3699 3695 3694 3704 3703 3695 3694 3705 3704 3705 3704 3695 3694 3706 3705 3694 3693 3685 3684 3695 3694 3695 3694 3685 3684 3687 3686 3695 3694 3687 3686 3706 3705 3706 3705 3687 3686 3692 3691 3686 3685 3707 3706 3687 3686 3687 3686 3707 3706 3708 3707 3687 3686 3708 3707 3691 3690 3691 3690 3708 3707 3709 3708 3691 3690 3709 3708 3710 3709 3710 3709 3709 3708 3711 3710 3677 3676 3676 3675 3712 3711 3713 3712 3714 3713 3715 3714 3715 3714 3714 3713 3716 3715 3715 3714 3716 3715 3717 3716 3716 3715 3718 3717 3717 3716 3717 3716 3718 3717 3719 3718 3717 3716 3719 3718 3720 3719 3720 3719 3721 3720 3717 3716 3717 3716 3721 3720 3677 3676 3717 3716 3677 3676 3711 3710 3711 3710 3677 3676 3712 3711 3711 3710 3712 3711 3710 3709 3722 3721 3723 3722 3724 3723 3724 3723 3723 3722 3725 3724 3724 3723 3725 3724 3726 3725 3726 3725 3725 3724 3727 3726 3726 3725 3727 3726 3728 3727 3728 3727 3727 3726 3729 3728 3728 3727 3729 3728 3730 3729 3730 3729 3729 3728 3731 3730 3730 3729 3731 3730 3732 3731 3732 3731 3731 3730 3733 3732 3732 3731 3733 3732 3734 3733 3734 3733 3733 3732 3735 3734 3734 3733 3735 3734 3736 3735 3736 3735 3735 3734 3737 3736 3736 3735 3737 3736 3738 3737 3738 3737 3737 3736 3739 3738 3738 3737 3739 3738 3740 3739 3740 3739 3739 3738 3741 3740 3740 3739 3741 3740 3742 3741 3742 3741 3741 3740 3743 3742 3742 3741 3743 3742 3744 3743 3744 3743 3743 3742 3745 3744 3744 3743 3745 3744 3746 3745 3746 3745 3745 3744 3747 3746 3746 3745 3747 3746 3748 3747 3748 3747 3747 3746 3749 3748 3748 3747 3749 3748 3713 3712 3713 3712 3749 3748 3750 3749 3713 3712 3750 3749 3714 3713 3686 3685 3751 3750 3707 3706 3707 3706 3751 3750 3688 3687 3707 3706 3688 3687 3752 3751 3752 3751 3688 3687 3690 3689 3752 3751 3690 3689 3753 3752 3753 3752 3690 3689 3754 3753 3753 3752 3754 3753 3755 3754 3755 3754 3756 3755 3753 3752 3753 3752 3756 3755 3757 3756 3753 3752 3757 3756 3758 3757 3758 3757 3757 3756 3759 3758 3758 3757 3759 3758 3722 3721 3722 3721 3759 3758 3760 3759 3722 3721 3760 3759 3723 3722 3689 3688 3761 3760 3690 3689 3690 3689 3761 3760 3762 3761 3690 3689 3762 3761 3763 3762 3763 3762 3764 3763 3690 3689 3690 3689 3764 3763 3765 3764 3690 3689 3765 3764 3766 3765 3767 3766 3768 3767 3769 3768 3769 3768 3770 3769 3767 3766 3767 3766 3770 3769 3771 3770 3767 3766 3771 3770 3772 3771 3772 3771 3771 3770 3773 3772 3774 3773 3775 3774 3776 3775 3776 3775 3775 3774 3777 3776 3776 3775 3777 3776 3778 3777 3778 3777 3777 3776 3772 3771 3778 3777 3772 3771 3779 3778 3779 3778 3772 3771 3773 3772 3774 3773 3780 3779 3775 3774 3775 3774 3780 3779 3781 3780 3775 3774 3781 3780 3782 3781 3782 3781 3781 3780 3783 3782 3783 3782 3784 3783 3782 3781 3782 3781 3784 3783 3785 3784 3782 3781 3785 3784 3786 3785 3787 3786 3788 3787 3789 3788 3787 3786 3789 3788 3790 3789 3791 3790 3792 3791 3789 3788 3789 3788 3792 3791 3793 3792 3789 3788 3793 3792 3790 3789 3794 3793 3795 3794 3789 3788 3789 3788 3795 3794 3796 3795 3789 3788 3796 3795 3791 3790 3797 3796 3798 3797 3799 3798 3800 3799 3801 3800 3802 3801 3803 3802 3804 3803 3799 3798 3805 3804 3806 3805 3807 3806 3805 3804 3807 3806 3808 3807 3809 3808 3810 3809 3807 3806 3807 3806 3810 3809 3811 3810 3807 3806 3811 3810 3808 3807 3812 3811 3813 3812 3807 3806 3807 3806 3813 3812 3814 3813 3807 3806 3814 3813 3809 3808 3815 3814 3812 3811 3816 3815 3816 3815 3812 3811 3807 3806 3816 3815 3807 3806 3817 3816 3817 3816 3807 3806 3818 3817 3806 3805 3797 3796 3807 3806 3807 3806 3797 3796 3799 3798 3807 3806 3799 3798 3818 3817 3818 3817 3799 3798 3804 3803 3798 3797 3819 3818 3799 3798 3799 3798 3819 3818 3820 3819 3799 3798 3820 3819 3803 3802 3803 3802 3820 3819 3821 3820 3803 3802 3821 3820 3822 3821 3822 3821 3821 3820 3823 3822 3789 3788 3788 3787 3824 3823 3825 3824 3826 3825 3827 3826 3827 3826 3826 3825 3828 3827 3827 3826 3828 3827 3829 3828 3828 3827 3830 3829 3829 3828 3829 3828 3830 3829 3831 3830 3829 3828 3831 3830 3832 3831 3832 3831 3833 3832 3829 3828 3829 3828 3833 3832 3789 3788 3829 3828 3789 3788 3823 3822 3823 3822 3789 3788 3824 3823 3823 3822 3824 3823 3822 3821 3834 3833 3835 3834 3836 3835 3836 3835 3835 3834 3837 3836 3836 3835 3837 3836 3838 3837 3838 3837 3837 3836 3839 3838 3838 3837 3839 3838 3840 3839 3840 3839 3839 3838 3841 3840 3840 3839 3841 3840 3842 3841 3842 3841 3841 3840 3843 3842 3842 3841 3843 3842 3844 3843 3844 3843 3843 3842 3845 3844 3844 3843 3845 3844 3846 3845 3846 3845 3845 3844 3847 3846 3846 3845 3847 3846 3848 3847 3848 3847 3847 3846 3849 3848 3848 3847 3849 3848 3850 3849 3850 3849 3849 3848 3851 3850 3850 3849 3851 3850 3852 3851 3852 3851 3851 3850 3853 3852 3852 3851 3853 3852 3854 3853 3854 3853 3853 3852 3855 3854 3854 3853 3855 3854 3856 3855 3856 3855 3855 3854 3857 3856 3856 3855 3857 3856 3858 3857 3858 3857 3857 3856 3859 3858 3858 3857 3859 3858 3860 3859 3860 3859 3859 3858 3861 3860 3860 3859 3861 3860 3825 3824 3825 3824 3861 3860 3862 3861 3825 3824 3862 3861 3826 3825 3798 3797 3863 3862 3819 3818 3819 3818 3863 3862 3800 3799 3819 3818 3800 3799 3864 3863 3864 3863 3800 3799 3802 3801 3864 3863 3802 3801 3865 3864 3865 3864 3802 3801 3866 3865 3865 3864 3866 3865 3867 3866 3867 3866 3868 3867 3865 3864 3865 3864 3868 3867 3869 3868 3865 3864 3869 3868 3870 3869 3870 3869 3869 3868 3871 3870 3870 3869 3871 3870 3834 3833 3834 3833 3871 3870 3872 3871 3834 3833 3872 3871 3835 3834 3801 3800 3873 3872 3802 3801 3802 3801 3873 3872 3874 3873 3802 3801 3874 3873 3875 3874 3875 3874 3876 3875 3802 3801 3802 3801 3876 3875 3877 3876 3802 3801 3877 3876 3878 3877 3879 3878 3880 3879 3881 3880 3881 3880 3880 3879 3882 3881 3881 3880 3882 3881 3883 3882 3879 3878 3884 3883 3880 3879 3880 3879 3884 3883 3885 3884 3880 3879 3885 3884 3886 3885 3887 3886 3888 3887 3889 3888 3889 3888 3890 3889 3887 3886 3887 3886 3890 3889 3891 3890 3887 3886 3891 3890 3892 3891 3892 3891 3891 3890 3893 3892 3893 3892 3894 3893 3892 3891 3892 3891 3894 3893 3895 3894 3892 3891 3895 3894 3896 3895 3896 3895 3895 3894 3897 3896 3896 3895 3897 3896 3882 3881 3882 3881 3897 3896 3898 3897 3882 3881 3898 3897 3883 3882 3899 3898 3900 3899 3901 3900 3899 3898 3901 3900 3902 3901 3903 3902 3904 3903 3901 3900 3901 3900 3904 3903 3905 3904 3901 3900 3905 3904 3902 3901 3906 3905 3907 3906 3901 3900 3901 3900 3907 3906 3908 3907 3901 3900 3908 3907 3903 3902 3909 3908 3910 3909 3911 3910 3912 3911 3913 3912 3914 3913 3915 3914 3916 3915 3911 3910 3917 3916 3918 3917 3919 3918 3917 3916 3919 3918 3920 3919 3921 3920 3922 3921 3919 3918 3919 3918 3922 3921 3923 3922 3919 3918 3923 3922 3920 3919 3924 3923 3925 3924 3919 3918 3919 3918 3925 3924 3926 3925 3919 3918 3926 3925 3921 3920 3927 3926 3924 3923 3928 3927 3928 3927 3924 3923 3919 3918 3928 3927 3919 3918 3929 3928 3929 3928 3919 3918 3930 3929 3918 3917 3909 3908 3919 3918 3919 3918 3909 3908 3911 3910 3919 3918 3911 3910 3930 3929 3930 3929 3911 3910 3916 3915 3910 3909 3931 3930 3911 3910 3911 3910 3931 3930 3932 3931 3911 3910 3932 3931 3915 3914 3915 3914 3932 3931 3933 3932 3915 3914 3933 3932 3934 3933 3934 3933 3933 3932 3935 3934 3901 3900 3900 3899 3936 3935 3937 3936 3938 3937 3939 3938 3939 3938 3938 3937 3940 3939 3939 3938 3940 3939 3941 3940 3940 3939 3942 3941 3941 3940 3941 3940 3942 3941 3943 3942 3941 3940 3943 3942 3944 3943 3944 3943 3945 3944 3941 3940 3941 3940 3945 3944 3901 3900 3941 3940 3901 3900 3935 3934 3935 3934 3901 3900 3936 3935 3935 3934 3936 3935 3934 3933 3946 3945 3947 3946 3948 3947 3948 3947 3947 3946 3949 3948 3948 3947 3949 3948 3950 3949 3950 3949 3949 3948 3951 3950 3950 3949 3951 3950 3952 3951 3952 3951 3951 3950 3953 3952 3952 3951 3953 3952 3954 3953 3954 3953 3953 3952 3955 3954 3954 3953 3955 3954 3956 3955 3956 3955 3955 3954 3957 3956 3956 3955 3957 3956 3958 3957 3958 3957 3957 3956 3959 3958 3958 3957 3959 3958 3960 3959 3960 3959 3959 3958 3961 3960 3960 3959 3961 3960 3962 3961 3962 3961 3961 3960 3963 3962 3962 3961 3963 3962 3964 3963 3964 3963 3963 3962 3965 3964 3964 3963 3965 3964 3966 3965 3966 3965 3965 3964 3967 3966 3966 3965 3967 3966 3968 3967 3968 3967 3967 3966 3969 3968 3968 3967 3969 3968 3970 3969 3970 3969 3969 3968 3971 3970 3970 3969 3971 3970 3972 3971 3972 3971 3971 3970 3973 3972 3972 3971 3973 3972 3937 3936 3937 3936 3973 3972 3974 3973 3937 3936 3974 3973 3938 3937 3910 3909 3975 3974 3931 3930 3931 3930 3975 3974 3912 3911 3931 3930 3912 3911 3976 3975 3976 3975 3912 3911 3914 3913 3976 3975 3914 3913 3977 3976 3977 3976 3914 3913 3978 3977 3977 3976 3978 3977 3979 3978 3979 3978 3980 3979 3977 3976 3977 3976 3980 3979 3981 3980 3977 3976 3981 3980 3982 3981 3982 3981 3981 3980 3983 3982 3982 3981 3983 3982 3946 3945 3946 3945 3983 3982 3984 3983 3946 3945 3984 3983 3947 3946 3913 3912 3985 3984 3914 3913 3914 3913 3985 3984 3986 3985 3914 3913 3986 3985 3987 3986 3987 3986 3988 3987 3914 3913 3914 3913 3988 3987 3989 3988 3914 3913 3989 3988 3990 3989 3991 3990 3992 3991 3993 3992 3993 3992 3992 3991 3994 3993 3995 3994 3996 3995 3997 3996 3997 3996 3996 3995 3998 3997 3997 3996 3998 3997 3999 3998 4000 3999 4001 4000 3994 3993 3994 3993 4001 4000 4002 4001 3994 3993 4002 4001 3993 3992 3991 3990 4003 4002 3992 3991 3992 3991 4003 4002 4004 4003 3992 3991 4004 4003 4005 4004 4005 4004 4004 4003 4006 4005 4005 4004 4006 4005 3998 3997 3998 3997 4006 4005 4007 4006 3998 3997 4007 4006 3999 3998 3995 3994 4008 4007 3996 3995 3996 3995 4008 4007 4009 4008 3996 3995 4009 4008 4010 4009 4011 4010 4012 4011 4013 4012 4013 4012 4012 4011 4014 4013 4013 4012 4014 4013 4015 4014 4015 4014 4014 4013 4016 4015 4015 4014 4016 4015 4017 4016 4017 4016 4016 4015 4018 4017 4017 4016 4018 4017 4019 4018 4019 4018 4018 4017 4020 4019 4019 4018 4020 4019 4021 4020 4021 4020 4020 4019 4022 4021 4021 4020 4022 4021 4023 4022 4023 4022 4022 4021 4024 4023 4023 4022 4024 4023 4025 4024 4025 4024 4024 4023 4026 4025 4025 4024 4026 4025 4027 4026 4027 4026 4026 4025 4028 4027 4027 4026 4028 4027 4029 4028 4029 4028 4028 4027 4030 4029 4029 4028 4030 4029 4031 4030 4031 4030 4030 4029 4032 4031 4031 4030 4032 4031 4033 4032 4033 4032 4032 4031 4034 4033 4033 4032 4034 4033 4035 4034 4035 4034 4034 4033 4036 4035 4035 4034 4036 4035 4037 4036 4037 4036 4036 4035 4038 4037 4037 4036 4038 4037 4039 4038 4039 4038 4038 4037 4040 4039 4039 4038 4040 4039 4041 4040 4041 4040 4040 4039 4042 4041 4041 4040 4042 4041 4043 4042 4043 4042 4042 4041 4044 4043 4043 4042 4044 4043 4045 4044 4045 4044 4044 4043 4046 4045 4045 4044 4046 4045 4047 4046 4047 4046 4046 4045 4048 4047 4047 4046 4048 4047 4049 4048 4049 4048 4048 4047 4050 4049 4049 4048 4050 4049 4051 4050 4051 4050 4050 4049 4052 4051 4051 4050 4052 4051 4053 4052 4053 4052 4052 4051 4054 4053 4053 4052 4054 4053 4055 4054 4055 4054 4054 4053 4056 4055 4055 4054 4056 4055 4057 4056 4057 4056 4056 4055 4058 4057 4057 4056 4058 4057 4011 4010 4011 4010 4058 4057 4012 4011 4059 4058 4060 4059 4061 4060 4061 4060 4060 4059 4062 4061 4061 4060 4062 4061 4063 4062 4063 4062 4062 4061 4064 4063 4063 4062 4064 4063 4065 4064 4065 4064 4064 4063 4066 4065 4065 4064 4066 4065 4067 4066 4067 4066 4066 4065 4068 4067 4067 4066 4068 4067 4069 4068 4069 4068 4068 4067 4070 4069 4069 4068 4070 4069 4071 4070 4071 4070 4070 4069 4072 4071 4071 4070 4072 4071 4073 4072 4073 4072 4072 4071 4074 4073 4073 4072 4074 4073 4075 4074 4075 4074 4074 4073 4076 4075 4075 4074 4076 4075 4077 4076 4077 4076 4076 4075 4078 4077 4077 4076 4078 4077 4079 4078 4079 4078 4078 4077 4080 4079 4079 4078 4080 4079 4081 4080 4081 4080 4080 4079 4082 4081 4081 4080 4082 4081 4083 4082 4083 4082 4082 4081 4084 4083 4083 4082 4084 4083 4085 4084 4085 4084 4084 4083 4086 4085 4085 4084 4086 4085 4087 4086 4087 4086 4086 4085 4088 4087 4087 4086 4088 4087 4089 4088 4089 4088 4088 4087 4090 4089 4089 4088 4090 4089 4091 4090 4091 4090 4090 4089 4092 4091 4091 4090 4092 4091 4093 4092 4093 4092 4092 4091 4094 4093 4093 4092 4094 4093 4095 4094 4095 4094 4094 4093 4096 4095 4095 4094 4096 4095 4097 4096 4097 4096 4096 4095 4098 4097 4097 4096 4098 4097 4099 4098 4099 4098 4098 4097 4100 4099 4099 4098 4100 4099 4101 4100 4101 4100 4100 4099 4102 4101 4101 4100 4102 4101 4103 4102 4103 4102 4102 4101 4104 4103 4103 4102 4104 4103 4105 4104 4105 4104 4104 4103 4106 4105 4105 4104 4106 4105 4059 4058 4059 4058 4106 4105 4060 4059 4107 4106 4108 4107 4109 4108 4109 4108 4108 4107 4110 4109 4109 4108 4110 4109 4111 4110 4111 4110 4110 4109 4112 4111 4111 4110 4112 4111 4113 4112 4113 4112 4112 4111 4114 4113 4113 4112 4114 4113 4115 4114 4115 4114 4114 4113 4116 4115 4115 4114 4116 4115 4117 4116 4117 4116 4116 4115 4118 4117 4117 4116 4118 4117 4119 4118 4119 4118 4118 4117 4120 4119 4119 4118 4120 4119 4121 4120 4121 4120 4120 4119 4122 4121 4121 4120 4122 4121 4123 4122 4123 4122 4122 4121 4124 4123 4123 4122 4124 4123 4125 4124 4125 4124 4124 4123 4126 4125 4125 4124 4126 4125 4127 4126 4127 4126 4126 4125 4128 4127 4127 4126 4128 4127 4129 4128 4129 4128 4128 4127 4130 4129 4129 4128 4130 4129 4131 4130 4131 4130 4130 4129 4132 4131 4131 4130 4132 4131 4133 4132 4133 4132 4132 4131 4134 4133 4133 4132 4134 4133 4135 4134 4135 4134 4134 4133 4136 4135 4135 4134 4136 4135 4137 4136 4137 4136 4136 4135 4138 4137 4137 4136 4138 4137 4139 4138 4139 4138 4138 4137 4140 4139 4139 4138 4140 4139 4141 4140 4141 4140 4140 4139 4142 4141 4141 4140 4142 4141 4143 4142 4143 4142 4142 4141 4144 4143 4143 4142 4144 4143 4145 4144 4145 4144 4144 4143 4146 4145 4145 4144 4146 4145 4147 4146 4147 4146 4146 4145 4148 4147 4147 4146 4148 4147 4149 4148 4149 4148 4148 4147 4150 4149 4149 4148 4150 4149 4151 4150 4151 4150 4150 4149 4152 4151 4151 4150 4152 4151 4153 4152 4153 4152 4152 4151 4154 4153 4153 4152 4154 4153 4107 4106 4107 4106 4154 4153 4108 4107 4155 4154 4156 4155 4157 4156 4157 4156 4156 4155 4158 4157 4157 4156 4158 4157 4159 4158 4159 4158 4158 4157 4160 4159 4159 4158 4160 4159 4161 4160 4161 4160 4160 4159 4162 4161 4161 4160 4162 4161 4163 4162 4163 4162 4162 4161 4164 4163 4163 4162 4164 4163 4165 4164 4165 4164 4164 4163 4166 4165 4165 4164 4166 4165 4167 4166 4167 4166 4166 4165 4168 4167 4167 4166 4168 4167 4169 4168 4169 4168 4168 4167 4170 4169 4169 4168 4170 4169 4171 4170 4171 4170 4170 4169 4172 4171 4171 4170 4172 4171 4173 4172 4173 4172 4172 4171 4174 4173 4173 4172 4174 4173 4175 4174 4175 4174 4174 4173 4176 4175 4175 4174 4176 4175 4177 4176 4177 4176 4176 4175 4178 4177 4177 4176 4178 4177 4179 4178 4179 4178 4178 4177 4180 4179 4179 4178 4180 4179 4181 4180 4181 4180 4180 4179 4182 4181 4181 4180 4182 4181 4183 4182 4183 4182 4182 4181 4184 4183 4183 4182 4184 4183 4185 4184 4185 4184 4184 4183 4186 4185 4185 4184 4186 4185 4187 4186 4187 4186 4186 4185 4188 4187 4187 4186 4188 4187 4189 4188 4189 4188 4188 4187 4190 4189 4189 4188 4190 4189 4191 4190 4191 4190 4190 4189 4192 4191 4191 4190 4192 4191 4193 4192 4193 4192 4192 4191 4194 4193 4193 4192 4194 4193 4195 4194 4195 4194 4194 4193 4196 4195 4195 4194 4196 4195 4197 4196 4197 4196 4196 4195 4198 4197 4197 4196 4198 4197 4199 4198 4199 4198 4198 4197 4200 4199 4199 4198 4200 4199 4201 4200 4201 4200 4200 4199 4202 4201 4201 4200 4202 4201 4155 4154 4155 4154 4202 4201 4156 4155 3397 3396 3396 3395 4203 4202 4204 4203 4205 4204 4203 4202 4203 4202 4205 4204 4206 4205 4203 4202 4206 4205 3397 3396 4207 4206 3336 3335 4208 4207 4208 4207 3336 3335 3337 3336 4207 4206 4209 4208 3336 3335 3336 3335 4209 4208 4210 4209 3336 3335 4210 4209 4204 4203 4204 4203 4210 4209 4211 4210 4204 4203 4211 4210 4205 4204 914 914 913 913 4204 4203 910 910 3336 3335 911 911 911 911 3336 3335 4204 4203 911 911 4204 4203 912 912 912 912 4204 4203 913 913 4203 4202 3396 3395 918 918 918 918 917 917 4203 4202 4203 4202 917 917 916 916 4203 4202 916 916 4204 4203 4204 4203 916 916 915 915 4204 4203 915 915 914 914 4212 4211 3393 3392 4213 4212 4213 4212 3393 3392 4214 4213 4213 4212 4214 4213 4215 4214 4212 4211 4216 4215 3393 3392 3393 3392 4216 4215 4217 4216 3393 3392 4217 4216 3340 3339 3399 3398 3410 3409 4218 4217 4218 4217 3410 3409 4219 4218 4218 4217 4219 4218 4214 4213 4214 4213 4219 4218 4220 4219 4214 4213 4220 4219 4215 4214 894 894 3399 3398 895 895 895 895 3399 3398 4218 4217 895 895 4218 4217 896 896 896 896 4218 4217 897 897 897 897 4218 4217 4214 4213 897 897 4214 4213 898 898 3393 3392 903 903 4214 4213 4214 4213 903 903 901 901 901 901 900 900 4214 4213 4214 4213 900 900 899 899 4214 4213 899 899 898 898 3682 3681 3677 3676 4221 4220 4221 4220 4222 4221 3682 3681 3682 3681 4222 4221 4223 4222 3682 3681 4223 4222 4224 4223 4224 4223 4223 4222 4225 4224 4225 4224 4223 4222 4226 4225 4225 4224 4226 4225 4227 4226 4227 4226 4226 4225 4228 4227 4227 4226 4228 4227 4229 4228 4230 4229 4227 4226 4231 4230 4231 4230 4227 4226 4229 4228 4231 4230 4229 4228 4232 4231 4232 4231 4229 4228 4233 4232 4232 4231 4233 4232 4234 4233 4234 4233 4233 4232 3768 3767 4234 4233 3768 3767 3767 3766 4235 4234 4236 4235 4224 4223 4224 4223 4225 4224 4235 4234 4235 4234 4225 4224 4227 4226 4235 4234 4227 4226 4230 4229 3794 3793 3789 3788 4237 4236 4237 4236 4238 4237 3794 3793 3794 3793 4238 4237 4239 4238 3794 3793 4239 4238 4240 4239 4240 4239 4239 4238 4241 4240 4241 4240 4239 4238 4242 4241 4241 4240 4242 4241 4243 4242 4243 4242 4242 4241 4244 4243 4243 4242 4244 4243 4245 4244 4246 4245 4243 4242 4247 4246 4247 4246 4243 4242 4245 4244 4247 4246 4245 4244 4248 4247 4248 4247 4245 4244 4249 4248 4248 4247 4249 4248 4250 4249 4250 4249 4249 4248 3888 3887 4250 4249 3888 3887 3887 3886 4251 4250 4252 4251 4240 4239 4240 4239 4241 4240 4251 4250 4251 4250 4241 4240 4243 4242 4251 4250 4243 4242 4246 4245 3906 3905 3901 3900 4253 4252 4253 4252 4254 4253 3906 3905 3906 3905 4254 4253 4255 4254 3906 3905 4255 4254 4256 4255 4256 4255 4255 4254 4257 4256 4257 4256 4255 4254 4258 4257 4257 4256 4258 4257 4259 4258 4259 4258 4258 4257 4260 4259 4259 4258 4260 4259 4261 4260 4262 4261 4259 4258 4263 4262 4263 4262 4259 4258 4261 4260 4263 4262 4261 4260 4264 4263 4264 4263 4261 4260 4265 4264 4264 4263 4265 4264 4266 4265 4266 4265 4265 4264 4000 3999 4266 4265 4000 3999 3994 3993 4267 4266 4268 4267 4256 4255 4256 4255 4257 4256 4267 4266 4267 4266 4257 4256 4259 4258 4267 4266 4259 4258 4262 4261 4269 4268 3690 3689 3766 3765 3782 3781 3786 3785 4270 4269 4270 4269 3786 3785 4271 4270 4270 4269 4271 4270 4272 4271 4271 4270 4273 4272 4274 4273 4274 4273 4275 4274 4271 4270 4271 4270 4275 4274 4276 4275 4271 4270 4276 4275 4272 4271 3766 3765 4277 4276 4278 4277 4273 4272 4279 4278 4274 4273 4274 4273 4279 4278 4280 4279 4274 4273 4280 4279 4278 4277 4278 4277 4280 4279 4281 4280 4278 4277 4281 4280 3766 3765 3766 3765 4281 4280 4282 4281 3766 3765 4282 4281 4269 4268 4277 4276 4283 4282 4278 4277 4278 4277 4283 4282 4284 4283 4278 4277 4284 4283 4274 4273 4274 4273 4284 4283 4275 4274 4285 4284 3802 3801 3878 3877 3880 3879 3886 3885 4286 4285 4286 4285 3886 3885 4287 4286 4286 4285 4287 4286 4288 4287 4287 4286 4289 4288 4290 4289 4290 4289 4291 4290 4287 4286 4287 4286 4291 4290 4292 4291 4287 4286 4292 4291 4288 4287 3878 3877 4293 4292 4294 4293 4289 4288 4295 4294 4290 4289 4290 4289 4295 4294 4296 4295 4290 4289 4296 4295 4294 4293 4294 4293 4296 4295 4297 4296 4294 4293 4297 4296 3878 3877 3878 3877 4297 4296 4298 4297 3878 3877 4298 4297 4285 4284 4293 4292 4299 4298 4294 4293 4294 4293 4299 4298 4300 4299 4294 4293 4300 4299 4290 4289 4290 4289 4300 4299 4291 4290 4301 4300 3914 3913 3990 3989 3996 3995 4010 4009 4302 4301 4302 4301 4010 4009 4303 4302 4302 4301 4303 4302 4304 4303 4303 4302 4305 4304 4306 4305 4306 4305 4307 4306 4303 4302 4303 4302 4307 4306 4308 4307 4303 4302 4308 4307 4304 4303 3990 3989 4309 4308 4310 4309 4305 4304 4311 4310 4306 4305 4306 4305 4311 4310 4312 4311 4306 4305 4312 4311 4310 4309 4310 4309 4312 4311 4313 4312 4310 4309 4313 4312 3990 3989 3990 3989 4313 4312 4314 4313 3990 3989 4314 4313 4301 4300 4309 4308 4315 4314 4310 4309 4310 4309 4315 4314 4316 4315 4310 4309 4316 4315 4306 4305 4306 4305 4316 4315 4307 4306 3996 3995 4317 4316 4318 4317 1081 1081 1093 1093 4319 4318 4319 4318 1093 1093 4320 4319 4319 4318 4320 4319 4317 4316 1093 1093 1092 1092 4320 4319 4320 4319 1092 1092 1090 1090 4320 4319 1090 1090 4321 4320 775 775 4322 4321 776 776 776 776 4322 4321 4323 4322 1090 1090 1089 1089 4321 4320 4321 4320 1089 1089 779 779 4321 4320 779 779 4323 4322 4323 4322 779 779 778 778 4323 4322 778 778 776 776 4317 4316 4320 4319 4318 4317 4318 4317 4320 4319 4321 4320 4318 4317 4321 4320 4324 4323 4324 4323 4321 4320 4323 4322 4324 4323 4323 4322 4325 4324 4325 4324 4323 4322 4322 4321 4325 4324 4322 4321 4326 4325 3996 3995 4318 4317 3998 3997 3998 3997 4318 4317 4324 4323 3998 3997 4324 4323 4005 4004 4005 4004 4324 4323 4325 4324 4005 4004 4325 4324 3992 3991 3992 3991 4325 4324 4326 4325 3992 3991 4326 4325 3994 3993 4317 4316 3996 3995 4302 4301 1082 1082 1081 1081 4327 4326 4327 4326 1081 1081 4319 4318 4327 4326 4319 4318 4328 4327 4328 4327 4319 4318 4317 4316 1083 1083 1082 1082 4329 4328 4329 4328 1082 1082 4327 4326 4329 4328 4327 4326 4330 4329 4330 4329 4327 4326 4328 4327 4317 4316 4302 4301 4328 4327 4328 4327 4302 4301 4304 4303 4328 4327 4304 4303 4330 4329 4330 4329 4304 4303 4308 4307 4330 4329 4308 4307 4307 4306 1084 1084 1083 1083 4331 4330 4331 4330 1083 1083 4329 4328 4331 4330 4329 4328 4332 4331 4332 4331 4329 4328 4330 4329 4332 4331 4330 4329 4333 4332 4333 4332 4330 4329 4307 4306 775 775 1105 1105 4322 4321 4322 4321 1105 1105 4334 4333 4322 4321 4334 4333 4326 4325 4326 4325 4334 4333 4335 4334 4326 4325 4335 4334 3994 3993 4263 4262 4264 4263 4335 4334 4335 4334 4264 4263 4266 4265 4335 4334 4266 4265 3994 3993 4336 4335 1104 1104 1098 1098 4337 4336 4338 4337 4339 4338 4339 4338 4338 4337 4336 4335 4339 4338 4336 4335 4340 4339 4340 4339 4336 4335 1098 1098 1105 1105 1104 1104 4334 4333 4334 4333 1104 1104 4336 4335 4334 4333 4336 4335 4335 4334 4335 4334 4336 4335 4338 4337 4335 4334 4338 4337 4263 4262 4263 4262 4338 4337 4337 4336 4263 4262 4337 4336 4262 4261 4333 4332 4307 4306 4316 4315 1084 1084 4331 4330 4341 4340 4341 4340 4331 4330 4332 4331 4341 4340 4332 4331 4333 4332 4333 4332 4316 4315 4341 4340 4341 4340 4316 4315 4315 4314 4341 4340 4315 4314 4342 4341 4342 4341 4315 4314 4309 4308 4342 4341 4309 4308 4343 4342 1084 1084 4341 4340 1085 1085 1085 1085 4341 4340 4342 4341 1085 1085 4342 4341 1086 1086 1086 1086 4342 4341 4343 4342 1086 1086 4343 4342 1088 1088 4340 4339 1098 1098 1097 1097 4262 4261 4337 4336 4344 4343 4344 4343 4337 4336 4339 4338 4344 4343 4339 4338 4340 4339 4340 4339 1097 1097 4344 4343 4344 4343 1097 1097 1095 1095 4344 4343 1095 1095 4345 4344 4345 4344 1095 1095 1094 1094 4345 4344 1094 1094 4346 4345 4262 4261 4344 4343 4267 4266 4267 4266 4344 4343 4345 4344 4267 4266 4345 4344 4268 4267 4268 4267 4345 4344 4346 4345 4268 4267 4346 4345 4256 4255 4309 4308 3990 3989 4343 4342 4343 4342 3990 3989 4347 4346 4343 4342 4347 4346 1088 1088 1088 1088 4347 4346 1153 1153 3906 3905 4256 4255 4348 4347 4348 4347 4256 4255 4346 4345 4348 4347 4346 4345 1103 1103 1103 1103 4346 4345 1094 1094 1147 1147 4349 4348 4350 4349 4351 4350 759 759 1143 1143 3913 3912 4351 4350 4352 4351 4351 4350 1143 1143 4352 4351 4352 4351 1143 1143 1142 1142 4352 4351 1142 1142 4350 4349 4350 4349 1142 1142 1148 1148 4350 4349 1148 1148 1147 1147 1147 1147 1145 1145 4349 4348 4349 4348 1145 1145 1144 1144 4349 4348 1144 1144 4353 4352 1144 1144 1151 1151 4353 4352 4353 4352 1151 1151 1150 1150 4353 4352 1150 1150 4354 4353 4354 4353 1150 1150 1155 1155 4354 4353 1155 1155 4347 4346 4347 4346 1155 1155 1154 1154 4347 4346 1154 1154 1153 1153 3913 3912 4352 4351 3985 3984 3985 3984 4352 4351 4350 4349 3985 3984 4350 4349 3986 3985 3986 3985 4350 4349 4349 4348 3986 3985 4349 4348 3987 3986 3987 3986 4349 4348 4353 4352 3987 3986 4353 4352 3988 3987 3988 3987 4353 4352 4354 4353 3988 3987 4354 4353 3989 3988 3989 3988 4354 4353 4347 4346 3989 3988 4347 4346 3990 3989 4348 4347 1103 1103 1102 1102 3906 3905 4348 4347 4355 4354 4348 4347 1102 1102 4355 4354 4355 4354 1102 1102 1100 1100 4355 4354 1100 1100 4356 4355 1100 1100 1099 1099 4356 4355 4356 4355 1099 1099 773 773 4356 4355 773 773 4357 4356 4357 4356 773 773 772 772 4357 4356 772 772 1106 1106 1111 1111 4358 4357 1106 1106 1106 1106 4358 4357 4359 4358 1106 1106 4359 4358 4357 4356 1111 1111 1110 1110 4358 4357 4358 4357 1110 1110 1108 1108 4358 4357 1108 1108 4360 4359 1112 1112 4361 4360 1113 1113 1113 1113 4361 4360 4362 4361 1113 1113 4362 4361 1115 1115 1115 1115 4362 4361 4360 4359 1115 1115 4360 4359 1107 1107 1107 1107 4360 4359 1108 1108 3906 3905 4355 4354 3907 3906 3907 3906 4355 4354 4356 4355 3907 3906 4356 4355 3908 3907 3908 3907 4356 4355 4357 4356 3908 3907 4357 4356 3903 3902 3903 3902 4357 4356 4359 4358 3903 3902 4359 4358 3904 3903 3904 3903 4359 4358 4358 4357 3904 3903 4358 4357 3905 3904 3905 3904 4358 4357 4360 4359 3905 3904 4360 4359 3902 3901 3902 3901 4360 4359 4362 4361 3902 3901 4362 4361 3899 3898 3899 3898 4362 4361 4361 4360 3899 3898 4361 4360 3900 3899 1117 1117 1116 1116 4363 4362 3900 3899 4361 4360 4364 4363 1117 1117 4364 4363 1119 1119 1119 1119 4364 4363 4361 4360 1119 1119 4361 4360 1112 1112 1117 1117 4363 4362 4364 4363 4364 4363 4363 4362 3936 3935 4364 4363 3936 3935 3900 3899 1116 1116 771 771 4363 4362 4363 4362 771 771 769 769 4363 4362 769 769 4365 4364 769 769 768 768 4365 4364 4365 4364 768 768 766 766 4365 4364 766 766 4366 4365 766 766 765 765 4366 4365 4366 4365 765 765 1134 1134 4366 4365 1134 1134 4367 4366 4367 4366 1134 1134 1133 1133 4367 4366 1133 1133 4368 4367 4368 4367 1133 1133 1132 1132 4368 4367 1132 1132 4369 4368 4369 4368 1132 1132 1130 1130 4369 4368 1130 1130 4370 4369 4370 4369 1130 1130 1129 1129 4370 4369 1129 1129 4371 4370 4371 4370 1129 1129 1127 1127 4371 4370 1127 1127 4372 4371 4372 4371 1127 1127 1126 1126 4372 4371 1126 1126 4373 4372 4373 4372 1126 1126 1121 1121 4373 4372 1121 1121 4374 4373 4374 4373 1121 1121 1120 1120 4374 4373 1120 1120 4375 4374 4375 4374 1120 1120 1125 1125 4375 4374 1125 1125 4376 4375 4376 4375 1125 1125 1124 1124 4376 4375 1124 1124 4377 4376 4377 4376 1124 1124 1123 1123 4377 4376 1123 1123 4378 4377 4378 4377 1123 1123 763 763 4378 4377 763 763 4379 4378 4379 4378 763 763 762 762 4379 4378 3918 3917 4378 4377 4378 4377 3918 3917 3917 3916 4378 4377 3917 3916 4377 4376 4377 4376 3917 3916 3920 3919 4377 4376 3920 3919 4376 4375 4376 4375 3920 3919 3923 3922 4376 4375 3923 3922 4375 4374 4375 4374 3923 3922 3922 3921 4375 4374 3922 3921 4374 4373 4374 4373 3922 3921 3921 3920 4374 4373 3921 3920 4373 4372 4373 4372 3921 3920 3926 3925 4373 4372 3926 3925 4372 4371 4372 4371 3926 3925 3925 3924 4372 4371 3925 3924 4371 4370 4371 4370 3925 3924 3924 3923 4371 4370 3924 3923 4370 4369 4370 4369 3924 3923 3927 3926 4370 4369 3927 3926 4369 4368 4369 4368 3927 3926 3928 3927 4369 4368 3928 3927 4368 4367 4368 4367 3928 3927 3929 3928 4368 4367 3929 3928 4367 4366 4367 4366 3929 3928 3930 3929 4367 4366 3930 3929 4366 4365 4366 4365 3930 3929 3916 3915 4366 4365 3916 3915 4365 4364 4365 4364 3916 3915 3915 3914 4365 4364 3915 3914 4363 4362 4363 4362 3915 3914 3934 3933 4363 4362 3934 3933 3936 3935 3975 3974 3910 3909 4379 4378 4379 4378 3910 3909 3909 3908 4379 4378 3909 3908 3918 3917 1139 1139 1138 1138 4380 4379 4380 4379 1138 1138 1136 1136 4380 4379 1136 1136 4381 4380 759 759 4351 4350 760 760 760 760 4351 4350 4381 4380 760 760 4381 4380 1135 1135 1135 1135 4381 4380 1136 1136 762 762 1139 1139 4379 4378 4379 4378 1139 1139 4380 4379 4379 4378 4380 4379 3975 3974 3975 3974 4380 4379 4381 4380 3975 3974 4381 4380 3912 3911 3912 3911 4381 4380 4351 4350 3912 3911 4351 4350 3913 3912 3880 3879 4382 4381 4383 4382 1006 1006 1017 1017 4384 4383 4384 4383 1017 1017 4385 4384 4384 4383 4385 4384 4382 4381 1017 1017 1016 1016 4385 4384 4385 4384 1016 1016 1022 1022 4385 4384 1022 1022 4386 4385 800 800 4387 4386 801 801 801 801 4387 4386 4388 4387 1022 1022 1021 1021 4386 4385 4386 4385 1021 1021 1019 1019 4386 4385 1019 1019 4388 4387 4388 4387 1019 1019 1018 1018 4388 4387 1018 1018 801 801 4382 4381 4385 4384 4383 4382 4383 4382 4385 4384 4386 4385 4383 4382 4386 4385 4389 4388 4389 4388 4386 4385 4388 4387 4389 4388 4388 4387 4390 4389 4390 4389 4388 4387 4387 4386 4390 4389 4387 4386 4391 4390 3880 3879 4383 4382 3882 3881 3882 3881 4383 4382 4389 4388 3882 3881 4389 4388 3896 3895 3896 3895 4389 4388 4390 4389 3896 3895 4390 4389 3892 3891 3892 3891 4390 4389 4391 4390 3892 3891 4391 4390 3887 3886 4382 4381 3880 3879 4286 4285 1004 1004 1006 1006 4392 4391 4392 4391 1006 1006 4384 4383 4392 4391 4384 4383 4393 4392 4393 4392 4384 4383 4382 4381 1008 1008 1004 1004 4394 4393 4394 4393 1004 1004 4392 4391 4394 4393 4392 4391 4395 4394 4395 4394 4392 4391 4393 4392 4382 4381 4286 4285 4393 4392 4393 4392 4286 4285 4288 4287 4393 4392 4288 4287 4395 4394 4395 4394 4288 4287 4292 4291 4395 4394 4292 4291 4291 4290 1009 1009 1008 1008 4396 4395 4396 4395 1008 1008 4394 4393 4396 4395 4394 4393 4397 4396 4397 4396 4394 4393 4395 4394 4397 4396 4395 4394 4398 4397 4398 4397 4395 4394 4291 4290 800 800 1034 1034 4387 4386 4387 4386 1034 1034 4399 4398 4387 4386 4399 4398 4391 4390 4391 4390 4399 4398 4400 4399 4391 4390 4400 4399 3887 3886 4247 4246 4248 4247 4400 4399 4400 4399 4248 4247 4250 4249 4400 4399 4250 4249 3887 3886 4401 4400 1033 1033 1032 1032 4402 4401 4403 4402 4404 4403 4404 4403 4403 4402 4401 4400 4404 4403 4401 4400 4405 4404 4405 4404 4401 4400 1032 1032 1034 1034 1033 1033 4399 4398 4399 4398 1033 1033 4401 4400 4399 4398 4401 4400 4400 4399 4400 4399 4401 4400 4403 4402 4400 4399 4403 4402 4247 4246 4247 4246 4403 4402 4402 4401 4247 4246 4402 4401 4246 4245 4398 4397 4291 4290 4300 4299 1009 1009 4396 4395 4406 4405 4406 4405 4396 4395 4397 4396 4406 4405 4397 4396 4398 4397 4398 4397 4300 4299 4406 4405 4406 4405 4300 4299 4299 4298 4406 4405 4299 4298 4407 4406 4407 4406 4299 4298 4293 4292 4407 4406 4293 4292 4408 4407 1009 1009 4406 4405 1010 1010 1010 1010 4406 4405 4407 4406 1010 1010 4407 4406 1011 1011 1011 1011 4407 4406 4408 4407 1011 1011 4408 4407 1012 1012 4405 4404 1032 1032 1024 1024 4246 4245 4402 4401 4409 4408 4409 4408 4402 4401 4404 4403 4409 4408 4404 4403 4405 4404 4405 4404 1024 1024 4409 4408 4409 4408 1024 1024 1023 1023 4409 4408 1023 1023 4410 4409 4410 4409 1023 1023 1026 1026 4410 4409 1026 1026 4411 4410 4246 4245 4409 4408 4251 4250 4251 4250 4409 4408 4410 4409 4251 4250 4410 4409 4252 4251 4252 4251 4410 4409 4411 4410 4252 4251 4411 4410 4240 4239 4293 4292 3878 3877 4408 4407 4408 4407 3878 3877 4412 4411 4408 4407 4412 4411 1012 1012 1012 1012 4412 4411 1014 1014 3794 3793 4240 4239 4413 4412 4413 4412 4240 4239 4411 4410 4413 4412 4411 4410 1031 1031 1031 1031 4411 4410 1026 1026 1076 1076 4414 4413 4415 4414 4416 4415 784 784 1072 1072 3801 3800 4416 4415 4417 4416 4416 4415 1072 1072 4417 4416 4417 4416 1072 1072 1071 1071 4417 4416 1071 1071 4415 4414 4415 4414 1071 1071 1077 1077 4415 4414 1077 1077 1076 1076 1076 1076 1074 1074 4414 4413 4414 4413 1074 1074 1073 1073 4414 4413 1073 1073 4418 4417 1073 1073 1281 1281 4418 4417 4418 4417 1281 1281 782 782 4418 4417 782 782 4419 4418 4419 4418 782 782 781 781 4419 4418 781 781 4412 4411 4412 4411 781 781 1078 1078 4412 4411 1078 1078 1014 1014 3801 3800 4417 4416 3873 3872 3873 3872 4417 4416 4415 4414 3873 3872 4415 4414 3874 3873 3874 3873 4415 4414 4414 4413 3874 3873 4414 4413 3875 3874 3875 3874 4414 4413 4418 4417 3875 3874 4418 4417 3876 3875 3876 3875 4418 4417 4419 4418 3876 3875 4419 4418 3877 3876 3877 3876 4419 4418 4412 4411 3877 3876 4412 4411 3878 3877 4413 4412 1031 1031 1030 1030 3794 3793 4413 4412 4420 4419 4413 4412 1030 1030 4420 4419 4420 4419 1030 1030 1028 1028 4420 4419 1028 1028 4421 4420 1028 1028 1027 1027 4421 4420 4421 4420 1027 1027 798 798 4421 4420 798 798 4422 4421 4422 4421 798 798 797 797 4422 4421 797 797 1035 1035 1040 1040 4423 4422 1035 1035 1035 1035 4423 4422 4424 4423 1035 1035 4424 4423 4422 4421 1040 1040 1039 1039 4423 4422 4423 4422 1039 1039 1037 1037 4423 4422 1037 1037 4425 4424 1041 1041 4426 4425 1042 1042 1042 1042 4426 4425 4427 4426 1042 1042 4427 4426 1044 1044 1044 1044 4427 4426 4425 4424 1044 1044 4425 4424 1036 1036 1036 1036 4425 4424 1037 1037 3794 3793 4420 4419 3795 3794 3795 3794 4420 4419 4421 4420 3795 3794 4421 4420 3796 3795 3796 3795 4421 4420 4422 4421 3796 3795 4422 4421 3791 3790 3791 3790 4422 4421 4424 4423 3791 3790 4424 4423 3792 3791 3792 3791 4424 4423 4423 4422 3792 3791 4423 4422 3793 3792 3793 3792 4423 4422 4425 4424 3793 3792 4425 4424 3790 3789 3790 3789 4425 4424 4427 4426 3790 3789 4427 4426 3787 3786 3787 3786 4427 4426 4426 4425 3787 3786 4426 4425 3788 3787 1046 1046 1045 1045 4428 4427 3788 3787 4426 4425 4429 4428 1046 1046 4429 4428 1048 1048 1048 1048 4429 4428 4426 4425 1048 1048 4426 4425 1041 1041 1046 1046 4428 4427 4429 4428 4429 4428 4428 4427 3824 3823 4429 4428 3824 3823 3788 3787 1045 1045 796 796 4428 4427 4428 4427 796 796 794 794 4428 4427 794 794 4430 4429 794 794 793 793 4430 4429 4430 4429 793 793 791 791 4430 4429 791 791 4431 4430 791 791 790 790 4431 4430 4431 4430 790 790 1063 1063 4431 4430 1063 1063 4432 4431 4432 4431 1063 1063 1062 1062 4432 4431 1062 1062 4433 4432 4433 4432 1062 1062 1061 1061 4433 4432 1061 1061 4434 4433 4434 4433 1061 1061 1059 1059 4434 4433 1059 1059 4435 4434 4435 4434 1059 1059 1058 1058 4435 4434 1058 1058 4436 4435 4436 4435 1058 1058 1056 1056 4436 4435 1056 1056 4437 4436 4437 4436 1056 1056 1055 1055 4437 4436 1055 1055 4438 4437 4438 4437 1055 1055 1050 1050 4438 4437 1050 1050 4439 4438 4439 4438 1050 1050 1049 1049 4439 4438 1049 1049 4440 4439 4440 4439 1049 1049 1054 1054 4440 4439 1054 1054 4441 4440 4441 4440 1054 1054 1053 1053 4441 4440 1053 1053 4442 4441 4442 4441 1053 1053 1052 1052 4442 4441 1052 1052 4443 4442 4443 4442 1052 1052 788 788 4443 4442 788 788 4444 4443 4444 4443 788 788 787 787 4444 4443 3806 3805 4443 4442 4443 4442 3806 3805 3805 3804 4443 4442 3805 3804 4442 4441 4442 4441 3805 3804 3808 3807 4442 4441 3808 3807 4441 4440 4441 4440 3808 3807 3811 3810 4441 4440 3811 3810 4440 4439 4440 4439 3811 3810 3810 3809 4440 4439 3810 3809 4439 4438 4439 4438 3810 3809 3809 3808 4439 4438 3809 3808 4438 4437 4438 4437 3809 3808 3814 3813 4438 4437 3814 3813 4437 4436 4437 4436 3814 3813 3813 3812 4437 4436 3813 3812 4436 4435 4436 4435 3813 3812 3812 3811 4436 4435 3812 3811 4435 4434 4435 4434 3812 3811 3815 3814 4435 4434 3815 3814 4434 4433 4434 4433 3815 3814 3816 3815 4434 4433 3816 3815 4433 4432 4433 4432 3816 3815 3817 3816 4433 4432 3817 3816 4432 4431 4432 4431 3817 3816 3818 3817 4432 4431 3818 3817 4431 4430 4431 4430 3818 3817 3804 3803 4431 4430 3804 3803 4430 4429 4430 4429 3804 3803 3803 3802 4430 4429 3803 3802 4428 4427 4428 4427 3803 3802 3822 3821 4428 4427 3822 3821 3824 3823 3863 3862 3798 3797 4444 4443 4444 4443 3798 3797 3797 3796 4444 4443 3797 3796 3806 3805 1068 1068 1067 1067 4445 4444 4445 4444 1067 1067 1065 1065 4445 4444 1065 1065 4446 4445 784 784 4416 4415 785 785 785 785 4416 4415 4446 4445 785 785 4446 4445 1064 1064 1064 1064 4446 4445 1065 1065 787 787 1068 1068 4444 4443 4444 4443 1068 1068 4445 4444 4444 4443 4445 4444 3863 3862 3863 3862 4445 4444 4446 4445 3863 3862 4446 4445 3800 3799 3800 3799 4446 4445 4416 4415 3800 3799 4416 4415 3801 3800 4447 4446 942 942 934 934 4230 4229 4448 4447 4449 4448 4449 4448 4448 4447 4450 4449 4449 4448 4450 4449 4447 4446 4447 4446 934 934 4449 4448 4449 4448 934 934 933 933 4449 4448 933 933 4451 4450 4451 4450 933 933 936 936 4451 4450 936 936 4452 4451 4230 4229 4449 4448 4235 4234 4235 4234 4449 4448 4451 4450 4235 4234 4451 4450 4236 4235 4236 4235 4451 4450 4452 4451 4236 4235 4452 4451 4224 4223 1000 1000 944 944 4453 4452 4453 4452 944 944 4454 4453 4453 4452 4454 4453 4455 4454 4455 4454 4454 4453 4456 4455 4455 4454 4456 4455 3767 3766 4231 4230 4232 4231 4456 4455 4456 4455 4232 4231 4234 4233 4456 4455 4234 4233 3767 3766 4457 4456 943 943 942 942 4448 4447 4458 4457 4450 4449 4450 4449 4458 4457 4457 4456 4450 4449 4457 4456 4447 4446 4447 4446 4457 4456 942 942 944 944 943 943 4454 4453 4454 4453 943 943 4457 4456 4454 4453 4457 4456 4456 4455 4456 4455 4457 4456 4458 4457 4456 4455 4458 4457 4231 4230 4231 4230 4458 4457 4448 4447 4231 4230 4448 4447 4230 4229 3682 3681 4224 4223 4459 4458 4459 4458 4224 4223 4452 4451 4459 4458 4452 4451 941 941 941 941 4452 4451 936 936 3782 3781 4460 4459 4461 4460 990 990 991 991 4462 4461 4462 4461 991 991 4463 4462 4462 4461 4463 4462 4460 4459 991 991 992 992 4463 4462 4463 4462 992 992 804 804 4463 4462 804 804 4464 4463 1000 1000 4453 4452 1001 1001 1001 1001 4453 4452 4465 4464 804 804 803 803 4464 4463 4464 4463 803 803 1003 1003 4464 4463 1003 1003 4465 4464 4465 4464 1003 1003 1002 1002 4465 4464 1002 1002 1001 1001 4460 4459 4463 4462 4461 4460 4461 4460 4463 4462 4464 4463 4461 4460 4464 4463 4466 4465 4466 4465 4464 4463 4465 4464 4466 4465 4465 4464 4467 4466 4467 4466 4465 4464 4453 4452 4467 4466 4453 4452 4455 4454 3782 3781 4461 4460 3775 3774 3775 3774 4461 4460 4466 4465 3775 3774 4466 4465 3777 3776 3777 3776 4466 4465 4467 4466 3777 3776 4467 4466 3772 3771 3772 3771 4467 4466 4455 4454 3772 3771 4455 4454 3767 3766 4459 4458 941 941 940 940 3682 3681 4459 4458 4468 4467 4459 4458 940 940 4468 4467 4468 4467 940 940 938 938 4468 4467 938 938 4469 4468 938 938 937 937 4469 4468 4469 4468 937 937 823 823 4469 4468 823 823 4470 4469 4470 4469 823 823 822 822 4470 4469 822 822 945 945 950 950 4471 4470 945 945 945 945 4471 4470 4472 4471 945 945 4472 4471 4470 4469 950 950 949 949 4471 4470 4471 4470 949 949 947 947 4471 4470 947 947 4473 4472 951 951 4474 4473 952 952 952 952 4474 4473 4475 4474 952 952 4475 4474 954 954 954 954 4475 4474 4473 4472 954 954 4473 4472 946 946 946 946 4473 4472 947 947 3682 3681 4468 4467 3683 3682 3683 3682 4468 4467 4469 4468 3683 3682 4469 4468 3684 3683 3684 3683 4469 4468 4470 4469 3684 3683 4470 4469 3679 3678 3679 3678 4470 4469 4472 4471 3679 3678 4472 4471 3680 3679 3680 3679 4472 4471 4471 4470 3680 3679 4471 4470 3681 3680 3681 3680 4471 4470 4473 4472 3681 3680 4473 4472 3678 3677 3678 3677 4473 4472 4475 4474 3678 3677 4475 4474 3675 3674 3675 3674 4475 4474 4474 4473 3675 3674 4474 4473 3676 3675 4460 4459 3782 3781 4270 4269 989 989 990 990 4476 4475 4476 4475 990 990 4462 4461 4476 4475 4462 4461 4477 4476 4477 4476 4462 4461 4460 4459 993 993 989 989 4478 4477 4478 4477 989 989 4476 4475 4478 4477 4476 4475 4479 4478 4479 4478 4476 4475 4477 4476 4460 4459 4270 4269 4477 4476 4477 4476 4270 4269 4272 4271 4477 4476 4272 4271 4479 4478 4479 4478 4272 4271 4276 4275 4479 4478 4276 4275 4275 4274 994 994 993 993 4480 4479 4480 4479 993 993 4478 4477 4480 4479 4478 4477 4481 4480 4481 4480 4478 4477 4479 4478 4481 4480 4479 4478 4482 4481 4482 4481 4479 4478 4275 4274 956 956 955 955 4483 4482 3676 3675 4474 4473 4484 4483 956 956 4484 4483 958 958 958 958 4484 4483 4474 4473 958 958 4474 4473 951 951 956 956 4483 4482 4484 4483 4484 4483 4483 4482 3712 3711 4484 4483 3712 3711 3676 3675 955 955 821 821 4483 4482 4483 4482 821 821 819 819 4483 4482 819 819 4485 4484 819 819 818 818 4485 4484 4485 4484 818 818 816 816 4485 4484 816 816 4486 4485 816 816 815 815 4486 4485 4486 4485 815 815 973 973 4486 4485 973 973 4487 4486 4487 4486 973 973 972 972 4487 4486 972 972 4488 4487 4488 4487 972 972 971 971 4488 4487 971 971 4489 4488 4489 4488 971 971 969 969 4489 4488 969 969 4490 4489 4490 4489 969 969 968 968 4490 4489 968 968 4491 4490 4491 4490 968 968 966 966 4491 4490 966 966 4492 4491 4492 4491 966 966 965 965 4492 4491 965 965 4493 4492 4493 4492 965 965 960 960 4493 4492 960 960 4494 4493 4494 4493 960 960 959 959 4494 4493 959 959 4495 4494 4495 4494 959 959 964 964 4495 4494 964 964 4496 4495 4496 4495 964 964 963 963 4496 4495 963 963 4497 4496 4497 4496 963 963 962 962 4497 4496 962 962 4498 4497 4498 4497 962 962 813 813 4498 4497 813 813 4499 4498 4499 4498 813 813 812 812 4499 4498 3694 3693 4498 4497 4498 4497 3694 3693 3693 3692 4498 4497 3693 3692 4497 4496 4497 4496 3693 3692 3696 3695 4497 4496 3696 3695 4496 4495 4496 4495 3696 3695 3699 3698 4496 4495 3699 3698 4495 4494 4495 4494 3699 3698 3698 3697 4495 4494 3698 3697 4494 4493 4494 4493 3698 3697 3697 3696 4494 4493 3697 3696 4493 4492 4493 4492 3697 3696 3702 3701 4493 4492 3702 3701 4492 4491 4492 4491 3702 3701 3701 3700 4492 4491 3701 3700 4491 4490 4491 4490 3701 3700 3700 3699 4491 4490 3700 3699 4490 4489 4490 4489 3700 3699 3703 3702 4490 4489 3703 3702 4489 4488 4489 4488 3703 3702 3704 3703 4489 4488 3704 3703 4488 4487 4488 4487 3704 3703 3705 3704 4488 4487 3705 3704 4487 4486 4487 4486 3705 3704 3706 3705 4487 4486 3706 3705 4486 4485 4486 4485 3706 3705 3692 3691 4486 4485 3692 3691 4485 4484 4485 4484 3692 3691 3691 3690 4485 4484 3691 3690 4483 4482 4483 4482 3691 3690 3710 3709 4483 4482 3710 3709 3712 3711 3751 3750 3686 3685 4499 4498 4499 4498 3686 3685 3685 3684 4499 4498 3685 3684 3694 3693 978 978 977 977 4500 4499 4500 4499 977 977 975 975 4500 4499 975 975 4501 4500 809 809 4502 4501 810 810 810 810 4502 4501 4501 4500 810 810 4501 4500 974 974 974 974 4501 4500 975 975 812 812 978 978 4499 4498 4499 4498 978 978 4500 4499 4499 4498 4500 4499 3751 3750 3751 3750 4500 4499 4501 4500 3751 3750 4501 4500 3688 3687 3688 3687 4501 4500 4502 4501 3688 3687 4502 4501 3689 3688 4482 4481 4275 4274 4284 4283 994 994 4480 4479 4503 4502 4503 4502 4480 4479 4481 4480 4503 4502 4481 4480 4482 4481 4482 4481 4284 4283 4503 4502 4503 4502 4284 4283 4283 4282 4503 4502 4283 4282 4504 4503 4504 4503 4283 4282 4277 4276 4504 4503 4277 4276 4505 4504 994 994 4503 4502 995 995 995 995 4503 4502 4504 4503 995 995 4504 4503 996 996 996 996 4504 4503 4505 4504 996 996 4505 4504 997 997 986 986 4506 4505 4507 4506 4502 4501 809 809 982 982 3689 3688 4502 4501 4508 4507 4502 4501 982 982 4508 4507 4508 4507 982 982 981 981 4508 4507 981 981 4507 4506 4507 4506 981 981 987 987 4507 4506 987 987 986 986 986 986 984 984 4506 4505 4506 4505 984 984 983 983 4506 4505 983 983 4509 4508 983 983 1287 1287 4509 4508 4509 4508 1287 1287 807 807 4509 4508 807 807 4510 4509 4510 4509 807 807 806 806 4510 4509 806 806 4511 4510 4511 4510 806 806 988 988 4511 4510 988 988 999 999 3689 3688 4508 4507 3761 3760 3761 3760 4508 4507 4507 4506 3761 3760 4507 4506 3762 3761 3762 3761 4507 4506 4506 4505 3762 3761 4506 4505 3763 3762 3763 3762 4506 4505 4509 4508 3763 3762 4509 4508 3764 3763 3764 3763 4509 4508 4510 4509 3764 3763 4510 4509 3765 3764 3765 3764 4510 4509 4511 4510 3765 3764 4511 4510 3766 3765 4277 4276 3766 3765 4505 4504 4505 4504 3766 3765 4511 4510 4505 4504 4511 4510 997 997 997 997 4511 4510 999 999 1755 1755 3 3 1757 1757 1757 1757 3 3 66 66 1757 1757 66 66 1759 1759 1759 1759 66 66 65 65 1759 1759 65 65 1761 1749 1761 1749 65 65 64 64 1761 1749 64 64 1763 1762 1763 1762 64 64 63 63 1763 1762 63 63 1765 1764 1765 1764 63 63 47 47 1765 1764 47 47 1767 1766 1767 1766 47 47 49 49 1767 1766 49 49 1769 1768 1769 1768 49 49 51 51 1769 1768 51 51 1771 1770 1771 1770 51 51 53 53 1771 1770 53 53 1773 1772 1773 1772 53 53 55 55 1773 1772 55 55 1775 1774 1775 1774 55 55 44 44 1775 1774 44 44 1753 1753 1753 1753 44 44 4 4 1753 1753 4 4 1755 1755 1755 1755 4 4 3 3 1741 1741 184 184 1743 1743 1743 1743 184 184 186 186 1743 1743 186 186 1745 1745 1745 1745 186 186 188 188 1745 1745 188 188 1747 1747 1747 1747 188 188 190 190 1747 1747 190 190 1749 1749 1749 1749 190 190 192 192 1749 1749 192 192 1751 1751 1751 1751 192 192 194 194 1751 1751 194 194 1738 1738 1738 1738 194 194 196 196 198 198 1725 1725 196 196 196 196 1725 1725 1738 1738 1737 1737 176 176 1741 1741 1741 1741 176 176 184 184 1725 1725 198 198 1727 1727 1727 1727 198 198 173 173 1727 1727 173 173 1729 1729 1729 1729 173 173 179 179 1729 1729 179 179 1731 1731 1731 1731 179 179 178 178 1731 1731 178 178 1733 1733 1733 1733 178 178 177 177 1733 1733 177 177 1735 1735 1735 1735 177 177 168 168 1735 1735 168 168 1737 1737 1737 1737 168 168 176 176 4512 4511 3865 3864 4513 4512 4513 4512 3865 3864 3870 3869 4513 4512 3870 3869 4514 4513 4514 4513 3870 3869 3834 3833 4514 4513 3834 3833 4515 4514 4515 4514 3834 3833 3836 3835 4515 4514 3836 3835 4516 4515 4516 4515 3836 3835 3838 3837 4516 4515 3838 3837 4517 4516 4517 4516 3838 3837 3840 3839 4517 4516 3840 3839 4518 4517 4518 4517 3840 3839 3842 3841 4518 4517 3842 3841 4519 4518 4519 4518 3842 3841 3844 3843 4519 4518 3844 3843 4520 4519 4520 4519 3844 3843 3846 3845 4520 4519 3846 3845 4521 4520 4521 4520 3846 3845 3848 3847 4521 4520 3848 3847 4522 4521 4522 4521 3848 3847 3850 3849 4522 4521 3850 3849 4523 4522 4523 4522 3850 3849 3852 3851 4523 4522 3852 3851 4524 4523 4524 4523 3852 3851 3854 3853 4524 4523 3854 3853 4525 4524 4525 4524 3854 3853 3856 3855 4525 4524 3856 3855 4526 4525 4526 4525 3856 3855 3858 3857 4526 4525 3858 3857 4527 4526 4527 4526 3858 3857 3860 3859 4527 4526 3860 3859 4528 4527 4528 4527 3860 3859 3825 3824 4528 4527 3825 3824 4529 4528 4529 4528 3825 3824 3827 3826 4529 4528 3827 3826 4530 4529 4530 4529 3827 3826 3829 3828 4530 4529 3829 3828 4531 4530 4531 4530 3829 3828 3823 3822 4531 4530 3823 3822 4532 4531 4532 4531 3823 3822 3821 3820 4532 4531 3821 3820 4533 4532 4533 4532 3821 3820 3820 3819 4533 4532 3820 3819 4534 4533 4534 4533 3820 3819 3819 3818 4534 4533 3819 3818 4535 4534 4535 4534 3819 3818 3864 3863 4535 4534 3864 3863 4512 4511 4512 4511 3864 3863 3865 3864 4536 4535 4512 4511 4537 4536 4537 4536 4512 4511 4513 4512 4537 4536 4513 4512 4538 4537 4538 4537 4513 4512 4514 4513 4538 4537 4514 4513 4539 4538 4539 4538 4514 4513 4515 4514 4539 4538 4515 4514 4540 4539 4540 4539 4515 4514 4516 4515 4540 4539 4516 4515 4541 4540 4541 4540 4516 4515 4517 4516 4541 4540 4517 4516 4542 4541 4542 4541 4517 4516 4518 4517 4542 4541 4518 4517 4543 4542 4543 4542 4518 4517 4519 4518 4543 4542 4519 4518 4544 4543 4544 4543 4519 4518 4520 4519 4544 4543 4520 4519 4545 4544 4545 4544 4520 4519 4521 4520 4545 4544 4521 4520 4546 4545 4546 4545 4521 4520 4522 4521 4546 4545 4522 4521 4547 4546 4547 4546 4522 4521 4523 4522 4547 4546 4523 4522 4548 4547 4548 4547 4523 4522 4524 4523 4548 4547 4524 4523 4549 4548 4549 4548 4524 4523 4525 4524 4549 4548 4525 4524 4550 4549 4550 4549 4525 4524 4526 4525 4550 4549 4526 4525 4551 4550 4551 4550 4526 4525 4527 4526 4551 4550 4527 4526 4552 4551 4552 4551 4527 4526 4528 4527 4552 4551 4528 4527 4553 4552 4553 4552 4528 4527 4529 4528 4553 4552 4529 4528 4554 4553 4554 4553 4529 4528 4530 4529 4554 4553 4530 4529 4555 4554 4555 4554 4530 4529 4531 4530 4555 4554 4531 4530 4556 4555 4556 4555 4531 4530 4532 4531 4556 4555 4532 4531 4557 4556 4557 4556 4532 4531 4533 4532 4557 4556 4533 4532 4558 4557 4558 4557 4533 4532 4534 4533 4558 4557 4534 4533 4559 4558 4559 4558 4534 4533 4535 4534 4559 4558 4535 4534 4536 4535 4536 4535 4535 4534 4512 4511 4146 4145 4536 4535 4148 4147 4148 4147 4536 4535 4537 4536 4148 4147 4537 4536 4150 4149 4150 4149 4537 4536 4538 4537 4150 4149 4538 4537 4152 4151 4152 4151 4538 4537 4539 4538 4152 4151 4539 4538 4154 4153 4154 4153 4539 4538 4540 4539 4154 4153 4540 4539 4108 4107 4108 4107 4540 4539 4541 4540 4108 4107 4541 4540 4110 4109 4110 4109 4541 4540 4542 4541 4110 4109 4542 4541 4112 4111 4112 4111 4542 4541 4543 4542 4112 4111 4543 4542 4114 4113 4114 4113 4543 4542 4544 4543 4114 4113 4544 4543 4116 4115 4116 4115 4544 4543 4545 4544 4116 4115 4545 4544 4118 4117 4118 4117 4545 4544 4546 4545 4118 4117 4546 4545 4120 4119 4120 4119 4546 4545 4547 4546 4120 4119 4547 4546 4122 4121 4122 4121 4547 4546 4548 4547 4122 4121 4548 4547 4124 4123 4124 4123 4548 4547 4549 4548 4124 4123 4549 4548 4126 4125 4126 4125 4549 4548 4550 4549 4126 4125 4550 4549 4128 4127 4128 4127 4550 4549 4551 4550 4128 4127 4551 4550 4130 4129 4130 4129 4551 4550 4552 4551 4130 4129 4552 4551 4132 4131 4132 4131 4552 4551 4553 4552 4132 4131 4553 4552 4134 4133 4134 4133 4553 4552 4554 4553 4134 4133 4554 4553 4136 4135 4136 4135 4554 4553 4555 4554 4136 4135 4555 4554 4138 4137 4138 4137 4555 4554 4556 4555 4138 4137 4556 4555 4140 4139 4140 4139 4556 4555 4557 4556 4140 4139 4557 4556 4142 4141 4142 4141 4557 4556 4558 4557 4142 4141 4558 4557 4144 4143 4144 4143 4558 4557 4559 4558 4144 4143 4559 4558 4146 4145 4146 4145 4559 4558 4536 4535 4560 4559 3717 3716 4561 4560 4561 4560 3717 3716 3711 3710 4561 4560 3711 3710 4562 4561 4562 4561 3711 3710 3709 3708 4562 4561 3709 3708 4563 4562 4563 4562 3709 3708 3708 3707 4563 4562 3708 3707 4564 4563 4564 4563 3708 3707 3707 3706 4564 4563 3707 3706 4565 4564 4565 4564 3707 3706 3752 3751 4565 4564 3752 3751 4566 4565 4566 4565 3752 3751 3753 3752 4566 4565 3753 3752 4567 4566 4567 4566 3753 3752 3758 3757 4567 4566 3758 3757 4568 4567 4568 4567 3758 3757 3722 3721 4568 4567 3722 3721 4569 4568 4569 4568 3722 3721 3724 3723 4569 4568 3724 3723 4570 4569 4570 4569 3724 3723 3726 3725 4570 4569 3726 3725 4571 4570 4571 4570 3726 3725 3728 3727 4571 4570 3728 3727 4572 4571 4572 4571 3728 3727 3730 3729 4572 4571 3730 3729 4573 4572 4573 4572 3730 3729 3732 3731 4573 4572 3732 3731 4574 4573 4574 4573 3732 3731 3734 3733 4574 4573 3734 3733 4575 4574 4575 4574 3734 3733 3736 3735 4575 4574 3736 3735 4576 4575 4576 4575 3736 3735 3738 3737 4576 4575 3738 3737 4577 4576 4577 4576 3738 3737 3740 3739 4577 4576 3740 3739 4578 4577 4578 4577 3740 3739 3742 3741 4578 4577 3742 3741 4579 4578 4579 4578 3742 3741 3744 3743 4579 4578 3744 3743 4580 4579 4580 4579 3744 3743 3746 3745 4580 4579 3746 3745 4581 4580 4581 4580 3746 3745 3748 3747 4581 4580 3748 3747 4582 4581 4582 4581 3748 3747 3713 3712 4582 4581 3713 3712 4583 4582 4583 4582 3713 3712 3715 3714 4583 4582 3715 3714 4560 4559 4560 4559 3715 3714 3717 3716 4584 4583 4560 4559 4585 4584 4585 4584 4560 4559 4561 4560 4585 4584 4561 4560 4586 4585 4586 4585 4561 4560 4562 4561 4586 4585 4562 4561 4587 4586 4587 4586 4562 4561 4563 4562 4587 4586 4563 4562 4588 4587 4588 4587 4563 4562 4564 4563 4588 4587 4564 4563 4589 4588 4589 4588 4564 4563 4565 4564 4589 4588 4565 4564 4590 4589 4590 4589 4565 4564 4566 4565 4590 4589 4566 4565 4591 4590 4591 4590 4566 4565 4567 4566 4591 4590 4567 4566 4592 4591 4592 4591 4567 4566 4568 4567 4592 4591 4568 4567 4593 4592 4593 4592 4568 4567 4569 4568 4593 4592 4569 4568 4594 4593 4594 4593 4569 4568 4570 4569 4594 4593 4570 4569 4595 4594 4595 4594 4570 4569 4571 4570 4595 4594 4571 4570 4596 4595 4596 4595 4571 4570 4572 4571 4596 4595 4572 4571 4597 4596 4597 4596 4572 4571 4573 4572 4597 4596 4573 4572 4598 4597 4598 4597 4573 4572 4574 4573 4598 4597 4574 4573 4599 4598 4599 4598 4574 4573 4575 4574 4599 4598 4575 4574 4600 4599 4600 4599 4575 4574 4576 4575 4600 4599 4576 4575 4601 4600 4601 4600 4576 4575 4577 4576 4601 4600 4577 4576 4602 4601 4602 4601 4577 4576 4578 4577 4602 4601 4578 4577 4603 4602 4603 4602 4578 4577 4579 4578 4603 4602 4579 4578 4604 4603 4604 4603 4579 4578 4580 4579 4604 4603 4580 4579 4605 4604 4605 4604 4580 4579 4581 4580 4605 4604 4581 4580 4606 4605 4606 4605 4581 4580 4582 4581 4606 4605 4582 4581 4607 4606 4607 4606 4582 4581 4583 4582 4607 4606 4583 4582 4584 4583 4584 4583 4583 4582 4560 4559 4194 4193 4584 4583 4196 4195 4196 4195 4584 4583 4585 4584 4196 4195 4585 4584 4198 4197 4198 4197 4585 4584 4586 4585 4198 4197 4586 4585 4200 4199 4200 4199 4586 4585 4587 4586 4200 4199 4587 4586 4202 4201 4202 4201 4587 4586 4588 4587 4202 4201 4588 4587 4156 4155 4156 4155 4588 4587 4589 4588 4156 4155 4589 4588 4158 4157 4158 4157 4589 4588 4590 4589 4158 4157 4590 4589 4160 4159 4160 4159 4590 4589 4591 4590 4160 4159 4591 4590 4162 4161 4162 4161 4591 4590 4592 4591 4162 4161 4592 4591 4164 4163 4164 4163 4592 4591 4593 4592 4164 4163 4593 4592 4166 4165 4166 4165 4593 4592 4594 4593 4166 4165 4594 4593 4168 4167 4168 4167 4594 4593 4595 4594 4168 4167 4595 4594 4170 4169 4170 4169 4595 4594 4596 4595 4170 4169 4596 4595 4172 4171 4172 4171 4596 4595 4597 4596 4172 4171 4597 4596 4174 4173 4174 4173 4597 4596 4598 4597 4174 4173 4598 4597 4176 4175 4176 4175 4598 4597 4599 4598 4176 4175 4599 4598 4178 4177 4178 4177 4599 4598 4600 4599 4178 4177 4600 4599 4180 4179 4180 4179 4600 4599 4601 4600 4180 4179 4601 4600 4182 4181 4182 4181 4601 4600 4602 4601 4182 4181 4602 4601 4184 4183 4184 4183 4602 4601 4603 4602 4184 4183 4603 4602 4186 4185 4186 4185 4603 4602 4604 4603 4186 4185 4604 4603 4188 4187 4188 4187 4604 4603 4605 4604 4188 4187 4605 4604 4190 4189 4190 4189 4605 4604 4606 4605 4190 4189 4606 4605 4192 4191 4192 4191 4606 4605 4607 4606 4192 4191 4607 4606 4194 4193 4194 4193 4607 4606 4584 4583 4608 4607 3954 3953 4609 4608 4609 4608 3954 3953 3956 3955 4609 4608 3956 3955 4610 4609 4610 4609 3956 3955 3958 3957 4610 4609 3958 3957 4611 4610 4611 4610 3958 3957 3960 3959 4611 4610 3960 3959 4612 4611 4612 4611 3960 3959 3962 3961 4612 4611 3962 3961 4613 4612 4613 4612 3962 3961 3964 3963 4613 4612 3964 3963 4614 4613 4614 4613 3964 3963 3966 3965 4614 4613 3966 3965 4615 4614 4615 4614 3966 3965 3968 3967 4615 4614 3968 3967 4616 4615 4616 4615 3968 3967 3970 3969 4616 4615 3970 3969 4617 4616 4617 4616 3970 3969 3972 3971 4617 4616 3972 3971 4618 4617 4618 4617 3972 3971 3937 3936 4618 4617 3937 3936 4619 4618 4619 4618 3937 3936 3939 3938 4619 4618 3939 3938 4620 4619 4620 4619 3939 3938 3941 3940 4620 4619 3941 3940 4621 4620 4621 4620 3941 3940 3935 3934 4621 4620 3935 3934 4622 4621 4622 4621 3935 3934 3933 3932 4622 4621 3933 3932 4623 4622 4623 4622 3933 3932 3932 3931 4623 4622 3932 3931 4624 4623 4624 4623 3932 3931 3931 3930 4624 4623 3931 3930 4625 4624 4625 4624 3931 3930 3976 3975 4625 4624 3976 3975 4626 4625 4626 4625 3976 3975 3977 3976 4626 4625 3977 3976 4627 4626 4627 4626 3977 3976 3982 3981 4627 4626 3982 3981 4628 4627 4628 4627 3982 3981 3946 3945 4628 4627 3946 3945 4629 4628 4629 4628 3946 3945 3948 3947 4629 4628 3948 3947 4630 4629 4630 4629 3948 3947 3950 3949 4630 4629 3950 3949 4631 4630 4631 4630 3950 3949 3952 3951 4631 4630 3952 3951 4608 4607 4608 4607 3952 3951 3954 3953 4632 4631 4608 4607 4633 4632 4633 4632 4608 4607 4609 4608 4633 4632 4609 4608 4634 4633 4634 4633 4609 4608 4610 4609 4634 4633 4610 4609 4635 4634 4635 4634 4610 4609 4611 4610 4635 4634 4611 4610 4636 4635 4636 4635 4611 4610 4612 4611 4636 4635 4612 4611 4637 4636 4637 4636 4612 4611 4613 4612 4637 4636 4613 4612 4638 4637 4638 4637 4613 4612 4614 4613 4638 4637 4614 4613 4639 4638 4639 4638 4614 4613 4615 4614 4639 4638 4615 4614 4640 4639 4640 4639 4615 4614 4616 4615 4640 4639 4616 4615 4641 4640 4641 4640 4616 4615 4617 4616 4641 4640 4617 4616 4642 4641 4642 4641 4617 4616 4618 4617 4642 4641 4618 4617 4643 4642 4643 4642 4618 4617 4619 4618 4643 4642 4619 4618 4644 4643 4644 4643 4619 4618 4620 4619 4644 4643 4620 4619 4645 4644 4645 4644 4620 4619 4621 4620 4645 4644 4621 4620 4646 4645 4646 4645 4621 4620 4622 4621 4646 4645 4622 4621 4647 4646 4647 4646 4622 4621 4623 4622 4647 4646 4623 4622 4648 4647 4648 4647 4623 4622 4624 4623 4648 4647 4624 4623 4649 4648 4649 4648 4624 4623 4625 4624 4649 4648 4625 4624 4650 4649 4650 4649 4625 4624 4626 4625 4650 4649 4626 4625 4651 4650 4651 4650 4626 4625 4627 4626 4651 4650 4627 4626 4652 4651 4652 4651 4627 4626 4628 4627 4652 4651 4628 4627 4653 4652 4653 4652 4628 4627 4629 4628 4653 4652 4629 4628 4654 4653 4654 4653 4629 4628 4630 4629 4654 4653 4630 4629 4655 4654 4655 4654 4630 4629 4631 4630 4655 4654 4631 4630 4632 4631 4632 4631 4631 4630 4608 4607 4104 4103 4632 4631 4106 4105 4106 4105 4632 4631 4633 4632 4106 4105 4633 4632 4060 4059 4060 4059 4633 4632 4634 4633 4060 4059 4634 4633 4062 4061 4062 4061 4634 4633 4635 4634 4062 4061 4635 4634 4064 4063 4064 4063 4635 4634 4636 4635 4064 4063 4636 4635 4066 4065 4066 4065 4636 4635 4637 4636 4066 4065 4637 4636 4068 4067 4068 4067 4637 4636 4638 4637 4068 4067 4638 4637 4070 4069 4070 4069 4638 4637 4639 4638 4070 4069 4639 4638 4072 4071 4072 4071 4639 4638 4640 4639 4072 4071 4640 4639 4074 4073 4074 4073 4640 4639 4641 4640 4074 4073 4641 4640 4076 4075 4076 4075 4641 4640 4642 4641 4076 4075 4642 4641 4078 4077 4078 4077 4642 4641 4643 4642 4078 4077 4643 4642 4080 4079 4080 4079 4643 4642 4644 4643 4080 4079 4644 4643 4082 4081 4082 4081 4644 4643 4645 4644 4082 4081 4645 4644 4084 4083 4084 4083 4645 4644 4646 4645 4084 4083 4646 4645 4086 4085 4086 4085 4646 4645 4647 4646 4086 4085 4647 4646 4088 4087 4088 4087 4647 4646 4648 4647 4088 4087 4648 4647 4090 4089 4090 4089 4648 4647 4649 4648 4090 4089 4649 4648 4092 4091 4092 4091 4649 4648 4650 4649 4092 4091 4650 4649 4094 4093 4094 4093 4650 4649 4651 4650 4094 4093 4651 4650 4096 4095 4096 4095 4651 4650 4652 4651 4096 4095 4652 4651 4098 4097 4098 4097 4652 4651 4653 4652 4098 4097 4653 4652 4100 4099 4100 4099 4653 4652 4654 4653 4100 4099 4654 4653 4102 4101 4102 4101 4654 4653 4655 4654 4102 4101 4655 4654 4104 4103 4104 4103 4655 4654 4632 4631 4656 4655 3374 3373 4657 4656 4657 4656 3374 3373 3376 3375 4657 4656 3376 3375 4658 4657 4658 4657 3376 3375 3378 3377 4658 4657 3378 3377 4659 4658 4659 4658 3378 3377 3380 3379 4659 4658 3380 3379 4660 4659 4660 4659 3380 3379 3345 3344 4660 4659 3345 3344 4661 4660 4661 4660 3345 3344 3347 3346 4661 4660 3347 3346 4662 4661 4662 4661 3347 3346 3349 3348 4662 4661 3349 3348 4663 4662 4663 4662 3349 3348 3344 3343 4663 4662 3344 3343 4664 4663 4664 4663 3344 3343 3338 3337 4664 4663 3338 3337 4665 4664 4665 4664 3338 3337 3339 3338 4665 4664 3339 3338 4666 4665 4666 4665 3339 3338 3383 3382 4666 4665 3383 3382 4667 4666 4667 4666 3383 3382 3384 3383 4667 4666 3384 3383 4668 4667 4668 4667 3384 3383 3385 3384 4668 4667 3385 3384 4669 4668 4669 4668 3385 3384 3390 3389 4669 4668 3390 3389 4670 4669 4670 4669 3390 3389 3354 3353 4670 4669 3354 3353 4671 4670 4671 4670 3354 3353 3356 3355 4671 4670 3356 3355 4672 4671 4672 4671 3356 3355 3358 3357 4672 4671 3358 3357 4673 4672 4673 4672 3358 3357 3360 3359 4673 4672 3360 3359 4674 4673 4674 4673 3360 3359 3362 3361 4674 4673 3362 3361 4675 4674 4675 4674 3362 3361 3364 3363 4675 4674 3364 3363 4676 4675 4676 4675 3364 3363 3366 3365 4676 4675 3366 3365 4677 4676 4677 4676 3366 3365 3368 3367 4677 4676 3368 3367 4678 4677 4678 4677 3368 3367 3370 3369 4678 4677 3370 3369 4679 4678 4679 4678 3370 3369 3372 3371 4679 4678 3372 3371 4656 4655 4656 4655 3372 3371 3374 3373 4680 4679 4656 4655 4681 4680 4681 4680 4656 4655 4657 4656 4681 4680 4657 4656 4682 4681 4682 4681 4657 4656 4658 4657 4682 4681 4658 4657 4683 4682 4683 4682 4658 4657 4659 4658 4683 4682 4659 4658 4684 4683 4684 4683 4659 4658 4660 4659 4684 4683 4660 4659 4685 4684 4685 4684 4660 4659 4661 4660 4685 4684 4661 4660 4686 4685 4686 4685 4661 4660 4662 4661 4686 4685 4662 4661 4687 4686 4687 4686 4662 4661 4663 4662 4687 4686 4663 4662 4688 4687 4688 4687 4663 4662 4664 4663 4688 4687 4664 4663 4689 4688 4689 4688 4664 4663 4665 4664 4689 4688 4665 4664 4690 4689 4690 4689 4665 4664 4666 4665 4690 4689 4666 4665 4691 4690 4691 4690 4666 4665 4667 4666 4691 4690 4667 4666 4692 4691 4692 4691 4667 4666 4668 4667 4692 4691 4668 4667 4693 4692 4693 4692 4668 4667 4669 4668 4693 4692 4669 4668 4694 4693 4694 4693 4669 4668 4670 4669 4694 4693 4670 4669 4695 4694 4695 4694 4670 4669 4671 4670 4695 4694 4671 4670 4696 4695 4696 4695 4671 4670 4672 4671 4696 4695 4672 4671 4697 4696 4697 4696 4672 4671 4673 4672 4697 4696 4673 4672 4698 4697 4698 4697 4673 4672 4674 4673 4698 4697 4674 4673 4699 4698 4699 4698 4674 4673 4675 4674 4699 4698 4675 4674 4700 4699 4700 4699 4675 4674 4676 4675 4700 4699 4676 4675 4701 4700 4701 4700 4676 4675 4677 4676 4701 4700 4677 4676 4702 4701 4702 4701 4677 4676 4678 4677 4702 4701 4678 4677 4703 4702 4703 4702 4678 4677 4679 4678 4703 4702 4679 4678 4680 4679 4680 4679 4679 4678 4656 4655 4050 4049 4680 4679 4052 4051 4052 4051 4680 4679 4681 4680 4052 4051 4681 4680 4054 4053 4054 4053 4681 4680 4682 4681 4054 4053 4682 4681 4056 4055 4056 4055 4682 4681 4683 4682 4056 4055 4683 4682 4058 4057 4058 4057 4683 4682 4684 4683 4058 4057 4684 4683 4012 4011 4012 4011 4684 4683 4685 4684 4012 4011 4685 4684 4014 4013 4014 4013 4685 4684 4686 4685 4014 4013 4686 4685 4016 4015 4016 4015 4686 4685 4687 4686 4016 4015 4687 4686 4018 4017 4018 4017 4687 4686 4688 4687 4018 4017 4688 4687 4020 4019 4020 4019 4688 4687 4689 4688 4020 4019 4689 4688 4022 4021 4022 4021 4689 4688 4690 4689 4022 4021 4690 4689 4024 4023 4024 4023 4690 4689 4691 4690 4024 4023 4691 4690 4026 4025 4026 4025 4691 4690 4692 4691 4026 4025 4692 4691 4028 4027 4028 4027 4692 4691 4693 4692 4028 4027 4693 4692 4030 4029 4030 4029 4693 4692 4694 4693 4030 4029 4694 4693 4032 4031 4032 4031 4694 4693 4695 4694 4032 4031 4695 4694 4034 4033 4034 4033 4695 4694 4696 4695 4034 4033 4696 4695 4036 4035 4036 4035 4696 4695 4697 4696 4036 4035 4697 4696 4038 4037 4038 4037 4697 4696 4698 4697 4038 4037 4698 4697 4040 4039 4040 4039 4698 4697 4699 4698 4040 4039 4699 4698 4042 4041 4042 4041 4699 4698 4700 4699 4042 4041 4700 4699 4044 4043 4044 4043 4700 4699 4701 4700 4044 4043 4701 4700 4046 4045 4046 4045 4701 4700 4702 4701 4046 4045 4702 4701 4048 4047 4048 4047 4702 4701 4703 4702 4048 4047 4703 4702 4050 4049 4050 4049 4703 4702 4680 4679 3714 3713 3750 3749 4704 4703 4221 4220 4705 4704 4222 4221 4222 4221 4705 4704 4706 4705 3677 3676 3721 3720 4221 4220 4221 4220 3721 3720 4707 4706 4221 4220 4707 4706 4705 4704 4705 4704 4707 4706 4708 4707 4705 4704 4708 4707 4706 4705 4706 4705 4708 4707 4709 4708 4706 4705 4709 4708 4710 4709 4710 4709 4709 4708 4711 4710 4710 4709 4711 4710 4712 4711 4233 4232 4229 4228 4712 4711 4712 4711 4229 4228 4228 4227 4712 4711 4228 4227 4710 4709 4710 4709 4228 4227 4226 4225 4710 4709 4226 4225 4706 4705 4706 4705 4226 4225 4223 4222 4706 4705 4223 4222 4222 4221 3714 3713 4704 4703 3716 3715 3768 3767 4233 4232 4713 4712 4713 4712 4233 4232 4712 4711 4713 4712 4712 4711 4704 4703 4704 4703 4712 4711 4711 4710 4704 4703 4711 4710 3716 3715 3716 3715 4711 4710 4709 4708 3716 3715 4709 4708 3718 3717 3718 3717 4709 4708 4708 4707 3718 3717 4708 4707 3719 3718 3719 3718 4708 4707 4707 4706 3719 3718 4707 4706 3720 3719 3720 3719 4707 4706 3721 3720 3768 3767 4713 4712 4714 4713 4713 4712 4704 4703 4715 4714 4704 4703 3750 3749 3749 3748 4704 4703 3749 3748 4715 4714 4715 4714 3749 3748 3747 3746 4715 4714 3747 3746 4716 4715 4716 4715 3747 3746 3745 3744 4716 4715 3745 3744 4717 4716 4717 4716 3745 3744 3743 3742 4717 4716 3743 3742 4718 4717 4718 4717 3743 3742 3741 3740 4718 4717 3741 3740 4719 4718 4719 4718 3741 3740 3739 3738 4719 4718 3739 3738 4720 4719 4720 4719 3739 3738 3737 3736 4720 4719 3737 3736 4721 4720 4721 4720 3737 3736 3735 3734 4721 4720 3735 3734 4722 4721 4722 4721 3735 3734 3733 3732 4722 4721 3733 3732 4723 4722 4723 4722 3733 3732 3731 3730 4723 4722 3731 3730 4724 4723 4724 4723 3731 3730 3729 3728 4724 4723 3729 3728 4725 4724 4725 4724 3729 3728 3727 3726 4725 4724 3727 3726 4726 4725 4726 4725 3727 3726 3725 3724 4726 4725 3725 3724 4727 4726 4727 4726 3725 3724 3723 3722 4727 4726 3723 3722 4728 4727 4713 4712 4715 4714 4714 4713 4714 4713 4715 4714 4716 4715 4714 4713 4716 4715 4729 4728 4729 4728 4716 4715 4717 4716 4729 4728 4717 4716 4730 4729 4730 4729 4717 4716 4718 4717 4730 4729 4718 4717 4731 4730 4731 4730 4718 4717 4719 4718 4731 4730 4719 4718 4732 4731 4732 4731 4719 4718 4720 4719 4732 4731 4720 4719 4733 4732 4733 4732 4720 4719 4721 4720 4733 4732 4721 4720 4734 4733 4734 4733 4721 4720 4722 4721 4734 4733 4722 4721 4735 4734 4735 4734 4722 4721 4723 4722 4735 4734 4723 4722 4736 4735 4736 4735 4723 4722 4724 4723 4736 4735 4724 4723 4737 4736 4737 4736 4724 4723 4725 4724 4737 4736 4725 4724 4738 4737 4738 4737 4725 4724 4726 4725 4738 4737 4726 4725 4739 4738 4739 4738 4726 4725 4727 4726 4739 4738 4727 4726 4740 4739 4740 4739 4727 4726 4728 4727 4740 4739 4728 4727 4741 4740 3768 3767 4714 4713 3769 3768 3769 3768 4714 4713 4729 4728 3769 3768 4729 4728 3770 3769 3770 3769 4729 4728 4730 4729 3770 3769 4730 4729 3771 3770 3771 3770 4730 4729 4731 4730 3771 3770 4731 4730 3773 3772 3773 3772 4731 4730 4732 4731 3773 3772 4732 4731 3779 3778 3779 3778 4732 4731 4733 4732 3779 3778 4733 4732 3778 3777 3778 3777 4733 4732 4734 4733 3778 3777 4734 4733 3776 3775 3776 3775 4734 4733 4735 4734 3776 3775 4735 4734 3774 3773 3774 3773 4735 4734 4736 4735 3774 3773 4736 4735 3780 3779 3780 3779 4736 4735 4737 4736 3780 3779 4737 4736 3781 3780 3781 3780 4737 4736 4738 4737 3781 3780 4738 4737 3783 3782 3783 3782 4738 4737 4739 4738 3783 3782 4739 4738 3784 3783 3784 3783 4739 4738 4740 4739 3784 3783 4740 4739 3785 3784 3785 3784 4740 4739 4741 4740 3785 3784 4741 4740 3786 3785 4271 4270 3786 3785 4741 4740 4273 4272 4742 4741 4743 4742 4269 4268 4282 4281 4744 4743 4744 4743 4282 4281 4281 4280 4744 4743 4281 4280 4745 4744 4745 4744 4281 4280 4280 4279 4745 4744 4280 4279 4743 4742 4743 4742 4280 4279 4279 4278 4743 4742 4279 4278 4273 4272 3690 3689 4269 4268 3754 3753 3754 3753 4269 4268 4744 4743 3754 3753 4744 4743 4746 4745 4746 4745 4744 4743 4745 4744 4746 4745 4745 4744 4747 4746 4747 4746 4745 4744 4743 4742 4747 4746 4743 4742 4748 4747 4748 4747 4743 4742 4742 4741 4748 4747 4742 4741 4749 4748 3760 3759 3759 3758 4749 4748 4749 4748 3759 3758 3757 3756 4749 4748 3757 3756 4748 4747 4748 4747 3757 3756 3756 3755 4748 4747 3756 3755 4747 4746 4747 4746 3756 3755 3755 3754 4747 4746 3755 3754 4746 4745 4746 4745 3755 3754 3754 3753 3723 3722 3760 3759 4728 4727 4728 4727 3760 3759 4749 4748 4728 4727 4749 4748 4741 4740 4741 4740 4749 4748 4742 4741 4741 4740 4742 4741 4271 4270 4271 4270 4742 4741 4273 4272 3346 3345 3382 3381 4750 4749 4208 4207 4751 4750 4207 4206 4207 4206 4751 4750 4752 4751 3337 3336 3353 3352 4208 4207 4208 4207 3353 3352 4753 4752 4208 4207 4753 4752 4751 4750 4751 4750 4753 4752 4754 4753 4751 4750 4754 4753 4752 4751 4752 4751 4754 4753 4755 4754 4752 4751 4755 4754 4756 4755 4756 4755 4755 4754 4757 4756 4756 4755 4757 4756 4758 4757 4206 4205 4205 4204 4758 4757 4758 4757 4205 4204 4211 4210 4758 4757 4211 4210 4756 4755 4756 4755 4211 4210 4210 4209 4756 4755 4210 4209 4752 4751 4752 4751 4210 4209 4209 4208 4752 4751 4209 4208 4207 4206 3346 3345 4750 4749 3348 3347 3397 3396 4206 4205 4759 4758 4759 4758 4206 4205 4758 4757 4759 4758 4758 4757 4750 4749 4750 4749 4758 4757 4757 4756 4750 4749 4757 4756 3348 3347 3348 3347 4757 4756 4755 4754 3348 3347 4755 4754 3350 3349 3350 3349 4755 4754 4754 4753 3350 3349 4754 4753 3351 3350 3351 3350 4754 4753 4753 4752 3351 3350 4753 4752 3352 3351 3352 3351 4753 4752 3353 3352 3397 3396 4759 4758 4760 4759 4759 4758 4750 4749 4761 4760 4750 4749 3382 3381 3381 3380 4750 4749 3381 3380 4761 4760 4761 4760 3381 3380 3379 3378 4761 4760 3379 3378 4762 4761 4762 4761 3379 3378 3377 3376 4762 4761 3377 3376 4763 4762 4763 4762 3377 3376 3375 3374 4763 4762 3375 3374 4764 4763 4764 4763 3375 3374 3373 3372 4764 4763 3373 3372 4765 4764 4765 4764 3373 3372 3371 3370 4765 4764 3371 3370 4766 4765 4766 4765 3371 3370 3369 3368 4766 4765 3369 3368 4767 4766 4767 4766 3369 3368 3367 3366 4767 4766 3367 3366 4768 4767 4768 4767 3367 3366 3365 3364 4768 4767 3365 3364 4769 4716 4769 4716 3365 3364 3363 3362 4769 4716 3363 3362 4770 4768 4770 4768 3363 3362 3361 3360 4770 4768 3361 3360 4771 4769 4771 4769 3361 3360 3359 3358 4771 4769 3359 3358 4772 4770 4772 4770 3359 3358 3357 3356 4772 4770 3357 3356 4773 4771 4773 4771 3357 3356 3355 3354 4773 4771 3355 3354 4774 4772 4759 4758 4761 4760 4760 4759 4760 4759 4761 4760 4762 4761 4760 4759 4762 4761 4775 4773 4775 4773 4762 4761 4763 4762 4775 4773 4763 4762 4776 4774 4776 4774 4763 4762 4764 4763 4776 4774 4764 4763 4777 4775 4777 4775 4764 4763 4765 4764 4777 4775 4765 4764 4778 4776 4778 4776 4765 4764 4766 4765 4778 4776 4766 4765 4779 4777 4779 4777 4766 4765 4767 4766 4779 4777 4767 4766 4780 4778 4780 4778 4767 4766 4768 4767 4780 4778 4768 4767 4781 4779 4781 4779 4768 4767 4769 4716 4781 4779 4769 4716 4782 4780 4782 4780 4769 4716 4770 4768 4782 4780 4770 4768 4783 4781 4783 4781 4770 4768 4771 4769 4783 4781 4771 4769 4784 4782 4784 4782 4771 4769 4772 4770 4784 4782 4772 4770 4785 4783 4785 4783 4772 4770 4773 4771 4785 4783 4773 4771 4786 4784 4786 4784 4773 4771 4774 4772 4786 4784 4774 4772 4787 4785 3397 3396 4760 4759 3398 3397 3398 3397 4760 4759 4775 4773 3398 3397 4775 4773 3400 3399 3400 3399 4775 4773 4776 4774 3400 3399 4776 4774 3401 3400 3401 3400 4776 4774 4777 4775 3401 3400 4777 4775 3402 3401 3402 3401 4777 4775 4778 4776 3402 3401 4778 4776 3403 3402 3403 3402 4778 4776 4779 4777 3403 3402 4779 4777 3394 3393 3394 3393 4779 4777 4780 4778 3394 3393 4780 4778 3395 3394 3395 3394 4780 4778 4781 4779 3395 3394 4781 4779 3404 3403 3404 3403 4781 4779 4782 4780 3404 3403 4782 4780 3405 3404 3405 3404 4782 4780 4783 4781 3405 3404 4783 4781 3406 3405 3406 3405 4783 4781 4784 4782 3406 3405 4784 4782 3407 3406 3407 3406 4784 4782 4785 4783 3407 3406 4785 4783 3408 3407 3408 3407 4785 4783 4786 4784 3408 3407 4786 4784 3409 3408 3409 3408 4786 4784 4787 4785 3409 3408 4787 4785 3410 3409 4219 4218 3410 3409 4787 4785 4220 4219 4788 4786 4789 4787 4217 4216 4216 4215 4790 4788 4790 4788 4216 4215 4212 4211 4790 4788 4212 4211 4791 4789 4791 4789 4212 4211 4213 4212 4791 4789 4213 4212 4789 4787 4789 4787 4213 4212 4215 4214 4789 4787 4215 4214 4220 4219 3340 3339 4217 4216 3386 3385 3386 3385 4217 4216 4790 4788 3386 3385 4790 4788 4792 4790 4792 4790 4790 4788 4791 4789 4792 4790 4791 4789 4793 4791 4793 4791 4791 4789 4789 4787 4793 4791 4789 4787 4794 4792 4794 4792 4789 4787 4788 4786 4794 4792 4788 4786 4795 4793 3392 3391 3391 3390 4795 4793 4795 4793 3391 3390 3389 3388 4795 4793 3389 3388 4794 4792 4794 4792 3389 3388 3388 3387 4794 4792 3388 3387 4793 4791 4793 4791 3388 3387 3387 3386 4793 4791 3387 3386 4792 4790 4792 4790 3387 3386 3386 3385 3355 3354 3392 3391 4774 4772 4774 4772 3392 3391 4795 4793 4774 4772 4795 4793 4787 4785 4787 4785 4795 4793 4788 4786 4787 4785 4788 4786 4219 4218 4219 4218 4788 4786 4220 4219 3938 3937 3974 3973 4796 4794 4253 4252 4797 4795 4254 4253 4254 4253 4797 4795 4798 4796 3901 3900 3945 3944 4253 4252 4253 4252 3945 3944 4799 4797 4253 4252 4799 4797 4797 4795 4797 4795 4799 4797 4800 4798 4797 4795 4800 4798 4798 4796 4798 4796 4800 4798 4801 4799 4798 4796 4801 4799 4802 4800 4802 4800 4801 4799 4803 4801 4802 4800 4803 4801 4804 4802 4265 4264 4261 4260 4804 4802 4804 4802 4261 4260 4260 4259 4804 4802 4260 4259 4802 4800 4802 4800 4260 4259 4258 4257 4802 4800 4258 4257 4798 4796 4798 4796 4258 4257 4255 4254 4798 4796 4255 4254 4254 4253 3938 3937 4796 4794 3940 3939 4000 3999 4265 4264 4805 4803 4805 4803 4265 4264 4804 4802 4805 4803 4804 4802 4796 4794 4796 4794 4804 4802 4803 4801 4796 4794 4803 4801 3940 3939 3940 3939 4803 4801 4801 4799 3940 3939 4801 4799 3942 3941 3942 3941 4801 4799 4800 4798 3942 3941 4800 4798 3943 3942 3943 3942 4800 4798 4799 4797 3943 3942 4799 4797 3944 3943 3944 3943 4799 4797 3945 3944 4000 3999 4805 4803 4806 4804 4805 4803 4796 4794 4807 4805 4796 4794 3974 3973 3973 3972 4796 4794 3973 3972 4807 4805 4807 4805 3973 3972 3971 3970 4807 4805 3971 3970 4808 4806 4808 4806 3971 3970 3969 3968 4808 4806 3969 3968 4809 4807 4809 4807 3969 3968 3967 3966 4809 4807 3967 3966 4810 4808 4810 4808 3967 3966 3965 3964 4810 4808 3965 3964 4811 4809 4811 4809 3965 3964 3963 3962 4811 4809 3963 3962 4812 4810 4812 4810 3963 3962 3961 3960 4812 4810 3961 3960 4813 4811 4813 4811 3961 3960 3959 3958 4813 4811 3959 3958 4814 4812 4814 4812 3959 3958 3957 3956 4814 4812 3957 3956 4815 4813 4815 4813 3957 3956 3955 3954 4815 4813 3955 3954 4816 4814 4816 4814 3955 3954 3953 3952 4816 4814 3953 3952 4817 4815 4817 4815 3953 3952 3951 3950 4817 4815 3951 3950 4818 4816 4818 4816 3951 3950 3949 3948 4818 4816 3949 3948 4819 4817 4819 4817 3949 3948 3947 3946 4819 4817 3947 3946 4820 4818 4805 4803 4807 4805 4806 4804 4806 4804 4807 4805 4808 4806 4806 4804 4808 4806 4821 4819 4821 4819 4808 4806 4809 4807 4821 4819 4809 4807 4822 4820 4822 4820 4809 4807 4810 4808 4822 4820 4810 4808 4823 4821 4823 4821 4810 4808 4811 4809 4823 4821 4811 4809 4824 4822 4824 4822 4811 4809 4812 4810 4824 4822 4812 4810 4825 4823 4825 4823 4812 4810 4813 4811 4825 4823 4813 4811 4826 4824 4826 4824 4813 4811 4814 4812 4826 4824 4814 4812 4827 4825 4827 4825 4814 4812 4815 4813 4827 4825 4815 4813 4828 4826 4828 4826 4815 4813 4816 4814 4828 4826 4816 4814 4829 4827 4829 4827 4816 4814 4817 4815 4829 4827 4817 4815 4830 4828 4830 4828 4817 4815 4818 4816 4830 4828 4818 4816 4831 4829 4831 4829 4818 4816 4819 4817 4831 4829 4819 4817 4832 4830 4832 4830 4819 4817 4820 4818 4832 4830 4820 4818 4833 4831 4000 3999 4806 4804 4001 4000 4001 4000 4806 4804 4821 4819 4001 4000 4821 4819 4002 4001 4002 4001 4821 4819 4822 4820 4002 4001 4822 4820 3993 3992 3993 3992 4822 4820 4823 4821 3993 3992 4823 4821 3991 3990 3991 3990 4823 4821 4824 4822 3991 3990 4824 4822 4003 4002 4003 4002 4824 4822 4825 4823 4003 4002 4825 4823 4004 4003 4004 4003 4825 4823 4826 4824 4004 4003 4826 4824 4006 4005 4006 4005 4826 4824 4827 4825 4006 4005 4827 4825 4007 4006 4007 4006 4827 4825 4828 4826 4007 4006 4828 4826 3999 3998 3999 3998 4828 4826 4829 4827 3999 3998 4829 4827 3997 3996 3997 3996 4829 4827 4830 4828 3997 3996 4830 4828 3995 3994 3995 3994 4830 4828 4831 4829 3995 3994 4831 4829 4008 4007 4008 4007 4831 4829 4832 4830 4008 4007 4832 4830 4009 4008 4009 4008 4832 4830 4833 4831 4009 4008 4833 4831 4010 4009 4303 4302 4010 4009 4833 4831 4305 4304 4834 4832 4835 4833 4301 4300 4314 4313 4836 4834 4836 4834 4314 4313 4313 4312 4836 4834 4313 4312 4837 4835 4837 4835 4313 4312 4312 4311 4837 4835 4312 4311 4835 4833 4835 4833 4312 4311 4311 4310 4835 4833 4311 4310 4305 4304 3914 3913 4301 4300 3978 3977 3978 3977 4301 4300 4836 4834 3978 3977 4836 4834 4838 4836 4838 4836 4836 4834 4837 4835 4838 4836 4837 4835 4839 4837 4839 4837 4837 4835 4835 4833 4839 4837 4835 4833 4840 4838 4840 4838 4835 4833 4834 4832 4840 4838 4834 4832 4841 4839 3984 3983 3983 3982 4841 4839 4841 4839 3983 3982 3981 3980 4841 4839 3981 3980 4840 4838 4840 4838 3981 3980 3980 3979 4840 4838 3980 3979 4839 4837 4839 4837 3980 3979 3979 3978 4839 4837 3979 3978 4838 4836 4838 4836 3979 3978 3978 3977 3947 3946 3984 3983 4820 4818 4820 4818 3984 3983 4841 4839 4820 4818 4841 4839 4833 4831 4833 4831 4841 4839 4834 4832 4833 4831 4834 4832 4303 4302 4303 4302 4834 4832 4305 4304 3826 3825 3862 3861 4842 4840 4237 4236 4843 4841 4238 4237 4238 4237 4843 4841 4844 4842 3789 3788 3833 3832 4237 4236 4237 4236 3833 3832 4845 4843 4237 4236 4845 4843 4843 4841 4843 4841 4845 4843 4846 4844 4843 4841 4846 4844 4844 4842 4844 4842 4846 4844 4847 4845 4844 4842 4847 4845 4848 4846 4848 4846 4847 4845 4849 4847 4848 4846 4849 4847 4850 4848 4249 4248 4245 4244 4850 4848 4850 4848 4245 4244 4244 4243 4850 4848 4244 4243 4848 4846 4848 4846 4244 4243 4242 4241 4848 4846 4242 4241 4844 4842 4844 4842 4242 4241 4239 4238 4844 4842 4239 4238 4238 4237 3826 3825 4842 4840 3828 3827 3888 3887 4249 4248 4851 4849 4851 4849 4249 4248 4850 4848 4851 4849 4850 4848 4842 4840 4842 4840 4850 4848 4849 4847 4842 4840 4849 4847 3828 3827 3828 3827 4849 4847 4847 4845 3828 3827 4847 4845 3830 3829 3830 3829 4847 4845 4846 4844 3830 3829 4846 4844 3831 3830 3831 3830 4846 4844 4845 4843 3831 3830 4845 4843 3832 3831 3832 3831 4845 4843 3833 3832 3888 3887 4851 4849 4852 4850 4851 4849 4842 4840 4853 4851 4842 4840 3862 3861 3861 3860 4842 4840 3861 3860 4853 4851 4853 4851 3861 3860 3859 3858 4853 4851 3859 3858 4854 4852 4854 4852 3859 3858 3857 3856 4854 4852 3857 3856 4855 4853 4855 4853 3857 3856 3855 3854 4855 4853 3855 3854 4856 4854 4856 4854 3855 3854 3853 3852 4856 4854 3853 3852 4857 4855 4857 4855 3853 3852 3851 3850 4857 4855 3851 3850 4858 4856 4858 4856 3851 3850 3849 3848 4858 4856 3849 3848 4859 4857 4859 4857 3849 3848 3847 3846 4859 4857 3847 3846 4860 4858 4860 4858 3847 3846 3845 3844 4860 4858 3845 3844 4861 4807 4861 4807 3845 3844 3843 3842 4861 4807 3843 3842 4862 4859 4862 4859 3843 3842 3841 3840 4862 4859 3841 3840 4863 4860 4863 4860 3841 3840 3839 3838 4863 4860 3839 3838 4864 4861 4864 4861 3839 3838 3837 3836 4864 4861 3837 3836 4865 4862 4865 4862 3837 3836 3835 3834 4865 4862 3835 3834 4866 4863 4851 4849 4853 4851 4852 4850 4852 4850 4853 4851 4854 4852 4852 4850 4854 4852 4867 4864 4867 4864 4854 4852 4855 4853 4867 4864 4855 4853 4868 4865 4868 4865 4855 4853 4856 4854 4868 4865 4856 4854 4869 4866 4869 4866 4856 4854 4857 4855 4869 4866 4857 4855 4870 4867 4870 4867 4857 4855 4858 4856 4870 4867 4858 4856 4871 4868 4871 4868 4858 4856 4859 4857 4871 4868 4859 4857 4872 4869 4872 4869 4859 4857 4860 4858 4872 4869 4860 4858 4873 4870 4873 4870 4860 4858 4861 4807 4873 4870 4861 4807 4874 4871 4874 4871 4861 4807 4862 4859 4874 4871 4862 4859 4875 4872 4875 4872 4862 4859 4863 4860 4875 4872 4863 4860 4876 4873 4876 4873 4863 4860 4864 4861 4876 4873 4864 4861 4877 4874 4877 4874 4864 4861 4865 4862 4877 4874 4865 4862 4878 4875 4878 4875 4865 4862 4866 4863 4878 4875 4866 4863 4879 4876 3888 3887 4852 4850 3889 3888 3889 3888 4852 4850 4867 4864 3889 3888 4867 4864 3890 3889 3890 3889 4867 4864 4868 4865 3890 3889 4868 4865 3891 3890 3891 3890 4868 4865 4869 4866 3891 3890 4869 4866 3893 3892 3893 3892 4869 4866 4870 4867 3893 3892 4870 4867 3894 3893 3894 3893 4870 4867 4871 4868 3894 3893 4871 4868 3895 3894 3895 3894 4871 4868 4872 4869 3895 3894 4872 4869 3897 3896 3897 3896 4872 4869 4873 4870 3897 3896 4873 4870 3898 3897 3898 3897 4873 4870 4874 4871 3898 3897 4874 4871 3883 3882 3883 3882 4874 4871 4875 4872 3883 3882 4875 4872 3881 3880 3881 3880 4875 4872 4876 4873 3881 3880 4876 4873 3879 3878 3879 3878 4876 4873 4877 4874 3879 3878 4877 4874 3884 3883 3884 3883 4877 4874 4878 4875 3884 3883 4878 4875 3885 3884 3885 3884 4878 4875 4879 4876 3885 3884 4879 4876 3886 3885 4287 4286 3886 3885 4879 4876 4289 4288 4880 4877 4881 4878 4285 4284 4298 4297 4882 4879 4882 4879 4298 4297 4297 4296 4882 4879 4297 4296 4883 4880 4883 4880 4297 4296 4296 4295 4883 4880 4296 4295 4881 4878 4881 4878 4296 4295 4295 4294 4881 4878 4295 4294 4289 4288 3802 3801 4285 4284 3866 3865 3866 3865 4285 4284 4882 4879 3866 3865 4882 4879 4884 4881 4884 4881 4882 4879 4883 4880 4884 4881 4883 4880 4885 4882 4885 4882 4883 4880 4881 4878 4885 4882 4881 4878 4886 4883 4886 4883 4881 4878 4880 4877 4886 4883 4880 4877 4887 4884 3872 3871 3871 3870 4887 4884 4887 4884 3871 3870 3869 3868 4887 4884 3869 3868 4886 4883 4886 4883 3869 3868 3868 3867 4886 4883 3868 3867 4885 4882 4885 4882 3868 3867 3867 3866 4885 4882 3867 3866 4884 4881 4884 4881 3867 3866 3866 3865 3835 3834 3872 3871 4866 4863 4866 4863 3872 3871 4887 4884 4866 4863 4887 4884 4879 4876 4879 4876 4887 4884 4880 4877 4879 4876 4880 4877 4287 4286 4287 4286 4880 4877 4289 4288 4888 4885 4889 4886 4890 4887 4888 4885 4890 4887 4891 4888 4891 4888 4890 4887 4892 4889 4891 4888 4892 4889 4893 4890 4893 4890 4894 4891 4891 4888 4891 4888 4894 4891 4895 4892 4891 4888 4895 4892 4896 4893 4896 4893 4895 4892 4897 4894 4896 4893 4897 4894 4898 4895 4897 4894 4899 4896 4898 4895 4898 4895 4899 4896 4900 4897 4898 4895 4900 4897 4901 4898 4901 4898 4900 4897 4902 4899 4901 4898 4902 4899 4903 4900 4902 4899 4904 4901 4903 4900 4903 4900 4904 4901 4905 4902 4903 4900 4905 4902 4906 4903 4906 4903 4905 4902 4907 4904 4906 4903 4907 4904 4908 4905 4907 4904 4909 4906 4908 4905 4908 4905 4909 4906 4910 4907 4908 4905 4910 4907 4911 4908 4911 4908 4910 4907 4912 4909 4911 4908 4912 4909 4913 4910 4913 4910 4912 4909 245 245 4913 4910 245 245 247 247 4890 4887 4889 4886 4914 4911 4914 4911 4889 4886 4915 4912 4916 4913 4917 4914 4918 4915 4916 4913 4918 4915 4919 4916 4918 4915 4920 4917 4919 4916 4919 4916 4920 4917 4921 4918 4919 4916 4921 4918 4915 4912 4915 4912 4921 4918 4922 4919 4915 4912 4922 4919 4914 4911 4923 4920 4924 4921 4925 4922 4925 4922 4924 4921 4926 4923 4926 4923 4924 4921 4927 4924 4926 4923 4927 4924 4916 4913 4916 4913 4927 4924 4928 4925 4916 4913 4928 4925 4917 4914 4929 4926 4930 4927 4925 4922 4925 4922 4930 4927 4931 4928 4925 4922 4931 4928 4923 4920 4932 4929 4933 4930 4934 4931 4934 4931 4933 4930 4935 4932 4934 4931 4935 4932 4929 4926 4929 4926 4935 4932 4936 4933 4929 4926 4936 4933 4930 4927 4937 4934 4938 4935 4939 4936 4939 4936 4938 4935 4940 4937 4939 4936 4940 4937 4941 4938 4941 4938 4940 4937 4934 4931 4934 4931 4940 4937 4942 4939 4934 4931 4942 4939 4932 4929 4943 4940 4944 4941 4937 4934 4937 4934 4944 4941 4945 4942 4937 4934 4945 4942 4938 4935 4946 4943 4947 4944 4943 4940 4943 4940 4947 4944 4948 4945 4943 4940 4948 4945 4944 4941 4946 4943 4943 4940 4949 4946 4949 4946 4943 4940 4950 4947 4949 4946 4950 4947 4951 4948 4951 4948 4950 4947 4952 4949 4951 4948 4952 4949 4953 4950 4954 4951 4955 4952 4956 4953 4956 4953 4955 4952 4957 4954 4956 4953 4957 4954 4952 4949 4952 4949 4957 4954 4958 4955 4952 4949 4958 4955 4953 4950 4959 4956 4960 4957 4961 4958 4961 4958 4960 4957 4962 4959 4960 4957 4963 4960 4962 4959 4962 4959 4963 4960 4964 4961 4962 4959 4964 4961 4954 4951 4954 4951 4964 4961 4965 4962 4954 4951 4965 4962 4955 4952 4966 4963 4967 4964 4961 4958 4961 4958 4967 4964 4959 4956 4968 4965 4969 4966 4970 4967 4971 4968 256 256 255 255 4971 4968 255 255 4972 4969 4972 4969 255 255 4973 4970 4972 4969 4973 4970 4974 4971 4975 4972 4976 4973 4977 4974 4977 4974 4976 4973 4978 4975 4974 4971 4973 4970 4977 4974 4977 4974 4973 4970 4979 4976 4977 4974 4979 4976 4975 4972 4976 4973 4980 4977 4978 4975 4978 4975 4980 4977 4981 4978 4978 4975 4981 4978 4982 4979 4982 4979 4981 4978 4983 4980 4982 4979 4983 4980 4984 4981 4983 4980 4985 4982 4984 4981 4984 4981 4985 4982 4986 4983 4984 4981 4986 4983 4987 4984 4987 4984 4986 4983 4988 4985 4987 4984 4988 4985 4969 4966 4969 4966 4988 4985 4989 4986 4969 4966 4989 4986 4970 4967 4967 4964 4966 4963 4990 4987 4990 4987 4966 4963 4968 4965 4990 4987 4968 4965 4991 4988 4991 4988 4968 4965 4970 4967 4992 4989 4993 4990 4994 4991 4994 4991 4993 4990 4995 4992 4994 4991 4995 4992 4996 4993 4996 4993 4995 4992 4997 4994 4998 4995 4999 4996 5000 4997 5000 4997 4999 4996 5001 4998 5000 4997 5001 4998 5002 4999 5001 4998 5003 5000 5002 4999 5002 4999 5003 5000 5004 5001 5002 4999 5004 5001 4995 4992 4995 4992 5004 5001 5005 5002 4995 4992 5005 5002 4997 4994 5006 5003 5007 5004 5008 5005 5008 5005 5007 5004 5009 5006 5007 5004 5010 5007 5009 5006 5009 5006 5010 5007 5011 5008 5009 5006 5011 5008 5000 4997 5000 4997 5011 5008 5012 5009 5000 4997 5012 5009 4998 4995 5013 5010 5014 5011 5015 5012 5013 5010 5015 5012 5016 5013 5016 5013 5015 5012 5017 5014 5016 5013 5017 5014 5018 5015 5018 5015 5019 5016 5016 5013 5016 5013 5019 5016 5020 5017 5016 5013 5020 5017 5008 5005 5008 5005 5020 5017 5021 5018 5008 5005 5021 5018 5006 5003 5022 5019 5023 5020 5024 5021 5024 5021 5025 5022 5022 5019 5022 5019 5025 5022 5026 5023 5022 5019 5026 5023 5013 5010 5013 5010 5026 5023 5027 5024 5013 5010 5027 5024 5014 5011 5028 5025 5029 5026 5023 5020 5023 5020 5029 5026 5030 5027 5023 5020 5030 5027 5024 5021 5028 5025 5023 5020 5031 5028 5031 5028 5023 5020 5032 5029 5031 5028 5032 5029 5033 5030 5033 5030 5032 5029 5034 5031 5034 5031 5032 5029 5035 5032 5034 5031 5035 5032 5036 5033 5037 5034 5038 5035 5039 5036 5039 5036 5038 5035 5040 5037 5039 5036 5040 5037 5041 5038 5041 5038 5040 5037 5042 5039 5037 5034 5043 5040 5038 5035 5038 5035 5043 5040 5044 5041 5038 5035 5044 5041 5035 5032 5035 5032 5044 5041 5045 5042 5035 5032 5045 5042 5036 5033 5046 5043 5047 5044 5048 5045 5046 5043 5048 5045 5049 5046 5048 5045 5050 5047 5049 5046 5049 5046 5050 5047 5051 5048 5049 5046 5051 5048 5040 5037 5040 5037 5051 5048 5052 5049 5040 5037 5052 5049 5042 5039 5053 5050 5054 5051 5055 5052 5055 5052 5054 5051 5056 5053 5055 5052 5056 5053 5057 5054 5057 5054 5056 5053 5058 5055 5053 5050 5059 5056 5054 5051 5054 5051 5059 5056 5060 5057 5054 5051 5060 5057 5046 5043 5046 5043 5060 5057 5061 5058 5046 5043 5061 5058 5047 5044 5058 5055 5056 5053 5062 5059 5062 5059 5056 5053 5063 5060 5062 5059 5063 5060 5064 5061 5065 5062 5066 5063 5067 5064 250 250 252 252 5068 5065 5068 5065 252 252 5069 5066 5068 5065 5069 5066 5070 5067 5070 5067 5069 5066 5071 5068 5072 5069 5073 5070 5074 5071 5074 5071 5073 5070 5075 5072 5074 5071 5075 5072 5071 5068 5071 5068 5075 5072 5076 5073 5071 5068 5076 5073 5070 5067 5067 5064 5077 5074 5065 5062 5065 5062 5077 5074 5078 5075 5065 5062 5078 5075 5072 5069 5072 5069 5078 5075 5079 5076 5072 5069 5079 5076 5073 5070 5080 5077 5081 5078 5082 5079 5082 5079 5081 5078 5083 5080 5082 5079 5083 5080 5066 5063 5066 5063 5083 5080 5084 5081 5066 5063 5084 5081 5067 5064 5082 5079 5085 5082 5080 5077 5080 5077 5085 5082 4993 4990 5080 5077 4993 4990 4992 4989 5064 5061 5063 5060 5086 5083 5086 5083 5063 5060 5087 5084 5086 5083 5087 5084 5088 5085 5088 5085 5087 5084 5089 5086 5089 5086 5087 5084 5090 5087 5089 5086 5090 5087 5091 5088 5091 5088 5090 5087 5092 5089 5091 5088 5092 5089 5093 5090 5094 5091 5095 5092 5096 5093 5096 5093 5095 5092 5097 5094 5096 5093 5097 5094 5092 5089 5092 5089 5097 5094 5098 5095 5092 5089 5098 5095 5093 5090 5099 5096 5100 5097 5101 5098 5101 5098 5100 5097 5102 5099 5101 5098 5102 5099 5094 5091 5094 5091 5102 5099 5103 5100 5094 5091 5103 5100 5095 5092 240 240 239 239 5104 5101 5104 5101 239 239 5105 5102 5104 5101 5105 5102 5099 5096 5099 5096 5105 5102 5106 5103 5099 5096 5106 5103 5100 5097 5107 5104 5108 5105 5109 5106 5107 5104 5109 5106 5110 5107 5111 5108 5112 5109 5113 5110 5111 5108 5113 5110 5114 5111 5112 5109 5111 5108 5115 5112 5115 5112 5111 5108 5116 5113 5115 5112 5116 5113 5117 5114 5118 5115 5119 5116 5120 5117 5109 5106 5121 5118 5110 5107 5110 5107 5121 5118 5122 5119 5110 5107 5122 5119 5123 5120 5123 5120 5122 5119 5124 5121 5123 5120 5124 5121 5125 5122 5125 5122 5124 5121 5114 5111 5125 5122 5114 5111 5126 5123 5126 5123 5114 5111 5113 5110 5117 5114 5116 5113 5127 5124 5127 5124 5116 5113 5128 5125 5127 5124 5128 5125 5129 5126 5130 5127 5131 5128 5132 5129 5133 5130 5134 5131 5135 5132 5132 5129 5136 5133 5130 5127 5130 5127 5136 5133 5137 5134 5130 5127 5137 5134 5128 5125 5128 5125 5137 5134 5138 5135 5128 5125 5138 5135 5129 5126 5135 5132 5139 5136 5133 5130 5133 5130 5139 5136 5140 5137 5133 5130 5140 5137 5131 5128 5131 5128 5140 5137 5141 5138 5131 5128 5141 5138 5132 5129 5118 5115 5120 5117 5142 5139 5142 5139 5120 5117 5143 5140 5142 5139 5143 5140 5144 5141 5144 5141 5143 5140 5145 5142 5145 5142 5143 5140 5146 5143 5145 5142 5146 5143 5134 5131 5134 5131 5146 5143 5147 5144 5134 5131 5147 5144 5135 5132 1623 1623 5014 5011 1624 1624 1624 1624 5014 5011 5027 5024 1624 1624 5027 5024 844 844 1620 1620 5021 5018 1621 1621 1621 1621 5021 5018 5020 5017 1621 1621 5020 5017 1622 1622 1622 1622 5020 5017 5019 5016 1622 1622 5019 5016 1618 1618 1618 1618 5019 5016 5018 5015 1618 1618 5018 5015 1619 1619 1619 1619 5018 5015 5017 5014 1619 1619 5017 5014 1623 1623 1623 1623 5017 5014 5015 5012 1623 1623 5015 5012 5014 5011 1613 1613 4998 4995 1612 1612 1612 1612 4998 4995 5012 5009 1612 1612 5012 5009 1615 1615 1615 1615 5012 5009 5011 5008 1615 1615 5011 5008 1616 1616 1616 1616 5011 5008 5010 5007 1616 1616 5010 5007 1617 1617 1617 1617 5010 5007 5007 5004 1617 1617 5007 5004 1620 1620 1620 1620 5007 5004 5006 5003 1620 1620 5006 5003 5021 5018 1608 1608 4992 4989 1595 1595 1595 1595 4992 4989 4994 4991 1595 1595 4994 4991 1596 1596 4994 4991 4996 4993 1596 1596 1596 1596 4996 4993 4997 4994 1596 1596 4997 4994 1609 1609 1609 1609 4997 4994 5005 5002 1609 1609 5005 5002 1610 1610 1610 1610 5005 5002 5004 5001 1610 1610 5004 5001 1611 1611 1611 1611 5004 5001 5003 5000 1611 1611 5003 5000 1614 1614 1614 1614 5003 5000 5001 4998 1614 1614 5001 4998 1613 1613 1613 1613 5001 4998 4999 4996 1613 1613 4999 4996 4998 4995 5033 5030 5034 5031 1573 1573 837 837 836 836 5029 5026 5029 5026 836 836 848 848 5029 5026 848 848 5030 5027 5030 5027 848 848 847 847 5030 5027 847 847 5024 5021 844 844 5027 5024 845 845 845 845 5027 5024 5026 5023 845 845 5026 5023 5025 5022 5029 5026 5028 5025 837 837 837 837 5028 5025 5031 5028 837 837 5031 5028 839 839 839 839 5031 5028 5033 5030 839 839 5033 5030 840 840 840 840 5033 5030 1573 1573 5024 5021 847 847 5025 5022 5025 5022 847 847 846 846 5025 5022 846 846 845 845 5070 5067 5076 5073 1598 1598 4992 4989 1608 1608 5080 5077 5080 5077 1608 1608 1607 1607 5080 5077 1607 1607 5081 5078 5081 5078 1607 1607 1606 1606 5081 5078 1606 1606 5083 5080 5083 5080 1606 1606 1605 1605 5083 5080 1605 1605 5084 5081 5084 5081 1605 1605 1604 1604 5084 5081 1604 1604 5067 5064 5067 5064 1604 1604 1603 1603 5075 5072 5073 5070 1600 1600 1600 1600 5073 5070 5079 5076 1600 1600 5079 5076 1602 1602 1602 1602 5079 5076 5078 5075 1602 1602 5078 5075 1603 1603 1603 1603 5078 5075 5077 5074 1603 1603 5077 5074 5067 5064 5075 5072 1600 1600 5076 5073 5076 5073 1600 1600 1599 1599 5076 5073 1599 1599 1598 1598 5070 5067 1598 1598 5068 5065 5068 5065 1598 1598 1601 1601 5068 5065 1601 1601 250 250 1625 1625 1573 1573 5034 5031 1640 1640 5057 5054 1641 1641 1641 1641 5057 5054 5058 5055 1641 1641 5058 5055 1653 1653 1653 1653 5058 5055 5062 5059 1653 1653 5062 5059 1648 1648 1648 1648 5062 5059 5064 5061 1648 1648 5064 5061 1647 1647 1634 1634 5047 5044 1635 1635 1635 1635 5047 5044 5061 5058 1635 1635 5061 5058 1636 1636 1636 1636 5061 5058 5060 5057 1636 1636 5060 5057 1637 1637 1637 1637 5060 5057 5059 5056 1637 1637 5059 5056 1639 1639 1639 1639 5059 5056 5053 5050 1639 1639 5053 5050 1640 1640 1640 1640 5053 5050 5055 5052 1640 1640 5055 5052 5057 5054 1629 1629 5041 5038 1630 1630 1630 1630 5041 5038 5042 5039 1630 1630 5042 5039 1631 1631 1631 1631 5042 5039 5052 5049 1631 1631 5052 5049 1632 1632 1632 1632 5052 5049 5051 5048 1632 1632 5051 5048 1633 1633 1633 1633 5051 5048 5050 5047 1633 1633 5050 5047 1634 1634 1634 1634 5050 5047 5048 5045 1634 1634 5048 5045 5047 5044 5034 5031 5036 5033 1625 1625 1625 1625 5036 5033 5045 5042 1625 1625 5045 5042 1626 1626 1626 1626 5045 5042 5044 5041 1626 1626 5044 5041 1627 1627 1627 1627 5044 5041 5043 5040 1627 1627 5043 5040 1628 1628 1628 1628 5043 5040 5037 5034 1628 1628 5037 5034 1629 1629 1629 1629 5037 5034 5039 5036 1629 1629 5039 5036 5041 5038 250 250 1601 1601 1597 1597 250 250 1597 1597 262 262 145 145 147 147 1683 1683 1683 1683 1684 1684 145 145 145 145 1684 1684 1685 1685 145 145 1685 1685 143 143 1679 1679 119 119 117 117 1685 1685 1686 1686 143 143 143 143 1686 1686 1687 1687 143 143 1687 1687 117 117 117 117 1687 1687 1688 1688 117 117 1688 1688 1679 1679 1675 1675 161 161 154 154 1679 1679 1680 1680 119 119 119 119 1680 1680 1681 1681 119 119 1681 1681 132 132 132 132 1681 1681 1682 1682 132 132 1682 1682 156 156 156 156 1682 1682 1673 1673 156 156 1673 1673 154 154 154 154 1673 1673 1674 1674 154 154 1674 1674 1675 1675 1675 1675 1676 1676 161 161 161 161 1676 1676 1677 1677 161 161 1677 1677 160 160 160 160 1677 1677 1678 1678 160 160 1678 1678 248 248 248 248 1678 1678 249 249 249 249 1678 1678 1669 1669 249 249 1669 1669 0 0 1669 1669 1670 1670 0 0 0 0 1670 1670 1671 1671 0 0 1671 1671 1 1 1 1 1671 1671 1672 1672 1 1 1672 1672 2 2 2 2 1672 1672 1663 1663 2 2 1663 1663 167 167 167 167 1663 1663 1664 1664 167 167 1664 1664 181 181 181 181 1664 1664 1665 1665 181 181 1665 1665 202 202 1665 1665 1666 1666 202 202 202 202 1666 1666 1667 1667 202 202 1667 1667 204 204 204 204 1667 1667 1668 1668 204 204 1668 1668 206 206 206 206 1668 1668 1659 1659 206 206 1659 1659 235 235 242 242 1657 1657 238 238 238 238 1657 1657 1658 1658 238 238 1658 1658 239 239 239 239 1658 1658 1638 1638 239 239 1638 1638 1654 1654 1659 1659 1660 1660 235 235 235 235 1660 1660 1661 1661 235 235 1661 1661 213 213 213 213 1661 1661 1662 1662 213 213 1662 1662 241 241 241 241 1662 1662 1655 1655 241 241 1655 1655 242 242 242 242 1655 1655 1656 1656 242 242 1656 1656 1657 1657 1597 1597 1723 1723 262 262 262 262 1723 1723 1717 1717 262 262 1717 1717 261 261 1717 1717 1718 1718 261 261 261 261 1718 1718 1719 1719 261 261 1719 1719 259 259 259 259 1719 1719 1720 1720 259 259 1720 1720 6 6 6 6 1720 1720 1721 1721 6 6 1721 1721 19 19 19 19 1721 1721 1722 1722 19 19 1722 1722 17 17 17 17 1722 1722 1713 1713 17 17 1713 1713 34 34 1713 1713 1714 1714 34 34 34 34 1714 1714 1715 1715 34 34 1715 1715 36 36 36 36 1715 1715 1716 1716 36 36 1716 1716 38 38 38 38 1716 1716 1709 1709 38 38 1709 1709 5 5 1703 1703 67 67 58 58 1709 1709 1710 1710 5 5 5 5 1710 1710 1711 1711 5 5 1711 1711 58 58 58 58 1711 1711 1712 1712 58 58 1712 1712 1703 1703 1699 1699 78 78 81 81 1703 1703 1704 1704 67 67 67 67 1704 1704 1705 1705 67 67 1705 1705 72 72 72 72 1705 1705 1706 1706 72 72 1706 1706 70 70 70 70 1706 1706 1707 1707 70 70 1707 1707 81 81 81 81 1707 1707 1708 1708 81 81 1708 1708 1699 1699 1699 1699 1700 1700 78 78 78 78 1700 1700 1701 1701 78 78 1701 1701 75 75 75 75 1701 1701 1702 1702 75 75 1702 1702 76 76 76 76 1702 1702 1693 1693 76 76 1693 1693 91 91 1693 1693 1694 1694 91 91 91 91 1694 1694 1695 1695 91 91 1695 1695 90 90 1689 1689 149 149 151 151 1695 1695 1696 1696 90 90 90 90 1696 1696 1697 1697 90 90 1697 1697 151 151 151 151 1697 1697 1698 1698 151 151 1698 1698 1689 1689 1689 1689 1690 1690 149 149 149 149 1690 1690 1691 1691 149 149 1691 1691 147 147 147 147 1691 1691 1692 1692 147 147 1692 1692 1683 1683 5088 5085 5089 5086 1645 1645 239 239 1654 1654 5105 5102 5105 5102 1654 1654 1652 1652 5105 5102 1652 1652 5106 5103 5106 5103 1652 1652 1651 1651 5106 5103 1651 1651 5100 5097 5100 5097 1651 1651 1650 1650 5100 5097 1650 1650 5102 5099 5102 5099 1650 1650 1649 1649 5102 5099 1649 1649 5103 5100 5103 5100 1649 1649 1644 1644 5091 5088 5093 5090 1642 1642 1642 1642 5093 5090 5098 5095 1642 1642 5098 5095 1643 1643 1643 1643 5098 5095 5097 5094 1643 1643 5097 5094 1644 1644 1644 1644 5097 5094 5095 5092 1644 1644 5095 5092 5103 5100 5091 5088 1642 1642 5089 5086 5089 5086 1642 1642 1646 1646 5089 5086 1646 1646 1645 1645 5088 5085 1645 1645 5086 5083 5086 5083 1645 1645 1647 1647 5086 5083 1647 1647 5064 5061 5148 5145 5149 5146 5150 5147 5151 5148 5152 5149 5153 5150 5154 5151 5155 5152 5119 5116 5119 5116 5155 5152 5156 5153 5152 5149 5146 5143 5153 5150 5153 5150 5146 5143 5143 5140 5153 5150 5143 5140 5156 5153 5156 5153 5143 5140 5120 5117 5156 5153 5120 5117 5119 5116 5063 5060 5157 5154 5087 5084 5087 5084 5157 5154 5158 5155 5087 5084 5158 5155 5090 5087 5090 5087 5158 5155 5092 5089 5092 5089 5158 5155 5159 5156 5092 5089 5159 5156 5096 5093 5096 5093 5159 5156 5094 5091 5094 5091 5159 5156 5160 5157 5094 5091 5160 5157 5101 5098 5101 5098 5160 5157 5099 5096 5099 5096 5160 5157 5161 5158 5099 5096 5161 5158 5104 5101 5162 5159 5163 5160 5161 5158 5161 5158 5163 5160 5164 5161 5161 5158 5164 5161 5104 5101 5104 5101 5164 5161 5165 5162 5104 5101 5165 5162 240 240 5166 5163 5167 5164 5168 5165 5168 5165 5167 5164 5169 5166 5168 5165 5169 5166 5170 5167 5154 5151 5170 5167 5155 5152 5155 5152 5170 5167 5169 5166 5155 5152 5169 5166 5156 5153 5156 5153 5169 5166 5171 5168 5156 5153 5171 5168 5153 5150 5153 5150 5171 5168 5150 5147 5153 5150 5150 5147 5151 5148 5151 5148 5150 5147 5149 5146 5157 5154 5148 5145 5158 5155 5158 5155 5148 5145 5150 5147 5158 5155 5150 5147 5159 5156 5159 5156 5150 5147 5171 5168 5159 5156 5171 5168 5160 5157 5160 5157 5171 5168 5169 5166 5160 5157 5169 5166 5161 5158 5161 5158 5169 5166 5167 5164 5161 5158 5167 5164 5162 5159 5157 5154 5063 5060 5056 5053 5149 5146 5148 5145 5172 5169 5152 5149 5151 5148 5173 5170 5174 5171 5175 5172 5176 5173 5177 5174 5178 5175 5179 5176 5180 5177 5123 5120 5125 5122 5146 5143 5152 5149 5147 5144 5147 5144 5152 5149 5173 5170 5147 5144 5173 5170 5135 5132 5135 5132 5173 5170 5181 5178 5135 5132 5181 5178 5139 5136 5139 5136 5181 5178 5182 5179 5139 5136 5182 5179 5140 5137 5140 5137 5182 5179 5183 5180 5140 5137 5183 5180 5141 5138 5141 5138 5183 5180 5184 5181 5141 5138 5184 5181 5132 5129 5132 5129 5184 5181 5185 5182 5132 5129 5185 5182 5136 5133 5136 5133 5185 5182 5186 5183 5136 5133 5186 5183 5137 5134 5137 5134 5186 5183 5187 5184 5137 5134 5187 5184 5138 5135 5138 5135 5187 5184 5188 5185 5138 5135 5188 5185 5129 5126 5129 5126 5188 5185 5189 5186 5129 5126 5189 5186 5127 5124 5127 5124 5189 5186 5190 5187 5127 5124 5190 5187 5117 5114 5117 5114 5190 5187 5191 5188 5117 5114 5191 5188 5115 5112 5115 5112 5191 5188 5192 5189 5115 5112 5192 5189 5112 5109 5112 5109 5192 5189 5193 5190 5112 5109 5193 5190 5113 5110 5113 5110 5193 5190 5194 5191 5113 5110 5194 5191 5126 5123 5126 5123 5194 5191 5195 5192 5126 5123 5195 5192 5125 5122 5125 5122 5195 5192 5179 5176 5125 5122 5179 5176 5180 5177 5180 5177 5179 5176 5178 5175 5151 5148 5149 5146 5173 5170 5173 5170 5149 5146 5172 5169 5173 5170 5172 5169 5181 5178 5181 5178 5172 5169 5196 5193 5181 5178 5196 5193 5182 5179 5182 5179 5196 5193 5197 5194 5182 5179 5197 5194 5183 5180 5183 5180 5197 5194 5198 5195 5183 5180 5198 5195 5184 5181 5184 5181 5198 5195 5199 5196 5184 5181 5199 5196 5185 5182 5185 5182 5199 5196 5200 5197 5185 5182 5200 5197 5186 5183 5186 5183 5200 5197 5201 5198 5186 5183 5201 5198 5187 5184 5187 5184 5201 5198 5202 5199 5187 5184 5202 5199 5188 5185 5188 5185 5202 5199 5203 5200 5188 5185 5203 5200 5189 5186 5189 5186 5203 5200 5204 5201 5189 5186 5204 5201 5190 5187 5190 5187 5204 5201 5205 5202 5190 5187 5205 5202 5191 5188 5191 5188 5205 5202 5206 5203 5191 5188 5206 5203 5192 5189 5192 5189 5206 5203 5207 5204 5192 5189 5207 5204 5193 5190 5193 5190 5207 5204 5208 5205 5193 5190 5208 5205 5194 5191 5194 5191 5208 5205 5209 5206 5194 5191 5209 5206 5195 5192 5195 5192 5209 5206 5210 5207 5195 5192 5210 5207 5179 5176 5179 5176 5210 5207 5176 5173 5179 5176 5176 5173 5177 5174 5177 5174 5176 5173 5175 5172 5148 5145 5157 5154 5172 5169 5172 5169 5157 5154 5056 5053 5172 5169 5056 5053 5196 5193 5196 5193 5056 5053 5054 5051 5196 5193 5054 5051 5197 5194 5197 5194 5054 5051 5046 5043 5197 5194 5046 5043 5198 5195 5198 5195 5046 5043 5049 5046 5198 5195 5049 5046 5199 5196 5199 5196 5049 5046 5040 5037 5199 5196 5040 5037 5200 5197 5200 5197 5040 5037 5038 5035 5200 5197 5038 5035 5201 5198 5201 5198 5038 5035 5035 5032 5201 5198 5035 5032 5202 5199 5202 5199 5035 5032 5032 5029 5202 5199 5032 5029 5203 5200 5203 5200 5032 5029 5023 5020 5203 5200 5023 5020 5204 5201 5204 5201 5023 5020 5022 5019 5204 5201 5022 5019 5205 5202 5205 5202 5022 5019 5013 5010 5205 5202 5013 5010 5206 5203 5206 5203 5013 5010 5016 5013 5206 5203 5016 5013 5207 5204 5207 5204 5016 5013 5008 5005 5207 5204 5008 5005 5208 5205 5208 5205 5008 5005 5009 5006 5208 5205 5009 5006 5209 5206 5209 5206 5009 5006 5000 4997 5209 5206 5000 4997 5210 5207 5210 5207 5000 4997 5002 4999 5210 5207 5002 4999 5176 5173 5176 5173 5002 4999 4995 4992 5176 5173 4995 4992 5174 5171 5174 5171 4995 4992 4993 4990 5178 5175 5177 5174 5211 5208 4993 4990 5085 5082 5174 5171 5174 5171 5085 5082 5212 5209 5174 5171 5212 5209 5175 5172 5123 5120 5180 5177 5110 5107 5110 5107 5180 5177 5213 5210 5110 5107 5213 5210 5107 5104 5107 5104 5213 5210 5214 5211 5107 5104 5214 5211 5108 5105 5108 5105 5214 5211 5215 5212 5216 5213 5217 5214 5215 5212 5215 5212 5217 5214 5218 5215 5215 5212 5218 5215 5108 5105 5219 5216 5220 5217 5221 5218 5222 5219 5223 5220 5224 5221 5069 5066 252 252 5225 5222 5225 5222 5223 5220 5069 5066 5069 5066 5223 5220 5222 5219 5069 5066 5222 5219 5071 5068 5071 5068 5222 5219 5226 5223 5227 5224 5072 5069 5226 5223 5226 5223 5072 5069 5074 5071 5226 5223 5074 5071 5071 5068 5085 5082 5082 5079 5212 5209 5212 5209 5082 5079 5066 5063 5212 5209 5066 5063 5227 5224 5227 5224 5066 5063 5065 5062 5227 5224 5065 5062 5072 5069 5180 5177 5178 5175 5213 5210 5213 5210 5178 5175 5211 5208 5213 5210 5211 5208 5214 5211 5214 5211 5211 5208 5228 5225 5214 5211 5228 5225 5215 5212 5215 5212 5228 5225 5219 5216 5215 5212 5219 5216 5216 5213 5216 5213 5219 5216 5221 5218 5177 5174 5175 5172 5211 5208 5211 5208 5175 5172 5212 5209 5211 5208 5212 5209 5228 5225 5228 5225 5212 5209 5227 5224 5228 5225 5227 5224 5219 5216 5219 5216 5227 5224 5226 5223 5219 5216 5226 5223 5220 5217 5220 5217 5226 5223 5222 5219 5220 5217 5222 5219 5229 5226 5229 5226 5222 5219 5224 5221 5225 5222 252 252 254 254 256 256 5224 5221 254 254 254 254 5224 5221 5223 5220 254 254 5223 5220 5225 5222 5108 5105 5218 5215 4977 4974 4977 4974 5218 5215 5217 5214 4977 4974 5217 5214 4974 4971 4974 4971 5217 5214 5216 5213 4974 4971 5216 5213 4972 4969 4972 4969 5216 5213 5221 5218 4972 4969 5221 5218 4971 4968 4971 4968 5221 5218 5220 5217 4971 4968 5220 5217 256 256 256 256 5220 5217 5229 5226 256 256 5229 5226 5224 5221 4966 4963 5124 5121 5122 5119 4977 4974 4978 4975 5108 5105 5108 5105 4978 4975 5109 5106 4978 4975 4982 4979 5109 5106 5109 5106 4982 4979 4984 4981 5109 5106 4984 4981 5121 5118 4984 4981 4987 4984 5121 5118 5121 5118 4987 4984 4969 4966 5121 5118 4969 4966 5122 5119 5122 5119 4969 4966 4968 4965 5122 5119 4968 4965 4966 4963 5124 5121 4966 4963 4961 4958 4954 4951 5111 5108 5114 5111 5124 5121 4961 4958 5114 5111 5114 5111 4961 4958 4962 4959 5114 5111 4962 4959 4954 4951 4943 4940 5128 5125 5116 5113 4954 4951 4956 4953 5111 5108 5111 5108 4956 4953 4952 4949 5111 5108 4952 4949 5116 5113 5116 5113 4952 4949 4950 4947 5116 5113 4950 4947 4943 4940 4943 4940 4937 4934 5128 5125 5128 5125 4937 4934 4939 4936 5128 5125 4939 4936 5130 5127 4939 4936 4941 4938 5130 5127 5130 5127 4941 4938 4934 4931 5130 5127 4934 4931 5131 5128 4934 4931 4929 4926 5131 5128 5131 5128 4929 4926 4925 4922 5131 5128 4925 4922 5133 5130 4925 4922 4926 4923 5133 5130 5133 5130 4926 4923 4916 4913 5133 5130 4916 4913 5134 5131 4889 4886 5145 5142 4915 4912 4915 4912 5145 5142 5134 5131 4915 4912 5134 5131 4919 4916 4919 4916 5134 5131 4916 4913 5145 5142 4889 4886 4888 4885 4906 4903 5119 5116 4903 4900 4903 4900 5119 5116 5118 5115 5145 5142 4888 4885 5144 5141 5144 5141 4888 4885 4891 4888 5144 5141 4891 4888 5142 5139 4891 4888 4896 4893 5142 5139 5142 5139 4896 4893 4898 4895 5142 5139 4898 4895 5118 5115 5118 5115 4898 4895 4901 4898 5118 5115 4901 4898 4903 4900 5163 5160 5162 5159 247 247 247 247 5162 5159 5167 5164 247 247 5167 5164 4913 4910 5167 5164 5166 5163 4913 4910 4913 4910 5166 5163 5168 5165 4913 4910 5168 5165 4911 4908 4911 4908 5168 5165 5170 5167 4911 4908 5170 5167 4908 4905 4908 4905 5170 5167 5154 5151 4908 4905 5154 5151 4906 4903 4906 4903 5154 5151 5119 5116 5163 5160 247 247 5164 5161 5164 5161 247 247 246 246 5164 5161 246 246 5165 5162 5165 5162 246 246 240 240 115 115 2715 2714 2713 2712 115 115 2713 2712 126 126 126 126 2713 2712 2712 2711 126 126 2712 2711 128 128 128 128 2712 2711 2720 2719 128 128 2720 2719 129 129 129 129 2720 2719 2723 2722 129 129 2723 2722 121 121 121 121 2723 2722 2708 2707 121 121 2708 2707 123 123 123 123 2708 2707 2703 2702 123 123 2703 2702 135 135 135 135 2703 2702 2696 2695 135 135 2696 2695 136 136 2741 2740 164 164 2742 2741 2742 2741 164 164 163 163 157 157 2733 2732 114 114 114 114 2733 2732 2715 2714 114 114 2715 2714 115 115 2741 2740 2738 2737 164 164 164 164 2738 2737 2729 2728 164 164 2729 2728 155 155 155 155 2729 2728 2737 2736 155 155 2737 2736 157 157 157 157 2737 2736 2734 2733 157 157 2734 2733 2733 2732 2684 2683 141 141 2685 2684 2685 2684 141 141 140 140 138 138 136 136 2696 2695 2696 2695 2699 2698 138 138 138 138 2699 2698 2687 2686 138 138 2687 2686 139 139 2687 2686 2690 2689 139 139 139 139 2690 2689 2692 2691 139 139 2692 2691 140 140 140 140 2692 2691 2686 2685 140 140 2686 2685 2685 2684 2742 2741 163 163 2087 2086 2087 2086 163 163 162 162 2098 2097 142 142 2684 2683 2684 2683 142 142 141 141 169 169 180 180 2091 2090 2091 2090 2092 2091 169 169 169 169 2092 2091 2093 2092 169 169 2093 2092 158 158 158 158 2093 2092 2090 2089 158 158 2090 2089 159 159 159 159 2090 2089 2088 2087 159 159 2088 2087 162 162 162 162 2088 2087 2087 2086 144 144 142 142 2098 2097 2098 2097 2099 2098 144 144 144 144 2099 2098 2100 2099 144 144 2100 2099 146 146 2104 2103 150 150 148 148 2100 2099 2101 2100 146 146 146 146 2101 2100 2102 2101 146 146 2102 2101 148 148 148 148 2102 2101 2103 2102 148 148 2103 2102 2104 2103 2104 2103 2105 2104 150 150 150 150 2105 2104 2106 2105 150 150 2106 2105 152 152 152 152 2106 2105 2096 2095 152 152 2096 2095 153 153 153 153 2096 2095 2095 2094 2091 2090 180 180 2759 2758 2759 2758 180 180 174 174 2669 2668 88 88 2095 2094 2095 2094 88 88 153 153 200 200 199 199 2769 2768 2767 2766 171 171 2772 2771 2772 2771 171 171 200 200 2772 2771 200 200 2771 2770 2771 2770 200 200 2769 2768 2759 2758 174 174 2760 2759 2760 2759 174 174 172 172 2760 2759 172 172 2761 2760 2761 2760 172 172 171 171 2761 2760 171 171 2763 2762 2763 2762 171 171 2767 2766 2642 2641 109 109 2660 2659 2660 2659 109 109 108 108 2668 2667 89 89 2669 2668 2669 2668 89 89 88 88 2668 2667 2665 2664 89 89 89 89 2665 2664 2656 2655 89 89 2656 2655 85 85 85 85 2656 2655 2664 2663 85 85 2664 2663 108 108 108 108 2664 2663 2661 2660 108 108 2661 2660 2660 2659 185 185 2791 2790 2773 2772 185 185 2773 2772 187 187 187 187 2773 2772 2790 2789 187 187 2790 2789 189 189 189 189 2790 2789 2789 2788 189 189 2789 2788 191 191 191 191 2789 2788 2784 2783 191 191 2784 2783 193 193 193 193 2784 2783 2776 2775 193 193 2776 2775 195 195 195 195 2776 2775 2774 2773 195 195 2774 2773 197 197 197 197 2774 2773 2769 2768 197 197 2769 2768 199 199 109 109 2642 2641 2640 2639 109 109 2640 2639 111 111 111 111 2640 2639 2639 2638 111 111 2639 2638 112 112 112 112 2639 2638 2647 2646 112 112 2647 2646 101 101 101 101 2647 2646 2650 2649 101 101 2650 2649 103 103 103 103 2650 2649 2635 2634 103 103 2635 2634 105 105 105 105 2635 2634 2630 2629 105 105 2630 2629 106 106 106 106 2630 2629 2623 2622 106 106 2623 2622 94 94 2806 2805 165 165 2808 2807 2808 2807 165 165 183 183 2806 2805 2805 2804 165 165 165 165 2805 2804 2802 2801 165 165 2802 2801 166 166 2791 2790 185 185 2798 2797 2798 2797 185 185 175 175 2798 2797 175 175 2796 2795 2796 2795 175 175 166 166 2796 2795 166 166 2801 2800 2801 2800 166 166 2802 2801 2611 2610 82 82 2612 2611 2612 2611 82 82 80 80 94 94 2623 2622 96 96 96 96 2623 2622 2626 2625 96 96 2626 2625 77 77 77 77 2626 2625 2614 2613 77 77 2614 2613 79 79 2614 2613 2617 2616 79 79 79 79 2617 2616 2619 2618 79 79 2619 2618 80 80 80 80 2619 2618 2613 2612 80 80 2613 2612 2612 2611 2808 2807 183 183 2082 2081 2082 2081 183 183 182 182 2111 2110 83 83 2611 2610 2611 2610 83 83 82 82 2082 2081 182 182 2083 2082 2083 2082 182 182 210 210 2083 2082 210 210 209 209 84 84 83 83 2111 2110 2108 2107 74 74 2109 2108 2109 2108 74 74 73 73 2109 2108 73 73 2114 2113 2114 2113 73 73 71 71 2114 2113 71 71 2113 2112 2113 2112 71 71 84 84 2113 2112 84 84 2112 2111 2112 2111 84 84 2111 2110 2083 2082 209 209 2821 2820 2821 2820 209 209 208 208 2598 2597 68 68 2108 2107 2108 2107 68 68 74 74 2827 2826 203 203 2824 2823 2824 2823 203 203 205 205 2824 2823 205 205 2836 2835 2836 2835 205 205 207 207 2836 2835 207 207 2833 2832 2833 2832 207 207 218 218 2821 2820 208 208 2822 2821 2822 2821 208 208 201 201 2822 2821 201 201 2823 2822 2823 2822 201 201 203 203 2823 2822 203 203 2829 2828 2829 2828 203 203 2827 2826 2596 2595 69 69 2598 2597 2598 2597 69 69 68 68 2596 2595 2595 2594 69 69 69 69 2595 2594 2592 2591 69 69 2592 2591 59 59 2581 2580 46 46 2588 2587 2588 2587 46 46 45 45 2588 2587 45 45 2586 2585 2586 2585 45 45 59 59 2586 2585 59 59 2591 2590 2591 2590 59 59 2592 2591 224 224 2353 2352 2850 2849 224 224 2850 2849 226 226 226 226 2850 2849 2849 2848 226 226 2849 2848 228 228 228 228 2849 2848 2855 2854 228 228 2855 2854 230 230 230 230 2855 2854 2858 2857 230 230 2858 2857 231 231 231 231 2858 2857 2845 2844 231 231 2845 2844 222 222 222 222 2845 2844 2840 2839 222 222 2840 2839 220 220 220 220 2840 2839 2833 2832 220 220 2833 2832 218 218 46 46 2581 2580 2563 2562 46 46 2563 2562 48 48 48 48 2563 2562 2580 2579 48 48 2580 2579 50 50 50 50 2580 2579 2579 2578 50 50 2579 2578 52 52 52 52 2579 2578 2574 2573 52 52 2574 2573 54 54 54 54 2574 2573 2566 2565 54 54 2566 2565 56 56 56 56 2566 2565 2564 2563 56 56 2564 2563 57 57 57 57 2564 2563 2559 2558 57 57 2559 2558 43 43 2364 2363 211 211 2361 2360 2361 2360 211 211 243 243 2361 2360 243 243 2379 2378 2379 2378 243 243 244 244 2353 2352 224 224 2351 2350 2351 2350 224 224 215 215 2351 2350 215 215 2356 2355 2356 2355 215 215 214 214 2356 2355 214 214 2364 2363 2364 2363 214 214 212 212 2364 2363 212 212 211 211 42 42 43 43 2559 2558 2557 2556 41 41 2562 2561 2562 2561 41 41 42 42 2562 2561 42 42 2561 2560 2561 2560 42 42 2559 2558 2549 2548 61 61 2550 2549 2550 2549 61 61 60 60 2550 2549 60 60 2551 2550 2551 2550 60 60 41 41 2551 2550 41 41 2553 2552 2553 2552 41 41 2557 2556 245 245 2437 2436 244 244 244 244 2437 2436 2379 2378 2267 2266 62 62 2549 2548 2549 2548 62 62 61 61 2437 2436 245 245 4912 4909 2437 2436 4912 4909 2438 2437 4912 4909 4910 4907 2438 2437 2438 2437 4910 4907 4909 4906 2438 2437 4909 4906 2455 2454 2455 2454 4909 4906 4907 4904 2455 2454 4907 4904 2453 2452 4907 4904 4905 4902 2453 2452 2453 2452 4905 4902 4904 4901 2453 2452 4904 4901 2451 2450 2451 2450 4904 4901 4902 4899 2451 2450 4902 4899 2452 2451 2452 2451 4902 4899 4900 4897 2452 2451 4900 4897 2454 2453 2454 2453 4900 4897 4899 4896 4899 4896 4897 4894 2454 2453 2454 2453 4897 4894 4895 4892 2454 2453 4895 4892 2456 2455 2456 2455 4895 4892 4894 4891 2456 2455 4894 4891 2385 2384 2385 2384 4894 4891 4893 4890 2385 2384 4893 4890 2386 2385 2386 2385 4893 4890 4892 4889 2386 2385 4892 4889 2387 2386 2387 2386 4892 4889 4890 4887 62 62 2267 2266 39 39 39 39 2267 2266 2266 2265 39 39 2266 2265 40 40 2413 2412 4959 4956 2449 2448 2449 2448 4959 4956 2435 2434 2435 2434 4959 4956 4967 4964 2435 2434 4967 4964 2442 2441 2441 2440 4964 4961 2412 2411 2412 2411 4964 4961 4963 4960 2412 2411 4963 4960 2413 2412 2413 2412 4963 4960 4960 4957 2413 2412 4960 4957 4959 4956 2408 2407 4951 4948 2393 2392 2393 2392 4951 4948 4953 4950 2393 2392 4953 4950 2394 2393 2394 2393 4953 4950 4958 4955 2394 2393 4958 4955 2439 2438 2439 2438 4958 4955 4957 4954 2439 2438 4957 4954 2440 2439 2440 2439 4957 4954 4955 4952 2440 2439 4955 4952 2441 2440 2441 2440 4955 4952 4965 4962 2441 2440 4965 4962 4964 4961 2405 2404 2407 2406 4944 4941 4944 4941 4948 4945 2405 2404 2405 2404 4948 4945 4947 4944 2405 2404 4947 4944 2403 2402 2403 2402 4947 4944 4946 4943 2403 2402 4946 4943 2408 2407 2408 2407 4946 4943 4949 4946 2408 2407 4949 4946 4951 4948 2421 2420 4933 4930 2419 2418 2419 2418 4933 4930 4932 4929 2419 2418 4932 4929 2417 2416 2417 2416 4932 4929 4942 4939 2417 2416 4942 4939 2392 2391 2392 2391 4942 4939 4940 4937 2392 2391 4940 4937 2430 2429 2430 2429 4940 4937 2428 2427 2428 2427 4940 4937 4938 4935 2428 2427 4938 4935 2407 2406 2407 2406 4938 4935 4945 4942 2407 2406 4945 4942 4944 4941 2399 2398 4931 4928 2401 2400 2401 2400 4931 4928 4930 4927 2401 2400 4930 4927 2423 2422 2423 2422 4930 4927 4936 4933 2423 2422 4936 4933 2421 2420 2421 2420 4936 4933 4935 4932 2421 2420 4935 4932 4933 4930 2415 2414 4917 4914 2416 2415 2416 2415 4917 4914 4928 4925 2416 2415 4928 4925 2397 2396 2397 2396 4928 4925 4927 4924 2397 2396 4927 4924 2398 2397 2398 2397 4927 4924 4924 4921 2398 2397 4924 4921 2399 2398 2399 2398 4924 4921 4923 4920 2399 2398 4923 4920 4931 4928 2388 2387 2387 2386 4890 4887 4890 4887 4914 4911 2388 2387 2388 2387 4914 4911 4922 4919 2388 2387 4922 4919 2389 2388 2389 2388 4922 4919 4921 4918 2389 2388 4921 4918 2414 2413 2414 2413 4921 4918 4920 4917 2414 2413 4920 4917 2415 2414 2415 2414 4920 4917 4918 4915 2415 2414 4918 4915 4917 4914 2532 2531 37 37 2266 2265 2266 2265 37 37 40 40 2442 2441 4967 4964 4990 4987 2442 2441 4990 4987 2444 2443 4990 4987 4991 4988 2444 2443 2444 2443 4991 4988 4970 4967 2444 2443 4970 4967 2445 2444 2445 2444 4970 4967 4989 4986 2445 2444 4989 4986 2443 2442 4989 4986 4988 4985 2443 2442 2443 2442 4988 4985 4986 4983 2443 2442 4986 4983 2448 2447 2448 2447 4986 4983 4985 4982 2448 2447 4985 4982 2447 2446 2447 2446 4985 4982 4983 4980 2447 2446 4983 4980 2446 2445 2446 2445 4983 4980 4981 4978 4981 4978 4980 4977 2446 2445 2446 2445 4980 4977 4976 4973 2446 2445 4976 4973 2433 2432 2433 2432 4976 4973 4975 4972 2433 2432 4975 4972 2434 2433 2434 2433 4975 4972 4979 4976 2434 2433 4979 4976 2436 2435 2436 2435 4979 4976 4973 4970 2436 2435 4973 4970 2450 2449 2450 2449 4973 4970 255 255 2523 2522 2505 2504 29 29 2531 2530 35 35 2532 2531 2532 2531 35 35 37 37 2531 2530 2528 2527 35 35 35 35 2528 2527 2519 2518 35 35 2519 2518 33 33 29 29 31 31 2523 2522 2523 2522 31 31 32 32 2523 2522 32 32 2524 2523 2524 2523 32 32 33 33 2524 2523 33 33 2527 2526 2527 2526 33 33 2519 2518 253 253 2411 2410 255 255 255 255 2411 2410 2450 2449 29 29 2505 2504 2503 2502 29 29 2503 2502 28 28 28 28 2503 2502 2502 2501 28 28 2502 2501 26 26 26 26 2502 2501 2510 2509 26 26 2510 2509 24 24 24 24 2510 2509 2513 2512 24 24 2513 2512 22 22 22 22 2513 2512 2498 2497 22 22 2498 2497 14 14 14 14 2498 2497 2493 2492 14 14 2493 2492 12 12 12 12 2493 2492 2490 2489 12 12 2490 2489 10 10 10 10 2490 2489 8 8 8 8 2490 2489 2483 2482 8 8 2483 2482 257 257 257 257 2483 2482 2480 2479 257 257 2480 2479 258 258 258 258 2480 2479 2468 2467 2411 2410 253 253 2457 2456 2457 2456 253 253 251 251 2457 2456 251 251 2468 2467 2468 2467 251 251 260 260 2468 2467 260 260 258 258 310 310 5230 5227 264 264 264 264 5230 5227 5231 5228 264 264 5231 5228 266 266 266 266 5231 5228 5232 5229 266 266 5232 5229 268 268 268 268 5232 5229 5233 5230 268 268 5233 5230 270 270 270 270 5233 5230 5234 5231 270 270 5234 5231 272 272 272 272 5234 5231 5235 5232 272 272 5235 5232 274 274 274 274 5235 5232 5236 5233 274 274 5236 5233 277 277 277 277 5236 5233 5237 5234 277 277 5237 5234 279 279 279 279 5237 5234 5238 5235 279 279 5238 5235 281 281 281 281 5238 5235 5239 5236 281 281 5239 5236 283 283 283 283 5239 5236 5240 5237 283 283 5240 5237 285 285 285 285 5240 5237 5241 5238 285 285 5241 5238 287 287 287 287 5241 5238 5242 5239 287 287 5242 5239 289 289 289 289 5242 5239 5243 5240 289 289 5243 5240 291 291 291 291 5243 5240 5244 5241 291 291 5244 5241 293 293 293 293 5244 5241 5245 5242 293 293 5245 5242 295 295 295 295 5245 5242 5246 5243 295 295 5246 5243 297 297 297 297 5246 5243 5247 5244 297 297 5247 5244 299 299 299 299 5247 5244 5248 5245 299 299 5248 5245 301 301 301 301 5248 5245 5249 5246 301 301 5249 5246 303 303 303 303 5249 5246 5250 5247 303 303 5250 5247 305 305 305 305 5250 5247 5251 5248 305 305 5251 5248 307 307 307 307 5251 5248 5252 5249 307 307 5252 5249 309 309 309 309 5252 5249 5253 5250 309 309 5253 5250 310 310 310 310 5253 5250 5230 5227 5253 5250 5254 5251 5230 5227 5230 5227 5254 5251 5255 5252 5230 5227 5255 5252 5231 5228 5231 5228 5255 5252 5256 5253 5231 5228 5256 5253 5232 5229 5232 5229 5256 5253 5257 5254 5232 5229 5257 5254 5233 5230 5233 5230 5257 5254 5258 5255 5233 5230 5258 5255 5234 5231 5234 5231 5258 5255 5259 5256 5234 5231 5259 5256 5235 5232 5235 5232 5259 5256 5260 5257 5235 5232 5260 5257 5236 5233 5236 5233 5260 5257 5261 5258 5236 5233 5261 5258 5237 5234 5237 5234 5261 5258 5262 5259 5237 5234 5262 5259 5238 5235 5238 5235 5262 5259 5263 5260 5238 5235 5263 5260 5239 5236 5239 5236 5263 5260 5264 5261 5239 5236 5264 5261 5240 5237 5240 5237 5264 5261 5265 5262 5240 5237 5265 5262 5241 5238 5241 5238 5265 5262 5266 5263 5241 5238 5266 5263 5242 5239 5242 5239 5266 5263 5267 5264 5242 5239 5267 5264 5243 5240 5243 5240 5267 5264 5268 5265 5243 5240 5268 5265 5244 5241 5244 5241 5268 5265 5269 5266 5244 5241 5269 5266 5245 5242 5245 5242 5269 5266 5270 5267 5245 5242 5270 5267 5246 5243 5246 5243 5270 5267 5271 5268 5246 5243 5271 5268 5247 5244 5247 5244 5271 5268 5272 5269 5247 5244 5272 5269 5248 5245 5248 5245 5272 5269 5273 5270 5248 5245 5273 5270 5249 5246 5249 5246 5273 5270 5274 5271 5249 5246 5274 5271 5250 5247 5250 5247 5274 5271 5275 5272 5250 5247 5275 5272 5251 5248 5251 5248 5275 5272 5276 5273 5251 5248 5276 5273 5252 5249 5252 5249 5276 5273 5277 5274 5252 5249 5277 5274 5253 5250 5253 5250 5277 5274 5254 5251 5277 5274 4105 4104 5254 5251 5254 5251 4105 4104 4059 4058 5254 5251 4059 4058 5255 5252 5255 5252 4059 4058 4061 4060 5255 5252 4061 4060 5256 5253 5256 5253 4061 4060 4063 4062 5256 5253 4063 4062 5257 5254 5257 5254 4063 4062 4065 4064 5257 5254 4065 4064 5258 5255 5258 5255 4065 4064 4067 4066 5258 5255 4067 4066 5259 5256 5259 5256 4067 4066 4069 4068 5259 5256 4069 4068 5260 5257 5260 5257 4069 4068 4071 4070 5260 5257 4071 4070 5261 5258 5261 5258 4071 4070 4073 4072 5261 5258 4073 4072 5262 5259 5262 5259 4073 4072 4075 4074 5262 5259 4075 4074 5263 5260 5263 5260 4075 4074 4077 4076 5263 5260 4077 4076 5264 5261 5264 5261 4077 4076 4079 4078 5264 5261 4079 4078 5265 5262 5265 5262 4079 4078 4081 4080 5265 5262 4081 4080 5266 5263 5266 5263 4081 4080 4083 4082 5266 5263 4083 4082 5267 5264 5267 5264 4083 4082 4085 4084 5267 5264 4085 4084 5268 5265 5268 5265 4085 4084 4087 4086 5268 5265 4087 4086 5269 5266 5269 5266 4087 4086 4089 4088 5269 5266 4089 4088 5270 5267 5270 5267 4089 4088 4091 4090 5270 5267 4091 4090 5271 5268 5271 5268 4091 4090 4093 4092 5271 5268 4093 4092 5272 5269 5272 5269 4093 4092 4095 4094 5272 5269 4095 4094 5273 5270 5273 5270 4095 4094 4097 4096 5273 5270 4097 4096 5274 5271 5274 5271 4097 4096 4099 4098 5274 5271 4099 4098 5275 5272 5275 5272 4099 4098 4101 4100 5275 5272 4101 4100 5276 5273 5276 5273 4101 4100 4103 4102 5276 5273 4103 4102 5277 5274 5277 5274 4103 4102 4105 4104 290 290 292 292 5278 5275 294 294 296 296 5279 5276 298 298 300 300 5280 5277 5281 5278 92 92 107 107 5282 5279 99 99 92 92 5283 5280 98 98 99 99 5284 5281 97 97 98 98 5285 5282 95 95 97 97 5286 5283 107 107 87 87 5286 5283 87 87 5287 5284 5287 5284 87 87 86 86 5287 5284 86 86 5288 5285 93 93 95 95 5289 5286 5289 5286 95 95 5285 5282 5289 5286 5285 5282 5290 5287 104 104 93 93 5291 5288 5291 5288 93 93 5289 5286 5291 5288 5289 5286 5292 5289 5292 5289 5289 5286 5290 5287 5292 5289 5290 5287 5293 5290 5294 5291 5286 5283 5295 5292 5295 5292 5286 5283 5287 5284 5295 5292 5287 5284 5296 5293 5296 5293 5287 5284 5288 5285 5296 5293 5288 5285 5297 5294 5298 5295 5294 5291 5299 5296 5299 5296 5294 5291 5295 5292 5299 5296 5295 5292 5300 5297 5300 5297 5295 5292 5296 5293 5300 5297 5296 5293 5301 5298 5301 5298 5296 5293 5297 5294 5301 5298 5297 5294 5302 5299 306 306 5301 5298 304 304 304 304 5301 5298 5302 5299 304 304 5302 5299 302 302 86 86 110 110 5288 5285 5288 5285 110 110 5303 5300 5288 5285 5303 5300 5297 5294 5297 5294 5303 5300 5304 5301 5297 5294 5304 5301 5302 5299 5302 5299 5304 5301 5280 5277 5302 5299 5280 5277 302 302 302 302 5280 5277 300 300 110 110 100 100 5303 5300 5303 5300 100 100 5305 5302 5303 5300 5305 5302 5304 5301 5304 5301 5305 5302 5306 5303 5304 5301 5306 5303 5280 5277 5280 5277 5306 5303 5279 5276 5280 5277 5279 5276 298 298 298 298 5279 5276 296 296 100 100 102 102 5305 5302 5305 5302 102 102 5307 5304 5305 5302 5307 5304 5306 5303 5306 5303 5307 5304 5308 5305 5306 5303 5308 5305 5279 5276 5279 5276 5308 5305 5278 5275 5279 5276 5278 5275 294 294 294 294 5278 5275 292 292 102 102 104 104 5307 5304 5307 5304 104 104 5291 5288 5307 5304 5291 5288 5308 5305 5308 5305 5291 5288 5292 5289 5308 5305 5292 5289 5278 5275 5278 5275 5292 5289 5293 5290 5278 5275 5293 5290 290 290 290 290 5293 5290 288 288 5309 5306 284 284 286 286 97 97 5284 5281 5285 5282 5285 5282 5284 5281 5310 5307 5285 5282 5310 5307 5290 5287 5290 5287 5310 5307 5309 5306 5290 5287 5309 5306 5293 5290 5293 5290 5309 5306 286 286 5293 5290 286 286 288 288 5311 5308 280 280 282 282 98 98 5283 5280 5284 5281 5284 5281 5283 5280 5312 5309 5284 5281 5312 5309 5310 5307 5310 5307 5312 5309 5311 5308 5310 5307 5311 5308 5309 5306 5309 5306 5311 5308 282 282 5309 5306 282 282 284 284 5313 5310 276 276 278 278 99 99 5282 5279 5283 5280 5283 5280 5282 5279 5314 5311 5283 5280 5314 5311 5312 5309 5312 5309 5314 5311 5313 5310 5312 5309 5313 5310 5311 5308 5311 5308 5313 5310 278 278 5311 5308 278 278 280 280 5315 5312 273 273 275 275 92 92 5281 5278 5282 5279 5282 5279 5281 5278 5316 5313 5282 5279 5316 5313 5314 5311 5314 5311 5316 5313 5315 5312 5314 5311 5315 5312 5313 5310 5313 5310 5315 5312 275 275 5313 5310 275 275 276 276 107 107 5286 5283 5281 5278 5281 5278 5286 5283 5294 5291 5281 5278 5294 5291 5316 5313 5316 5313 5294 5291 5298 5295 5316 5313 5298 5295 5315 5312 5315 5312 5298 5295 271 271 5315 5312 271 271 273 273 306 306 308 308 5301 5298 5301 5298 308 308 263 263 5301 5298 263 263 5300 5297 5300 5297 263 263 265 265 5300 5297 265 265 5299 5296 5299 5296 265 265 267 267 5299 5296 267 267 5298 5295 5298 5295 267 267 269 269 5298 5295 269 269 271 271 454 454 5317 5314 408 408 408 408 5317 5314 5318 5315 408 408 5318 5315 410 410 410 410 5318 5315 5319 5316 410 410 5319 5316 412 412 412 412 5319 5316 5320 5317 412 412 5320 5317 414 414 414 414 5320 5317 5321 5318 414 414 5321 5318 416 416 416 416 5321 5318 5322 5319 416 416 5322 5319 418 418 418 418 5322 5319 5323 5320 418 418 5323 5320 421 421 421 421 5323 5320 5324 5321 421 421 5324 5321 423 423 423 423 5324 5321 5325 5322 423 423 5325 5322 425 425 425 425 5325 5322 5326 5323 425 425 5326 5323 427 427 427 427 5326 5323 5327 5324 427 427 5327 5324 429 429 429 429 5327 5324 5328 5325 429 429 5328 5325 431 431 431 431 5328 5325 5329 5326 431 431 5329 5326 433 433 433 433 5329 5326 5330 5327 433 433 5330 5327 435 435 435 435 5330 5327 5331 5328 435 435 5331 5328 437 437 437 437 5331 5328 5332 5329 437 437 5332 5329 439 439 439 439 5332 5329 5333 5330 439 439 5333 5330 441 441 441 441 5333 5330 5334 5331 441 441 5334 5331 443 443 443 443 5334 5331 5335 5332 443 443 5335 5332 445 445 445 445 5335 5332 5336 5333 445 445 5336 5333 447 447 447 447 5336 5333 5337 5334 447 447 5337 5334 449 449 449 449 5337 5334 5338 5335 449 449 5338 5335 451 451 451 451 5338 5335 5339 5336 451 451 5339 5336 453 453 453 453 5339 5336 5340 5337 453 453 5340 5337 454 454 454 454 5340 5337 5317 5314 5340 5337 5341 5338 5317 5314 5317 5314 5341 5338 5342 5339 5317 5314 5342 5339 5318 5315 5318 5315 5342 5339 5343 5340 5318 5315 5343 5340 5319 5316 5319 5316 5343 5340 5344 5341 5319 5316 5344 5341 5320 5317 5320 5317 5344 5341 5345 5342 5320 5317 5345 5342 5321 5318 5321 5318 5345 5342 5346 5343 5321 5318 5346 5343 5322 5319 5322 5319 5346 5343 5347 5344 5322 5319 5347 5344 5323 5320 5323 5320 5347 5344 5348 5345 5323 5320 5348 5345 5324 5321 5324 5321 5348 5345 5349 5346 5324 5321 5349 5346 5325 5322 5325 5322 5349 5346 5350 5347 5325 5322 5350 5347 5326 5323 5326 5323 5350 5347 5351 5348 5326 5323 5351 5348 5327 5324 5327 5324 5351 5348 5352 5349 5327 5324 5352 5349 5328 5325 5328 5325 5352 5349 5353 5350 5328 5325 5353 5350 5329 5326 5329 5326 5353 5350 5354 5351 5329 5326 5354 5351 5330 5327 5330 5327 5354 5351 5355 5352 5330 5327 5355 5352 5331 5328 5331 5328 5355 5352 5356 5353 5331 5328 5356 5353 5332 5329 5332 5329 5356 5353 5357 5354 5332 5329 5357 5354 5333 5330 5333 5330 5357 5354 5358 5355 5333 5330 5358 5355 5334 5331 5334 5331 5358 5355 5359 5356 5334 5331 5359 5356 5335 5332 5335 5332 5359 5356 5360 5357 5335 5332 5360 5357 5336 5333 5336 5333 5360 5357 5361 5358 5336 5333 5361 5358 5337 5334 5337 5334 5361 5358 5362 5359 5337 5334 5362 5359 5338 5335 5338 5335 5362 5359 5363 5360 5338 5335 5363 5360 5339 5336 5339 5336 5363 5360 5364 5361 5339 5336 5364 5361 5340 5337 5340 5337 5364 5361 5341 5338 5364 5361 4051 4050 5341 5338 5341 5338 4051 4050 4053 4052 5341 5338 4053 4052 5342 5339 5342 5339 4053 4052 4055 4054 5342 5339 4055 4054 5343 5340 5343 5340 4055 4054 4057 4056 5343 5340 4057 4056 5344 5341 5344 5341 4057 4056 4011 4010 5344 5341 4011 4010 5345 5342 5345 5342 4011 4010 4013 4012 5345 5342 4013 4012 5346 5343 5346 5343 4013 4012 4015 4014 5346 5343 4015 4014 5347 5344 5347 5344 4015 4014 4017 4016 5347 5344 4017 4016 5348 5345 5348 5345 4017 4016 4019 4018 5348 5345 4019 4018 5349 5346 5349 5346 4019 4018 4021 4020 5349 5346 4021 4020 5350 5347 5350 5347 4021 4020 4023 4022 5350 5347 4023 4022 5351 5348 5351 5348 4023 4022 4025 4024 5351 5348 4025 4024 5352 5349 5352 5349 4025 4024 4027 4026 5352 5349 4027 4026 5353 5350 5353 5350 4027 4026 4029 4028 5353 5350 4029 4028 5354 5351 5354 5351 4029 4028 4031 4030 5354 5351 4031 4030 5355 5352 5355 5352 4031 4030 4033 4032 5355 5352 4033 4032 5356 5353 5356 5353 4033 4032 4035 4034 5356 5353 4035 4034 5357 5354 5357 5354 4035 4034 4037 4036 5357 5354 4037 4036 5358 5355 5358 5355 4037 4036 4039 4038 5358 5355 4039 4038 5359 5356 5359 5356 4039 4038 4041 4040 5359 5356 4041 4040 5360 5357 5360 5357 4041 4040 4043 4042 5360 5357 4043 4042 5361 5358 5361 5358 4043 4042 4045 4044 5361 5358 4045 4044 5362 5359 5362 5359 4045 4044 4047 4046 5362 5359 4047 4046 5363 5360 5363 5360 4047 4046 4049 4048 5363 5360 4049 4048 5364 5361 5364 5361 4049 4048 4051 4050 434 434 436 436 5365 5362 438 438 440 440 5366 5363 442 442 444 444 5367 5364 5368 5365 116 116 118 118 5369 5366 137 137 116 116 5370 5367 124 124 137 137 5371 5368 122 122 124 124 5372 5369 120 120 122 122 5373 5370 118 118 134 134 5373 5370 134 134 5374 5371 5374 5371 134 134 133 133 5374 5371 133 133 5375 5372 127 127 120 120 5376 5373 5376 5373 120 120 5372 5369 5376 5373 5372 5369 5377 5374 125 125 127 127 5378 5375 5378 5375 127 127 5376 5373 5378 5375 5376 5373 5379 5376 5379 5376 5376 5373 5377 5374 5379 5376 5377 5374 5380 5377 5381 5378 5373 5370 5382 5379 5382 5379 5373 5370 5374 5371 5382 5379 5374 5371 5383 5380 5383 5380 5374 5371 5375 5372 5383 5380 5375 5372 5384 5381 5385 5382 5381 5378 5386 5383 5386 5383 5381 5378 5382 5379 5386 5383 5382 5379 5387 5384 5387 5384 5382 5379 5383 5380 5387 5384 5383 5380 5388 5385 5388 5385 5383 5380 5384 5381 5388 5385 5384 5381 5389 5386 450 450 5388 5385 448 448 448 448 5388 5385 5389 5386 448 448 5389 5386 446 446 133 133 131 131 5375 5372 5375 5372 131 131 5390 5387 5375 5372 5390 5387 5384 5381 5384 5381 5390 5387 5391 5388 5384 5381 5391 5388 5389 5386 5389 5386 5391 5388 5367 5364 5389 5386 5367 5364 446 446 446 446 5367 5364 444 444 131 131 130 130 5390 5387 5390 5387 130 130 5392 5389 5390 5387 5392 5389 5391 5388 5391 5388 5392 5389 5393 5390 5391 5388 5393 5390 5367 5364 5367 5364 5393 5390 5366 5363 5367 5364 5366 5363 442 442 442 442 5366 5363 440 440 130 130 113 113 5392 5389 5392 5389 113 113 5394 5391 5392 5389 5394 5391 5393 5390 5393 5390 5394 5391 5395 5392 5393 5390 5395 5392 5366 5363 5366 5363 5395 5392 5365 5362 5366 5363 5365 5362 438 438 438 438 5365 5362 436 436 113 113 125 125 5394 5391 5394 5391 125 125 5378 5375 5394 5391 5378 5375 5395 5392 5395 5392 5378 5375 5379 5376 5395 5392 5379 5376 5365 5362 5365 5362 5379 5376 5380 5377 5365 5362 5380 5377 434 434 434 434 5380 5377 432 432 5396 5393 428 428 430 430 122 122 5371 5368 5372 5369 5372 5369 5371 5368 5397 5394 5372 5369 5397 5394 5377 5374 5377 5374 5397 5394 5396 5393 5377 5374 5396 5393 5380 5377 5380 5377 5396 5393 430 430 5380 5377 430 430 432 432 5398 5395 424 424 426 426 124 124 5370 5367 5371 5368 5371 5368 5370 5367 5399 5396 5371 5368 5399 5396 5397 5394 5397 5394 5399 5396 5398 5395 5397 5394 5398 5395 5396 5393 5396 5393 5398 5395 426 426 5396 5393 426 426 428 428 5400 5397 420 420 422 422 137 137 5369 5366 5370 5367 5370 5367 5369 5366 5401 5398 5370 5367 5401 5398 5399 5396 5399 5396 5401 5398 5400 5397 5399 5396 5400 5397 5398 5395 5398 5395 5400 5397 422 422 5398 5395 422 422 424 424 5402 5399 417 417 419 419 116 116 5368 5365 5369 5366 5369 5366 5368 5365 5403 5400 5369 5366 5403 5400 5401 5398 5401 5398 5403 5400 5402 5399 5401 5398 5402 5399 5400 5397 5400 5397 5402 5399 419 419 5400 5397 419 419 420 420 118 118 5373 5370 5368 5365 5368 5365 5373 5370 5381 5378 5368 5365 5381 5378 5403 5400 5403 5400 5381 5378 5385 5382 5403 5400 5385 5382 5402 5399 5402 5399 5385 5382 415 415 5402 5399 415 415 417 417 450 450 452 452 5388 5385 5388 5385 452 452 407 407 5388 5385 407 407 5387 5384 5387 5384 407 407 409 409 5387 5384 409 409 5386 5383 5386 5383 409 409 411 411 5386 5383 411 411 5385 5382 5385 5382 411 411 413 413 5385 5382 413 413 415 415 406 406 5404 5401 360 360 360 360 5404 5401 5405 5402 360 360 5405 5402 362 362 362 362 5405 5402 5406 5403 362 362 5406 5403 364 364 364 364 5406 5403 5407 5404 364 364 5407 5404 366 366 366 366 5407 5404 5408 5405 366 366 5408 5405 368 368 368 368 5408 5405 5409 5406 368 368 5409 5406 370 370 370 370 5409 5406 5410 5407 370 370 5410 5407 373 373 373 373 5410 5407 5411 5408 373 373 5411 5408 375 375 375 375 5411 5408 5412 5409 375 375 5412 5409 377 377 377 377 5412 5409 5413 5410 377 377 5413 5410 379 379 379 379 5413 5410 5414 5411 379 379 5414 5411 381 381 381 381 5414 5411 5415 5412 381 381 5415 5412 383 383 383 383 5415 5412 5416 5413 383 383 5416 5413 385 385 385 385 5416 5413 5417 5414 385 385 5417 5414 387 387 387 387 5417 5414 5418 5415 387 387 5418 5415 389 389 389 389 5418 5415 5419 5416 389 389 5419 5416 391 391 391 391 5419 5416 5420 5417 391 391 5420 5417 393 393 393 393 5420 5417 5421 5418 393 393 5421 5418 395 395 395 395 5421 5418 5422 5419 395 395 5422 5419 397 397 397 397 5422 5419 5423 5420 397 397 5423 5420 399 399 399 399 5423 5420 5424 5421 399 399 5424 5421 401 401 401 401 5424 5421 5425 5422 401 401 5425 5422 403 403 403 403 5425 5422 5426 5423 403 403 5426 5423 405 405 405 405 5426 5423 5427 5424 405 405 5427 5424 406 406 406 406 5427 5424 5404 5401 5427 5424 5428 5425 5404 5401 5404 5401 5428 5425 5429 5426 5404 5401 5429 5426 5405 5402 5405 5402 5429 5426 5430 5427 5405 5402 5430 5427 5406 5403 5406 5403 5430 5427 5431 5428 5406 5403 5431 5428 5407 5404 5407 5404 5431 5428 5432 5429 5407 5404 5432 5429 5408 5405 5408 5405 5432 5429 5433 5430 5408 5405 5433 5430 5409 5406 5409 5406 5433 5430 5434 5431 5409 5406 5434 5431 5410 5407 5410 5407 5434 5431 5435 5432 5410 5407 5435 5432 5411 5408 5411 5408 5435 5432 5436 5433 5411 5408 5436 5433 5412 5409 5412 5409 5436 5433 5437 5434 5412 5409 5437 5434 5413 5410 5413 5410 5437 5434 5438 5435 5413 5410 5438 5435 5414 5411 5414 5411 5438 5435 5439 5436 5414 5411 5439 5436 5415 5412 5415 5412 5439 5436 5440 5437 5415 5412 5440 5437 5416 5413 5416 5413 5440 5437 5441 5438 5416 5413 5441 5438 5417 5414 5417 5414 5441 5438 5442 5439 5417 5414 5442 5439 5418 5415 5418 5415 5442 5439 5443 5440 5418 5415 5443 5440 5419 5416 5419 5416 5443 5440 5444 5441 5419 5416 5444 5441 5420 5417 5420 5417 5444 5441 5445 5442 5420 5417 5445 5442 5421 5418 5421 5418 5445 5442 5446 5443 5421 5418 5446 5443 5422 5419 5422 5419 5446 5443 5447 5444 5422 5419 5447 5444 5423 5420 5423 5420 5447 5444 5448 5445 5423 5420 5448 5445 5424 5421 5424 5421 5448 5445 5449 5446 5424 5421 5449 5446 5425 5422 5425 5422 5449 5446 5450 5447 5425 5422 5450 5447 5426 5423 5426 5423 5450 5447 5451 5448 5426 5423 5451 5448 5427 5424 5427 5424 5451 5448 5428 5425 5451 5448 4195 4194 5428 5425 5428 5425 4195 4194 4197 4196 5428 5425 4197 4196 5429 5426 5429 5426 4197 4196 4199 4198 5429 5426 4199 4198 5430 5427 5430 5427 4199 4198 4201 4200 5430 5427 4201 4200 5431 5428 5431 5428 4201 4200 4155 4154 5431 5428 4155 4154 5432 5429 5432 5429 4155 4154 4157 4156 5432 5429 4157 4156 5433 5430 5433 5430 4157 4156 4159 4158 5433 5430 4159 4158 5434 5431 5434 5431 4159 4158 4161 4160 5434 5431 4161 4160 5435 5432 5435 5432 4161 4160 4163 4162 5435 5432 4163 4162 5436 5433 5436 5433 4163 4162 4165 4164 5436 5433 4165 4164 5437 5434 5437 5434 4165 4164 4167 4166 5437 5434 4167 4166 5438 5435 5438 5435 4167 4166 4169 4168 5438 5435 4169 4168 5439 5436 5439 5436 4169 4168 4171 4170 5439 5436 4171 4170 5440 5437 5440 5437 4171 4170 4173 4172 5440 5437 4173 4172 5441 5438 5441 5438 4173 4172 4175 4174 5441 5438 4175 4174 5442 5439 5442 5439 4175 4174 4177 4176 5442 5439 4177 4176 5443 5440 5443 5440 4177 4176 4179 4178 5443 5440 4179 4178 5444 5441 5444 5441 4179 4178 4181 4180 5444 5441 4181 4180 5445 5442 5445 5442 4181 4180 4183 4182 5445 5442 4183 4182 5446 5443 5446 5443 4183 4182 4185 4184 5446 5443 4185 4184 5447 5444 5447 5444 4185 4184 4187 4186 5447 5444 4187 4186 5448 5445 5448 5445 4187 4186 4189 4188 5448 5445 4189 4188 5449 5446 5449 5446 4189 4188 4191 4190 5449 5446 4191 4190 5450 5447 5450 5447 4191 4190 4193 4192 5450 5447 4193 4192 5451 5448 5451 5448 4193 4192 4195 4194 386 386 388 388 5452 5449 390 390 392 392 5453 5450 394 394 396 396 5454 5451 5455 5452 223 223 221 221 5456 5453 229 229 223 223 5457 5454 227 227 229 229 5458 5455 225 225 227 227 5459 5456 232 232 225 225 5460 5457 221 221 219 219 5460 5457 219 219 5461 5458 5461 5458 219 219 217 217 5461 5458 217 217 5462 5459 233 233 232 232 5463 5460 5463 5460 232 232 5459 5456 5463 5460 5459 5456 5464 5461 234 234 233 233 5465 5462 5465 5462 233 233 5463 5460 5465 5462 5463 5460 5466 5463 5466 5463 5463 5460 5464 5461 5466 5463 5464 5461 5467 5464 5468 5465 5460 5457 5469 5466 5469 5466 5460 5457 5461 5458 5469 5466 5461 5458 5470 5467 5470 5467 5461 5458 5462 5459 5470 5467 5462 5459 5471 5468 5472 5469 5468 5465 5473 5470 5473 5470 5468 5465 5469 5466 5473 5470 5469 5466 5474 5471 5474 5471 5469 5466 5470 5467 5474 5471 5470 5467 5475 5472 5475 5472 5470 5467 5471 5468 5475 5472 5471 5468 5476 5473 402 402 5475 5472 400 400 400 400 5475 5472 5476 5473 400 400 5476 5473 398 398 217 217 216 216 5462 5459 5462 5459 216 216 5477 5474 5462 5459 5477 5474 5471 5468 5471 5468 5477 5474 5478 5475 5471 5468 5478 5475 5476 5473 5476 5473 5478 5475 5454 5451 5476 5473 5454 5451 398 398 398 398 5454 5451 396 396 216 216 237 237 5477 5474 5477 5474 237 237 5479 5476 5477 5474 5479 5476 5478 5475 5478 5475 5479 5476 5480 5477 5478 5475 5480 5477 5454 5451 5454 5451 5480 5477 5453 5450 5454 5451 5453 5450 394 394 394 394 5453 5450 392 392 237 237 236 236 5479 5476 5479 5476 236 236 5481 5478 5479 5476 5481 5478 5480 5477 5480 5477 5481 5478 5482 5479 5480 5477 5482 5479 5453 5450 5453 5450 5482 5479 5452 5449 5453 5450 5452 5449 390 390 390 390 5452 5449 388 388 236 236 234 234 5481 5478 5481 5478 234 234 5465 5462 5481 5478 5465 5462 5482 5479 5482 5479 5465 5462 5466 5463 5482 5479 5466 5463 5452 5449 5452 5449 5466 5463 5467 5464 5452 5449 5467 5464 386 386 386 386 5467 5464 384 384 5483 5480 380 380 382 382 225 225 5458 5455 5459 5456 5459 5456 5458 5455 5484 5481 5459 5456 5484 5481 5464 5461 5464 5461 5484 5481 5483 5480 5464 5461 5483 5480 5467 5464 5467 5464 5483 5480 382 382 5467 5464 382 382 384 384 5485 5482 376 376 378 378 227 227 5457 5454 5458 5455 5458 5455 5457 5454 5486 5483 5458 5455 5486 5483 5484 5481 5484 5481 5486 5483 5485 5482 5484 5481 5485 5482 5483 5480 5483 5480 5485 5482 378 378 5483 5480 378 378 380 380 5487 5484 372 372 374 374 229 229 5456 5453 5457 5454 5457 5454 5456 5453 5488 5485 5457 5454 5488 5485 5486 5483 5486 5483 5488 5485 5487 5484 5486 5483 5487 5484 5485 5482 5485 5482 5487 5484 374 374 5485 5482 374 374 376 376 5489 5486 369 369 371 371 223 223 5455 5452 5456 5453 5456 5453 5455 5452 5490 5487 5456 5453 5490 5487 5488 5485 5488 5485 5490 5487 5489 5486 5488 5485 5489 5486 5487 5484 5487 5484 5489 5486 371 371 5487 5484 371 371 372 372 221 221 5460 5457 5455 5452 5455 5452 5460 5457 5468 5465 5455 5452 5468 5465 5490 5487 5490 5487 5468 5465 5472 5469 5490 5487 5472 5469 5489 5486 5489 5486 5472 5469 367 367 5489 5486 367 367 369 369 402 402 404 404 5475 5472 5475 5472 404 404 359 359 5475 5472 359 359 5474 5471 5474 5471 359 359 361 361 5474 5471 361 361 5473 5470 5473 5470 361 361 363 363 5473 5470 363 363 5472 5469 5472 5469 363 363 365 365 5472 5469 365 365 367 367 358 358 5491 5488 312 312 312 312 5491 5488 5492 5489 312 312 5492 5489 314 314 314 314 5492 5489 5493 5490 314 314 5493 5490 316 316 316 316 5493 5490 5494 5491 316 316 5494 5491 318 318 318 318 5494 5491 5495 5492 318 318 5495 5492 320 320 320 320 5495 5492 5496 5493 320 320 5496 5493 322 322 322 322 5496 5493 5497 5494 322 322 5497 5494 325 325 325 325 5497 5494 5498 5495 325 325 5498 5495 327 327 327 327 5498 5495 5499 5496 327 327 5499 5496 329 329 329 329 5499 5496 5500 5497 329 329 5500 5497 331 331 331 331 5500 5497 5501 5498 331 331 5501 5498 333 333 333 333 5501 5498 5502 5499 333 333 5502 5499 335 335 335 335 5502 5499 5503 5500 335 335 5503 5500 337 337 337 337 5503 5500 5504 5501 337 337 5504 5501 339 339 339 339 5504 5501 5505 5502 339 339 5505 5502 341 341 341 341 5505 5502 5506 5503 341 341 5506 5503 343 343 343 343 5506 5503 5507 5504 343 343 5507 5504 345 345 345 345 5507 5504 5508 5505 345 345 5508 5505 347 347 347 347 5508 5505 5509 5506 347 347 5509 5506 349 349 349 349 5509 5506 5510 5507 349 349 5510 5507 351 351 351 351 5510 5507 5511 5508 351 351 5511 5508 353 353 353 353 5511 5508 5512 5509 353 353 5512 5509 355 355 355 355 5512 5509 5513 5510 355 355 5513 5510 357 357 357 357 5513 5510 5514 5511 357 357 5514 5511 358 358 358 358 5514 5511 5491 5488 5514 5511 5515 5512 5491 5488 5491 5488 5515 5512 5516 5513 5491 5488 5516 5513 5492 5489 5492 5489 5516 5513 5517 5514 5492 5489 5517 5514 5493 5490 5493 5490 5517 5514 5518 5515 5493 5490 5518 5515 5494 5491 5494 5491 5518 5515 5519 5516 5494 5491 5519 5516 5495 5492 5495 5492 5519 5516 5520 5517 5495 5492 5520 5517 5496 5493 5496 5493 5520 5517 5521 5518 5496 5493 5521 5518 5497 5494 5497 5494 5521 5518 5522 5519 5497 5494 5522 5519 5498 5495 5498 5495 5522 5519 5523 5520 5498 5495 5523 5520 5499 5496 5499 5496 5523 5520 5524 5521 5499 5496 5524 5521 5500 5497 5500 5497 5524 5521 5525 5522 5500 5497 5525 5522 5501 5498 5501 5498 5525 5522 5526 5523 5501 5498 5526 5523 5502 5499 5502 5499 5526 5523 5527 5524 5502 5499 5527 5524 5503 5500 5503 5500 5527 5524 5528 5525 5503 5500 5528 5525 5504 5501 5504 5501 5528 5525 5529 5526 5504 5501 5529 5526 5505 5502 5505 5502 5529 5526 5530 5527 5505 5502 5530 5527 5506 5503 5506 5503 5530 5527 5531 5528 5506 5503 5531 5528 5507 5504 5507 5504 5531 5528 5532 5529 5507 5504 5532 5529 5508 5505 5508 5505 5532 5529 5533 5530 5508 5505 5533 5530 5509 5506 5509 5506 5533 5530 5534 5531 5509 5506 5534 5531 5510 5507 5510 5507 5534 5531 5535 5532 5510 5507 5535 5532 5511 5508 5511 5508 5535 5532 5536 5533 5511 5508 5536 5533 5512 5509 5512 5509 5536 5533 5537 5534 5512 5509 5537 5534 5513 5510 5513 5510 5537 5534 5538 5535 5513 5510 5538 5535 5514 5511 5514 5511 5538 5535 5515 5512 5538 5535 4147 4146 5515 5512 5515 5512 4147 4146 4149 4148 5515 5512 4149 4148 5516 5513 5516 5513 4149 4148 4151 4150 5516 5513 4151 4150 5517 5514 5517 5514 4151 4150 4153 4152 5517 5514 4153 4152 5518 5515 5518 5515 4153 4152 4107 4106 5518 5515 4107 4106 5519 5516 5519 5516 4107 4106 4109 4108 5519 5516 4109 4108 5520 5517 5520 5517 4109 4108 4111 4110 5520 5517 4111 4110 5521 5518 5521 5518 4111 4110 4113 4112 5521 5518 4113 4112 5522 5519 5522 5519 4113 4112 4115 4114 5522 5519 4115 4114 5523 5520 5523 5520 4115 4114 4117 4116 5523 5520 4117 4116 5524 5521 5524 5521 4117 4116 4119 4118 5524 5521 4119 4118 5525 5522 5525 5522 4119 4118 4121 4120 5525 5522 4121 4120 5526 5523 5526 5523 4121 4120 4123 4122 5526 5523 4123 4122 5527 5524 5527 5524 4123 4122 4125 4124 5527 5524 4125 4124 5528 5525 5528 5525 4125 4124 4127 4126 5528 5525 4127 4126 5529 5526 5529 5526 4127 4126 4129 4128 5529 5526 4129 4128 5530 5527 5530 5527 4129 4128 4131 4130 5530 5527 4131 4130 5531 5528 5531 5528 4131 4130 4133 4132 5531 5528 4133 4132 5532 5529 5532 5529 4133 4132 4135 4134 5532 5529 4135 4134 5533 5530 5533 5530 4135 4134 4137 4136 5533 5530 4137 4136 5534 5531 5534 5531 4137 4136 4139 4138 5534 5531 4139 4138 5535 5532 5535 5532 4139 4138 4141 4140 5535 5532 4141 4140 5536 5533 5536 5533 4141 4140 4143 4142 5536 5533 4143 4142 5537 5534 5537 5534 4143 4142 4145 4144 5537 5534 4145 4144 5538 5535 5538 5535 4145 4144 4147 4146 338 338 340 340 5539 5536 342 342 344 344 5540 5537 346 346 348 348 5541 5538 5542 5539 30 30 27 27 5543 5540 15 15 30 30 5544 5541 16 16 15 15 5545 5542 18 18 16 16 5546 5543 20 20 18 18 5547 5544 27 27 25 25 5547 5544 25 25 5548 5545 5548 5545 25 25 23 23 5548 5545 23 23 5549 5546 21 21 20 20 5550 5547 5550 5547 20 20 5546 5543 5550 5547 5546 5543 5551 5548 7 7 21 21 5552 5549 5552 5549 21 21 5550 5547 5552 5549 5550 5547 5553 5550 5553 5550 5550 5547 5551 5548 5553 5550 5551 5548 5554 5551 5555 5552 5547 5544 5556 5553 5556 5553 5547 5544 5548 5545 5556 5553 5548 5545 5557 5554 5557 5554 5548 5545 5549 5546 5557 5554 5549 5546 5558 5555 5559 5556 5555 5552 5560 5557 5560 5557 5555 5552 5556 5553 5560 5557 5556 5553 5561 5558 5561 5558 5556 5553 5557 5554 5561 5558 5557 5554 5562 5559 5562 5559 5557 5554 5558 5555 5562 5559 5558 5555 5563 5560 354 354 5562 5559 352 352 352 352 5562 5559 5563 5560 352 352 5563 5560 350 350 23 23 13 13 5549 5546 5549 5546 13 13 5564 5561 5549 5546 5564 5561 5558 5555 5558 5555 5564 5561 5565 5562 5558 5555 5565 5562 5563 5560 5563 5560 5565 5562 5541 5538 5563 5560 5541 5538 350 350 350 350 5541 5538 348 348 13 13 11 11 5564 5561 5564 5561 11 11 5566 5563 5564 5561 5566 5563 5565 5562 5565 5562 5566 5563 5567 5564 5565 5562 5567 5564 5541 5538 5541 5538 5567 5564 5540 5537 5541 5538 5540 5537 346 346 346 346 5540 5537 344 344 11 11 9 9 5566 5563 5566 5563 9 9 5568 5565 5566 5563 5568 5565 5567 5564 5567 5564 5568 5565 5569 5566 5567 5564 5569 5566 5540 5537 5540 5537 5569 5566 5539 5536 5540 5537 5539 5536 342 342 342 342 5539 5536 340 340 9 9 7 7 5568 5565 5568 5565 7 7 5552 5549 5568 5565 5552 5549 5569 5566 5569 5566 5552 5549 5553 5550 5569 5566 5553 5550 5539 5536 5539 5536 5553 5550 5554 5551 5539 5536 5554 5551 338 338 338 338 5554 5551 336 336 5570 5567 332 332 334 334 18 18 5545 5542 5546 5543 5546 5543 5545 5542 5571 5568 5546 5543 5571 5568 5551 5548 5551 5548 5571 5568 5570 5567 5551 5548 5570 5567 5554 5551 5554 5551 5570 5567 334 334 5554 5551 334 334 336 336 5572 5569 328 328 330 330 16 16 5544 5541 5545 5542 5545 5542 5544 5541 5573 5570 5545 5542 5573 5570 5571 5568 5571 5568 5573 5570 5572 5569 5571 5568 5572 5569 5570 5567 5570 5567 5572 5569 330 330 5570 5567 330 330 332 332 5574 5571 324 324 326 326 15 15 5543 5540 5544 5541 5544 5541 5543 5540 5575 5572 5544 5541 5575 5572 5573 5570 5573 5570 5575 5572 5574 5571 5573 5570 5574 5571 5572 5569 5572 5569 5574 5571 326 326 5572 5569 326 326 328 328 5576 5573 321 321 323 323 30 30 5542 5539 5543 5540 5543 5540 5542 5539 5577 5574 5543 5540 5577 5574 5575 5572 5575 5572 5577 5574 5576 5573 5575 5572 5576 5573 5574 5571 5574 5571 5576 5573 323 323 5574 5571 323 323 324 324 27 27 5547 5544 5542 5539 5542 5539 5547 5544 5555 5552 5542 5539 5555 5552 5577 5574 5577 5574 5555 5552 5559 5556 5577 5574 5559 5556 5576 5573 5576 5573 5559 5556 319 319 5576 5573 319 319 321 321 354 354 356 356 5562 5559 5562 5559 356 356 311 311 5562 5559 311 311 5561 5558 5561 5558 311 311 313 313 5561 5558 313 313 5560 5557 5560 5557 313 313 315 315 5560 5557 315 315 5559 5556 5559 5556 315 315 317 317 5559 5556 317 317 319 319 1270 1270 5578 5575 1251 1251 1251 1251 5578 5575 5579 5576 1270 1270 1172 1172 5578 5575 5578 5575 1172 1172 1171 1171 5578 5575 1171 1171 5580 5577 1171 1171 1326 1326 5580 5577 5580 5577 1326 1326 751 751 5580 5577 751 751 5581 5578 751 751 750 750 5581 5578 5581 5578 750 750 1174 1174 5581 5578 1174 1174 5582 5579 5582 5579 1174 1174 1122 1122 5582 5579 1122 1122 1128 1128 1128 1128 1131 1131 5582 5579 5582 5579 1131 1131 748 748 5582 5579 748 748 5583 5580 748 748 747 747 5583 5580 5583 5580 747 747 1177 1177 5583 5580 1177 1177 5584 5581 1312 1312 5585 5582 1180 1180 1180 1180 5585 5582 5584 5581 1180 1180 5584 5581 1176 1176 1176 1176 5584 5581 1177 1177 1312 1312 1183 1183 5585 5582 5585 5582 1183 1183 1182 1182 5585 5582 1182 1182 5586 5583 1186 1186 5587 5584 1185 1185 1185 1185 5587 5584 5586 5583 1185 1185 5586 5583 1184 1184 1184 1184 5586 5583 1182 1182 1186 1186 1188 1188 5587 5584 5587 5584 1188 1188 1187 1187 5587 5584 1187 1187 5588 5585 1187 1187 1238 1238 5588 5585 5588 5585 1238 1238 745 745 5588 5585 745 745 5589 5586 745 745 744 744 5589 5586 5589 5586 744 744 1190 1190 5589 5586 1190 1190 5590 5587 5590 5587 1190 1190 1051 1051 5590 5587 1051 1051 1057 1057 1057 1057 1060 1060 5590 5587 5590 5587 1060 1060 742 742 5590 5587 742 742 5591 5588 742 742 741 741 5591 5588 5591 5588 741 741 1193 1193 5591 5588 1193 1193 5592 5589 1319 1319 5593 5590 1195 1195 1195 1195 5593 5590 5592 5589 1195 1195 5592 5589 1196 1196 1196 1196 5592 5589 1193 1193 1319 1319 1199 1199 5593 5590 5593 5590 1199 1199 1198 1198 5593 5590 1198 1198 5594 5591 1202 1202 5595 5592 1201 1201 1201 1201 5595 5592 5594 5591 1201 1201 5594 5591 1200 1200 1200 1200 5594 5591 1198 1198 1202 1202 1204 1204 5595 5592 5595 5592 1204 1204 1203 1203 5595 5592 1203 1203 5596 5593 1203 1203 1243 1243 5596 5593 5596 5593 1243 1243 739 739 5596 5593 739 739 5597 5594 739 739 738 738 5597 5594 5597 5594 738 738 1206 1206 5597 5594 1206 1206 5598 5595 5598 5595 1206 1206 961 961 5598 5595 961 961 967 967 967 967 970 970 5598 5595 5598 5595 970 970 736 736 5598 5595 736 736 5599 5596 736 736 735 735 5599 5596 5599 5596 735 735 1209 1209 5599 5596 1209 1209 5600 5597 1299 1299 5601 5598 1212 1212 1212 1212 5601 5598 5600 5597 1212 1212 5600 5597 1208 1208 1208 1208 5600 5597 1209 1209 1299 1299 1215 1215 5601 5598 5601 5598 1215 1215 1214 1214 5601 5598 1214 1214 5602 5599 1158 1158 5603 5600 1157 1157 1157 1157 5603 5600 5602 5599 1157 1157 5602 5599 1156 1156 1156 1156 5602 5599 1214 1214 1158 1158 1160 1160 5603 5600 5603 5600 1160 1160 1159 1159 5603 5600 1159 1159 5604 5601 1159 1159 1230 1230 5604 5601 5604 5601 1230 1230 757 757 5604 5601 757 757 5605 5602 757 757 756 756 5605 5602 5605 5602 756 756 1162 1162 5605 5602 1162 1162 5606 5603 5606 5603 1162 1162 851 851 5606 5603 851 851 857 857 857 857 860 860 5606 5603 5606 5603 860 860 754 754 5606 5603 754 754 5607 5604 754 754 753 753 5607 5604 5607 5604 753 753 1167 1167 5607 5604 1167 1167 5608 5605 1164 1164 5609 5606 1165 1165 1165 1165 5609 5606 5608 5605 1165 1165 5608 5605 1166 1166 1166 1166 5608 5605 1167 1167 1164 1164 1219 1219 5609 5606 5609 5606 1219 1219 1169 1169 5609 5606 1169 1169 5579 5576 5579 5576 1169 1169 1168 1168 5579 5576 1168 1168 1251 1251 5594 5591 5595 5592 5610 5607 5594 5591 5610 5607 5593 5590 5590 5587 5591 5588 5610 5607 5610 5607 5591 5588 5592 5589 5610 5607 5592 5589 5593 5590 5587 5584 5588 5585 5610 5607 5610 5607 5588 5585 5589 5586 5610 5607 5589 5586 5590 5587 5584 5581 5585 5582 5610 5607 5610 5607 5585 5582 5586 5583 5610 5607 5586 5583 5587 5584 5581 5578 5582 5579 5610 5607 5610 5607 5582 5579 5583 5580 5610 5607 5583 5580 5584 5581 5579 5576 5578 5575 5610 5607 5610 5607 5578 5575 5580 5577 5610 5607 5580 5577 5581 5578 5607 5604 5608 5605 5610 5607 5610 5607 5608 5605 5609 5606 5610 5607 5609 5606 5579 5576 5604 5601 5605 5602 5610 5607 5610 5607 5605 5602 5606 5603 5610 5607 5606 5603 5607 5604 5601 5598 5602 5599 5610 5607 5610 5607 5602 5599 5603 5600 5610 5607 5603 5600 5604 5601 5598 5595 5599 5596 5610 5607 5610 5607 5599 5596 5600 5597 5610 5607 5600 5597 5601 5598 5595 5592 5596 5593 5610 5607 5610 5607 5596 5593 5597 5594 5610 5607 5597 5594 5598 5595</p>
        </triangles>
      </mesh>
    </geometry>
  </library_geometries>
  <library_visual_scenes>
    <visual_scene id="Scene" name="Scene">
      <node id="base" name="base" type="NODE">
        <matrix sid="transform">1 0 0 0 0 1 0 0 0 0 1 0 0 0 0 1</matrix>
        <instance_geometry url="#base-mesh" name="base"/>
      </node>
    </visual_scene>
  </library_visual_scenes>
  <scene>
    <instance_visual_scene url="#Scene"/>
  </scene>
</COLLADA>