<?xml version="1.0" encoding="utf-8"?>
<COLLADA xmlns="http://www.collada.org/2005/11/COLLADASchema" version="1.4.1" xmlns:xsi="http://www.w3.org/2001/XMLSchema-instance">
  <asset>
    <contributor>
      <author>Blender User</author>
      <authoring_tool>Blender 4.4.3 commit date:2025-04-29, commit time:14:09, hash:802179c51ccc</authoring_tool>
    </contributor>
    <created>2026-08-11T16:54:22</created>
    <modified>2026-08-11T16:54:22</modified>
    <unit name="meter" meter="1"/>
    <up_axis>Z_UP</up_axis>
  </asset>
  <library_images/>
  <library_geometries>
    <geometry id="wrist3-mesh" name="wrist3">
      <mesh>
        <source id="wrist3-mesh-positions">
          <float_array id="wrist3-mesh-positions-array" count="12465">0.03599995 0 -0.03749996 0.03542143 -0.006428003 -0.02799999 0.03542143 -0.006428003 -0.03749996 0.03370445 -0.01264947 -0.02799999 0.03370445 -0.01264947 -0.03749996 0.03090411 -0.01846432 -0.02799999 0.03090411 -0.01846432 -0.03749996 0.02711057 -0.02368575 -0.02799999 0.02711057 -0.02368575 -0.03749996 0.02244561 -0.0281459 -0.02799999 0.02244561 -0.0281459 -0.03749996 0.01705926 -0.03170138 -0.02799999 0.01705926 -0.03170138 -0.03749996 0.01112461 -0.03423798 -0.02799999 0.01112461 -0.03423798 -0.03749996 0.004832386 -0.03567415 -0.02799999 0.004832386 -0.03567415 -0.03749996 -0.001615107 -0.03596371 -0.02799999 -0.001615107 -0.03596371 -0.03749996 -0.008010745 -0.03509736 -0.02799999 -0.008010745 -0.03509736 -0.03749996 -0.01414889 -0.03310298 -0.02799999 -0.01414889 -0.03310298 -0.03749996 -0.01983225 -0.03004461 -0.02799999 -0.01983225 -0.03004461 -0.03749996 -0.0248782 -0.02602058 -0.02799999 -0.0248782 -0.02602058 -0.03749996 -0.02912461 -0.02116024 -0.02799999 -0.02912461 -0.02116024 -0.03749996 -0.03243488 -0.01561981 -0.02799999 -0.03243488 -0.01561981 -0.03749996 -0.03470265 -0.009577274 -0.02799999 -0.03470265 -0.009577274 -0.03749996 -0.03585505 -0.003226995 -0.02799999 -0.03585505 -0.003226995 -0.03749996 -0.03585505 0.003226995 -0.02799999 -0.03585505 0.003226995 -0.03749996 -0.03470265 0.009577274 -0.02799999 -0.03470265 0.009577274 -0.03749996 -0.03243488 0.01561981 -0.02799999 -0.03243488 0.01561981 -0.03749996 -0.02912461 0.02116024 -0.02799999 -0.02912461 0.02116024 -0.03749996 -0.0248782 0.02602058 -0.02799999 -0.0248782 0.02602058 -0.03749996 -0.01983225 0.03004461 -0.02799999 -0.01983225 0.03004461 -0.03749996 -0.01414889 0.03310298 -0.02799999 -0.01414889 0.03310298 -0.03749996 -0.008010745 0.03509736 -0.02799999 -0.008010745 0.03509736 -0.03749996 -0.001615107 0.03596371 -0.02799999 -0.001615107 0.03596371 -0.03749996 0.004832386 0.03567415 -0.02799999 0.004832386 0.03567415 -0.03749996 0.01112461 0.03423798 -0.02799999 0.01112461 0.03423798 -0.03749996 0.01705926 0.03170138 -0.02799999 0.01705926 0.03170138 -0.03749996 0.02244561 0.0281459 -0.02799999 0.02244561 0.0281459 -0.03749996 0.02711057 0.02368575 -0.02799999 0.02711057 0.02368575 -0.03749996 0.03090411 0.01846432 -0.02799999 0.03090411 0.01846432 -0.03749996 0.03370445 0.01264947 -0.02799999 0.03370445 0.01264947 -0.03749996 0.03542143 0.006428003 -0.02799999 0.03542143 0.006428003 -0.03749996 0.03599995 0 -0.02799999 -6.97889e-4 -0.04019999 -0.02245104 -6.97889e-4 -0.03886663 -0.02245104 -5.89124e-4 -0.03886663 -0.02246516 -0.002734303 -0.04019999 -0.02168607 -0.00268507 -0.04019999 -0.02171784 -0.002650558 -0.0417 -0.02166062 -0.002539396 -0.04019999 -0.02180707 -0.00204581 -0.04019999 -0.02206224 -0.001834392 -0.04019999 -0.02215129 -9.24269e-4 -0.03886663 -0.02241379 -9.24269e-4 -0.04019999 -0.02241379 -0.001084148 -0.04019999 -0.022381 -0.001306951 -0.04019999 -0.02232617 -0.001844942 -0.0417 -0.02214711 -5.79442e-4 -0.0417 -0.02242028 -5.89124e-4 -0.03603333 -0.02246516 -6.97889e-4 -0.03619998 -0.02245104 -9.24269e-4 -0.03619998 -0.02241379 -0.001084148 -0.03619998 -0.022381 -0.001306951 -0.03619998 -0.02232617 -0.00268507 -0.03603333 -0.02171784 -0.001084148 -0.03886663 -0.022381 -0.001681566 -0.03619998 -0.02220875 -0.00146377 -0.03619998 -0.02228093 -0.00146377 -0.03886663 -0.02228093 -0.001306951 -0.03886663 -0.02232617 -0.00146377 -0.04019999 -0.02228093 -0.00204581 -0.03619998 -0.02206224 -0.001834392 -0.03619998 -0.02215129 -0.001834392 -0.03886663 -0.02215129 -0.001681566 -0.03886663 -0.02220875 -0.001681566 -0.04019999 -0.02220875 -0.002397477 -0.03619998 -0.02188771 -0.002193689 -0.03619998 -0.02199304 -0.002193689 -0.03886663 -0.02199304 -0.00204581 -0.03886663 -0.02206224 -0.002193689 -0.04019999 -0.02199304 -0.003994405 -0.04019999 -0.02050739 -0.003994405 -0.03886663 -0.02050739 -0.00389409 -0.03886663 -0.0206362 -0.004235386 -0.0417 -0.02012354 -0.00389409 -0.04019999 -0.0206362 -0.003253936 -0.0417 -0.02129626 -0.003746092 -0.04019999 -0.02081155 -0.003474712 -0.04019999 -0.02109527 -0.003474712 -0.03886663 -0.02109527 -0.003355503 -0.03886663 -0.02120679 -0.003355503 -0.04019999 -0.02120679 -0.003181934 -0.04019999 -0.02135682 -0.002397477 -0.04019999 -0.02188771 -0.002397477 -0.03886663 -0.02188771 -0.002539396 -0.03886663 -0.02180707 -0.002539396 -0.03619998 -0.02180707 -0.00268507 -0.03619998 -0.02171784 -0.002734303 -0.03619998 -0.02168607 -0.002869546 -0.03619998 -0.02159458 -0.00305432 -0.03619998 -0.02145862 -0.004249215 -0.03603333 -0.0201351 -0.002869546 -0.04019999 -0.02159458 -0.002869546 -0.03886663 -0.02159458 -0.002734303 -0.03886663 -0.02168607 -0.003355503 -0.03619998 -0.02120679 -0.003474712 -0.03619998 -0.02109527 -0.003636002 -0.03619998 -0.02093207 -0.003181934 -0.03619998 -0.02135682 -0.003181934 -0.03886663 -0.02135682 -0.00305432 -0.03886663 -0.02145862 -0.00305432 -0.04019999 -0.02145862 -0.003994405 -0.03619998 -0.02050739 -0.004128158 -0.03619998 -0.02032101 -0.00389409 -0.03619998 -0.0206362 -0.003746092 -0.03619998 -0.02081155 -0.003746092 -0.03886663 -0.02081155 -0.003636002 -0.03886663 -0.02093207 -0.003636002 -0.04019999 -0.02093207 -0.004841208 -0.04019999 -0.01874989 -0.004841208 -0.03886663 -0.01874989 -0.004797816 -0.03886663 -0.01890724 -0.004971742 -0.03886663 -0.01803046 -0.004958927 -0.04019999 -0.01813942 -0.004916131 -0.0417 -0.01802849 -0.004924356 -0.04019999 -0.01836621 -0.004797816 -0.04019999 -0.01890724 -0.004728257 -0.04019999 -0.01912587 -0.00431025 -0.0417 -0.02003401 -0.0045861 -0.04019999 -0.01949185 -0.004899501 -0.0417 -0.01849716 -0.004672646 -0.04019999 -0.01927936 -0.0045861 -0.03619998 -0.01949185 -0.004672646 -0.03619998 -0.01927936 -0.004971742 -0.03603333 -0.01803046 -0.004336714 -0.03619998 -0.01998841 -0.004128158 -0.04019999 -0.02032101 -0.004218041 -0.04019999 -0.02018475 -0.004128158 -0.03886663 -0.02032101 -0.004218041 -0.03886663 -0.02018475 -0.004218041 -0.03619998 -0.02018475 -0.004249215 -0.03619998 -0.0201351 -0.00441569 -0.04019999 -0.01984554 -0.004518628 -0.04019999 -0.0196405 -0.004518628 -0.03886663 -0.0196405 -0.0045861 -0.03886663 -0.01949185 -0.004518628 -0.03619998 -0.0196405 -0.00441569 -0.03619998 -0.01984554 -0.00441569 -0.03886663 -0.01984554 -0.004336714 -0.03886663 -0.01998841 -0.004336714 -0.04019999 -0.01998841 -0.004249215 -0.04019999 -0.0201351 -0.004797816 -0.03619998 -0.01890724 -0.004841208 -0.03619998 -0.01874989 -0.004893481 -0.03619998 -0.01852649 -0.004728257 -0.03619998 -0.01912587 -0.004728257 -0.03886663 -0.01912587 -0.004672646 -0.03886663 -0.01927936 -0.004893481 -0.04019999 -0.01852649 -0.004893481 -0.03886663 -0.01852649 -0.004924356 -0.03886663 -0.01836621 -0.004924356 -0.03619998 -0.01836621 -0.004958927 -0.03619998 -0.01813942 -0.004958927 -0.03886663 -0.01813942 -0.004881024 -0.04019999 -0.01641577 -0.004881024 -0.03886663 -0.01641577 -0.004913806 -0.03886663 -0.01657569 -0.004649639 -0.0417 -0.01583898 -0.004913806 -0.04019999 -0.01657569 -0.004951 -0.04019999 -0.01680207 -0.004993796 -0.03886663 -0.01774835 -0.004993796 -0.04019999 -0.01774835 -0.00499922 -0.04019999 -0.01758521 -0.004997909 -0.04019999 -0.01735579 -0.004957854 -0.0417 -0.01685225 -0.004977166 -0.04019999 -0.01797717 -0.004977166 -0.03886663 -0.01797717 -0.004977166 -0.03619998 -0.01797717 -0.004993796 -0.03619998 -0.01774835 -0.00499922 -0.03619998 -0.01758521 -0.004997909 -0.03619998 -0.01735579 -0.004709541 -0.03603333 -0.01582074 -0.00499922 -0.03886663 -0.01758521 -0.004971146 -0.03619998 -0.01696407 -0.004990518 -0.03619998 -0.01719272 -0.004990518 -0.03886663 -0.01719272 -0.004997909 -0.03886663 -0.01735579 -0.004990518 -0.04019999 -0.01719272 -0.004913806 -0.03619998 -0.01657569 -0.004881024 -0.03619998 -0.01641577 -0.004826128 -0.03619998 -0.01619303 -0.004951 -0.03619998 -0.01680207 -0.004951 -0.03886663 -0.01680207 -0.004971146 -0.03886663 -0.01696407 -0.004971146 -0.04019999 -0.01696407 -0.003432095 -0.04019999 -0.01386392 -0.003514587 -0.04019999 -0.01394367 -0.003514587 -0.0417 -0.01394367 -0.003595232 -0.04019999 -0.01402521 -0.004307091 -0.04019999 -0.01496052 -0.004307091 -0.03886663 -0.01496052 -0.004387676 -0.03886663 -0.0151025 -0.003856778 -0.04019999 -0.01431798 -0.003856778 -0.03886663 -0.01431798 -0.003958642 -0.03886663 -0.0144456 -0.003958642 -0.04019999 -0.0144456 -0.004094541 -0.04019999 -0.01463043 -0.004387676 -0.04019999 -0.0151025 -0.004493057 -0.04019999 -0.01530629 -0.004708707 -0.04019999 -0.01581841 -0.004478871 -0.0417 -0.0152775 -0.004709541 -0.04019999 -0.01582074 -0.004780888 -0.04019999 -0.01603615 -0.003856778 -0.03619998 -0.01431798 -0.003706753 -0.03619998 -0.01414442 -0.003514587 -0.03603333 -0.01394367 -0.004826128 -0.04019999 -0.01619303 -0.004826128 -0.03886663 -0.01619303 -0.004780888 -0.03886663 -0.01603615 -0.004780888 -0.03619998 -0.01603615 -0.004709541 -0.03619998 -0.01582074 -0.004708707 -0.03619998 -0.01581841 -0.004651308 -0.03619998 -0.01566559 -0.004562258 -0.03619998 -0.01545411 -0.004651308 -0.04019999 -0.01566559 -0.004651308 -0.03886663 -0.01566559 -0.004708707 -0.03886663 -0.01581841 -0.004307091 -0.03619998 -0.01496052 -0.004186034 -0.03619998 -0.01476562 -0.004387676 -0.03619998 -0.0151025 -0.004493057 -0.03619998 -0.01530629 -0.004493057 -0.03886663 -0.01530629 -0.004562258 -0.03886663 -0.01545411 -0.004562258 -0.04019999 -0.01545411 -0.003958642 -0.03619998 -0.0144456 -0.004094541 -0.03619998 -0.01463043 -0.004094541 -0.03886663 -0.01463043 -0.004186034 -0.03886663 -0.01476562 -0.004186034 -0.04019999 -0.01476562 -0.002821028 -0.04019999 -0.01337182 -0.003007411 -0.04019999 -0.01350557 -0.002684772 -0.04019999 -0.01328194 -0.002684772 -0.03886663 -0.01328194 -0.002821028 -0.03886663 -0.01337182 -0.003311514 -0.04019999 -0.01375383 -0.003311514 -0.03886663 -0.01375383 -0.003432095 -0.03886663 -0.01386392 -0.003706753 -0.04019999 -0.01414442 -0.003706753 -0.03886663 -0.01414442 -0.003595232 -0.03886663 -0.01402521 -0.003595232 -0.03619998 -0.01402521 -0.003514587 -0.03619998 -0.01394367 -0.003432095 -0.03619998 -0.01386392 -0.003311514 -0.03619998 -0.01375383 -0.003136217 -0.03619998 -0.01360589 -0.001623511 -0.03603333 -0.01277089 -0.002821028 -0.03619998 -0.01337182 -0.002684772 -0.03619998 -0.01328194 -0.002488434 -0.03619998 -0.0131632 -0.003007411 -0.03619998 -0.01350557 -0.003007411 -0.03886663 -0.01350557 -0.003136217 -0.03886663 -0.01360589 -0.003136217 -0.04019999 -0.01360589 -0.001991868 -0.03619998 -0.01291388 -0.001779377 -0.03619998 -0.01282733 -0.002345502 -0.04019999 -0.01308429 -0.002140522 -0.04019999 -0.01298135 -0.001991868 -0.04019999 -0.01291388 -0.002140522 -0.03886663 -0.01298135 -0.001991868 -0.03886663 -0.01291388 -0.002140522 -0.03619998 -0.01298135 -0.002345502 -0.03619998 -0.01308429 -0.002345502 -0.03886663 -0.01308429 -0.002488434 -0.03886663 -0.0131632 -0.002488434 -0.04019999 -0.0131632 -5.35886e-4 -0.04019999 -0.02247118 -3.07282e-4 -0.04019999 -0.0224905 8.52187e-5 -0.04019999 -0.02249926 8.52187e-5 -0.03886663 -0.02249926 2.48379e-4 -0.03886663 -0.02249377 2.48379e-4 -0.04019999 -0.02249377 4.77194e-4 -0.04019999 -0.02247714 -2.36093e-4 -0.0417 -0.02249437 0.001026511 -0.04019999 -0.02239346 0.001407265 -0.03886663 -0.02229785 0.001407265 -0.04019999 -0.02229785 0.001249909 -0.04019999 -0.02234125 0.001625895 -0.03619998 -0.02222824 0.001623511 -0.03619998 -0.02222907 0.001623511 -0.03603333 -0.02222907 0.001407265 -0.03619998 -0.02229785 0.001249909 -0.03619998 -0.02234125 0.001026511 -0.03619998 -0.02239346 0.001249909 -0.03886663 -0.02234125 6.39424e-4 -0.03619998 -0.02245891 8.66228e-4 -0.03619998 -0.02242434 8.66228e-4 -0.03886663 -0.02242434 0.001026511 -0.03886663 -0.02239346 8.66228e-4 -0.04019999 -0.02242434 2.48379e-4 -0.03619998 -0.02249377 8.52187e-5 -0.03619998 -0.02249926 -1.44198e-4 -0.03619998 -0.02249789 4.77194e-4 -0.03619998 -0.02247714 4.77194e-4 -0.03886663 -0.02247714 6.39424e-4 -0.03886663 -0.02245891 6.39424e-4 -0.04019999 -0.02245891 -1.44198e-4 -0.04019999 -0.02249789 -1.44198e-4 -0.03886663 -0.02249789 -3.07282e-4 -0.03886663 -0.0224905 -3.07282e-4 -0.03619998 -0.0224905 -5.35886e-4 -0.03619998 -0.02247118 -5.35886e-4 -0.03886663 -0.02247118 0.003595232 -0.03619998 -0.02097475 0.003514587 -0.03619998 -0.02105629 0.003514587 -0.03603333 -0.02105629 0.003432095 -0.03619998 -0.02113598 0.003007411 -0.03619998 -0.02149438 0.002821028 -0.03619998 -0.02162814 0.002345502 -0.03619998 -0.02191567 0.002140522 -0.03619998 -0.02201861 0.002488434 -0.03619998 -0.02183675 0.002488434 -0.03886663 -0.02183675 0.002345502 -0.03886663 -0.02191567 0.001398384 -0.0417 -0.02230042 0.001623511 -0.04019999 -0.02222907 0.001609027 -0.0417 -0.02219897 0.001625895 -0.04019999 -0.02222824 0.001991868 -0.04019999 -0.02208608 0.001779377 -0.04019999 -0.02217262 0.001779377 -0.03886663 -0.02217262 0.001625895 -0.03886663 -0.02222824 0.001779377 -0.03619998 -0.02217262 0.002345502 -0.04019999 -0.02191567 0.001991868 -0.03619998 -0.02208608 0.001991868 -0.03886663 -0.02208608 0.002140522 -0.03886663 -0.02201861 0.002140522 -0.04019999 -0.02201861 0.002488434 -0.04019999 -0.02183675 0.002684772 -0.03619998 -0.02171802 0.002684772 -0.03886663 -0.02171802 0.002821028 -0.03886663 -0.02162814 0.002684772 -0.04019999 -0.02171802 0.002821028 -0.04019999 -0.02162814 0.003136217 -0.04019999 -0.02139407 0.003007411 -0.04019999 -0.02149438 0.003136217 -0.03886663 -0.02139407 0.003007411 -0.03886663 -0.02149438 0.003136217 -0.03619998 -0.02139407 0.002881288 -0.0417 -0.02158629 0.003466665 -0.0417 -0.02100777 0.003311514 -0.04019999 -0.02124613 0.003311514 -0.03619998 -0.02124613 0.003311514 -0.03886663 -0.02124613 0.003432095 -0.03886663 -0.02113598 0.003432095 -0.04019999 -0.02113598 0.003514587 -0.04019999 -0.02105629 0.003595232 -0.04019999 -0.02097475 0.003856778 -0.04019999 -0.02068191 0.004679679 -0.0417 -0.01916438 0.004051983 -0.0417 -0.02042931 0.003706753 -0.04019999 -0.02085548 0.004387676 -0.04019999 -0.01989746 0.004493057 -0.04019999 -0.01969367 0.004651308 -0.04019999 -0.01933437 0.004562258 -0.04019999 -0.01954579 0.004562258 -0.03886663 -0.01954579 0.004493057 -0.03886663 -0.01969367 0.004562258 -0.03619998 -0.01954579 0.004780888 -0.03619998 -0.01896381 0.004709541 -0.03619998 -0.01917916 0.004709541 -0.03603333 -0.01917916 0.004708707 -0.03619998 -0.01918154 0.004493057 -0.03619998 -0.01969367 0.004387676 -0.03619998 -0.01989746 0.004094541 -0.04019999 -0.02036952 0.003958642 -0.04019999 -0.02055436 0.003958642 -0.03886663 -0.02055436 0.003856778 -0.03886663 -0.02068191 0.003958642 -0.03619998 -0.02055436 0.004186034 -0.03619998 -0.02023434 0.004307091 -0.03619998 -0.02003943 0.004307091 -0.03886663 -0.02003943 0.004387676 -0.03886663 -0.01989746 0.004307091 -0.04019999 -0.02003943 0.003856778 -0.03619998 -0.02068191 0.003706753 -0.03619998 -0.02085548 0.004186034 -0.04019999 -0.02023434 0.004186034 -0.03886663 -0.02023434 0.004094541 -0.03886663 -0.02036952 0.004094541 -0.03619998 -0.02036952 0.003706753 -0.03886663 -0.02085548 0.003595232 -0.03886663 -0.02097475 0.003355503 -0.04019999 -0.01379317 0.003181934 -0.04019999 -0.01364314 0.002673327 -0.0417 -0.01329582 0.003994405 -0.04019999 -0.01449251 0.003994405 -0.03886663 -0.01449251 0.00389409 -0.03886663 -0.0143637 0.003746092 -0.04019999 -0.0141884 0.00389409 -0.04019999 -0.0143637 0.003834366 -0.0417 -0.01429104 0.004191637 -0.0417 -0.01489871 0.002869546 -0.04019999 -0.01340538 0.00305432 -0.04019999 -0.01354134 0.00305432 -0.03886663 -0.01354134 0.003181934 -0.03886663 -0.01364314 0.00305432 -0.03619998 -0.01354134 0.002539396 -0.03619998 -0.01319289 0.00268507 -0.03619998 -0.01328212 0.00268507 -0.03603333 -0.01328212 0.002734303 -0.03619998 -0.01331388 0.004249215 -0.03603333 -0.01486486 0.003355503 -0.03619998 -0.01379317 0.003181934 -0.03619998 -0.01364314 0.003636002 -0.03619998 -0.01406788 0.003474712 -0.03619998 -0.01390469 0.003474712 -0.03886663 -0.01390469 0.003355503 -0.03886663 -0.01379317 0.003474712 -0.04019999 -0.01390469 0.00389409 -0.03619998 -0.0143637 0.003994405 -0.03619998 -0.01449251 0.004128158 -0.03619998 -0.01467895 0.003746092 -0.03619998 -0.0141884 0.003746092 -0.03886663 -0.0141884 0.003636002 -0.03886663 -0.01406788 0.003636002 -0.04019999 -0.01406788 0.004958927 -0.03619998 -0.01686054 0.004958927 -0.03886663 -0.01686054 0.004971742 -0.03886663 -0.0169695 0.004958927 -0.04019999 -0.01686054 0.0049268 -0.0417 -0.01697862 0.004924356 -0.04019999 -0.01663374 0.004672646 -0.04019999 -0.0157206 0.0045861 -0.04019999 -0.01550811 0.004336714 -0.04019999 -0.01501148 0.004668593 -0.0417 -0.01570993 0.004249215 -0.04019999 -0.01486486 0.004218041 -0.04019999 -0.01481521 0.004128158 -0.04019999 -0.01467895 0.004128158 -0.03886663 -0.01467895 0.004218041 -0.03886663 -0.01481521 0.004218041 -0.03619998 -0.01481521 0.004249215 -0.03619998 -0.01486486 0.004336714 -0.03619998 -0.01501148 0.004518628 -0.03619998 -0.01535946 0.00441569 -0.03619998 -0.01515442 0.00441569 -0.03886663 -0.01515442 0.004336714 -0.03886663 -0.01501148 0.00441569 -0.04019999 -0.01515442 0.004518628 -0.04019999 -0.01535946 0.004518628 -0.03886663 -0.01535946 0.0045861 -0.03886663 -0.01550811 0.0045861 -0.03619998 -0.01550811 0.004672646 -0.03619998 -0.0157206 0.004728257 -0.03619998 -0.01587408 0.004797816 -0.03619998 -0.01609265 0.004971742 -0.03603333 -0.0169695 0.004728257 -0.03886663 -0.01587408 0.004672646 -0.03886663 -0.0157206 0.004728257 -0.04019999 -0.01587408 0.004924356 -0.03619998 -0.01663374 0.004841208 -0.04019999 -0.01625007 0.004893481 -0.04019999 -0.01647347 0.004893481 -0.03886663 -0.01647347 0.004924356 -0.03886663 -0.01663374 0.004893481 -0.03619998 -0.01647347 0.004841208 -0.03619998 -0.01625007 0.004841208 -0.03886663 -0.01625007 0.004797816 -0.03886663 -0.01609265 0.004797816 -0.04019999 -0.01609265 0.004651308 -0.03619998 -0.01933437 0.004651308 -0.03886663 -0.01933437 0.004708707 -0.03886663 -0.01918154 0.004708707 -0.04019999 -0.01918154 0.004709541 -0.04019999 -0.01917916 0.00478363 -0.0417 -0.01895493 0.004780888 -0.04019999 -0.01896381 0.004996836 -0.0417 -0.01732283 0.004826128 -0.04019999 -0.01880693 0.004881024 -0.04019999 -0.01858419 0.004997909 -0.04019999 -0.01764416 0.00499922 -0.04019999 -0.01741474 0.004990518 -0.04019999 -0.01780724 0.004990518 -0.03886663 -0.01780724 0.004997909 -0.03886663 -0.01764416 0.004997909 -0.03619998 -0.01764416 0.004977166 -0.03619998 -0.01702278 0.004993796 -0.03619998 -0.01725161 0.004990518 -0.03619998 -0.01780724 0.004971146 -0.03619998 -0.01803588 0.00499922 -0.03619998 -0.01741474 0.00499922 -0.03886663 -0.01741474 0.004993796 -0.03886663 -0.01725161 0.004993796 -0.04019999 -0.01725161 0.004977166 -0.04019999 -0.01702278 0.004977166 -0.03886663 -0.01702278 0.004951 -0.04019999 -0.01819789 0.004913806 -0.04019999 -0.01842427 0.004913806 -0.03886663 -0.01842427 0.004881024 -0.03886663 -0.01858419 0.004913806 -0.03619998 -0.01842427 0.004881024 -0.03619998 -0.01858419 0.004826128 -0.03619998 -0.01880693 0.004971146 -0.04019999 -0.01803588 0.004971146 -0.03886663 -0.01803588 0.004951 -0.03886663 -0.01819789 0.004951 -0.03619998 -0.01819789 0.004826128 -0.03886663 -0.01880693 0.004780888 -0.03886663 -0.01896381 5.35886e-4 -0.04019999 -0.01252877 5.86497e-4 -0.0417 -0.0125904 5.89124e-4 -0.03886663 -0.01253479 -5.89182e-4 -0.0417 -0.01253479 3.07282e-4 -0.04019999 -0.0125094 -0.001605987 -0.0417 -0.01283103 -8.52187e-5 -0.04019999 -0.0125007 -8.52187e-5 -0.03886663 -0.0125007 -2.48379e-4 -0.03886663 -0.01250612 -2.48379e-4 -0.04019999 -0.01250612 -4.77194e-4 -0.04019999 -0.01252281 -8.66228e-4 -0.04019999 -0.01257556 -8.66228e-4 -0.03886663 -0.01257556 -0.001026511 -0.03886663 -0.0126065 -0.001026511 -0.04019999 -0.0126065 -0.001249909 -0.04019999 -0.01265871 -0.001407265 -0.03619998 -0.0127021 5.89124e-4 -0.03603333 -0.01253479 -0.001779377 -0.04019999 -0.01282733 -0.001625895 -0.04019999 -0.01277172 -0.001779377 -0.03886663 -0.01282733 -0.001625895 -0.03886663 -0.01277172 -0.001625895 -0.03619998 -0.01277172 -0.001623511 -0.03619998 -0.01277089 -0.001026511 -0.03619998 -0.0126065 -8.66228e-4 -0.03619998 -0.01257556 -6.39424e-4 -0.03619998 -0.01254105 -0.001249909 -0.03619998 -0.01265871 -0.001249909 -0.03886663 -0.01265871 -0.001407265 -0.03886663 -0.0127021 -0.001407265 -0.04019999 -0.0127021 -0.001623511 -0.04019999 -0.01277089 -0.00216943 -0.0417 -0.01299512 -2.48379e-4 -0.03619998 -0.01250612 -8.52187e-5 -0.03619998 -0.0125007 1.44198e-4 -0.03619998 -0.01250207 -4.77194e-4 -0.03619998 -0.01252281 -4.77194e-4 -0.03886663 -0.01252281 -6.39424e-4 -0.03886663 -0.01254105 -6.39424e-4 -0.04019999 -0.01254105 1.44198e-4 -0.04019999 -0.01250207 1.44198e-4 -0.03886663 -0.01250207 3.07282e-4 -0.03886663 -0.0125094 3.07282e-4 -0.03619998 -0.0125094 5.35886e-4 -0.03619998 -0.01252877 5.35886e-4 -0.03886663 -0.01252877 0.002869546 -0.03619998 -0.01340538 0.002869546 -0.03886663 -0.01340538 0.002734303 -0.03886663 -0.01331388 0.002734303 -0.04019999 -0.01331388 0.00268507 -0.04019999 -0.01328212 0.002539396 -0.04019999 -0.01319289 0.002584695 -0.0417 -0.01321989 0.002397477 -0.04019999 -0.01311224 0.001054883 -0.0417 -0.01261252 0.002193689 -0.04019999 -0.01300692 0.001834392 -0.04019999 -0.01284861 0.001834392 -0.03886663 -0.01284861 0.001681566 -0.03886663 -0.01279121 0.001681566 -0.04019999 -0.01279121 0.00146377 -0.04019999 -0.01271903 0.001084148 -0.04019999 -0.01261895 0.001084148 -0.03886663 -0.01261895 9.24269e-4 -0.03886663 -0.01258611 9.24269e-4 -0.04019999 -0.01258611 6.97889e-4 -0.04019999 -0.01254892 6.97889e-4 -0.03886663 -0.01254892 6.97889e-4 -0.03619998 -0.01254892 9.24269e-4 -0.03619998 -0.01258611 0.001084148 -0.03619998 -0.01261895 0.001306951 -0.03619998 -0.01267379 0.001681566 -0.03619998 -0.01279121 0.001834392 -0.03619998 -0.01284861 0.00204581 -0.03619998 -0.01293766 0.00146377 -0.03619998 -0.01271903 0.00146377 -0.03886663 -0.01271903 0.001306951 -0.03886663 -0.01267379 0.001306951 -0.04019999 -0.01267379 0.002397477 -0.03886663 -0.01311224 0.002539396 -0.03886663 -0.01319289 0.002397477 -0.03619998 -0.01311224 0.002193689 -0.03619998 -0.01300692 0.002193689 -0.03886663 -0.01300692 0.00204581 -0.03886663 -0.01293766 0.00204581 -0.04019999 -0.01293766 -0.003514587 -0.03319996 -0.01394367 -0.001623511 -0.03319996 -0.01277089 5.89124e-4 -0.03319996 -0.01253479 0.00268507 -0.03319996 -0.01328212 0.004249215 -0.03319996 -0.01486486 0.004971742 -0.03319996 -0.0169695 0.004709541 -0.03319996 -0.01917916 0.003514587 -0.03319996 -0.02105629 0.001623511 -0.03319996 -0.02222907 -5.89124e-4 -0.03319996 -0.02246516 -0.00268507 -0.03319996 -0.02171784 -0.004249215 -0.03319996 -0.0201351 -0.004971742 -0.03319996 -0.01803046 -0.004709541 -0.03319996 -0.01582074 -0.001757264 -0.0442 -0.01572179 -0.002239406 -0.0442 -0.01638877 0 -0.0442 -0.01749998 5.27464e-4 -0.0442 -0.01505625 -2.94591e-4 -0.0442 -0.01501739 -0.001084685 -0.0442 -0.01524758 0.002334296 -0.0442 -0.01660495 0.001917183 -0.0442 -0.01589548 0.001292347 -0.0442 -0.01535993 0.002025961 -0.0442 -0.01896464 0.002391815 -0.0442 -0.01822745 0.002498388 -0.0442 -0.01741141 -1.18047e-4 -0.0442 -0.01999717 6.99193e-4 -0.0442 -0.0199002 0.001440644 -0.0442 -0.01954311 -0.002155125 -0.0442 -0.01876699 -0.001626968 -0.0442 -0.01939809 -9.22494e-4 -0.0442 -0.01982355 -0.002478897 -0.0442 -0.01717609 -0.00244975 -0.0442 -0.01799857 -0.004713058 -0.04265666 -0.0184592 -0.004769146 -0.04265666 -0.01687687 -0.004146218 -0.04265666 -0.01993757 -0.003130078 -0.04265666 -0.02115178 -0.001774728 -0.04265666 -0.02197027 -2.27108e-4 -0.04265666 -0.02230429 0.001345157 -0.04265666 -0.02211773 0.002771615 -0.04265666 -0.02143079 0.003897786 -0.04265666 -0.02031785 0.004601538 -0.04265666 -0.0188995 0.004806637 -0.04265666 -0.01732957 0.004490852 -0.04265666 -0.01577806 0.003688454 -0.04265666 -0.01441317 0.002486288 -0.04265666 -0.01338279 0.001014769 -0.04265666 -0.01279854 -5.66757e-4 -0.04265666 -0.0127238 -0.002086818 -0.04265666 -0.0131666 -0.003380835 -0.04265666 -0.01407897 -0.004308402 -0.04265666 -0.01536214 -0.001851677 -0.04346776 -0.01365488 -5.02898e-4 -0.04346776 -0.01326191 9.00438e-4 -0.04346776 -0.01332825 0.002206146 -0.04346776 -0.01384669 0.003272831 -0.04346776 -0.01476097 0.003984868 -0.04346776 -0.01597207 0.004265069 -0.04346776 -0.01734876 0.004083037 -0.04346776 -0.01874184 0.003458619 -0.04346776 -0.02000033 0.002459347 -0.04346776 -0.02098786 0.001193583 -0.04346776 -0.02159744 -2.01518e-4 -0.04346776 -0.02176296 -0.001574754 -0.04346776 -0.02146655 -0.002777397 -0.04346776 -0.02074033 -0.003679037 -0.04346776 -0.01966291 -0.004181981 -0.04346776 -0.01835113 -0.00423175 -0.04346776 -0.01694709 -0.003822982 -0.04346776 -0.015603 -0.002999901 -0.04346776 -0.01446443 -0.001499772 -0.04400968 -0.01438558 -4.07326e-4 -0.04400968 -0.01406735 7.29316e-4 -0.04400968 -0.01412105 0.001786887 -0.04400968 -0.01454097 0.002650856 -0.04400968 -0.01528149 0.003227591 -0.04400968 -0.01626247 0.003454506 -0.04400968 -0.01737749 0.003307104 -0.04400968 -0.01850581 0.002801299 -0.04400968 -0.01952517 0.001991927 -0.04400968 -0.020325 9.66762e-4 -0.04400968 -0.02081876 -1.63221e-4 -0.04400968 -0.02095282 -0.001275479 -0.04400968 -0.02071273 -0.002249538 -0.04400968 -0.02012449 -0.002979874 -0.04400968 -0.01925188 -0.003387212 -0.04400968 -0.01818937 -0.003427565 -0.04400968 -0.01705217 -0.003096461 -0.04400968 -0.01596349 -0.002429783 -0.04400968 -0.01504135 0.003414034 -0.03619998 -0.01412594 0.003414034 -0.04019999 -0.01412594 0.003668248 -0.03619998 -0.01440423 0.003668248 -0.04019999 -0.01440423 0.00313878 -0.03619998 -0.01386845 0.00313878 -0.04019999 -0.01386845 0.002844214 -0.03619998 -0.01363343 0.002844214 -0.04019999 -0.01363343 0.002532064 -0.03619998 -0.01342219 0.002532064 -0.04019999 -0.01342219 0.002204298 -0.03619998 -0.01323604 0.002204298 -0.04019999 -0.01323604 0.001863002 -0.03619998 -0.01307624 0.001863002 -0.04019999 -0.01307624 0.001510143 -0.03619998 -0.01294374 0.001510143 -0.04019999 -0.01294374 -0.00145632 -0.03619998 -0.01292622 -0.00145632 -0.04019999 -0.01292622 -0.00109297 -0.03619998 -0.01282608 -0.00109297 -0.04019999 -0.01282608 -3.48367e-4 -0.03619998 -0.01271265 -3.48367e-4 -0.04019999 -0.01271265 -7.22904e-4 -0.03619998 -0.01275473 -7.22904e-4 -0.04019999 -0.01275473 0.001148045 -0.03619998 -0.01283931 0.001148045 -0.04019999 -0.01283931 7.78841e-4 -0.03619998 -0.01276355 7.78841e-4 -0.04019999 -0.01276355 2.83174e-5 -0.03619998 -0.01270008 2.83174e-5 -0.04019999 -0.01270008 4.04827e-4 -0.03619998 -0.01271706 4.04827e-4 -0.04019999 -0.01271706 0.004077792 -0.03619998 -0.02003204 0.004077792 -0.04019999 -0.02003204 0.004263877 -0.03619998 -0.01970434 0.004263877 -0.04019999 -0.01970434 0.004423677 -0.03619998 -0.01936298 0.004423677 -0.04019999 -0.01936298 0.004556238 -0.03619998 -0.01901018 0.004556238 -0.04019999 -0.01901018 0.004782855 -0.03619998 -0.01790481 0.004782855 -0.04019999 -0.01790481 0.004799902 -0.03619998 -0.01752829 0.004799902 -0.04019999 -0.01752829 0.004736363 -0.03619998 -0.01827883 0.004736363 -0.04019999 -0.01827883 0.004660665 -0.03619998 -0.01864802 0.004660665 -0.04019999 -0.01864802 0.004745244 -0.03619998 -0.01677709 0.004745244 -0.04019999 -0.01677709 0.004787325 -0.03619998 -0.01715159 0.004787325 -0.04019999 -0.01715159 0.004673898 -0.03619998 -0.01640701 0.004673898 -0.04019999 -0.01640701 0.004573702 -0.03619998 -0.01604366 0.004573702 -0.04019999 -0.01604366 0.004445374 -0.03619998 -0.01568931 0.004445374 -0.04019999 -0.01568931 0.004289567 -0.03619998 -0.0153461 0.004289567 -0.04019999 -0.0153461 0.004107356 -0.03619998 -0.01501619 0.004107356 -0.04019999 -0.01501619 0.003899812 -0.03619998 -0.01470154 0.003899812 -0.04019999 -0.01470154 0.003866553 -0.03619998 -0.02034419 0.003866553 -0.04019999 -0.02034419 0.003631472 -0.03619998 -0.02063882 0.003631472 -0.04019999 -0.02063882 0.00337398 -0.03619998 -0.02091407 0.00337398 -0.04019999 -0.02091407 0.003095746 -0.03619998 -0.02116823 0.003095746 -0.04019999 -0.02116823 0.002798378 -0.03619998 -0.02139985 0.002798378 -0.04019999 -0.02139985 0.002483785 -0.03619998 -0.02160739 0.002483785 -0.04019999 -0.02160739 0.002153873 -0.03619998 -0.02178961 0.002153873 -0.04019999 -0.02178961 0.001810669 -0.03619998 -0.02194535 0.001810669 -0.04019999 -0.02194535 -4.04827e-4 -0.03619998 -0.02228289 -4.04827e-4 -0.04019999 -0.02228289 -2.83174e-5 -0.03619998 -0.02229988 -2.83174e-5 -0.04019999 -0.02229988 -7.78841e-4 -0.03619998 -0.02223634 -7.78841e-4 -0.04019999 -0.02223634 -0.001148045 -0.03619998 -0.02216064 -0.001148045 -0.04019999 -0.02216064 7.22904e-4 -0.03619998 -0.02224522 7.22904e-4 -0.04019999 -0.02224522 3.48367e-4 -0.03619998 -0.0222873 3.48367e-4 -0.04019999 -0.0222873 0.00109297 -0.03619998 -0.02217388 0.00109297 -0.04019999 -0.02217388 0.00145632 -0.03619998 -0.02207374 0.00145632 -0.04019999 -0.02207374 -0.001810669 -0.03619998 -0.0130546 -0.001810669 -0.04019999 -0.0130546 -0.002153873 -0.03619998 -0.01321035 -0.002153873 -0.04019999 -0.01321035 -0.002483785 -0.03619998 -0.01339256 -0.002483785 -0.04019999 -0.01339256 -0.002798378 -0.03619998 -0.01360011 -0.002798378 -0.04019999 -0.01360011 -0.003095746 -0.03619998 -0.01383167 -0.003095746 -0.04019999 -0.01383167 -0.00337398 -0.03619998 -0.01408588 -0.00337398 -0.04019999 -0.01408588 -0.003631472 -0.03619998 -0.01436114 -0.003631472 -0.04019999 -0.01436114 -0.003866553 -0.03619998 -0.01465576 -0.003866553 -0.04019999 -0.01465576 -0.004077792 -0.03619998 -0.01496785 -0.004077792 -0.04019999 -0.01496785 -0.004263877 -0.03619998 -0.01529562 -0.004263877 -0.04019999 -0.01529562 -0.004423677 -0.03619998 -0.01563698 -0.004423677 -0.04019999 -0.01563698 -0.004556238 -0.03619998 -0.01598978 -0.004556238 -0.04019999 -0.01598978 -0.004782855 -0.03619998 -0.01709514 -0.004782855 -0.04019999 -0.01709514 -0.004799902 -0.03619998 -0.01747167 -0.004799902 -0.04019999 -0.01747167 -0.004736363 -0.03619998 -0.01672112 -0.004736363 -0.04019999 -0.01672112 -0.004660665 -0.03619998 -0.01635193 -0.004660665 -0.04019999 -0.01635193 -0.004745244 -0.03619998 -0.01822286 -0.004745244 -0.04019999 -0.01822286 -0.004787325 -0.03619998 -0.01784837 -0.004787325 -0.04019999 -0.01784837 -0.004673898 -0.03619998 -0.01859295 -0.004673898 -0.04019999 -0.01859295 -0.004573702 -0.03619998 -0.0189563 -0.004573702 -0.04019999 -0.0189563 -0.004445374 -0.03619998 -0.01931065 -0.004445374 -0.04019999 -0.01931065 -0.004289567 -0.03619998 -0.01965385 -0.004289567 -0.04019999 -0.01965385 -0.004107356 -0.03619998 -0.01998376 -0.004107356 -0.04019999 -0.01998376 -0.003899812 -0.03619998 -0.02029836 -0.003899812 -0.04019999 -0.02029836 -0.003668248 -0.03619998 -0.02059572 -0.003668248 -0.04019999 -0.02059572 -0.003414034 -0.03619998 -0.02087402 -0.003414034 -0.04019999 -0.02087402 -0.00313878 -0.03619998 -0.02113145 -0.00313878 -0.04019999 -0.02113145 -0.002844214 -0.03619998 -0.02136653 -0.002844214 -0.04019999 -0.02136653 -0.002532064 -0.03619998 -0.02157777 -0.002532064 -0.04019999 -0.02157777 -0.002204298 -0.03619998 -0.02176386 -0.002204298 -0.04019999 -0.02176386 -0.001863002 -0.03619998 -0.02192366 -0.001863002 -0.04019999 -0.02192366 -0.001510143 -0.03619998 -0.02205622 -0.001510143 -0.04019999 -0.02205622 0.03859996 -0.003449916 -0.01823562 0.03859996 -0.002994894 -0.01996248 0.03859996 -0.001737415 -0.02123057 0.03859996 0.001712501 -0.02124494 0.03859996 0.00298053 -0.0199874 0.03859996 0.003449916 -0.01826435 0.03859996 -1.43724e-5 -0.02169996 0.03859996 0.001737415 -0.01526939 0.03859996 0.002994894 -0.01653742 0.03859996 -0.00298053 -0.01651257 0.03859996 -0.001712501 -0.01525503 0.03859996 1.43724e-5 -0.01480001 0.03709995 -1.59682e-5 -0.02167648 0.03709995 -2.41106e-4 -0.02169173 0.03709995 -0.001168906 -0.02149593 0.03709995 -0.002967536 -0.01994633 0.03709995 -0.002702593 -0.02039515 0.03709995 -0.002013564 -0.02105224 0.03709995 -0.001723706 -0.02120453 0.03709995 -0.003182291 -0.0195825 0.03709995 -0.003425121 -0.01866698 0.03709995 -0.003316283 -0.01729768 0.03709995 -0.003449916 -0.01823562 0.03709995 -0.001703619 -0.01526755 0.03709995 -0.002364933 -0.01573801 0.03709995 -0.002924084 -0.01641768 0.03709995 -0.002968668 -0.01651781 0.03709995 -0.001595258 -0.01519048 0.03709995 -7.06729e-4 -0.01487261 0.03709995 0.001723706 -0.01529544 0.03709995 0.001168906 -0.01500397 0.03709995 2.41106e-4 -0.01480823 0.03709995 1.59682e-5 -0.01482349 0.03709995 0.002013564 -0.01544767 0.03709995 0.002702593 -0.01610475 0.03709995 0.003449916 -0.01826435 0.03709995 0.003425121 -0.01783299 0.03709995 0.003182291 -0.0169174 0.03709995 0.002967536 -0.01655364 0.03709995 0.003316283 -0.01920229 0.03709995 0.002968668 -0.01998209 0.03709995 0.002924084 -0.02008229 0.03709995 0.002364933 -0.0207619 0.03709995 7.06729e-4 -0.02162736 0.03709995 0.001595258 -0.02130949 0.03709995 0.001703619 -0.02123242 0.03709995 0.003027796 -0.01651716 0.03709995 0.002989232 -0.01642805 0.03709995 0.002409934 -0.01571172 0.03709995 0.001753151 -0.01523929 0.03709995 0.001637756 -0.01515632 0.03709995 7.45463e-4 -0.01482969 0.03709995 1.27954e-5 -0.01477313 0.03709995 -2.08609e-4 -0.01475602 0.03709995 -0.001145184 -0.01494258 0.03709995 -0.001724064 -0.01523768 0.03709995 -0.00200814 -0.01538252 0.03709995 -0.0027107 -0.01603525 0.03709995 -0.002996921 -0.01650375 0.03709995 -0.003206193 -0.01684617 0.03709995 -0.003466665 -0.01776456 0.03709995 -0.003499925 -0.01823538 0.03709995 -0.003374099 -0.01918137 0.03709995 -0.003027796 -0.01998275 0.03709995 -0.002989232 -0.02007192 0.03709995 -0.002409934 -0.02078825 0.03709995 -0.001753151 -0.02126061 0.03709995 -0.001637756 -0.02134358 0.03709995 -7.45463e-4 -0.02167022 0.03709995 -1.27954e-5 -0.02172684 0.03709995 2.08609e-4 -0.02174395 0.03709995 0.001145184 -0.02155739 0.03709995 0.001724064 -0.02126228 0.03709995 0.00200814 -0.02111744 0.03709995 0.0027107 -0.02046471 0.03709995 0.002996921 -0.01999622 0.03709995 0.003206193 -0.01965373 0.03709995 0.003466665 -0.01873534 0.03709995 0.003499925 -0.01826453 0.03709995 0.003374099 -0.0173186 0.03759998 7.1694e-4 -0.0216763 0.03759998 -1.61735e-5 -0.02172684 0.03759998 0.001611948 -0.02135717 0.03759998 0.001727998 -0.02127516 0.03759998 0.002031981 -0.01539933 0.03759998 0.001749098 -0.01525217 0.03759998 0.002729058 -0.0160579 0.03759998 0.003011405 -0.01652878 0.03759998 0.002388656 -0.02080821 0.03759998 0.002973973 -0.02009677 0.03759998 0.003013253 -0.02000796 0.03759998 0.003366231 -0.01920944 0.03759998 0.003499925 -0.01826453 0.03759998 0.00347054 -0.01779347 0.03759998 0.003217756 -0.01687294 0.03759998 2.37712e-4 -0.01475787 0.03759998 1.61735e-5 -0.01477313 0.03759998 0.001172721 -0.01495224 0.03759998 -7.1694e-4 -0.01482361 0.03759998 -0.001611948 -0.01514279 0.03759998 -0.001727998 -0.01522481 0.03759998 -0.002031981 -0.02110058 0.03759998 -0.001749098 -0.0212478 0.03759998 -0.002729058 -0.02044206 0.03759998 -0.003011405 -0.01997119 0.03759998 -0.002388656 -0.01569175 0.03759998 -0.002973973 -0.01640319 0.03759998 -0.003013253 -0.016492 0.03759998 -0.003366231 -0.01729053 0.03759998 -0.003499925 -0.01823538 0.03759998 -0.00347054 -0.0187065 0.03759998 -0.003217756 -0.01962697 0.03759998 -2.37712e-4 -0.0217421 0.03759998 -0.001172721 -0.02154773 0.03759998 0.002864778 -0.01504325 0.03759998 0.001046419 -0.01407927 0.03759998 -0.00354892 -0.02067786 0.03759998 -0.0020141 -0.02204906 0.03759998 0.004299938 -0.01826786 0.03759998 0.00402683 -0.01674193 0.03759998 -0.004014134 -0.01670843 0.03759998 -0.00101161 -0.01407068 0.03759998 -1.79135e-5 -0.02254992 0.03759998 0.00198239 -0.02206575 0.03759998 -0.002837955 -0.01501953 0.03759998 -0.004270732 -0.01875048 0.03759998 -0.004299938 -0.01823204 0.03759998 0.00426644 -0.01878607 0.03759998 0.003528594 -0.02070736 0.03709995 -5.30201e-4 -0.02251768 0.03709995 -0.001558244 -0.02225768 0.03709995 -0.002001702 -0.02202534 0.03709995 -0.003522634 -0.02065962 0.03709995 -0.003206074 -0.02111548 0.03709995 -0.002407848 -0.02181255 0.03709995 -0.004146516 -0.0193901 0.03709995 -0.003805279 -0.02025246 0.03709995 -0.003987669 -0.01671862 0.03709995 -0.004165768 -0.01718181 0.03709995 -0.004299938 -0.01823204 0.03709995 -0.004297435 -0.01839965 0.03709995 -0.004244625 -0.01874649 0.03709995 -0.002816438 -0.01504421 0.03709995 -0.003205299 -0.0153836 0.03709995 -0.003809928 -0.01625633 0.03709995 -0.001004874 -0.01409822 0.03709995 -0.001495063 -0.01421821 0.03709995 -0.002406954 -0.01468676 0.03709995 0.001038432 -0.0141108 0.03709995 5.30201e-4 -0.01398223 0.03709995 -5.3215e-4 -0.01398247 0.03709995 0.002843439 -0.01506775 0.03709995 0.002407848 -0.01468735 0.03709995 0.001558244 -0.01424223 0.03709995 0.004004478 -0.01675081 0.03709995 0.003805279 -0.01624745 0.03709995 0.003206074 -0.01538449 0.03709995 0.004297435 -0.01810032 0.03709995 0.004146516 -0.01710981 0.03709995 0.003501594 -0.02068865 0.03709995 0.003809928 -0.02024364 0.03709995 0.004165768 -0.0193181 0.03709995 0.004234254 -0.01878196 0.03709995 0.004299938 -0.01826786 0.03709995 0.001968383 -0.02203851 0.03709995 0.002406954 -0.02181315 0.03709995 0.003205299 -0.02111637 0.03709995 -1.79206e-5 -0.02251756 0.03709995 5.3215e-4 -0.02251744 0.03709995 0.001495063 -0.0222817 0.03709995 -0.004399955 -0.01823163 0.03709995 -0.004270672 -0.01718848 0.03709995 -0.004077434 -0.01668411 0.03709995 -0.003888309 -0.01619052 0.03709995 -0.003281533 -0.01531875 0.03709995 -0.002882421 -0.01496899 0.03709995 -0.0024755 -0.01461237 0.03709995 -0.00151652 -0.01411956 0.03709995 -0.001027762 -0.014005 0.03709995 -4.72689e-4 -0.01387494 0.03709995 6.01961e-4 -0.01389074 0.03709995 0.001063704 -0.01400959 0.03709995 0.00157231 -0.01414048 0.03709995 0.002513825 -0.01463878 0.03709995 0.002909541 -0.01499313 0.03709995 0.003312468 -0.01535379 0.03709995 0.003915369 -0.0162425 0.03709995 0.004092633 -0.01671725 0.03709995 0.004274547 -0.01720452 0.03709995 0.004399955 -0.01826828 0.03709995 0.004334688 -0.01879471 0.03709995 0.004270672 -0.01931148 0.03709995 0.003888309 -0.02030944 0.03709995 0.003584325 -0.02074617 0.03709995 0.003281533 -0.02118116 0.03709995 0.0024755 -0.02188754 0.03709995 0.002013385 -0.02212506 0.03709995 0.00151652 -0.02238041 0.03709995 4.72689e-4 -0.02262502 0.03709995 -1.78562e-5 -0.02261781 0.03709995 -6.01961e-4 -0.02260917 0.03709995 -0.00157231 -0.02235949 0.03709995 -0.00204581 -0.02210885 0.03709995 -0.002513825 -0.02186113 0.03709995 -0.003312468 -0.02114611 0.03709995 -0.003604352 -0.02071595 0.03709995 -0.003915369 -0.02025747 0.03709995 -0.004274547 -0.01929539 0.03709995 -0.004337847 -0.01875835 0.03759998 -0.001550853 -0.02236759 0.03759998 -5.09125e-4 -0.02262091 0.03759998 -1.8536e-5 -0.02261781 0.03759998 5.6562e-4 -0.02261406 0.03759998 0.001537978 -0.02237242 0.03759998 0.002013623 -0.02212578 0.03759998 0.002483606 -0.02188199 0.03759998 0.003288209 -0.02117365 0.03759998 0.003583669 -0.02074587 0.03759998 0.003898501 -0.02029001 0.03759998 0.004265666 -0.01933097 0.03759998 0.004333436 -0.01879447 0.03759998 0.004399955 -0.01826828 0.03759998 0.004279375 -0.01722413 0.03759998 0.004090309 -0.01671814 0.03759998 0.003905296 -0.01622295 0.03759998 0.003305852 -0.01534622 0.03759998 0.00290966 -0.01499313 0.03759998 0.002505719 -0.01463311 0.03759998 0.001550853 -0.01413232 0.03759998 0.001063108 -0.0140137 0.03759998 5.09125e-4 -0.013879 0.03759998 -5.6562e-4 -0.01388591 0.03759998 -0.001028358 -0.01400089 0.03759998 -0.001537978 -0.01412749 0.03759998 -0.002483606 -0.01461797 0.03759998 -0.002882301 -0.01496899 0.03759998 -0.003288209 -0.01532632 0.03759998 -0.003898501 -0.01620995 0.03759998 -0.004079699 -0.01668322 0.03759998 -0.004265666 -0.01716893 0.03759998 -0.004399955 -0.01823163 0.03759998 -0.004339098 -0.01875853 0.03759998 -0.004279375 -0.01927584 0.03759998 -0.003905296 -0.02027696 0.03759998 -0.003604948 -0.02071624 0.03759998 -0.003305852 -0.02115374 0.03759998 -0.002505719 -0.02186679 0.03759998 -0.002045571 -0.02210813 0.03759998 0.003937721 -0.02124947 0.03759998 -9.29822e-4 -0.02311187 0.03759998 0.001807332 -0.01364171 0.03759998 2.06213e-5 -0.0133 0.03759998 0.002588272 -0.02246934 0.03759998 -0.002623319 -0.02244764 0.03759998 -0.003319501 -0.01457804 0.03759998 0.003349959 -0.01460582 0.03759998 -0.003962576 -0.02121651 0.03759998 0.004440188 -0.01606202 0.03759998 -0.001768887 -0.01362681 0.03759998 8.89282e-4 -0.02311944 0.03759998 -0.004766583 -0.01958477 0.03759998 -0.004949927 -0.01822936 0.03759998 0.004930734 -0.0178138 0.03759998 0.004949927 -0.01827061 0.03759998 0.004755318 -0.01962441 0.03759998 -0.00442177 -0.01602512 0.03759998 -0.004926919 -0.01777273 0.0374431 -9.6332e-4 -0.02350461 0.03746461 -8.98255e-4 -0.02346152 0.03741449 -0.001006901 -0.02356928 0.03738325 -0.001022458 -0.02364575 0.03645026 -0.001466035 -0.02591717 0.03645026 -0.001032292 -0.02600586 0.03747552 -8.21656e-4 -0.02344661 0.03747791 -7.81045e-4 -0.02344673 0.03747552 7.7833e-4 -0.02345323 0.03746461 8.54803e-4 -0.02346879 0.0374431 9.19506e-4 -0.02351242 0.03741449 9.6259e-4 -0.02357751 0.03738325 9.77495e-4 -0.0236541 0.03645026 0.001402616 -0.02593129 0.03645026 9.67663e-4 -0.0260142 0.03746461 -8.54803e-4 -0.01303112 0.0374431 -9.19506e-4 -0.01298749 0.03645026 -9.67663e-4 -0.01048576 0.03645026 -0.001955211 -0.01067394 0.03738325 -9.77495e-4 -0.01284587 0.03741449 -9.6259e-4 -0.01292246 0.03741449 0.001006901 -0.01293063 0.0374431 9.6332e-4 -0.01299536 0.03738325 0.001022458 -0.01285415 0.03645026 0.002094686 -0.01071131 0.03645026 0.001032292 -0.01049411 0.03746461 8.98255e-4 -0.01303845 0.03747552 8.21656e-4 -0.01305335 0.03747552 2.16628e-5 -0.01305001 0.03747552 -7.7833e-4 -0.01304668 0.03645026 -0.002771437 -0.01100325 0.03645026 -0.003849387 -0.01143813 0.03645026 -0.006739616 -0.01427543 0.03645026 -0.005481243 -0.01266652 0.03645026 -0.005225718 -0.01247417 0.03645026 -0.007575988 -0.02020519 0.03645026 -0.006942629 -0.0147531 0.03645026 -0.007538616 -0.01615524 0.03645026 -0.007728874 -0.01750391 0.03645026 -0.007823944 -0.01817774 0.03645026 -0.007516562 -0.0203526 0.03645026 -0.006811797 -0.02209943 0.03645026 -0.006210029 -0.02289885 0.03645026 -0.005583405 -0.02373129 0.03645026 -0.004131972 -0.0248664 0.03645026 -0.003974497 -0.0249896 0.03645026 -0.002094686 -0.02578866 0.03645026 0.001955211 -0.02582603 0.03645026 0.003849387 -0.02506184 0.03645026 0.004072129 -0.02489411 0.03645026 0.005481243 -0.02383339 0.03645026 0.006171941 -0.02295029 0.03645026 0.006739616 -0.02222448 0.03645026 0.007507264 -0.02041858 0.03645026 0.007538616 -0.02034473 0.03645026 0.007823944 -0.01832216 0.03645026 0.006976425 -0.01480853 0.03645026 0.007575988 -0.01629477 0.03645026 0.007731735 -0.01756811 0.03645026 0.006811797 -0.01440054 0.03645026 0.005583405 -0.01276868 0.03645026 0.005269229 -0.01252299 0.03645026 0.003974497 -0.01151037 0.03645026 0.002831816 -0.01102465 0.03640711 0.005630493 -0.01272243 0.03640711 0.006869256 -0.01436805 0.03634184 0.006907761 -0.01434636 0.03640711 -0.006869256 -0.02213186 0.03640711 -0.007639884 -0.02022171 0.03634184 -0.007682681 -0.02023273 0.03640711 0.004007995 -0.0114535 0.03640711 0.003881871 -0.02511924 0.03640711 -0.005630493 -0.02377748 0.03640711 -0.002112388 -0.0258522 0.0364151 0.001032531 -0.01043623 0.03640711 0.002112388 -0.01064771 0.03634184 7.32356e-5 -0.01031583 0.03639996 7.28915e-5 -0.01035314 0.03639996 0.00103259 -0.01042056 0.03639996 -9.67357e-4 -0.01041227 0.03634184 -0.001982748 -0.01056724 0.03640598 -9.6739e-4 -0.01042014 0.03634184 -7.32356e-5 -0.02618408 0.03639996 -7.28915e-5 -0.02614682 0.03639996 -0.00103259 -0.02607935 0.03639996 9.67357e-4 -0.0260877 0.03634184 0.001982748 -0.02593272 0.03640598 9.6739e-4 -0.02607983 0.03644114 9.67581e-4 -0.02603393 0.03640711 0.001971662 -0.02588993 0.03640711 -0.004007995 -0.02504646 0.03640711 0.005527496 -0.02388048 0.03640711 0.006796419 -0.02225798 0.03640711 0.007602214 -0.02036237 0.03640711 0.007639884 -0.01627826 0.03640711 0.007889926 -0.01832282 0.03644114 -9.67581e-4 -0.01046597 0.03640711 -0.001971662 -0.01061004 0.03640711 -0.003881871 -0.01138067 0.03640711 -0.005527496 -0.01261943 0.03640711 -0.007602214 -0.01613754 0.03640711 -0.006796419 -0.01424193 0.03640711 -0.007889926 -0.01817715 0.03634184 -0.005662024 -0.02380847 0.03634184 -0.004030466 -0.02508449 0.03634184 0.003903627 -0.02515774 0.03634184 0.005558431 -0.02391201 0.03634184 0.006834506 -0.02228045 0.03634184 0.007682681 -0.01626724 0.03634184 0.007934093 -0.01832318 0.03634184 0.007644772 -0.02037423 0.03634184 0.004030466 -0.01141542 0.03634184 0.00212419 -0.01060515 0.03634184 -0.003903627 -0.01134222 0.03634184 -0.007644772 -0.01612573 0.03634184 -0.006834506 -0.01421946 0.03634184 -0.005558431 -0.0125879 0.03634184 -0.007934093 -0.01817673 0.03626459 -0.00794965 -0.01817661 0.03626459 -0.007855951 -0.01894283 0.03626459 -0.007697761 -0.02023661 0.03634184 -0.006907761 -0.02215361 0.03626459 -0.007088541 -0.02174669 0.03626459 -0.006921291 -0.02216124 0.03634184 -0.00212419 -0.02589482 0.03626459 -0.002877354 -0.02559143 0.03626459 -0.002128362 -0.02590978 0.03626459 -0.00567311 -0.02381932 0.03626459 -0.005353927 -0.02406901 0.03626459 -0.004038333 -0.0250979 0.03640693 -0.00103259 -0.0260722 0.0364151 -0.001032531 -0.02606374 0.03626459 0.001986622 -0.02594774 0.03626459 -3.31191e-5 -0.02619993 0.03626459 -7.3379e-5 -0.02619963 0.03626459 0.002815961 -0.02561312 0.03626459 0.006847918 -0.02228838 0.03626459 0.005569338 -0.02392309 0.03626459 0.0053097 -0.0241186 0.03626459 0.003911256 -0.02517127 0.03626459 0.007054209 -0.02180302 0.03626459 0.007659733 -0.02037835 0.03626459 0.007853031 -0.01900804 0.03626459 0.00794965 -0.01832336 0.03626459 0.007697761 -0.0162633 0.03626459 0.007637321 -0.01611357 0.03626459 0.006921291 -0.01433867 0.03626459 0.006309807 -0.01352638 0.03634184 0.005662024 -0.01269149 0.03626459 0.00567311 -0.01268059 0.03626459 0.004198372 -0.01152724 0.03626459 0.004038333 -0.01140207 0.03626459 0.002128362 -0.01059019 0.03626459 0.001485168 -0.01049947 0.03640693 0.00103259 -0.01042777 0.03626459 -0.003911256 -0.01132869 0.03626459 -0.001986622 -0.01055222 0.03626459 -0.00142163 -0.01048314 0.03626459 7.3379e-5 -0.01030033 0.03626459 -0.004137575 -0.01149904 0.03626459 -0.005569338 -0.01257681 0.03626459 -0.006271123 -0.01347416 0.03626459 -0.006847918 -0.01421159 0.03626459 -0.007627844 -0.01604652 0.03626459 -0.007659733 -0.01612156 0.03599995 -3.31191e-5 -0.02619993 0.03599995 -0.002902686 -0.02565109 0.03599995 -0.005380272 -0.02410274 0.03599995 -0.007131218 -0.02176392 0.03599995 -0.007919073 -0.01895052 0.03599995 -0.007949888 -0.01821684 0.03599995 -0.006324172 -0.01343262 0.03599995 -0.007637381 -0.01604253 0.03599995 -0.004156887 -0.01147335 0.03599995 -0.001428186 -0.01042932 0.03599995 0.001493334 -0.01044148 0.03599995 0.004213213 -0.01150822 0.03599995 0.006364107 -0.01348549 0.03599995 0.007655501 -0.01610624 0.03599995 0.007949888 -0.01828306 0.03599995 0.007912933 -0.0190165 0.03599995 0.007101714 -0.02182322 0.03599995 0.005331337 -0.02414733 0.03599995 0.002840936 -0.02567505 0.03639996 -9.77495e-4 -0.01284587 0.03639996 8.21656e-4 -0.01305335 0.03639996 -7.7833e-4 -0.01304668 0.03639996 0.001022458 -0.01285415 0.03639996 9.6332e-4 -0.01299536 0.03639996 0.001006901 -0.01293063 0.03639996 8.98255e-4 -0.01303845 0.03639996 -9.19506e-4 -0.01298749 0.03639996 -8.54803e-4 -0.01303112 0.03639996 -9.6259e-4 -0.01292246 0.03639996 9.77495e-4 -0.0236541 0.03639996 -8.21656e-4 -0.02344661 0.03639996 7.7833e-4 -0.02345323 0.03639996 -0.001022458 -0.02364575 0.03639996 -8.98255e-4 -0.02346152 0.03639996 -9.6332e-4 -0.02350461 0.03639996 -0.001006901 -0.02356928 0.03639996 9.6259e-4 -0.02357751 0.03639996 9.19506e-4 -0.02351242 0.03639996 8.54803e-4 -0.02346879 -0.03599995 0.00107479 -0.02612698 -0.03599995 0.003847718 -0.0252068 -0.03599995 0.004343032 -0.02526426 -0.03599995 0.006583631 -0.02322173 -0.03599995 0.006101012 -0.02334702 -0.03599995 0.007935047 -0.02050769 -0.03599995 0.007530272 -0.02079892 -0.03599995 0.007940351 -0.01864081 -0.03599995 0.008214771 -0.01748877 -0.03599995 0.007942557 -0.01790648 -0.03599995 0.007385075 -0.01457262 -0.03599995 0.007282137 -0.01506054 -0.03599995 0.005557954 -0.01215314 -0.03599995 0.005638241 -0.01264524 -0.03599995 0.002980232 -0.01055705 -0.03599995 0.003232836 -0.01098698 -0.03599995 0 -0.00999999 -0.03599995 3.9085e-4 -0.01030957 -0.03599995 -0.002980232 -0.01055705 -0.03599995 -0.002503931 -0.01070457 -0.03599995 -0.005557954 -0.01215314 -0.03599995 -0.005060553 -0.01211863 -0.03599995 -0.007385075 -0.01457262 -0.03599995 -0.006933689 -0.01436078 -0.03599995 -0.008214771 -0.01748877 -0.03599995 0.001515924 -0.02635949 -0.03599995 0 -0.02649998 -0.03599995 -0.001843214 -0.02598333 -0.03599995 -0.001515924 -0.02635949 -0.03599995 -0.004512369 -0.02479529 -0.03599995 -0.004343032 -0.02526426 -0.03599995 -0.006572067 -0.02272319 -0.03599995 -0.006583631 -0.02322173 -0.03599995 -0.007744193 -0.020047 -0.03599995 -0.007935047 -0.02050769 -0.03599995 -0.007940351 -0.0178591 -0.03599995 -0.007870435 -0.01712816 0.01517766 -0.01767766 -0.006499946 0.01517766 -0.01767766 -6e-4 0.01551258 -0.01892763 -0.006499946 0.01551258 -0.01892763 -6e-4 0.01642763 -0.01984268 -0.006499946 0.01642763 -0.01984268 -6e-4 0.01767766 -0.02017766 -0.006499946 0.01767766 -0.02017766 -6e-4 0.01892763 -0.01984268 -0.006499946 0.01892763 -0.01984268 -6e-4 0.01984268 -0.01892763 -0.006499946 0.01984268 -0.01892763 -6e-4 0.02017766 -0.01767766 -0.006499946 0.02017766 -0.01767766 -6e-4 0.01984268 -0.01642763 -0.006499946 0.01984268 -0.01642763 -6e-4 0.01892763 -0.01551258 -0.006499946 0.01892763 -0.01551258 -6e-4 0.01767766 -0.01517766 -0.006499946 0.01767766 -0.01517766 -6e-4 0.01642763 -0.01551258 -0.006499946 0.01642763 -0.01551258 -6e-4 0.01551258 -0.01642763 -0.006499946 0.01551258 -0.01642763 -6e-4 -0.02017766 -0.01767766 -0.006499946 -0.02017766 -0.01767766 -6e-4 -0.01984268 -0.01892763 -0.006499946 -0.01984268 -0.01892763 -6e-4 -0.01892763 -0.01984268 -0.006499946 -0.01892763 -0.01984268 -6e-4 -0.01767766 -0.02017766 -0.006499946 -0.01767766 -0.02017766 -6e-4 -0.01642763 -0.01984268 -0.006499946 -0.01642763 -0.01984268 -6e-4 -0.01551258 -0.01892763 -0.006499946 -0.01551258 -0.01892763 -6e-4 -0.01517766 -0.01767766 -0.006499946 -0.01517766 -0.01767766 -6e-4 -0.01551258 -0.01642763 -0.006499946 -0.01551258 -0.01642763 -6e-4 -0.01642763 -0.01551258 -0.006499946 -0.01642763 -0.01551258 -6e-4 -0.01767766 -0.01517766 -0.006499946 -0.01767766 -0.01517766 -6e-4 -0.01892763 -0.01551258 -0.006499946 -0.01892763 -0.01551258 -6e-4 -0.01984268 -0.01642763 -0.006499946 -0.01984268 -0.01642763 -6e-4 -0.02017766 0.01767766 -0.006499946 -0.02017766 0.01767766 -6e-4 -0.01984268 0.01642763 -0.006499946 -0.01984268 0.01642763 -6e-4 -0.01892763 0.01551258 -0.006499946 -0.01892763 0.01551258 -6e-4 -0.01767766 0.01517766 -0.006499946 -0.01767766 0.01517766 -6e-4 -0.01642763 0.01551258 -0.006499946 -0.01642763 0.01551258 -6e-4 -0.01551258 0.01642763 -0.006499946 -0.01551258 0.01642763 -6e-4 -0.01517766 0.01767766 -0.006499946 -0.01517766 0.01767766 -6e-4 -0.01551258 0.01892763 -0.006499946 -0.01551258 0.01892763 -6e-4 -0.01642763 0.01984268 -0.006499946 -0.01642763 0.01984268 -6e-4 -0.01767766 0.02017766 -0.006499946 -0.01767766 0.02017766 -6e-4 -0.01892763 0.01984268 -0.006499946 -0.01892763 0.01984268 -6e-4 -0.01984268 0.01892763 -0.006499946 -0.01984268 0.01892763 -6e-4 0.01517766 0.01767766 -0.006499946 0.01517766 0.01767766 -6e-4 0.01551258 0.01642763 -0.006499946 0.01551258 0.01642763 -6e-4 0.01642763 0.01551258 -0.006499946 0.01642763 0.01551258 -6e-4 0.01767766 0.01517766 -0.006499946 0.01767766 0.01517766 -6e-4 0.01892763 0.01551258 -0.006499946 0.01892763 0.01551258 -6e-4 0.01984268 0.01642763 -0.006499946 0.01984268 0.01642763 -6e-4 0.02017766 0.01767766 -0.006499946 0.02017766 0.01767766 -6e-4 0.01984268 0.01892763 -0.006499946 0.01984268 0.01892763 -6e-4 0.01892763 0.01984268 -0.006499946 0.01892763 0.01984268 -6e-4 0.01767766 0.02017766 -0.006499946 0.01767766 0.02017766 -6e-4 0.01642763 0.01984268 -0.006499946 0.01642763 0.01984268 -6e-4 0.01551258 0.01892763 -0.006499946 0.01551258 0.01892763 -6e-4 0.03748321 0.006245374 -0.01231181 0.03741985 0.006598114 -0.01274484 0.03742265 0.006598591 -0.008499979 -0.01299673 -0.0357083 -0.02779996 -0.01297801 -0.0356568 -0.02399998 -0.01489287 -0.03495997 -0.02399998 -0.01899999 -0.03290891 -0.02779996 -0.01590466 -0.03451144 -0.02389669 -0.01614904 -0.03439581 -0.0238074 -0.01659262 -0.034186 -0.0236454 -0.01672285 -0.03412193 -0.02353614 -0.01695609 -0.03400719 -0.0233404 -0.01696473 -0.03400284 -0.02332055 -0.01707142 -0.03394943 -0.02307403 -0.01707696 -0.03394663 -0.023 -0.01707696 -0.03394663 -0.01199996 -0.01702898 -0.03397071 -0.01178318 -0.01899999 -0.03290891 -0.008499979 -0.01695662 -0.03400671 -0.01168936 -0.01682275 -0.03407335 -0.01151579 -0.01672667 -0.03411984 -0.01146143 -0.01629692 -0.03432792 -0.0112183 -0.01615083 -0.03439497 -0.01118671 -0.01539695 -0.03474092 -0.01102364 -0.01299673 -0.0357083 -0.008499979 -0.01489287 -0.03495997 -0.01099997 -0.01105988 -0.03635483 -0.02399998 -0.006598591 -0.03742265 -0.02779996 -0.006585061 -0.03736257 -0.02399998 -0.005590796 -0.03758645 -0.02399998 0 -0.03799998 -0.02779996 0 -0.03799998 -0.02399998 0.005590796 -0.03758645 -0.02399998 0.006598591 -0.03742265 -0.02779996 0.006585061 -0.03736257 -0.02399998 0.01105988 -0.03635483 -0.02399998 0.01299673 -0.0357083 -0.02779996 0.01297801 -0.0356568 -0.02399998 0.01299673 -0.0357083 -0.008499979 0.01297801 -0.0356568 -0.01099997 0.01489287 -0.03495997 -0.01099997 0.01899999 -0.03290891 -0.008499979 0.01590466 -0.03451144 -0.01110327 0.01614904 -0.03439581 -0.0111925 0.01659262 -0.034186 -0.0113545 0.01672285 -0.03412193 -0.01146382 0.01695609 -0.03400719 -0.0116595 0.01696473 -0.03400284 -0.01167941 0.01707142 -0.03394943 -0.01192593 0.01707696 -0.03394663 -0.01199996 0.01707696 -0.03394663 -0.023 0.01899999 -0.03290891 -0.02779996 0.01702898 -0.03397071 -0.02321678 0.01695662 -0.03400671 -0.0233106 0.01682275 -0.03407335 -0.02348417 0.01672667 -0.03411984 -0.02353852 0.01629692 -0.03432792 -0.02378165 0.01615083 -0.03439497 -0.02381324 0.01539695 -0.03474092 -0.02397632 0.01489287 -0.03495997 -0.02399998 0 -0.03799998 -0.008499979 0.005590796 -0.03758645 -0.01099997 0.006598591 -0.03742265 -0.008499979 0.006585061 -0.03736257 -0.01099997 0.01105988 -0.03635483 -0.01099997 -0.006598591 -0.03742265 -0.008499979 -0.005590796 -0.03758645 -0.01099997 0 -0.03799998 -0.01099997 -0.01297801 -0.0356568 -0.01099997 -0.01105988 -0.03635483 -0.01099997 -0.006585061 -0.03736257 -0.01099997 -0.03742265 0.006598591 -0.008499979 -0.03744608 0.006464481 -0.01242548 -0.0374763 0.006272614 -0.01224946 -0.03750032 0.006120026 -0.01210951 -0.03762102 0.005353271 -0.01140612 -0.03763133 0.0052706 -0.01135319 -0.03775107 0.004313766 -0.01074111 -0.03778022 0.004080474 -0.01059186 -0.03785002 0.003299295 -0.01026523 -0.03790527 0.002681016 -0.01000666 -0.03792852 0.002228438 -0.009903609 -0.03799998 0 -0.008499979 -0.03798061 0.00121349 -0.009672522 -0.03798192 0.001129746 -0.00966674 -0.0357083 0.01299673 -0.02779996 -0.03731215 0.00719732 -0.02315694 -0.03723919 0.00755614 -0.02252876 -0.03716015 0.007944881 -0.02184814 -0.0371344 0.008061349 -0.02152413 -0.0370506 0.008440673 -0.02046889 -0.03704887 0.008448541 -0.02044695 -0.03699249 0.008692026 -0.01909989 -0.03698998 0.008702874 -0.01824545 -0.03704297 0.008474349 -0.01615309 -0.0357083 0.01299673 -0.008499979 -0.03704124 0.0084818 -0.01619911 -0.03698807 0.008710801 -0.0176171 -0.03712034 0.008127331 -0.01511162 -0.03713411 0.00806576 -0.01492691 -0.03722506 0.007627427 -0.01409095 -0.03727728 0.007375657 -0.01361072 -0.03734624 0.007003307 -0.01312637 -0.03742128 0.006598353 -0.01259964 -0.03748911 0.006207525 -0.02433896 -0.03748512 0.00623399 -0.02431648 -0.03742265 0.006598591 -0.02779996 -0.03741973 0.006598055 -0.02387821 -0.0373587 0.006937921 -0.02346915 -0.03799998 0 -0.02779996 -0.0379886 9.2931e-4 -0.02686226 -0.0379365 0.002118825 -0.0266326 -0.03792428 0.00239706 -0.02657884 -0.03785824 0.003204822 -0.0262739 -0.03781002 0.00379467 -0.02605128 -0.03775697 0.004245579 -0.02578586 -0.03765773 0.005088388 -0.02528977 -0.03763955 0.005209267 -0.02518707 -0.03750902 0.006075322 -0.02445125 -0.03742265 -0.006598591 -0.02779996 -0.03748369 -0.006228506 -0.02429074 -0.03749877 -0.006142079 -0.02438753 -0.03752106 -0.006013929 -0.02453118 -0.03762775 -0.005274176 -0.02511602 -0.03769111 -0.004834949 -0.02546328 -0.03774702 -0.00432825 -0.02573728 -0.03783875 -0.003496766 -0.026187 -0.03785192 -0.003317534 -0.02624696 -0.03793048 -0.00224775 -0.02660512 -0.03794354 -0.00206989 -0.02666467 -0.03797614 -0.001132488 -0.02680742 -0.03799569 -5.71236e-4 -0.0268929 -0.03799301 0 -0.02688121 -0.03742265 -0.006598591 -0.008499979 -0.03742235 -0.006598532 -0.0125792 -0.0357083 -0.01299673 -0.008499979 -0.03741884 -0.006620228 -0.01260018 -0.03736042 -0.006928861 -0.01302582 -0.03725087 -0.007508039 -0.01382452 -0.03723722 -0.00757277 -0.0139575 -0.03713399 -0.008062541 -0.01496362 -0.03711253 -0.008164525 -0.01517307 -0.03705668 -0.008412003 -0.01602655 -0.03702199 -0.008565485 -0.01655602 -0.03700691 -0.008630156 -0.01712989 -0.03698325 -0.008731305 -0.01802778 -0.03698635 -0.008718192 -0.01824456 -0.0357083 -0.01299673 -0.02779996 -0.03700423 -0.008642077 -0.01950448 -0.03704917 -0.008446097 -0.02037298 -0.03706961 -0.008357048 -0.02076756 -0.03712946 -0.008082032 -0.02144908 -0.03719061 -0.007800877 -0.02214562 -0.0372321 -0.00759226 -0.02248138 -0.03734648 -0.007016897 -0.02340751 -0.03735154 -0.006988048 -0.02343988 -0.03741937 -0.006598055 -0.02387678 -0.03799998 0 -0.009588539 -0.03797084 -0.001487016 -0.009714961 -0.03793728 -0.002063453 -0.009865164 -0.03788644 -0.002935588 -0.01009237 -0.03786396 -0.003170192 -0.01019871 -0.03776377 -0.004217624 -0.01067346 -0.03775602 -0.004299044 -0.01071041 -0.03764128 -0.005177199 -0.01130753 -0.03759354 -0.005542695 -0.01155602 -0.03751075 -0.006053566 -0.0120511 -0.03748869 -0.006189465 -0.01218277 0.03742265 0.006598591 -0.02779996 0.03745716 0.00639981 -0.02402514 0.03749847 0.006134688 -0.02426666 0.03751695 0.006016194 -0.0243746 0.03762912 0.005295872 -0.02503085 0.03764659 0.005154669 -0.02512037 0.03776663 0.004182577 -0.02573657 0.0377869 0.004018545 -0.02584052 0.03786355 0.003145515 -0.02620095 0.03790879 0.00263077 -0.02641344 0.03793764 0.002052068 -0.02654212 0.03799998 0 -0.02779996 0.0379824 0.001154839 -0.02674156 0.03799998 0 -0.02681803 0.03700661 0.008631765 -0.0182569 0.03700488 0.008639216 -0.01889216 0.0357083 0.01299673 -0.02779996 0.0357083 0.01299673 -0.008499979 0.03737151 0.00686717 -0.01307523 0.03731226 0.007196724 -0.01347982 0.03725069 0.007500052 -0.01402431 0.03716504 0.007922053 -0.01478171 0.03714573 0.00800985 -0.01503473 0.03706347 0.008383631 -0.01611214 0.03705847 0.008406341 -0.01617765 0.03700894 0.008621811 -0.01740974 0.03702265 0.008562028 -0.01936191 0.03705978 0.008400499 -0.02034527 0.03706783 0.0083642 -0.02045339 0.0371465 0.008008122 -0.02151352 0.03714859 0.007998645 -0.02154183 0.03725194 0.007496297 -0.02249616 0.03728938 0.007314503 -0.02284157 0.03737163 0.006865859 -0.02342206 0.03742074 0.006598234 -0.0237683 0.03799998 0 -0.008499979 0.03799337 0 -0.009710609 0.03799331 8.03762e-6 -0.009710788 0.03798753 9.72331e-4 -0.009736061 0.03798031 0.001132607 -0.009768068 0.03793013 0.002247333 -0.009990632 0.0379213 0.00244385 -0.01002985 0.03784978 0.003307044 -0.0103628 0.03780657 0.003828823 -0.01056408 0.03774893 0.004315137 -0.01085555 0.03765386 0.005117118 -0.0113362 0.03763127 0.005266547 -0.01146537 0.0375027 0.006116688 -0.01220053 0.03742265 -0.006598591 -0.008499979 0.03750109 -0.006125211 -0.01221656 0.03750884 -0.006080329 -0.01216655 0.03753066 -0.005953669 -0.01202559 0.03763717 -0.005206406 -0.0114398 0.03769958 -0.004768669 -0.01109665 0.03775471 -0.004260957 -0.01082521 0.03784388 -0.003440499 -0.01038652 0.0378586 -0.003236055 -0.01031929 0.03793698 -0.002144515 -0.009960472 0.03794711 -0.002003908 -0.009914278 0.03799647 -5.15507e-4 -0.009697079 0.03742265 -0.006598591 -0.02779996 0.03742259 -0.006598591 -0.02380108 0.0357083 -0.01299673 -0.02779996 0.03736978 -0.00687921 -0.02341121 0.03725886 -0.007468223 -0.02259284 0.03724747 -0.007522523 -0.02247989 0.03714442 -0.008014559 -0.02145749 0.03712272 -0.008117854 -0.02124279 0.03706777 -0.008363366 -0.0203886 0.03703802 -0.008495926 -0.01992732 0.03699976 -0.00866115 -0.01845192 0.03700274 -0.008648395 -0.01825004 0.03701913 -0.008577942 -0.01713615 0.0357083 -0.01299673 -0.008499979 0.03702139 -0.008568227 -0.01698255 0.03707039 -0.008352696 -0.01603806 0.03708511 -0.008287966 -0.01575458 0.03715175 -0.007979273 -0.01499271 0.03720402 -0.007736861 -0.01439452 0.03725349 -0.007485687 -0.0139923 0.03735905 -0.006949663 -0.013134 0.03737187 -0.006875276 -0.01305127 0.03741961 -0.006598055 -0.01274275 0.03797787 -0.001129984 -0.02672159 0.03797096 -0.001484394 -0.02669131 0.0379278 -0.002227246 -0.02649742 0.03788751 -0.002921521 -0.02631616 0.03785187 -0.003295302 -0.02614629 0.03775745 -0.00428605 -0.02569603 0.03775316 -0.00431919 -0.02567344 0.03763192 -0.005251109 -0.02503758 0.03759741 -0.005516469 -0.02485656 0.03750342 -0.006098687 -0.02428954 0.03749781 -0.006133496 -0.02425563 0.03742337 -0.006594777 -0.02380639 0.03290891 0.01899999 -0.02779996 0.03290891 0.01899999 -0.008499979 0.02910965 0.02442592 -0.02779996 0.02910965 0.02442592 -0.008499979 0.02442592 0.02910965 -0.02779996 0.02442592 0.02910965 -0.008499979 0.01899999 0.03290891 -0.02779996 0.01899999 0.03290891 -0.008499979 0.01299673 0.0357083 -0.02779996 0.01299673 0.0357083 -0.008499979 0.006598591 0.03742265 -0.02779996 0.006598591 0.03742265 -0.008499979 0 0.03799998 -0.02779996 0 0.03799998 -0.008499979 -0.006598591 0.03742265 -0.02779996 -0.006598591 0.03742265 -0.008499979 -0.01299673 0.0357083 -0.02779996 -0.01299673 0.0357083 -0.008499979 -0.01899999 0.03290891 -0.02779996 -0.01899999 0.03290891 -0.008499979 -0.02442592 0.02910965 -0.02779996 -0.02442592 0.02910965 -0.008499979 -0.02910965 0.02442592 -0.02779996 -0.02910965 0.02442592 -0.008499979 -0.03290891 0.01899999 -0.02779996 -0.03290891 0.01899999 -0.008499979 0.02442592 -0.02910965 -0.02779996 0.02442592 -0.02910965 -0.008499979 0.02910965 -0.02442592 -0.02779996 0.02910965 -0.02442592 -0.008499979 0.03290891 -0.01899999 -0.02779996 0.03290891 -0.01899999 -0.008499979 -0.03290891 -0.01899999 -0.02779996 -0.03290891 -0.01899999 -0.008499979 -0.02910965 -0.02442592 -0.02779996 -0.02910965 -0.02442592 -0.008499979 -0.02442592 -0.02910965 -0.02779996 -0.02442592 -0.02910965 -0.008499979 0.01473033 -0.003946959 -0.006199955 0.01511949 -0.001990497 -0.006199955 0 0 -0.006199955 0.01524996 0 -0.006199955 0.01511949 0.001990497 -0.006199955 0.01209861 -0.009283602 -0.006199955 0.01320683 -0.007624983 -0.006199955 0.01408916 -0.00583589 -0.006199955 0.007624983 -0.01320683 -0.006199955 0.009283602 -0.01209861 -0.006199955 0.01078337 -0.01078337 -0.006199955 0.001990497 -0.01511949 -0.006199955 0.003946959 -0.01473033 -0.006199955 0.00583589 -0.01408916 -0.006199955 -0.003946959 -0.01473033 -0.006199955 -0.001990497 -0.01511949 -0.006199955 0 -0.01524996 -0.006199955 -0.009283602 -0.01209861 -0.006199955 -0.007624983 -0.01320683 -0.006199955 -0.00583589 -0.01408916 -0.006199955 -0.01320683 -0.007624983 -0.006199955 -0.01209861 -0.009283602 -0.006199955 -0.01078337 -0.01078337 -0.006199955 -0.01511949 -0.001990497 -0.006199955 -0.01473033 -0.003946959 -0.006199955 -0.01408916 -0.00583589 -0.006199955 -0.01473033 0.003946959 -0.006199955 -0.01511949 0.001990497 -0.006199955 -0.01524996 0 -0.006199955 -0.01209861 0.009283602 -0.006199955 -0.01320683 0.007624983 -0.006199955 -0.01408916 0.00583589 -0.006199955 -0.007624983 0.01320683 -0.006199955 -0.009283602 0.01209861 -0.006199955 -0.01078337 0.01078337 -0.006199955 -0.001990497 0.01511949 -0.006199955 -0.003946959 0.01473033 -0.006199955 -0.00583589 0.01408916 -0.006199955 0.003946959 0.01473033 -0.006199955 0.001990497 0.01511949 -0.006199955 0 0.01524996 -0.006199955 0.009283602 0.01209861 -0.006199955 0.007624983 0.01320683 -0.006199955 0.00583589 0.01408916 -0.006199955 0.01320683 0.007624983 -0.006199955 0.01209861 0.009283602 -0.006199955 0.01078337 0.01078337 -0.006199955 0.01473033 0.003946959 -0.006199955 0.01408916 0.00583589 -0.006199955 -0.01574999 0 -0.000999987 -0.01521331 -0.004076361 -0.000999987 -0.01561522 -0.002055764 -0.005699992 -0.01363986 -0.007874965 -0.000999987 -0.0145511 -0.006027221 -0.005699992 -0.01521331 -0.004076361 -0.005699992 -0.01113688 -0.01113688 -0.000999987 -0.01249527 -0.009587943 -0.005699992 -0.01363986 -0.007874965 -0.005699992 -0.007874965 -0.01363986 -0.000999987 -0.009587943 -0.01249527 -0.005699992 -0.01113688 -0.01113688 -0.005699992 -0.004076361 -0.01521331 -0.000999987 -0.006027221 -0.0145511 -0.005699992 -0.007874965 -0.01363986 -0.005699992 0 -0.01574999 -0.000999987 -0.002055764 -0.01561522 -0.005699992 -0.004076361 -0.01521331 -0.005699992 0.004076361 -0.01521331 -0.000999987 0.002055764 -0.01561522 -0.005699992 0 -0.01574999 -0.005699992 0.007874965 -0.01363986 -0.000999987 0.006027221 -0.0145511 -0.005699992 0.004076361 -0.01521331 -0.005699992 0.01113688 -0.01113688 -0.000999987 0.009587943 -0.01249527 -0.005699992 0.007874965 -0.01363986 -0.005699992 0.01363986 -0.007874965 -0.000999987 0.01249527 -0.009587943 -0.005699992 0.01113688 -0.01113688 -0.005699992 0.01521331 -0.004076361 -0.000999987 0.0145511 -0.006027221 -0.005699992 0.01363986 -0.007874965 -0.005699992 0.01574999 0 -0.000999987 0.01561522 -0.002055764 -0.005699992 0.01521331 -0.004076361 -0.005699992 0.01521331 0.004076361 -0.000999987 0.01561522 0.002055764 -0.005699992 0.01574999 0 -0.005699992 0.01363986 0.007874965 -0.000999987 0.0145511 0.006027221 -0.005699992 0.01521331 0.004076361 -0.005699992 0.01113688 0.01113688 -0.000999987 0.01249527 0.009587943 -0.005699992 0.01363986 0.007874965 -0.005699992 0.007874965 0.01363986 -0.000999987 0.009587943 0.01249527 -0.005699992 0.01113688 0.01113688 -0.005699992 0.004076361 0.01521331 -0.000999987 0.006027221 0.0145511 -0.005699992 0.007874965 0.01363986 -0.005699992 0 0.01574999 -0.000999987 0.002055764 0.01561522 -0.005699992 0.004076361 0.01521331 -0.005699992 -0.004076361 0.01521331 -0.000999987 -0.002055764 0.01561522 -0.005699992 0 0.01574999 -0.005699992 -0.007874965 0.01363986 -0.000999987 -0.006027221 0.0145511 -0.005699992 -0.004076361 0.01521331 -0.005699992 -0.01113688 0.01113688 -0.000999987 -0.009587943 0.01249527 -0.005699992 -0.007874965 0.01363986 -0.005699992 -0.01363986 0.007874965 -0.000999987 -0.01249527 0.009587943 -0.005699992 -0.01113688 0.01113688 -0.005699992 -0.01521331 0.004076361 -0.000999987 -0.0145511 0.006027221 -0.005699992 -0.01363986 0.007874965 -0.005699992 -0.01574999 0 -0.005699992 -0.01561522 0.002055764 -0.005699992 -0.01521331 0.004076361 -0.005699992 -0.008374989 -0.01450592 0 -0.009038805 -0.01399654 0 -0.009038805 -0.01876384 0 0.008374989 0.01450592 0 0.009038805 0.01399654 0 0.009038805 0.01876384 0 -0.009975552 -0.02882248 0 -0.009038805 -0.02904975 0 -0.009038805 -0.02113878 0 0.02196836 -0.02113878 0 0.01876384 -0.02113878 0 0.01876384 -0.02391558 0 0.01499295 -0.01922762 0 0.01486867 -0.01876384 0 0.009038805 -0.01876384 0 0.01457762 -0.01767766 0 0.009038805 -0.01399654 0 0.01499295 -0.01612764 0 0.01184403 -0.01184403 0 0.01612764 -0.01499295 0 0.01876384 0 0 0.01674997 0 0 0.01767766 -0.01457762 0 0.01617926 -0.004335165 0 0.01450592 -0.008374989 0 0.01767766 -0.02077764 0 0.01612764 -0.02036231 0 0.009038805 -0.02113878 0 0.01876384 -0.02048659 0 0.01876384 -0.01486867 0 0.01922762 -0.01499295 0 0.03049999 0 0 0.01922762 -0.02036231 0 0.02036231 -0.01922762 0 0.02207386 -0.02104741 0 0.02048659 -0.01876384 0 0.02386969 -0.01876384 0 0.02077764 -0.01767766 0 0.02565819 -0.0164895 0 0.02036231 -0.01612764 0 0.02831518 -0.01133567 0 0.02994883 -0.005772113 0 -0.01876384 0 0 -0.03036189 0 0 -0.01922762 -0.01499295 0 -0.03036189 -0.002899169 0 -0.02036231 -0.01612764 0 -0.02179586 -0.02113878 0 -0.02036231 -0.01922762 0 -0.02397459 -0.01885384 0 -0.02048659 -0.01876384 0 -0.02403247 -0.01876384 0 -0.02077764 -0.01767766 0 -0.02710944 -0.01397585 0 -0.0292645 -0.008592844 0 -0.01767766 -0.02077764 0 -0.01876384 -0.02113878 0 -0.01876384 -0.02048659 0 -0.01922762 -0.02036231 0 -0.01486867 -0.01876384 0 -0.01499295 -0.01922762 0 -0.01612764 -0.02036231 0 -0.01876384 -0.01486867 0 -0.01767766 -0.01457762 0 -0.01674997 0 0 -0.01499295 -0.01612764 0 -0.01184403 -0.01184403 0 -0.01612764 -0.01499295 0 -0.01450592 -0.008374989 0 -0.01617926 -0.004335165 0 -0.01457762 -0.01767766 0 -0.01922762 0.01499295 0 -0.01876384 0.01486867 0 -0.01767766 0.01457762 0 -0.02403247 0.01876384 0 -0.02710944 0.01397585 0 -0.02036231 0.01612764 0 -0.0292645 0.008592844 0 -0.03036189 0.002899169 0 -0.009038805 0.01876384 0 -0.01486867 0.01876384 0 -0.01457762 0.01767766 0 -0.009038805 0.01399654 0 -0.01499295 0.01612764 0 -0.01184403 0.01184403 0 -0.01612764 0.01499295 0 -0.01617926 0.004335165 0 -0.01450592 0.008374989 0 -0.01876384 0.02391153 0 -0.01767766 0.02077764 0 -0.01524996 0.02641373 0 -0.01612764 0.02036231 0 -0.01499295 0.01922762 0 -0.009038805 0.02904975 0 -0.009975552 0.02882248 0 -0.02077764 0.01767766 0 -0.02048659 0.01876384 0 -0.02397459 0.01885384 0 -0.02036231 0.01922762 0 -0.01997321 0.02305036 0 -0.01922762 0.02036231 0 -0.01876384 0.02048659 0 0.01767766 0.01457762 0 0.01876384 0.01486867 0 0.01922762 0.01499295 0 0.01499295 0.01612764 0 0.01184403 0.01184403 0 0.01612764 0.01499295 0 0.01450592 0.008374989 0 0.01617926 0.004335165 0 0.02994883 0.005772113 0 0.02036231 0.01612764 0 0.02831518 0.01133567 0 0.02077764 0.01767766 0 0.02565819 0.0164895 0 0.02048659 0.01876384 0 0.02386969 0.01876384 0 0.02036231 0.01922762 0 0.02207386 0.02104741 0 0.01922762 0.02036231 0 0.01876384 0.02391558 0 0.01457762 0.01767766 0 0.01486867 0.01876384 0 0.009038805 0.02900058 0 0.01499295 0.01922762 0 0.01267015 0.02774375 0 0.01612764 0.02036231 0 0.01769173 0.02484452 0 0.01767766 0.02077764 0 0.01876384 0.02048659 0 0.01769173 -0.02484452 0 0.003031075 -0.02324998 0 0.003499984 -0.02499997 0 -0.003031075 -0.02324998 0 -0.001749992 -0.0219689 0 0 -0.02149999 0 0.001749992 -0.0219689 0 0.001451194 -0.03046542 0 0.007190644 -0.02964025 0 0.003031075 -0.02674996 0 0.009038805 -0.02900058 0 0.01267015 -0.02774375 0 0.001749992 -0.02803105 0 0 -0.02849996 0 -0.004340589 -0.03018951 0 -0.001749992 -0.02803105 0 -0.003031075 -0.02674996 0 -0.003499984 -0.02499997 0 -0.01997321 -0.02305036 0 -0.01876384 -0.02391153 0 -0.01524996 -0.02641373 0 0.007190644 0.02964025 0 0.001451194 0.03046542 0 -0.004340589 0.03018951 0 -0.008374989 0.01450592 0 -0.004335165 0.01617926 0 0 0.01674997 0 0.004335165 0.01617926 0 0.008374989 -0.01450592 0 0.004335165 -0.01617926 0 0 -0.01674997 0 -0.004335165 -0.01617926 0 -0.02269434 0.02163904 -0.000999987 -0.02336204 0.02112966 -0.005999982 -0.02476066 0.019472 -0.000999987 -0.02596986 0.01782733 -0.005999982 -0.02637946 0.01695305 -0.000999987 -0.02645695 0.01700496 -0.005999982 -0.02799826 0.01443409 -0.000999987 -0.02811431 0.01420676 -0.005999982 -0.02911114 0.01165431 -0.000999987 -0.01302629 0.02852362 -0.000999987 -0.01325941 0.02857333 -0.005999982 -0.01574999 0.02727979 -0.000999987 -0.01694959 0.02655106 -0.005999982 -0.01818901 0.02554291 -0.000999987 -0.01823252 0.02560579 -0.005999982 -0.02062809 0.02380609 -0.000999987 -0.02033728 0.024055 -0.005999982 -0.02276664 0.02170544 -0.005999982 0.004462599 0.03103816 -0.000999987 0.003152966 0.03134179 -0.005999982 0.001498818 0.03146427 -0.000999987 -0.001052558 0.03148239 -0.005999982 -0.001492023 0.03132182 -0.000999987 -0.001496136 0.03143775 -0.005999982 -0.004482865 0.03117936 -0.000999987 -0.005239367 0.03106117 -0.005999982 -0.007392764 0.03047341 -0.000999987 -0.007410109 0.03054386 -0.005999982 -0.0103026 0.02976751 -0.000999987 -0.009332656 0.03008568 -0.005999982 -0.01308113 0.02864199 -0.005999982 0.01567864 0.02715623 -0.000999987 0.01513832 0.02762389 -0.005999982 0.01308554 0.02865338 -0.000999987 0.0113213 0.02939516 -0.005999982 0.01025599 0.02963268 -0.000999987 0.01028668 0.02971613 -0.005999982 0.007426381 0.03061205 -0.000999987 0.007302284 0.03064185 -0.005999982 0.004472732 0.03111916 -0.005999982 0.02464854 0.01938378 -0.000999987 0.02472114 0.01952207 -0.005999982 0.02279758 0.02173745 -0.000999987 0.02189856 0.02264291 -0.005999982 0.02053469 0.02369827 -0.000999987 0.02058416 0.02375411 -0.005999982 0.01827174 0.02565914 -0.000999987 0.01868516 0.02535969 -0.005999982 0.01572895 0.02724683 -0.005999982 0.03121536 0.002980649 -0.000999987 0.03121894 0.004198491 -0.005999982 0.03093075 0.005961358 -0.000999987 0.03038078 0.008322119 -0.005999982 0.03008717 0.008834362 -0.000999987 0.03019273 0.008863687 -0.005999982 0.02924358 0.01170736 -0.000999987 0.02900046 0.01229721 -0.005999982 0.02787148 0.01436877 -0.000999987 0.02793645 0.01440286 -0.005999982 0.02649945 0.01703017 -0.000999987 0.02710264 0.0160529 -0.005999982 0.0247572 0.01946961 -0.005999982 0.03008717 -0.008834362 -0.000999987 0.03038078 -0.008322119 -0.005999982 0.03093075 -0.005961358 -0.000999987 0.03121894 -0.004198491 -0.005999982 0.03121536 -0.002980649 -0.000999987 0.03129976 -0.002990365 -0.005999982 0.03149998 0 -0.000999987 0.03149998 0 -0.005999982 0.03129976 0.002990365 -0.005999982 0.02279758 -0.02173745 -0.000999987 0.02472114 -0.01952207 -0.005999982 0.02464854 -0.01938378 -0.000999987 0.0247572 -0.01946961 -0.005999982 0.02649945 -0.01703017 -0.000999987 0.02710264 -0.0160529 -0.005999982 0.02787148 -0.01436877 -0.000999987 0.02793645 -0.01440286 -0.005999982 0.02924358 -0.01170736 -0.000999987 0.02900046 -0.01229721 -0.005999982 0.03019273 -0.008863687 -0.005999982 0.01025599 -0.02963268 -0.000999987 0.0113213 -0.02939516 -0.005999982 0.01308554 -0.02865338 -0.000999987 0.01513832 -0.02762389 -0.005999982 0.01567864 -0.02715623 -0.000999987 0.01572895 -0.02724683 -0.005999982 0.01827174 -0.02565914 -0.000999987 0.01868516 -0.02535969 -0.005999982 0.02053469 -0.02369827 -0.000999987 0.02058416 -0.02375411 -0.005999982 0.02189856 -0.02264291 -0.005999982 -0.001492023 -0.03132182 -0.000999987 -0.001052558 -0.03148239 -0.005999982 0.001498818 -0.03146427 -0.000999987 0.003152966 -0.03134179 -0.005999982 0.004462599 -0.03103816 -0.000999987 0.004472732 -0.03111916 -0.005999982 0.007426381 -0.03061205 -0.000999987 0.007302284 -0.03064185 -0.005999982 0.01028668 -0.02971613 -0.005999982 -0.01574999 -0.02727979 -0.000999987 -0.01325941 -0.02857333 -0.005999982 -0.01302629 -0.02852362 -0.000999987 -0.01308113 -0.02864199 -0.005999982 -0.0103026 -0.02976751 -0.000999987 -0.009332656 -0.03008568 -0.005999982 -0.007392764 -0.03047341 -0.000999987 -0.007410109 -0.03054386 -0.005999982 -0.004482865 -0.03117936 -0.000999987 -0.005239367 -0.03106117 -0.005999982 -0.001496136 -0.03143775 -0.005999982 -0.02637946 -0.01695305 -0.000999987 -0.02596986 -0.01782733 -0.005999982 -0.02476066 -0.019472 -0.000999987 -0.02336204 -0.02112966 -0.005999982 -0.02269434 -0.02163904 -0.000999987 -0.02276664 -0.02170544 -0.005999982 -0.02062809 -0.02380609 -0.000999987 -0.02033728 -0.024055 -0.005999982 -0.01818901 -0.02554291 -0.000999987 -0.01823252 -0.02560579 -0.005999982 -0.01694959 -0.02655106 -0.005999982 -0.03079068 -0.005934417 -0.000999987 -0.03086876 -0.006274342 -0.005999982 -0.03022402 -0.008874535 -0.000999987 -0.02975708 -0.01033276 -0.005999982 -0.02911114 -0.01165431 -0.000999987 -0.02918475 -0.01168239 -0.005999982 -0.02799826 -0.01443409 -0.000999987 -0.02811431 -0.01420676 -0.005999982 -0.02645695 -0.01700496 -0.005999982 -0.02918475 0.01168239 -0.005999982 -0.02975708 0.01033276 -0.005999982 -0.03022402 0.008874535 -0.000999987 -0.03086876 0.006274342 -0.005999982 -0.03079068 0.005934417 -0.000999987 -0.0309112 0.005958735 -0.005999982 -0.03135734 0.002994239 -0.000999987 -0.03142964 0.002103924 -0.005999982 -0.03135734 0 -0.000999987 -0.03142964 0 -0.005999982 -0.03135734 -0.002994239 -0.000999987 -0.03142964 -0.002103924 -0.005999982 -0.0309112 -0.005958735 -0.005999982 -0.01231271 0.03382891 -0.006499946 -0.009480774 0.03056323 -0.006499946 -0.006251275 0.03545308 -0.006499946 -0.005322515 0.03155422 -0.006499946 0 0.03599995 -0.006499946 -0.001069247 0.03198212 -0.006499946 0.006251275 0.03545308 -0.006499946 -0.03117686 -0.01799994 -0.006499946 -0.02856057 -0.01443231 -0.006499946 -0.03382891 -0.01231271 -0.006499946 -0.03022938 -0.01049679 -0.006499946 -0.03545308 -0.006251275 -0.006499946 -0.03135877 -0.006373941 -0.006499946 -0.03599995 0 -0.006499946 -0.03192853 -0.002137362 -0.006499946 -0.03192853 0.002137362 -0.006499946 -0.03545308 0.006251275 -0.006499946 -0.03135877 0.006373941 -0.006499946 -0.03382891 0.01231271 -0.006499946 -0.03022938 0.01049679 -0.006499946 -0.03117686 0.01799994 -0.006499946 0.006251275 -0.03545308 -0.006499946 0.003203034 -0.03183925 -0.006499946 0 -0.03599995 -0.006499946 -0.001069247 -0.03198212 -0.006499946 -0.006251275 -0.03545308 -0.006499946 -0.005322515 -0.03155422 -0.006499946 -0.01231271 -0.03382891 -0.006499946 -0.02856057 0.01443231 -0.006499946 -0.02638208 0.01811027 -0.006499946 -0.02757757 0.02314031 -0.006499946 -0.02373284 0.02146506 -0.006499946 -0.02314031 0.02757757 -0.006499946 -0.02066004 0.02443683 -0.006499946 -0.01799994 0.03117686 -0.006499946 -0.01721858 0.02697253 -0.006499946 -0.01346987 0.02902686 -0.006499946 0.003203034 0.03183925 -0.006499946 0.007418215 0.03112822 -0.006499946 0.01231271 0.03382891 -0.006499946 0.01150101 0.02986174 -0.006499946 0.01799994 0.03117686 -0.006499946 0.01537859 0.0280624 -0.006499946 0.02314031 0.02757757 -0.006499946 0.01898175 0.0257622 -0.006499946 0.02224612 0.02300232 -0.006499946 0.02757757 0.02314031 -0.006499946 0.02511358 0.01983195 -0.006499946 0.03117686 0.01799994 -0.006499946 0.02753281 0.01630771 -0.006499946 0.03382891 0.01231271 -0.006499946 0.03382891 -0.01231271 -0.006499946 0.02946078 -0.01249241 -0.006499946 0.03117686 -0.01799994 -0.006499946 0.02753281 -0.01630771 -0.006499946 0.02757757 -0.02314031 -0.006499946 0.02511358 -0.01983195 -0.006499946 0.02314031 -0.02757757 -0.006499946 -0.009480774 -0.03056323 -0.006499946 -0.01346987 -0.02902686 -0.006499946 -0.01799994 -0.03117686 -0.006499946 -0.01721858 -0.02697253 -0.006499946 -0.02314031 -0.02757757 -0.006499946 -0.02066004 -0.02443683 -0.006499946 -0.02757757 -0.02314031 -0.006499946 -0.02373284 -0.02146506 -0.006499946 -0.02638208 -0.01811027 -0.006499946 0.02946078 0.01249241 -0.006499946 0.03086298 0.008454203 -0.006499946 0.03545308 0.006251275 -0.006499946 0.03171443 0.004265129 -0.006499946 0.03599995 0 -0.006499946 0.032 0 -0.006499946 0.03545308 -0.006251275 -0.006499946 0.03171443 -0.004265129 -0.006499946 0.03086298 -0.008454203 -0.006499946 0.02224612 -0.02300232 -0.006499946 0.01898175 -0.0257622 -0.006499946 0.01799994 -0.03117686 -0.006499946 0.01537859 -0.0280624 -0.006499946 0.01231271 -0.03382891 -0.006499946 0.01150101 -0.02986174 -0.006499946 0.007418215 -0.03112822 -0.006499946 -0.00149995 -0.02240192 -0.006199955 -0.002598047 -0.02349996 -0.006199955 0 -0.02499997 -0.006199955 -0.002999961 -0.02499997 -0.006199955 -0.002598047 -0.02649998 -0.006199955 0.002598047 -0.02349996 -0.006199955 0.00149995 -0.02240192 -0.006199955 0 -0.02199995 -0.006199955 0.00149995 -0.02759802 -0.006199955 0.002598047 -0.02649998 -0.006199955 0.002999961 -0.02499997 -0.006199955 -0.00149995 -0.02759802 -0.006199955 0 -0.02799999 -0.006199955 -0.002999961 -0.02499997 -5e-4 -0.002598047 -0.02649998 -5e-4 -0.00149995 -0.02759802 -5e-4 0 -0.02799999 -5e-4 0.00149995 -0.02759802 -5e-4 0.002598047 -0.02649998 -5e-4 0.002999961 -0.02499997 -5e-4 0.002598047 -0.02349996 -5e-4 0.00149995 -0.02240192 -5e-4 0 -0.02199995 -5e-4 -0.00149995 -0.02240192 -5e-4 -0.002598047 -0.02349996 -5e-4 0.01469689 -0.0345 -0.02349996 -0.01469689 -0.0345 -0.02349996 0.01091438 -0.03587651 -0.02349996 -0.01091438 -0.03587651 -0.02349996 -0.005517184 -0.03709191 -0.02349996 0 -0.03749996 -0.02349996 0.005517184 -0.03709191 -0.02349996 0.001168191 -0.03399997 -0.01238161 0.01685225 -0.03399997 -0.01199996 -0.001168191 -0.03399997 -0.01238161 -0.01685225 -0.03399997 -0.01199996 -0.003273308 -0.03399997 -0.01339536 -0.004730045 -0.03399997 -0.01522207 0.003273308 -0.03399997 -0.01339536 0.004730045 -0.03399997 -0.01522207 0.01685225 -0.03399997 -0.023 0.005249977 -0.03399997 -0.01749998 0.004730045 -0.03399997 -0.01977789 -0.001168191 -0.03399997 -0.02261835 -0.01685225 -0.03399997 -0.023 0.001168191 -0.03399997 -0.02261835 0.003273308 -0.03399997 -0.02160459 -0.003273308 -0.03399997 -0.02160459 -0.004730045 -0.03399997 -0.01977789 -0.005249977 -0.03399997 -0.01749998 -0.01091438 -0.03587651 -0.0115 -0.01469689 -0.0345 -0.0115 0.01091438 -0.03587651 -0.0115 0.01469689 -0.0345 -0.0115 0.005517184 -0.03709191 -0.0115 0 -0.03749996 -0.0115 -0.005517184 -0.03709191 -0.0115 0.01517051 -0.02768266 -0.006249964 -0.0132876 -0.02863413 -0.006249964 -0.001054763 0.03154933 -0.006249964 0.03044533 0.008339822 -0.006249964 0.0273177 -0.01618027 -0.00643301 0.02923059 -0.01239484 -0.00643301 0.02906209 -0.01232337 -0.006249964 0.003178 -0.03159052 -0.00643301 0.007360279 -0.03088504 -0.00643301 0.007317841 -0.03070706 -0.006249964 -0.02354741 -0.02129739 -0.00643301 -0.02049863 -0.02424591 -0.00643301 -0.02038049 -0.0241062 -0.006249964 -0.03167909 0.002120614 -0.00643301 -0.03167909 -0.002120614 -0.00643301 -0.03149646 -0.002108395 -0.006249964 -0.02617597 0.01796877 -0.00643301 -0.02833747 0.01431953 -0.00643301 -0.0281741 0.01423698 -0.006249964 0.01141119 0.02962845 -0.00643301 0.007360279 0.03088504 -0.00643301 0.007317841 0.03070706 -0.006249964 0.03174996 0 -0.00643301 0.03146666 0.00423181 -0.00643301 0.03128528 0.004207432 -0.006249964 0.01883345 -0.02556097 -0.00643301 0.01525843 -0.02784311 -0.00643301 0.01141119 -0.02962845 -0.00643301 -0.009406745 -0.03032445 -0.00643301 -0.01336467 -0.02880012 -0.00643301 -0.01708406 -0.02676182 -0.00643301 -0.02999323 -0.01041477 -0.00643301 -0.03111374 -0.006324112 -0.00643301 -0.01708406 0.02676182 -0.00643301 -0.01336467 0.02880012 -0.00643301 0.003178 0.03159052 -0.00643301 0.02207231 0.02282261 -0.00643301 0.02491736 0.01967704 -0.00643301 0.0273177 0.01618027 -0.00643301 0.02923059 0.01239484 -0.00643301 0.03062188 0.008388161 -0.00643301 -0.009406745 0.03032445 -0.00643301 -0.005280911 0.03130769 -0.00643301 -0.001060903 0.03173226 -0.00643301 0.02716028 0.01608705 -0.006249964 0.02906209 0.01232337 -0.006249964 0.01517051 0.02768266 -0.006249964 0.01872485 0.02541363 -0.006249964 0.01883345 0.02556097 -0.00643301 0.01525843 0.02784311 -0.00643301 0.01134538 0.02945768 -0.006249964 -0.009352505 0.03014969 -0.006249964 -0.005250513 0.03112721 -0.006249964 -0.02341169 0.0211746 -0.006249964 -0.02038049 0.0241062 -0.006249964 -0.02049863 0.02424591 -0.00643301 -0.02354741 0.02129739 -0.00643301 -0.02602511 0.01786524 -0.006249964 -0.03093439 0.006287693 -0.006249964 -0.02982032 0.01035475 -0.006249964 -0.02999323 0.01041477 -0.00643301 -0.02602511 -0.01786524 -0.006249964 -0.0281741 -0.01423698 -0.006249964 -0.02833747 -0.01431953 -0.00643301 -0.02617597 -0.01796877 -0.00643301 -0.02341169 -0.0211746 -0.006249964 -0.001054763 -0.03154933 -0.006249964 -0.005250513 -0.03112721 -0.006249964 -0.005280911 -0.03130769 -0.00643301 -0.001060903 -0.03173226 -0.00643301 0.003159701 -0.03140842 -0.006249964 0.02477371 -0.01956361 -0.006249964 0.02194511 -0.02269107 -0.006249964 0.02207231 -0.02282261 -0.00643301 0.02491736 -0.01967704 -0.00643301 0.02716028 -0.01608705 -0.006249964 0.03128528 -0.004207432 -0.006249964 0.03044533 -0.008339822 -0.006249964 0.03062188 -0.008388161 -0.00643301 0.03146666 -0.00423181 -0.00643301 0.03156697 0 -0.006249964 0.02477371 0.01956361 -0.006249964 0.02194511 0.02269107 -0.006249964 0.003159701 0.03140842 -0.006249964 -0.0132876 0.02863413 -0.006249964 -0.01698559 0.02660757 -0.006249964 -0.03149646 0.002108395 -0.006249964 -0.03111374 0.006324112 -0.00643301 -0.03093439 -0.006287693 -0.006249964 -0.02982032 -0.01035475 -0.006249964 -0.01698559 -0.02660757 -0.006249964 -0.009352505 -0.03014969 -0.006249964 0.01134538 -0.02945768 -0.006249964 0.01872485 -0.02541363 -0.006249964 0.01549994 0 -0.00613296 0.01536738 -0.0020231 -0.00613296 0.01497185 -0.00401169 -0.00613296 0.01432013 -0.005931556 -0.00613296 0.01342338 -0.007749974 -0.00613296 0.01229697 -0.009435772 -0.00613296 0.0109601 -0.0109601 -0.00613296 0.009435772 -0.01229697 -0.00613296 0.007749974 -0.01342338 -0.00613296 0.005931556 -0.01432013 -0.00613296 0.00401169 -0.01497185 -0.00613296 0.0020231 -0.01536738 -0.00613296 0 -0.01549994 -0.00613296 -0.0020231 -0.01536738 -0.00613296 -0.00401169 -0.01497185 -0.00613296 -0.005931556 -0.01432013 -0.00613296 -0.007749974 -0.01342338 -0.00613296 -0.009435772 -0.01229697 -0.00613296 -0.0109601 -0.0109601 -0.00613296 -0.01229697 -0.009435772 -0.00613296 -0.01342338 -0.007749974 -0.00613296 -0.01432013 -0.005931556 -0.00613296 -0.01497185 -0.00401169 -0.00613296 -0.01536738 -0.0020231 -0.00613296 -0.01549994 0 -0.00613296 -0.01536738 0.0020231 -0.00613296 -0.01497185 0.00401169 -0.00613296 -0.01432013 0.005931556 -0.00613296 -0.01342338 0.007749974 -0.00613296 -0.01229697 0.009435772 -0.00613296 -0.0109601 0.0109601 -0.00613296 -0.009435772 0.01229697 -0.00613296 -0.007749974 0.01342338 -0.00613296 -0.005931556 0.01432013 -0.00613296 -0.00401169 0.01497185 -0.00613296 -0.0020231 0.01536738 -0.00613296 0 0.01549994 -0.00613296 0.0020231 0.01536738 -0.00613296 0.00401169 0.01497185 -0.00613296 0.005931556 0.01432013 -0.00613296 0.007749974 0.01342338 -0.00613296 0.009435772 0.01229697 -0.00613296 0.0109601 0.0109601 -0.00613296 0.01229697 0.009435772 -0.00613296 0.01342338 0.007749974 -0.00613296 0.01432013 0.005931556 -0.00613296 0.01497185 0.00401169 -0.00613296 0.01536738 0.0020231 -0.00613296 0.01568299 0 -0.005949974 0.01554882 -0.002047002 -0.005949974 0.01514858 -0.004059016 -0.005949974 0.01448917 -0.006001591 -0.005949974 0.01358187 -0.007841467 -0.005949974 0.01244217 -0.009547173 -0.005949974 0.01108956 -0.01108956 -0.005949974 0.009547173 -0.01244217 -0.005949974 0.007841467 -0.01358187 -0.005949974 0.006001591 -0.01448917 -0.005949974 0.004059016 -0.01514858 -0.005949974 0.002047002 -0.01554882 -0.005949974 0 -0.01568299 -0.005949974 -0.002047002 -0.01554882 -0.005949974 -0.004059016 -0.01514858 -0.005949974 -0.006001591 -0.01448917 -0.005949974 -0.007841467 -0.01358187 -0.005949974 -0.009547173 -0.01244217 -0.005949974 -0.01108956 -0.01108956 -0.005949974 -0.01244217 -0.009547173 -0.005949974 -0.01358187 -0.007841467 -0.005949974 -0.01448917 -0.006001591 -0.005949974 -0.01514858 -0.004059016 -0.005949974 -0.01554882 -0.002047002 -0.005949974 -0.01568299 0 -0.005949974 -0.01554882 0.002047002 -0.005949974 -0.01514858 0.004059016 -0.005949974 -0.01448917 0.006001591 -0.005949974 -0.01358187 0.007841467 -0.005949974 -0.01244217 0.009547173 -0.005949974 -0.01108956 0.01108956 -0.005949974 -0.009547173 0.01244217 -0.005949974 -0.007841467 0.01358187 -0.005949974 -0.006001591 0.01448917 -0.005949974 -0.004059016 0.01514858 -0.005949974 -0.002047002 0.01554882 -0.005949974 0 0.01568299 -0.005949974 0.002047002 0.01554882 -0.005949974 0.004059016 0.01514858 -0.005949974 0.006001591 0.01448917 -0.005949974 0.007841467 0.01358187 -0.005949974 0.009547173 0.01244217 -0.005949974 0.01108956 0.01108956 -0.005949974 0.01244217 0.009547173 -0.005949974 0.01358187 0.007841467 -0.005949974 0.01448917 0.006001591 -0.005949974 0.01514858 0.004059016 -0.005949974 0.01554882 0.002047002 -0.005949974 0.004730045 -0.03319996 -0.01977789 0.003273308 -0.03319996 -0.02160459 0.001168191 -0.03319996 -0.02261835 -0.001168191 -0.03319996 -0.02261835 -0.003273308 -0.03319996 -0.02160459 -0.004730045 -0.03319996 -0.01977789 -0.005249977 -0.03319996 -0.01749998 -0.004730045 -0.03319996 -0.01522207 -0.003273308 -0.03319996 -0.01339536 -0.001168191 -0.03319996 -0.01238161 0.001168191 -0.03319996 -0.01238161 0.003273308 -0.03319996 -0.01339536 0.004730045 -0.03319996 -0.01522207 0.005249977 -0.03319996 -0.01749998 0.01543843 -0.03433382 -0.0234481 -0.01593983 -0.03421986 -0.02339226 -0.0154829 -0.03432714 -0.02346867 -0.01547676 -0.03432857 -0.02346968 -0.01622343 -0.03415328 -0.02334487 0.01594179 -0.03422105 -0.02341288 0.01596695 -0.03421545 -0.02341109 -0.01670855 -0.03403574 -0.02317065 -0.01650917 -0.03408491 -0.02326393 0.01651072 -0.03408426 -0.02326411 -0.01636618 -0.03410989 -0.0233128 0.01621294 -0.03415608 -0.02334457 -0.01639884 -0.03411209 -0.02331548 -0.01679742 -0.03400623 -0.02307879 -0.01683759 -0.03400367 -0.02306056 -0.01674252 -0.03402739 -0.02315473 -0.01677054 -0.03402048 -0.02314168 0.01684796 -0.03400105 -0.0230329 0.01661485 -0.03405916 -0.02323597 0.01670992 -0.0340355 -0.02317136 0.01673936 -0.03402817 -0.02315133 0.01680833 -0.034011 -0.02310442 -0.01684796 -0.03400105 -0.01196706 0.01679742 -0.03400623 -0.01192116 0.01683759 -0.03400367 -0.0119394 0.01670855 -0.03403574 -0.01182925 0.01674252 -0.03402739 -0.01184517 0.01677054 -0.03402048 -0.01185828 0.01650917 -0.03408491 -0.01173603 0.01639884 -0.03411209 -0.01168441 0.01636618 -0.03410989 -0.01168715 0.01622343 -0.03415328 -0.01165509 -0.01651072 -0.03408426 -0.01173585 -0.01661485 -0.03405916 -0.01176398 -0.01670992 -0.0340355 -0.0118286 -0.01673936 -0.03402817 -0.01184862 -0.01680833 -0.034011 -0.01189553 -0.01594179 -0.03422105 -0.01158708 -0.01543843 -0.03433382 -0.01155185 0.01593983 -0.03421986 -0.0116077 0.0154829 -0.03432714 -0.01153129 -0.01621294 -0.03415608 -0.01165533 -0.01596695 -0.03421545 -0.01158887 0.01547676 -0.03432857 -0.01153028 -0.03779155 -3.22466e-7 -0.02799999 -0.03767359 0.003088474 -0.02799999 -0.03726106 0.006360232 -0.02799999 -0.0355125 0.01292514 -0.02799999 -0.03559052 0.01273393 -0.02799999 -0.03656494 0.009583532 -0.02799999 -0.03721743 0.006562113 -0.02799999 -0.03434526 0.01578736 -0.02799999 -0.03283858 0.01872068 -0.02799999 -0.02895021 0.02429169 -0.02799999 -0.02908885 0.02413862 -0.02799999 -0.03108203 0.02151155 -0.02799999 -0.03272861 0.01889544 -0.02799999 -0.02687436 0.02658206 -0.02799999 -0.0244553 0.02882313 -0.02799999 -0.01889604 0.03272825 -0.02799999 -0.01907867 0.03263187 -0.02799999 -0.02185016 0.03084492 -0.02799999 -0.02429217 0.02894979 -0.02799999 -0.01616203 0.03417056 -0.02799999 -0.01312237 0.03544914 -0.02799999 -0.006562709 0.03721731 -0.02799999 -0.006767332 0.03718924 -0.02799999 -0.009982824 0.03645795 -0.02799999 -0.01292574 0.03551232 -0.02799999 -0.003500342 0.03763753 -0.02799999 -2.06694e-4 0.03779941 -0.02799999 0.006562113 0.03721743 -0.02799999 0.006360232 0.03726106 -0.02799999 0.003088474 0.03767359 -0.02799999 -3.22466e-7 0.03779155 -0.02799999 0.009583532 0.03656494 -0.02799999 0.01273393 0.03559052 -0.02799999 0.01889544 0.03272861 -0.02799999 0.01872068 0.03283858 -0.02799999 0.01578736 0.03434526 -0.02799999 0.01292514 0.0355125 -0.02799999 0.02151155 0.03108203 -0.02799999 0.02413862 0.02908885 -0.02799999 0.02894979 0.02429217 -0.02799999 0.02882313 0.0244553 -0.02799999 0.02658206 0.02687436 -0.02799999 0.02429169 0.02895021 -0.02799999 0.03084492 0.02185016 -0.02799999 0.03263187 0.01907867 -0.02799999 0.03551232 0.01292574 -0.02799999 0.03544914 0.01312237 -0.02799999 0.03417056 0.01616203 -0.02799999 0.03272825 0.01889604 -0.02799999 0.03645795 0.009982824 -0.02799999 0.03718924 0.006767332 -0.02799999 0.03779995 0 -0.02799999 0.03779941 2.06694e-4 -0.02799999 0.03763753 0.003500342 -0.02799999 0.03721731 0.006562709 -0.02799999 0.03767359 -0.003088474 -0.02799999 0.03726106 -0.006360232 -0.02799999 0.0355125 -0.01292514 -0.02799999 0.03559052 -0.01273393 -0.02799999 0.03656494 -0.009583532 -0.02799999 0.03721743 -0.006562113 -0.02799999 0.03434526 -0.01578736 -0.02799999 0.03283858 -0.01872068 -0.02799999 0.02895021 -0.02429169 -0.02799999 0.02908885 -0.02413862 -0.02799999 0.03108203 -0.02151155 -0.02799999 0.03272861 -0.01889544 -0.02799999 0.02687436 -0.02658206 -0.02799999 0.0244553 -0.02882313 -0.02799999 0.01889604 -0.03272825 -0.02799999 0.01907867 -0.03263187 -0.02799999 0.02185016 -0.03084492 -0.02799999 0.02429217 -0.02894979 -0.02799999 0.01616203 -0.03417056 -0.02799999 0.01312237 -0.03544914 -0.02799999 0.006562709 -0.03721731 -0.02799999 0.006767332 -0.03718924 -0.02799999 0.009982824 -0.03645795 -0.02799999 0.01292574 -0.03551232 -0.02799999 0.003500342 -0.03763753 -0.02799999 2.06694e-4 -0.03779941 -0.02799999 -0.006562113 -0.03721743 -0.02799999 -0.006360232 -0.03726106 -0.02799999 -0.003088474 -0.03767359 -0.02799999 3.22466e-7 -0.03779155 -0.02799999 -0.009583532 -0.03656494 -0.02799999 -0.01273393 -0.03559052 -0.02799999 -0.01889544 -0.03272861 -0.02799999 -0.01872068 -0.03283858 -0.02799999 -0.01578736 -0.03434526 -0.02799999 -0.01292514 -0.0355125 -0.02799999 -0.02151155 -0.03108203 -0.02799999 -0.02413862 -0.02908885 -0.02799999 -0.02894979 -0.02429217 -0.02799999 -0.02882313 -0.0244553 -0.02799999 -0.02658206 -0.02687436 -0.02799999 -0.02429169 -0.02895021 -0.02799999 -0.03084492 -0.02185016 -0.02799999 -0.03263187 -0.01907867 -0.02799999 -0.03551232 -0.01292574 -0.02799999 -0.03544914 -0.01312237 -0.02799999 -0.03417056 -0.01616203 -0.02799999 -0.03272825 -0.01889604 -0.02799999 -0.03645795 -0.009982824 -0.02799999 -0.03718924 -0.006767332 -0.02799999 -0.03779941 -2.06694e-4 -0.02799999 -0.03763753 -0.003500342 -0.02799999 -0.03721731 -0.006562709 -0.02799999 -0.0369119 0.007225394 -0.01427686 -0.0368812 0.007362246 -0.01458287 -0.0367484 0.007944107 -0.02035552 -0.03675764 0.007905125 -0.02049958 -0.03678232 -0.007802784 -0.02092933 -0.03675699 -0.007908582 -0.02050113 -0.03757703 -0.002696156 -0.01045298 -0.0376206 -0.001948535 -0.01026636 -0.03765934 -0.001284241 -0.01010054 -0.03768348 0 -0.00999999 -0.03722864 -0.005539178 -0.01217222 -0.03727954 -0.005241394 -0.01187896 -0.0373277 -0.00488919 -0.01163846 -0.0374456 -0.00402677 -0.01104944 -0.03744971 -0.003985047 -0.01103073 -0.03754776 -0.002992331 -0.01058572 -0.03754985 -0.002971529 -0.01057642 -0.03692615 -0.007158994 -0.0141583 -0.03693085 -0.007137954 -0.01411336 -0.03704935 -0.006545126 -0.01327317 -0.03710037 -0.006289958 -0.01291155 -0.03717654 -0.005844235 -0.01247262 -0.03719836 -0.005716383 -0.01234668 -0.03669095 -0.008183479 -0.01749151 -0.03669762 -0.00815618 -0.01718193 -0.03670567 -0.008123457 -0.01681083 -0.03674912 -0.007941126 -0.01613289 -0.03679478 -0.00774914 -0.01541924 -0.03682577 -0.007610082 -0.01512211 -0.03688168 -0.00735867 -0.01458495 -0.03674322 -0.007966041 -0.02026861 -0.03669857 -0.008152723 -0.01951295 -0.03667455 -0.008249998 -0.01824575 -0.03708267 -0.006383836 -0.02347576 -0.03704595 -0.006565213 -0.02320921 -0.03704226 -0.006583631 -0.02318209 -0.03691965 -0.007189333 -0.02229183 -0.03691661 -0.007204532 -0.02226954 -0.03681921 -0.007638216 -0.02129793 -0.03743016 -0.004154682 -0.02537745 -0.03740513 -0.004333496 -0.02525079 -0.03731399 -0.004983723 -0.02479016 -0.03726321 -0.005345702 -0.02453374 -0.0371862 -0.005788564 -0.02408242 -0.03717118 -0.005874931 -0.02399438 -0.03756546 -0.002838492 -0.02599626 -0.03753566 -0.003128349 -0.02586001 -0.03743577 -0.004100382 -0.02540296 -0.03765296 -0.001443982 -0.02637261 -0.03764855 -0.001514315 -0.02635365 -0.03761065 -0.002118885 -0.02619045 -0.03766036 0.001256823 -0.02640366 -0.03768348 4.39406e-7 -0.02649998 -0.03766083 -0.001071989 -0.02640539 -0.03744578 0.004024028 -0.025451 -0.03744691 0.004015803 -0.0254566 -0.0375787 0.002674579 -0.02605438 -0.03761774 0.001996934 -0.02622133 -0.03764569 0.001511335 -0.02634096 -0.03754407 0.0030272 -0.0258972 -0.0369336 0.007124841 -0.02240914 -0.03704631 0.006560325 -0.02320516 -0.03704851 0.006549298 -0.02322071 -0.03728306 0.005218625 -0.02463966 -0.03732454 0.004914164 -0.02484643 -0.03740423 0.004329144 -0.02524381 -0.03710192 0.006281495 -0.02359831 -0.03717678 0.005842387 -0.02402859 -0.03719687 0.005724549 -0.02414399 -0.03679585 0.007744729 -0.02109271 -0.03682452 0.007615625 -0.02136689 -0.0369262 0.0071581 -0.02233844 -0.03669923 0.008150041 -0.01696974 -0.03668916 0.00819081 -0.01749062 -0.03667455 0.008249998 -0.01824605 -0.03670608 0.008121967 -0.01969766 -0.0368126 0.007667899 -0.01526612 -0.03678333 0.007798314 -0.01555776 -0.03673887 0.00798422 -0.01630407 -0.03726345 0.005344092 -0.01196485 -0.03722888 0.005543351 -0.01216751 -0.03718847 0.005775868 -0.01240402 -0.0371645 0.005913674 -0.01254415 -0.03708446 0.006374537 -0.01301282 -0.03703564 0.006615936 -0.01336705 -0.03691649 0.00720489 -0.01423108 -0.0375657 0.002835512 -0.01050257 -0.0375514 0.002975046 -0.01056802 -0.03753662 0.003119111 -0.01063561 -0.03743779 0.004082202 -0.01108747 -0.03743129 0.004145443 -0.01111716 -0.03731644 0.00496596 -0.01169741 -0.03766113 0.001065254 -0.01009345 -0.03765332 0.001436293 -0.01012599 -0.0376116 0.002102255 -0.01030522 0.03666025 0.007958352 -0.01619815 0.03667271 0.007905006 -0.01600039 0.03599995 0.007935047 -0.01599228 0.03721535 0.005013704 -0.01172184 0.0373069 0.004328966 -0.01125639 0.03599995 0.004343032 -0.01123565 0.03747773 -0.002679765 -0.02605259 0.03750944 -0.00212109 -0.02619069 0.03599995 -0.002980232 -0.02594286 0.03599995 0 -0.02649998 0.03755801 -0.001263976 -0.02640259 0.03756141 -0.001076996 -0.02641695 0.03718709 -0.005225062 -0.02463442 0.03721708 -0.005001127 -0.02478677 0.03599995 -0.005557954 -0.02434682 0.03734827 -0.004020571 -0.02545398 0.03743368 -0.003136038 -0.02584886 0.03744959 -0.002971112 -0.02592253 0.03733634 -0.00410974 -0.02539324 0.03683644 -0.007165729 -0.02232414 0.03684431 -0.007129549 -0.02240103 0.03599995 -0.007385075 -0.02192729 0.0369578 -0.006550133 -0.02321952 0.03700995 -0.006283879 -0.02359557 0.03708434 -0.005839347 -0.02403169 0.03708988 -0.005806148 -0.0240643 0.03713464 -0.005538463 -0.02432692 0.03599995 -0.008214771 -0.01901119 0.03660738 -0.008183002 -0.01900839 0.03662198 -0.008122444 -0.0196948 0.03666055 -0.007957041 -0.02030771 0.03670972 -0.007746517 -0.02108776 0.03673529 -0.007629275 -0.02133738 0.03679442 -0.007358074 -0.02191466 0.03669738 -0.00780034 -0.0155636 0.03667205 -0.007908284 -0.01599889 0.03599995 -0.007935047 -0.01599228 0.03666478 -0.007939398 -0.01612424 0.03661495 -0.00815165 -0.01698005 0.03661125 -0.008166968 -0.01717776 0.03659123 -0.008249998 -0.01824909 0.03684067 -0.007143557 -0.01414084 0.03682857 -0.007204473 -0.01423031 0.03599995 -0.006583631 -0.01327824 0.03674161 -0.007599472 -0.01511412 0.03733277 -0.004151463 -0.01112061 0.03730779 -0.004333376 -0.01124936 0.03599995 -0.004343032 -0.01123565 0.03722172 -0.004959464 -0.01169246 0.03716903 -0.00534296 -0.0119639 0.03709501 -0.00577706 -0.01240581 0.03708732 -0.005822241 -0.01245182 0.03699219 -0.006380259 -0.01301985 0.03696107 -0.0065369 -0.01324987 0.03695553 -0.006564915 -0.013291 0.03599995 -0.001515924 -0.01014041 0.03754669 -0.001514315 -0.01014637 0.03751444 -0.002037286 -0.01028758 0.03746503 -0.002840101 -0.01050424 0.03744101 -0.003078162 -0.01061618 0.03734117 -0.004068434 -0.01108157 0.03755789 0.001267671 -0.01009798 0.03756129 0.001079976 -0.01008337 0.03599995 0.001515924 -0.01014041 0.03758096 8.41197e-6 -0.00999999 0.03755104 -0.001443028 -0.01012718 0.03747755 0.002682566 -0.01044827 0.0375086 0.002135276 -0.01031279 0.03754401 0.001511454 -0.0101583 0.03733503 0.004118561 -0.01111334 0.03734898 0.004014313 -0.01104253 0.03743267 0.003147363 -0.0106557 0.03684455 0.007128417 -0.01409697 0.03695583 0.006560146 -0.01329487 0.03599995 0.006583631 -0.01327824 0.03695994 0.006539046 -0.01326507 0.03701031 0.006281793 -0.01290196 0.03708928 0.005809843 -0.01243907 0.03718709 0.005225002 -0.01186549 0.03670996 0.007745325 -0.01540887 0.03673583 0.007626712 -0.01515656 0.03683716 0.007162272 -0.01416885 0.03661143 0.008166253 -0.01932412 0.03660547 0.008190929 -0.01900929 0.03599995 0.008214771 -0.01901119 0.03659123 0.008249998 -0.01825624 0.03662186 0.00812298 -0.01680797 0.03682863 0.007204294 -0.02226996 0.03679388 0.007362186 -0.02191704 0.03599995 0.007385075 -0.02192729 0.03674107 0.007601916 -0.02138108 0.03669786 0.007798492 -0.02094173 0.03666418 0.007941842 -0.02036619 0.03661537 0.0081501 -0.01952981 0.0371688 0.00534451 -0.02453476 0.03713488 0.00554341 -0.02433252 0.03599995 0.005557954 -0.02434682 0.03710377 0.005726158 -0.02414673 0.03708541 0.005833804 -0.02403724 0.03699362 0.00637257 -0.02348953 0.03695946 0.006544768 -0.02323704 0.03683882 0.007152795 -0.02234548 0.03746539 0.002835869 -0.02599722 0.03745132 0.002975106 -0.02593195 0.03599995 0.002980232 -0.02594286 0.03744876 0.003000617 -0.02592003 0.03734976 0.003984749 -0.02545863 0.03733396 0.004141569 -0.02538508 0.03723019 0.004897296 -0.02485084 0.03758096 0 -0.02649998 0.0375511 0.001441657 -0.02637302 0.03751969 0.001952826 -0.02623528 0.01767766 0.01767766 -0.006499946 -0.01767766 0.01767766 -0.006499946 -0.01767766 -0.01767766 -0.006499946 0.01767766 -0.01767766 -0.006499946 -0.03859996 -0.001869797 -0.02114933 -0.03859996 -0.003068923 -0.01982599 -0.03859996 -0.003445804 -0.01808035 -0.03859996 0.001869797 -0.01535058 -0.03859996 0.003068923 -0.01667398 -0.03859996 0.003445804 -0.01841956 -0.03859996 0.001576006 -0.02131897 -0.03859996 -1.69614e-4 -0.02169579 -0.03859996 1.69614e-4 -0.01480412 -0.03859996 -0.001576006 -0.015181 -0.03859996 -0.002899348 -0.01638019 -0.03859996 0.002899348 -0.02011978 -0.03709995 1.66768e-4 -0.01482754 -0.03709995 -5.72341e-5 -0.01480025 -0.03709995 -9.94192e-4 -0.01494628 -0.03709995 -0.002872824 -0.01639777 -0.03709995 -0.002584338 -0.01596373 -0.03709995 -0.001861274 -0.01534432 -0.03709995 -0.001563727 -0.0152077 -0.03709995 -0.003106653 -0.01674962 -0.03709995 -0.003398001 -0.01765096 -0.03709995 -0.003362298 -0.01902407 -0.03709995 -0.003445804 -0.01808035 -0.03709995 -0.001860201 -0.02113729 -0.03709995 -0.002495527 -0.0206322 -0.03709995 -0.003017604 -0.01992374 -0.03709995 -0.003056824 -0.01982134 -0.03709995 -0.001756131 -0.02122008 -0.03709995 -8.85819e-4 -0.02158486 -0.03709995 0.001563727 -0.0212922 -0.03709995 9.94192e-4 -0.02155369 -0.03709995 5.72341e-5 -0.02169972 -0.03709995 -1.66768e-4 -0.02167242 -0.03709995 0.001861274 -0.02115565 -0.03709995 0.002584338 -0.02053624 -0.03709995 0.003445804 -0.01841956 -0.03709995 0.003398001 -0.01884901 -0.03709995 0.003106653 -0.01975029 -0.03709995 0.002872824 -0.02010214 -0.03709995 0.003362298 -0.01747584 -0.03709995 0.003056824 -0.01667857 -0.03709995 0.003017604 -0.01657623 -0.03709995 0.002495527 -0.01586771 -0.03709995 8.85819e-4 -0.01491504 -0.03709995 0.001756131 -0.01527988 -0.03709995 0.001860201 -0.01536262 -0.03709995 0.002931058 -0.02014178 -0.03709995 0.002887845 -0.02022874 -0.03709995 0.002271115 -0.02091312 -0.03709995 0.001590132 -0.02134984 -0.03709995 0.001470506 -0.02142655 -0.03709995 5.62021e-4 -0.02170509 -0.03709995 -1.72623e-4 -0.02172255 -0.03709995 -3.94624e-4 -0.02172785 -0.03709995 -0.001319944 -0.02149158 -0.03709995 -0.001882195 -0.02116602 -0.03709995 -0.002158224 -0.02100628 -0.03709995 -0.002824962 -0.02031701 -0.03709995 -0.003085792 -0.01983392 -0.03709995 -0.003276467 -0.01948076 -0.03709995 -0.003487586 -0.01854979 -0.03709995 -0.003495752 -0.0180779 -0.03709995 -0.003319621 -0.01713997 -0.03709995 -0.002931058 -0.01635819 -0.03709995 -0.002887845 -0.01627123 -0.03709995 -0.002271115 -0.01558685 -0.03709995 -0.001590132 -0.01515012 -0.03709995 -0.001470506 -0.01507341 -0.03709995 -5.62021e-4 -0.01479482 -0.03709995 1.72623e-4 -0.01477736 -0.03709995 3.94624e-4 -0.01477211 -0.03709995 0.001319944 -0.01500833 -0.03709995 0.001882195 -0.01533389 -0.03709995 0.002158224 -0.01549369 -0.03709995 0.002824962 -0.01618295 -0.03709995 0.003085792 -0.01666605 -0.03709995 0.003276467 -0.01701915 -0.03709995 0.003487586 -0.01795011 -0.03709995 0.003495752 -0.01842206 -0.03709995 0.003319621 -0.01935994 -0.03759998 8.98626e-4 -0.0148667 -0.03759998 1.69249e-4 -0.01477718 -0.03759998 0.001775324 -0.01523315 -0.03759998 0.001886844 -0.01532125 -0.03759998 0.001877069 -0.02120488 -0.03759998 0.001586735 -0.02133679 -0.03759998 0.002608299 -0.02058446 -0.03759998 0.002915322 -0.02012932 -0.03759998 0.002521693 -0.01582276 -0.03759998 0.003068208 -0.01656442 -0.03759998 0.00310266 -0.0166552 -0.03759998 0.003412604 -0.01747137 -0.03759998 0.003495752 -0.01842206 -0.03759998 0.003441274 -0.01889091 -0.03759998 0.003139734 -0.0197966 -0.03759998 5.1161e-5 -0.02174979 -0.03759998 -1.69249e-4 -0.02172273 -0.03759998 9.95226e-4 -0.02160555 -0.03759998 -8.98626e-4 -0.0216332 -0.03759998 -0.001775324 -0.02126675 -0.03759998 -0.001886844 -0.02117866 -0.03759998 -0.001877069 -0.01529508 -0.03759998 -0.001586735 -0.01516312 -0.03759998 -0.002608299 -0.01591551 -0.03759998 -0.002915322 -0.01637065 -0.03759998 -0.002521693 -0.0206772 -0.03759998 -0.003068208 -0.01993554 -0.03759998 -0.00310266 -0.01984477 -0.03759998 -0.003412604 -0.0190286 -0.03759998 -0.003495752 -0.0180779 -0.03759998 -0.003441274 -0.01760905 -0.03759998 -0.003139734 -0.0167033 -0.03759998 -5.1161e-5 -0.01475018 -0.03759998 -9.95226e-4 -0.01489436 -0.03759998 -0.003414452 -0.01563626 -0.03759998 -0.001808702 -0.01434886 -0.03759998 0.002689719 -0.02160489 -0.03759998 8.22553e-4 -0.02247059 -0.03759998 -0.004090666 -0.01957529 -0.03759998 -0.001233041 -0.02236938 -0.03759998 0.004294753 -0.0184614 -0.03759998 0.003940701 -0.01997059 -0.03759998 -0.00300616 -0.02132451 -0.03759998 2.11403e-4 -0.01395517 -0.03759998 0.002183079 -0.01454538 -0.03759998 -0.004237949 -0.01752245 -0.03759998 -0.004294753 -0.01803857 -0.03759998 0.004288911 -0.01794213 -0.03759998 0.003654599 -0.01598423 -0.03709995 -3.01875e-4 -0.01396006 -0.03709995 -0.001342356 -0.01416486 -0.03709995 -0.001797556 -0.01437324 -0.03709995 -0.00338912 -0.01565593 -0.03709995 -0.003048717 -0.0152176 -0.03709995 -0.002214491 -0.01456403 -0.03709995 -0.004079818 -0.01689034 -0.03709995 -0.003693103 -0.01604741 -0.03709995 -0.004063665 -0.01956653 -0.03709995 -0.00421679 -0.01909446 -0.03709995 -0.004294753 -0.01803857 -0.03709995 -0.004283368 -0.01787137 -0.03709995 -0.004212081 -0.01752781 -0.03709995 -0.002983391 -0.02130103 -0.03709995 -0.003353595 -0.02094137 -0.03709995 -0.003910839 -0.02003765 -0.03709995 -0.001224815 -0.0223422 -0.03709995 -0.001707911 -0.02219623 -0.03709995 -0.002593576 -0.02167975 -0.03709995 8.16268e-4 -0.02243864 -0.03709995 3.01875e-4 -0.02253991 -0.03709995 -7.58952e-4 -0.02248299 -0.03709995 0.002669692 -0.02157932 -0.03709995 0.002214491 -0.02193588 -0.03709995 0.001342356 -0.02233511 -0.03709995 0.003918826 -0.01996058 -0.03709995 0.003693103 -0.02045255 -0.03709995 0.003048717 -0.02128237 -0.03709995 0.004283368 -0.01862859 -0.03709995 0.004079818 -0.01960963 -0.03709995 0.003626644 -0.01600146 -0.03709995 0.003910839 -0.01646232 -0.03709995 0.00421679 -0.0174055 -0.03709995 0.004256606 -0.01794457 -0.03709995 0.004294753 -0.0184614 -0.03709995 0.002167642 -0.01457178 -0.03709995 0.002593576 -0.01482021 -0.03709995 0.003353595 -0.0155586 -0.03709995 2.09671e-4 -0.01398748 -0.03709995 7.58952e-4 -0.01401692 -0.03709995 0.001707911 -0.01430368 -0.03709995 -0.00439465 -0.01803368 -0.03709995 -0.004321217 -0.01908224 -0.03709995 -0.004155099 -0.01959615 -0.03709995 -0.003992617 -0.02009916 -0.03709995 -0.003433167 -0.02100199 -0.03709995 -0.003053247 -0.02137255 -0.03709995 -0.002665936 -0.02175039 -0.03709995 -0.001734614 -0.02229362 -0.03709995 -0.001252651 -0.02243405 -0.03709995 -7.05311e-4 -0.02259361 -0.03709995 3.68655e-4 -0.0226351 -0.03709995 8.36114e-4 -0.02254104 -0.03709995 0.001350939 -0.02243745 -0.03709995 0.002317667 -0.02199006 -0.03709995 0.00273174 -0.02165734 -0.03709995 0.003153324 -0.02131867 -0.03709995 0.003802776 -0.0204634 -0.03709995 0.004005074 -0.01999872 -0.03709995 0.004212737 -0.01952189 -0.03709995 0.00439465 -0.01846629 -0.03709995 0.004357576 -0.01793718 -0.03709995 0.004321217 -0.01741772 -0.03709995 0.003992617 -0.01640075 -0.03709995 0.003712296 -0.01594847 -0.03709995 0.003433167 -0.01549792 -0.03709995 0.002665936 -0.01474958 -0.03709995 0.002217173 -0.0144878 -0.03709995 0.001734614 -0.01420629 -0.03709995 7.05311e-4 -0.01390635 -0.03709995 2.15078e-4 -0.0138874 -0.03709995 -3.68655e-4 -0.01386487 -0.03709995 -0.001350939 -0.01406246 -0.03709995 -0.001837134 -0.01428753 -0.03709995 -0.002317667 -0.01450985 -0.03709995 -0.003153324 -0.0151813 -0.03709995 -0.003467738 -0.01559531 -0.03709995 -0.003802776 -0.01603657 -0.03709995 -0.004212737 -0.01697808 -0.03709995 -0.004304587 -0.01751101 -0.03759998 -0.001329123 -0.01405549 -0.03759998 -2.75324e-4 -0.01385807 -0.03759998 2.14399e-4 -0.0138874 -0.03759998 7.97525e-4 -0.01392227 -0.03759998 0.001755654 -0.0142154 -0.03759998 0.002217411 -0.01448708 -0.03759998 0.002673745 -0.0147556 -0.03759998 0.003439426 -0.01550579 -0.03759998 0.00371164 -0.01594871 -0.03759998 0.004001736 -0.01642072 -0.03759998 0.004317283 -0.01739794 -0.03759998 0.004356324 -0.01793736 -0.03759998 0.00439465 -0.01846629 -0.03759998 0.004218578 -0.01950258 -0.03759998 0.004002809 -0.01999771 -0.03759998 0.003791689 -0.02048236 -0.03759998 0.00314629 -0.02132588 -0.03759998 0.002731859 -0.02165734 -0.03759998 0.002309262 -0.0219953 -0.03759998 0.001329123 -0.02244442 -0.03759998 8.35717e-4 -0.02253687 -0.03759998 2.75324e-4 -0.02264183 -0.03759998 -7.97525e-4 -0.0225777 -0.03759998 -0.001253485 -0.02243816 -0.03759998 -0.001755654 -0.02228456 -0.03759998 -0.002673745 -0.02174437 -0.03759998 -0.003053188 -0.02137261 -0.03759998 -0.003439426 -0.02099412 -0.03759998 -0.004001736 -0.02007925 -0.03759998 -0.004157483 -0.01959693 -0.03759998 -0.004317283 -0.01910197 -0.03759998 -0.00439465 -0.01803368 -0.03759998 -0.004305779 -0.01751071 -0.03759998 -0.004218578 -0.01699739 -0.03759998 -0.003791689 -0.01601761 -0.03759998 -0.003468334 -0.01559501 -0.03759998 -0.00314629 -0.01517409 -0.03759998 -0.002309262 -0.01450467 -0.03759998 -0.001836955 -0.01428824 -0.03759998 0.004092037 -0.01546472 -0.03759998 -6.69245e-4 -0.01334542 -0.03759998 0.001559019 -0.02294802 -0.03759998 -2.43359e-4 -0.02319401 -0.03759998 0.002809584 -0.01417458 -0.03759998 -0.002395749 -0.01391839 -0.03759998 -0.003510594 -0.02173972 -0.03759998 0.00315088 -0.0220676 -0.03759998 -0.003798723 -0.01507633 -0.03759998 0.004317224 -0.02067154 -0.03759998 -0.002012908 -0.02277219 -0.03759998 0.001147627 -0.01343488 -0.03759998 -0.00468868 -0.01666289 -0.03759998 -0.004943966 -0.01800662 -0.03759998 0.004900455 -0.01894849 -0.03759998 0.004943966 -0.01849335 -0.03759998 0.004821836 -0.01713103 -0.03759998 -0.004534125 -0.02023589 -0.03759998 -0.004945337 -0.01846385 -0.03645026 -0.001055121 -0.01051551 -0.03645026 -6.17277e-4 -0.01045006 -0.03738325 -7.33308e-4 -0.01280736 -0.0374245 -7.11462e-4 -0.01290851 -0.03745847 -6.41944e-4 -0.01298522 -0.0374695 -5.95264e-4 -0.0130074 -0.03747552 -5.43382e-4 -0.01301693 -0.03747791 -5.0282e-4 -0.0130189 -0.03747552 0.001054644 -0.01309561 -0.03746461 0.001131832 -0.01308417 -0.0374431 0.001198768 -0.01304405 -0.03741449 0.00124526 -0.01298135 -0.03738325 0.001264274 -0.01290565 -0.03645026 0.001810252 -0.01065438 -0.03645026 0.001380264 -0.01054841 -0.03746461 -0.001131832 -0.0234158 -0.0374431 -0.001198768 -0.02345591 -0.03645026 -0.001380264 -0.02595156 -0.03645026 -0.00235641 -0.02571099 -0.03738325 -0.001264274 -0.02359426 -0.03741449 -0.00124526 -0.02351856 -0.03645026 0.001689732 -0.02588963 -0.03645026 6.17277e-4 -0.02604985 -0.03738325 7.33308e-4 -0.0236926 -0.0374245 7.11462e-4 -0.02359139 -0.03745847 6.41944e-4 -0.02351468 -0.0374695 5.95264e-4 -0.02349251 -0.03747552 5.43382e-4 -0.02348303 -0.03747552 -2.5565e-4 -0.02344369 -0.03747552 -0.001054644 -0.02340435 -0.03645026 -0.00315392 -0.02533859 -0.03645026 -0.004207134 -0.02484685 -0.03645026 -0.006941974 -0.02185946 -0.03645026 -0.005771219 -0.02353316 -0.03645026 -0.005526244 -0.02373892 -0.03645026 -0.007460951 -0.01589351 -0.03645026 -0.007119238 -0.02137166 -0.03645026 -0.007639586 -0.01993972 -0.03645026 -0.007757663 -0.01858288 -0.03645026 -0.007816612 -0.01790487 -0.03645026 -0.007393717 -0.01574951 -0.03645026 -0.006596863 -0.01404279 -0.03645026 -0.005953252 -0.01327657 -0.03645026 -0.005283176 -0.01247876 -0.03645026 -0.003773272 -0.01142263 -0.03645026 -0.003609418 -0.01130801 -0.03645026 -0.001689732 -0.01061034 -0.03645026 0.00235641 -0.01078897 -0.03645026 0.004207134 -0.01165306 -0.03645026 0.004420638 -0.01183241 -0.03645026 0.005771219 -0.01296675 -0.03645026 0.006413817 -0.01388549 -0.03645026 0.006941974 -0.01464051 -0.03645026 0.007612228 -0.01648479 -0.03645026 0.007639586 -0.01656019 -0.03645026 0.007816612 -0.01859503 -0.03645026 0.006783008 -0.02205848 -0.03645026 0.007460951 -0.02060639 -0.03645026 0.00768435 -0.01934319 -0.03645026 0.006596863 -0.02245718 -0.03645026 0.005283176 -0.0240212 -0.03645026 0.004956364 -0.02424979 -0.03645026 0.003609418 -0.02519196 -0.03645026 0.002442538 -0.02561604 -0.03640711 0.005327701 -0.0240699 -0.03640711 0.006652474 -0.02249264 -0.03634184 0.006689786 -0.02251642 -0.03640711 -0.006652474 -0.01400732 -0.03640711 -0.007523894 -0.01587367 -0.03634184 -0.007566034 -0.01586037 -0.03640711 0.003639876 -0.02525049 -0.03640711 0.004242658 -0.01159745 -0.03640711 -0.005327701 -0.01243007 -0.03640711 -0.001703977 -0.0105459 -0.0364151 6.14432e-4 -0.02610766 -0.03640711 0.001703977 -0.02595406 -0.03634184 -3.49948e-4 -0.02617669 -0.03639996 -3.48304e-4 -0.02613949 -0.03639996 6.13663e-4 -0.02612328 -0.03639996 -0.0013839 -0.02602493 -0.03634184 -0.002389609 -0.02581602 -0.03640598 -0.001383483 -0.02601712 -0.03634184 3.49948e-4 -0.01032322 -0.03639996 3.48304e-4 -0.01036047 -0.03639996 -6.13663e-4 -0.01037669 -0.03639996 0.0013839 -0.01047497 -0.03634184 0.002389609 -0.01068389 -0.03640598 0.001383483 -0.01048284 -0.03644114 0.001381218 -0.01052868 -0.03640711 0.002376258 -0.01072603 -0.03640711 -0.003639876 -0.01124948 -0.03640711 0.005819857 -0.01292222 -0.03640711 0.007000505 -0.01461005 -0.03640711 0.007704019 -0.01654595 -0.03640711 0.007523894 -0.0206263 -0.03640711 0.007882535 -0.01859796 -0.03644114 -0.001381218 -0.02597129 -0.03640711 -0.002376258 -0.02577388 -0.03640711 -0.004242658 -0.02490252 -0.03640711 -0.005819857 -0.02357774 -0.03640711 -0.007704019 -0.01995402 -0.03640711 -0.007000505 -0.02188992 -0.03640711 -0.007882535 -0.01790195 -0.03634184 -0.005357563 -0.01239746 -0.03634184 -0.003660261 -0.01121026 -0.03634184 0.004266381 -0.0115602 -0.03634184 0.00585246 -0.01289236 -0.03634184 0.007039725 -0.01458966 -0.03634184 0.007566034 -0.02063959 -0.03634184 0.007926702 -0.01859992 -0.03634184 0.007747173 -0.01653641 -0.03634184 0.003660261 -0.02528971 -0.03634184 0.001713514 -0.02599722 -0.03634184 -0.004266381 -0.02493977 -0.03634184 -0.007747173 -0.01996356 -0.03634184 -0.007039725 -0.0219103 -0.03634184 -0.00585246 -0.02360755 -0.03634184 -0.007926702 -0.01790004 -0.03626459 -0.007942259 -0.01789933 -0.03626459 -0.00780785 -0.01713919 -0.03626459 -0.007580876 -0.01585566 -0.03634184 -0.006689786 -0.01398354 -0.03626459 -0.006891965 -0.01438021 -0.03626459 -0.00670284 -0.0139752 -0.03634184 -0.001713514 -0.01050275 -0.03626459 -0.002481758 -0.01076555 -0.03626459 -0.001716911 -0.01048761 -0.03626459 -0.005368053 -0.01238602 -0.03626459 -0.005035996 -0.01215374 -0.03626459 -0.003667473 -0.01119643 -0.03640693 -6.14016e-4 -0.01038384 -0.0364151 -6.14432e-4 -0.0103923 -0.03626459 0.002394258 -0.01066911 -0.03626459 3.9085e-4 -0.01030957 -0.03626459 3.50633e-4 -0.01030772 -0.03626459 0.003204584 -0.01104742 -0.03626459 0.007053494 -0.01458251 -0.03626459 0.005863904 -0.01288187 -0.03626459 0.005615055 -0.01267284 -0.03626459 0.004274785 -0.01154708 -0.03626459 0.007233619 -0.01507812 -0.03626459 0.007762372 -0.01653307 -0.03626459 0.007882297 -0.01791173 -0.03626459 0.007942259 -0.01860058 -0.03626459 0.007580876 -0.02064424 -0.03626459 0.007512509 -0.02079063 -0.03626459 0.00670284 -0.02252477 -0.03626459 0.006048917 -0.02330332 -0.03634184 0.005357563 -0.0241025 -0.03626459 0.005368053 -0.02411395 -0.03626459 0.003833949 -0.02518701 -0.03626459 0.003667473 -0.02530348 -0.03626459 0.001716911 -0.02601236 -0.03626459 0.001069724 -0.02606868 -0.03640693 6.14016e-4 -0.02611613 -0.03626459 -0.004274785 -0.02495288 -0.03626459 -0.002394258 -0.02583086 -0.03626459 -0.001833796 -0.02592998 -0.03626459 -3.50633e-4 -0.02619224 -0.03626459 -0.004491686 -0.02477067 -0.03626459 -0.005863904 -0.02361804 -0.03626459 -0.006516873 -0.02268463 -0.03626459 -0.007053494 -0.02191746 -0.03626459 -0.007734537 -0.02004349 -0.03626459 -0.007762372 -0.0199669 -0.03639996 -0.001264274 -0.02359426 -0.03639996 5.43382e-4 -0.02348303 -0.03639996 -0.001054644 -0.02340435 -0.03639996 7.33308e-4 -0.0236926 -0.03639996 7.11462e-4 -0.02359139 -0.03639996 6.41944e-4 -0.02351468 -0.03639996 -0.001198768 -0.02345591 -0.03639996 -0.001131832 -0.0234158 -0.03639996 -0.00124526 -0.02351856 -0.03639996 0.001264274 -0.01290565 -0.03639996 -5.43382e-4 -0.01301693 -0.03639996 0.001054644 -0.01309561 -0.03639996 -7.33308e-4 -0.01280736 -0.03639996 -6.41944e-4 -0.01298522 -0.03639996 -7.11462e-4 -0.01290851 -0.03639996 0.001198768 -0.01304405 -0.03639996 0.001131832 -0.01308417 -0.03639996 0.00124526 -0.01298135 0.03609943 1.97398e-4 -0.02819997 0.03609943 1.97398e-4 -0.03724998 0.03558528 -0.00607419 -0.02819997 0.03558528 -0.00607419 -0.03724998 0.0339899 -0.01216119 -0.02819997 0.0339899 -0.01216119 -0.03724998 0.03136169 -0.01787877 -0.02819997 0.03136169 -0.01787877 -0.03724998 0.02778065 -0.02305305 -0.02819997 0.02778065 -0.02305305 -0.03724998 0.02335548 -0.02752685 -0.02819997 0.02335548 -0.02752685 -0.03724998 0.01822066 -0.03116434 -0.02819997 0.01822066 -0.03116434 -0.03724998 0.01253223 -0.03385484 -0.02819997 0.01253223 -0.03385484 -0.03724998 0.006462991 -0.03551673 -0.02819997 0.006462991 -0.03551673 -0.03724998 1.97398e-4 -0.03609943 -0.02819997 1.97398e-4 -0.03609943 -0.03724998 -0.00607419 -0.03558528 -0.02819997 -0.00607419 -0.03558528 -0.03724998 -0.01216119 -0.0339899 -0.02819997 -0.01216119 -0.0339899 -0.03724998 -0.01787877 -0.03136169 -0.02819997 -0.01787877 -0.03136169 -0.03724998 -0.02305305 -0.02778065 -0.02819997 -0.02305305 -0.02778065 -0.03724998 -0.02752685 -0.02335548 -0.02819997 -0.02752685 -0.02335548 -0.03724998 -0.03116434 -0.01822066 -0.02819997 -0.03116434 -0.01822066 -0.03724998 -0.03385484 -0.01253223 -0.02819997 -0.03385484 -0.01253223 -0.03724998 -0.03551673 -0.006462991 -0.02819997 -0.03551673 -0.006462991 -0.03724998 -0.03609943 -1.97398e-4 -0.02819997 -0.03609943 -1.97398e-4 -0.03724998 -0.03558528 0.00607419 -0.02819997 -0.03558528 0.00607419 -0.03724998 -0.0339899 0.01216119 -0.02819997 -0.0339899 0.01216119 -0.03724998 -0.03136169 0.01787877 -0.02819997 -0.03136169 0.01787877 -0.03724998 -0.02778065 0.02305305 -0.02819997 -0.02778065 0.02305305 -0.03724998 -0.02335548 0.02752685 -0.02819997 -0.02335548 0.02752685 -0.03724998 -0.01822066 0.03116434 -0.02819997 -0.01822066 0.03116434 -0.03724998 -0.01253223 0.03385484 -0.02819997 -0.01253223 0.03385484 -0.03724998 -0.006462991 0.03551673 -0.02819997 -0.006462991 0.03551673 -0.03724998 -1.97398e-4 0.03609943 -0.02819997 -1.97398e-4 0.03609943 -0.03724998 0.00607419 0.03558528 -0.02819997 0.00607419 0.03558528 -0.03724998 0.01216119 0.0339899 -0.02819997 0.01216119 0.0339899 -0.03724998 0.01787877 0.03136169 -0.02819997 0.01787877 0.03136169 -0.03724998 0.02305305 0.02778065 -0.02819997 0.02305305 0.02778065 -0.03724998 0.02752685 0.02335548 -0.02819997 0.02752685 0.02335548 -0.03724998 0.03116434 0.01822066 -0.02819997 0.03116434 0.01822066 -0.03724998 0.03385484 0.01253223 -0.02819997 0.03385484 0.01253223 -0.03724998 0.03551673 0.006462991 -0.02819997 0.03551673 0.006462991 -0.03724998 0.003088474 0.03767359 -0.03744995 0.006360232 0.03726106 -0.03744995 0.006107807 0.03578245 -0.03744995 0.0122286 0.03417819 -0.03744995 -0.01616203 0.03417056 -0.03744995 -0.01312237 0.03544914 -0.03744995 -0.01260161 0.03404241 -0.03744995 -2.06694e-4 0.03779941 -0.03744995 -1.98492e-4 0.0362994 -0.03744995 -0.003500342 0.03763753 -0.03744995 -0.006498754 0.03571349 -0.03744995 -0.006767332 0.03718924 -0.03744995 -0.009982824 0.03645795 -0.03744995 0.03571349 0.006498754 -0.03744995 0.03404241 0.01260161 -0.03744995 0.03544914 0.01312237 -0.03744995 0.02318078 0.02793455 -0.03744995 0.01797783 0.03153544 -0.03744995 0.01872068 0.03283858 -0.03744995 -0.01907867 0.03263187 -0.03744995 -0.01832163 0.03133696 -0.03744995 -0.02185016 0.03084492 -0.03744995 -0.02348488 0.02767938 -0.03744995 -0.0244553 0.02882313 -0.03744995 0.03763753 0.003500342 -0.03744995 0.0362994 1.98492e-4 -0.03744995 0.03718924 0.006767332 -0.03744995 0.03645795 0.009982824 -0.03744995 0.009583532 0.03656494 -0.03744995 0.01273393 0.03559052 -0.03744995 0.01578736 0.03434526 -0.03744995 -0.03417819 0.0122286 -0.03744995 -0.03578245 0.006107807 -0.03744995 -0.03726106 0.006360232 -0.03744995 0.03133696 0.01832163 -0.03744995 0.02767938 0.02348488 -0.03744995 0.02882313 0.0244553 -0.03744995 -0.03767359 0.003088474 -0.03744995 -0.0362994 -1.98492e-4 -0.03744995 -0.03779941 -2.06694e-4 -0.03744995 -0.03571349 -0.006498754 -0.03744995 -0.03404241 -0.01260161 -0.03744995 -0.03544914 -0.01312237 -0.03744995 -0.03133696 -0.01832163 -0.03744995 -0.02767938 -0.02348488 -0.03744995 -0.02882313 -0.0244553 -0.03744995 -0.02318078 -0.02793455 -0.03744995 -0.01797783 -0.03153544 -0.03744995 -0.01872068 -0.03283858 -0.03744995 0.03084492 0.02185016 -0.03744995 0.03263187 0.01907867 -0.03744995 0.03417056 0.01616203 -0.03744995 0.02151155 0.03108203 -0.03744995 0.02413862 0.02908885 -0.03744995 0.02658206 0.02687436 -0.03744995 -0.02687436 0.02658206 -0.03744995 -0.02793455 0.02318078 -0.03744995 -0.02908885 0.02413862 -0.03744995 -0.03645795 -0.009982824 -0.03744995 -0.03718924 -0.006767332 -0.03744995 -0.03763753 -0.003500342 -0.03744995 -0.03084492 -0.02185016 -0.03744995 -0.03263187 -0.01907867 -0.03744995 -0.03417056 -0.01616203 -0.03744995 -0.02151155 -0.03108203 -0.03744995 -0.02413862 -0.02908885 -0.03744995 -0.02658206 -0.02687436 -0.03744995 -0.03108203 0.02151155 -0.03744995 -0.03153544 0.01797783 -0.03744995 -0.03283858 0.01872068 -0.03744995 -0.03656494 0.009583532 -0.03744995 -0.03559052 0.01273393 -0.03744995 -0.03434526 0.01578736 -0.03744995 -0.006107807 -0.03578245 -0.03744995 -0.009583532 -0.03656494 -0.03744995 -0.0122286 -0.03417819 -0.03744995 -0.01273393 -0.03559052 -0.03744995 -0.01578736 -0.03434526 -0.03744995 1.98492e-4 -0.0362994 -0.03744995 -0.003088474 -0.03767359 -0.03744995 -0.006360232 -0.03726106 -0.03744995 0.03153544 -0.01797783 -0.03744995 0.03417819 -0.0122286 -0.03744995 0.03434526 -0.01578736 -0.03744995 0.03578245 -0.006107807 -0.03744995 0.03656494 -0.009583532 -0.03744995 0.03559052 -0.01273393 -0.03744995 0.03779941 2.06694e-4 -0.03744995 0.03767359 -0.003088474 -0.03744995 0.03726106 -0.006360232 -0.03744995 0.006498754 -0.03571349 -0.03744995 0.003500342 -0.03763753 -0.03744995 2.06694e-4 -0.03779941 -0.03744995 0.01260161 -0.03404241 -0.03744995 0.009982824 -0.03645795 -0.03744995 0.006767332 -0.03718924 -0.03744995 0.01832163 -0.03133696 -0.03744995 0.01616203 -0.03417056 -0.03744995 0.01312237 -0.03544914 -0.03744995 0.02348488 -0.02767938 -0.03744995 0.02185016 -0.03084492 -0.03744995 0.01907867 -0.03263187 -0.03744995 0.02793455 -0.02318078 -0.03744995 0.02687436 -0.02658206 -0.03744995 0.0244553 -0.02882313 -0.03744995 0.03283858 -0.01872068 -0.03744995 0.03108203 -0.02151155 -0.03744995 0.02908885 -0.02413862 -0.03744995 0.03787291 -0.003104865 -0.02819997 0.03787291 -0.003104865 -0.03724998 0.03799939 2.07788e-4 -0.02819997 0.03799939 2.07788e-4 -0.03724998 0.03783667 0.003518819 -0.02819997 0.03783667 0.003518819 -0.03724998 0.037386 0.006803154 -0.02819997 0.037386 0.006803154 -0.03724998 0.03665083 0.01003563 -0.02819997 0.03665083 0.01003563 -0.03724998 0.03563672 0.01319181 -0.02819997 0.03563672 0.01319181 -0.03724998 0.03435134 0.01624757 -0.02819997 0.03435134 0.01624757 -0.03724998 0.03280454 0.01917964 -0.02819997 0.03280454 0.01917964 -0.03724998 0.03100812 0.02196574 -0.02819997 0.03100812 0.02196574 -0.03724998 0.02897566 0.02458471 -0.02819997 0.02897566 0.02458471 -0.03724998 0.02672272 0.02701658 -0.02819997 0.02672272 0.02701658 -0.03724998 0.02426636 0.02924281 -0.02819997 0.02426636 0.02924281 -0.03724998 0.02162533 0.03124648 -0.02819997 0.02162533 0.03124648 -0.03724998 0.01881974 0.03301233 -0.02819997 0.01881974 0.03301233 -0.03724998 0.01587092 0.03452694 -0.02819997 0.01587092 0.03452694 -0.03724998 0.01280128 0.03577882 -0.02819997 0.01280128 0.03577882 -0.03724998 0.009634256 0.03675836 -0.02819997 0.009634256 0.03675836 -0.03724998 0.006393849 0.03745818 -0.02819997 0.006393849 0.03745818 -0.03724998 0.003104865 0.03787291 -0.02819997 0.003104865 0.03787291 -0.03724998 -2.07788e-4 0.03799939 -0.02819997 -2.07788e-4 0.03799939 -0.03724998 -0.003518819 0.03783667 -0.02819997 -0.003518819 0.03783667 -0.03724998 -0.006803154 0.037386 -0.02819997 -0.006803154 0.037386 -0.03724998 -0.01003563 0.03665083 -0.02819997 -0.01003563 0.03665083 -0.03724998 -0.01319181 0.03563672 -0.02819997 -0.01319181 0.03563672 -0.03724998 -0.01624757 0.03435134 -0.02819997 -0.01624757 0.03435134 -0.03724998 -0.01917964 0.03280454 -0.02819997 -0.01917964 0.03280454 -0.03724998 -0.02196574 0.03100812 -0.02819997 -0.02196574 0.03100812 -0.03724998 -0.02458471 0.02897566 -0.02819997 -0.02458471 0.02897566 -0.03724998 -0.02701658 0.02672272 -0.02819997 -0.02701658 0.02672272 -0.03724998 -0.02924281 0.02426636 -0.02819997 -0.02924281 0.02426636 -0.03724998 -0.03124648 0.02162533 -0.02819997 -0.03124648 0.02162533 -0.03724998 -0.03301233 0.01881974 -0.02819997 -0.03301233 0.01881974 -0.03724998 -0.03452694 0.01587092 -0.02819997 -0.03452694 0.01587092 -0.03724998 -0.03577882 0.01280128 -0.02819997 -0.03577882 0.01280128 -0.03724998 -0.03675836 0.009634256 -0.02819997 -0.03675836 0.009634256 -0.03724998 -0.03745818 0.006393849 -0.02819997 -0.03745818 0.006393849 -0.03724998 -0.03787291 0.003104865 -0.02819997 -0.03787291 0.003104865 -0.03724998 -0.03799939 -2.07788e-4 -0.02819997 -0.03799939 -2.07788e-4 -0.03724998 -0.03783667 -0.003518819 -0.02819997 -0.03783667 -0.003518819 -0.03724998 -0.037386 -0.006803154 -0.02819997 -0.037386 -0.006803154 -0.03724998 -0.03665083 -0.01003563 -0.02819997 -0.03665083 -0.01003563 -0.03724998 -0.03563672 -0.01319181 -0.02819997 -0.03563672 -0.01319181 -0.03724998 -0.03435134 -0.01624757 -0.02819997 -0.03435134 -0.01624757 -0.03724998 -0.03280454 -0.01917964 -0.02819997 -0.03280454 -0.01917964 -0.03724998 -0.03100812 -0.02196574 -0.02819997 -0.03100812 -0.02196574 -0.03724998 -0.02897566 -0.02458471 -0.02819997 -0.02897566 -0.02458471 -0.03724998 -0.02672272 -0.02701658 -0.02819997 -0.02672272 -0.02701658 -0.03724998 -0.02426636 -0.02924281 -0.02819997 -0.02426636 -0.02924281 -0.03724998 -0.02162533 -0.03124648 -0.02819997 -0.02162533 -0.03124648 -0.03724998 -0.01881974 -0.03301233 -0.02819997 -0.01881974 -0.03301233 -0.03724998 -0.01587092 -0.03452694 -0.02819997 -0.01587092 -0.03452694 -0.03724998 -0.01280128 -0.03577882 -0.02819997 -0.01280128 -0.03577882 -0.03724998 -0.009634256 -0.03675836 -0.02819997 -0.009634256 -0.03675836 -0.03724998 -0.006393849 -0.03745818 -0.02819997 -0.006393849 -0.03745818 -0.03724998 -0.003104865 -0.03787291 -0.02819997 -0.003104865 -0.03787291 -0.03724998 2.07788e-4 -0.03799939 -0.02819997 2.07788e-4 -0.03799939 -0.03724998 0.003518819 -0.03783667 -0.02819997 0.003518819 -0.03783667 -0.03724998 0.006803154 -0.037386 -0.02819997 0.006803154 -0.037386 -0.03724998 0.01003563 -0.03665083 -0.02819997 0.01003563 -0.03665083 -0.03724998 0.01319181 -0.03563672 -0.02819997 0.01319181 -0.03563672 -0.03724998 0.01624757 -0.03435134 -0.02819997 0.01624757 -0.03435134 -0.03724998 0.01917964 -0.03280454 -0.02819997 0.01917964 -0.03280454 -0.03724998 0.02196574 -0.03100812 -0.02819997 0.02196574 -0.03100812 -0.03724998 0.02458471 -0.02897566 -0.02819997 0.02458471 -0.02897566 -0.03724998 0.02701658 -0.02672272 -0.02819997 0.02701658 -0.02672272 -0.03724998 0.02924281 -0.02426636 -0.02819997 0.02924281 -0.02426636 -0.03724998 0.03124648 -0.02162533 -0.02819997 0.03124648 -0.02162533 -0.03724998 0.03301233 -0.01881974 -0.02819997 0.03301233 -0.01881974 -0.03724998 0.03452694 -0.01587092 -0.02819997 0.03452694 -0.01587092 -0.03724998 0.03577882 -0.01280128 -0.02819997 0.03577882 -0.01280128 -0.03724998 0.03675836 -0.009634256 -0.02819997 0.03675836 -0.009634256 -0.03724998 0.03745818 -0.006393849 -0.02819997 0.03745818 -0.006393849 -0.03724998 -0.03777325 0.003096699 -0.02802675 -0.03735959 0.006377041 -0.02802675 -0.03666168 0.009608864 -0.02802675 -0.03568464 0.01276761 -0.02802675 -0.0344361 0.01582914 -0.02802675 -0.03292548 0.01877021 -0.02802675 -0.03116422 0.02156841 -0.02802675 -0.02916586 0.02420252 -0.02802675 -0.02694547 0.02665239 -0.02802675 -0.02452003 0.02889943 -0.02802675 -0.02190798 0.03092652 -0.02802675 -0.01912915 0.03271824 -0.02802675 -0.01620477 0.03426092 -0.02802675 -0.01315706 0.0355429 -0.02802675 -0.01000922 0.03655439 -0.02802675 -0.006785213 0.03728765 -0.02802675 -0.003509581 0.03773713 -0.02802675 -2.07241e-4 0.03789943 -0.02802675 0.003096699 0.03777325 -0.02802675 0.006377041 0.03735959 -0.02802675 0.009608864 0.03666168 -0.02802675 0.01276761 0.03568464 -0.02802675 0.01582914 0.0344361 -0.02802675 0.01877021 0.03292548 -0.02802675 0.02156841 0.03116422 -0.02802675 0.02420252 0.02916586 -0.02802675 0.02665239 0.02694547 -0.02802675 0.02889943 0.02452003 -0.02802675 0.03092652 0.02190798 -0.02802675 0.03271824 0.01912915 -0.02802675 0.03426092 0.01620477 -0.02802675 0.0355429 0.01315706 -0.02802675 0.03655439 0.01000922 -0.02802675 0.03728765 0.006785213 -0.02802675 0.03773713 0.003509581 -0.02802675 0.03789943 2.07241e-4 -0.02802675 0.03777325 -0.003096699 -0.02802675 0.03735959 -0.006377041 -0.02802675 0.03666168 -0.009608864 -0.02802675 0.03568464 -0.01276761 -0.02802675 0.0344361 -0.01582914 -0.02802675 0.03292548 -0.01877021 -0.02802675 0.03116422 -0.02156841 -0.02802675 0.02916586 -0.02420252 -0.02802675 0.02694547 -0.02665239 -0.02802675 0.02452003 -0.02889943 -0.02802675 0.02190798 -0.03092652 -0.02802675 0.01912915 -0.03271824 -0.02802675 0.01620477 -0.03426092 -0.02802675 0.01315706 -0.0355429 -0.02802675 0.01000922 -0.03655439 -0.02802675 0.006785213 -0.03728765 -0.02802675 0.003509581 -0.03773713 -0.02802675 2.07241e-4 -0.03789943 -0.02802675 -0.003096699 -0.03777325 -0.02802675 -0.006377041 -0.03735959 -0.02802675 -0.009608864 -0.03666168 -0.02802675 -0.01276761 -0.03568464 -0.02802675 -0.01582914 -0.0344361 -0.02802675 -0.01877021 -0.03292548 -0.02802675 -0.02156841 -0.03116422 -0.02802675 -0.02420252 -0.02916586 -0.02802675 -0.02665239 -0.02694547 -0.02802675 -0.02889943 -0.02452003 -0.02802675 -0.03092652 -0.02190798 -0.02802675 -0.03271824 -0.01912915 -0.02802675 -0.03426092 -0.01620477 -0.02802675 -0.0355429 -0.01315706 -0.02802675 -0.03655439 -0.01000922 -0.02802675 -0.03728765 -0.006785213 -0.02802675 -0.03773713 -0.003509581 -0.02802675 -0.03789943 -2.07241e-4 -0.02802675 -0.03781002 -0.003516376 -0.02809995 -0.03735965 -0.006798326 -0.02809995 -0.03662496 -0.0100286 -0.02809995 -0.03561156 -0.01318252 -0.02809995 -0.03432714 -0.01623606 -0.02809995 -0.03278142 -0.01916611 -0.02809995 -0.03098624 -0.0219503 -0.02809995 -0.02895522 -0.02456736 -0.02809995 -0.02670383 -0.0269975 -0.02809995 -0.02424925 -0.02922219 -0.02809995 -0.02161008 -0.03122442 -0.02809995 -0.01880645 -0.03298908 -0.02809995 -0.01585972 -0.03450262 -0.02809995 -0.01279228 -0.0357536 -0.02809995 -0.009627461 -0.03673249 -0.02809995 -0.006389379 -0.03743177 -0.02809995 -0.00310266 -0.0378462 -0.02809995 2.07641e-4 -0.03797262 -0.02809995 0.003516376 -0.03781002 -0.02809995 0.006798326 -0.03735965 -0.02809995 0.0100286 -0.03662496 -0.02809995 0.01318252 -0.03561156 -0.02809995 0.01623606 -0.03432714 -0.02809995 0.01916611 -0.03278142 -0.02809995 0.0219503 -0.03098624 -0.02809995 0.02456736 -0.02895522 -0.02809995 0.0269975 -0.02670383 -0.02809995 0.02922219 -0.02424925 -0.02809995 0.03122442 -0.02161008 -0.02809995 0.03298908 -0.01880645 -0.02809995 0.03450262 -0.01585972 -0.02809995 0.0357536 -0.01279228 -0.02809995 0.03673249 -0.009627461 -0.02809995 0.03743177 -0.006389379 -0.02809995 0.0378462 -0.00310266 -0.02809995 0.03797262 2.07641e-4 -0.02809995 0.03781002 0.003516376 -0.02809995 0.03735965 0.006798326 -0.02809995 0.03662496 0.0100286 -0.02809995 0.03561156 0.01318252 -0.02809995 0.03432714 0.01623606 -0.02809995 0.03278142 0.01916611 -0.02809995 0.03098624 0.0219503 -0.02809995 0.02895522 0.02456736 -0.02809995 0.02670383 0.0269975 -0.02809995 0.02424925 0.02922219 -0.02809995 0.02161008 0.03122442 -0.02809995 0.01880645 0.03298908 -0.02809995 0.01585972 0.03450262 -0.02809995 0.01279228 0.0357536 -0.02809995 0.009627461 0.03673249 -0.02809995 0.006389379 0.03743177 -0.02809995 0.00310266 0.0378462 -0.02809995 -2.07641e-4 0.03797262 -0.02809995 -0.003516376 0.03781002 -0.02809995 -0.006798326 0.03735965 -0.02809995 -0.0100286 0.03662496 -0.02809995 -0.01318252 0.03561156 -0.02809995 -0.01623606 0.03432714 -0.02809995 -0.01916611 0.03278142 -0.02809995 -0.0219503 0.03098624 -0.02809995 -0.02456736 0.02895522 -0.02809995 -0.0269975 0.02670383 -0.02809995 -0.02922219 0.02424925 -0.02809995 -0.03122442 0.02161008 -0.02809995 -0.03298908 0.01880645 -0.02809995 -0.03450262 0.01585972 -0.02809995 -0.0357536 0.01279228 -0.02809995 -0.03673249 0.009627461 -0.02809995 -0.03743177 0.006389379 -0.02809995 -0.0378462 0.00310266 -0.02809995 -0.03797262 -2.07641e-4 -0.02809995 0.03777325 -0.003096699 -0.03742319 0.03735959 -0.006377041 -0.03742319 0.03666168 -0.009608864 -0.03742319 0.03568464 -0.01276761 -0.03742319 0.0344361 -0.01582914 -0.03742319 0.03292548 -0.01877021 -0.03742319 0.03116422 -0.02156841 -0.03742319 0.02916586 -0.02420252 -0.03742319 0.02694547 -0.02665239 -0.03742319 0.02452003 -0.02889943 -0.03742319 0.02190798 -0.03092652 -0.03742319 0.01912915 -0.03271824 -0.03742319 0.01620477 -0.03426092 -0.03742319 0.01315706 -0.0355429 -0.03742319 0.01000922 -0.03655439 -0.03742319 0.006785213 -0.03728765 -0.03742319 0.003509581 -0.03773713 -0.03742319 2.07241e-4 -0.03789943 -0.03742319 -0.003096699 -0.03777325 -0.03742319 -0.006377041 -0.03735959 -0.03742319 -0.009608864 -0.03666168 -0.03742319 -0.01276761 -0.03568464 -0.03742319 -0.01582914 -0.0344361 -0.03742319 -0.01877021 -0.03292548 -0.03742319 -0.02156841 -0.03116422 -0.03742319 -0.02420252 -0.02916586 -0.03742319 -0.02665239 -0.02694547 -0.03742319 -0.02889943 -0.02452003 -0.03742319 -0.03092652 -0.02190798 -0.03742319 -0.03271824 -0.01912915 -0.03742319 -0.03426092 -0.01620477 -0.03742319 -0.0355429 -0.01315706 -0.03742319 -0.03655439 -0.01000922 -0.03742319 -0.03728765 -0.006785213 -0.03742319 -0.03773713 -0.003509581 -0.03742319 -0.03789943 -2.07241e-4 -0.03742319 -0.03777325 0.003096699 -0.03742319 -0.03735959 0.006377041 -0.03742319 -0.03666168 0.009608864 -0.03742319 -0.03568464 0.01276761 -0.03742319 -0.0344361 0.01582914 -0.03742319 -0.03292548 0.01877021 -0.03742319 -0.03116422 0.02156841 -0.03742319 -0.02916586 0.02420252 -0.03742319 -0.02694547 0.02665239 -0.03742319 -0.02452003 0.02889943 -0.03742319 -0.02190798 0.03092652 -0.03742319 -0.01912915 0.03271824 -0.03742319 -0.01620477 0.03426092 -0.03742319 -0.01315706 0.0355429 -0.03742319 -0.01000922 0.03655439 -0.03742319 -0.006785213 0.03728765 -0.03742319 -0.003509581 0.03773713 -0.03742319 -2.07241e-4 0.03789943 -0.03742319 0.003096699 0.03777325 -0.03742319 0.006377041 0.03735959 -0.03742319 0.009608864 0.03666168 -0.03742319 0.01276761 0.03568464 -0.03742319 0.01582914 0.0344361 -0.03742319 0.01877021 0.03292548 -0.03742319 0.02156841 0.03116422 -0.03742319 0.02420252 0.02916586 -0.03742319 0.02665239 0.02694547 -0.03742319 0.02889943 0.02452003 -0.03742319 0.03092652 0.02190798 -0.03742319 0.03271824 0.01912915 -0.03742319 0.03426092 0.01620477 -0.03742319 0.0355429 0.01315706 -0.03742319 0.03655439 0.01000922 -0.03742319 0.03728765 0.006785213 -0.03742319 0.03773713 0.003509581 -0.03742319 0.03789943 2.07241e-4 -0.03742319 0.0378462 -0.00310266 -0.03734999 0.03743177 -0.006389379 -0.03734999 0.03673249 -0.009627461 -0.03734999 0.0357536 -0.01279228 -0.03734999 0.03450262 -0.01585972 -0.03734999 0.03298908 -0.01880645 -0.03734999 0.03122442 -0.02161008 -0.03734999 0.02922219 -0.02424925 -0.03734999 0.0269975 -0.02670383 -0.03734999 0.02456736 -0.02895522 -0.03734999 0.0219503 -0.03098624 -0.03734999 0.01916611 -0.03278142 -0.03734999 0.01623606 -0.03432714 -0.03734999 0.01318252 -0.03561156 -0.03734999 0.0100286 -0.03662496 -0.03734999 0.006798326 -0.03735965 -0.03734999 0.003516376 -0.03781002 -0.03734999 2.07641e-4 -0.03797262 -0.03734999 -0.00310266 -0.0378462 -0.03734999 -0.006389379 -0.03743177 -0.03734999 -0.009627461 -0.03673249 -0.03734999 -0.01279228 -0.0357536 -0.03734999 -0.01585972 -0.03450262 -0.03734999 -0.01880645 -0.03298908 -0.03734999 -0.02161008 -0.03122442 -0.03734999 -0.02424925 -0.02922219 -0.03734999 -0.02670383 -0.0269975 -0.03734999 -0.02895522 -0.02456736 -0.03734999 -0.03098624 -0.0219503 -0.03734999 -0.03278142 -0.01916611 -0.03734999 -0.03432714 -0.01623606 -0.03734999 -0.03561156 -0.01318252 -0.03734999 -0.03662496 -0.0100286 -0.03734999 -0.03735965 -0.006798326 -0.03734999 -0.03781002 -0.003516376 -0.03734999 -0.03797262 -2.07641e-4 -0.03734999 -0.0378462 0.00310266 -0.03734999 -0.03743177 0.006389379 -0.03734999 -0.03673249 0.009627461 -0.03734999 -0.0357536 0.01279228 -0.03734999 -0.03450262 0.01585972 -0.03734999 -0.03298908 0.01880645 -0.03734999 -0.03122442 0.02161008 -0.03734999 -0.02922219 0.02424925 -0.03734999 -0.0269975 0.02670383 -0.03734999 -0.02456736 0.02895522 -0.03734999 -0.0219503 0.03098624 -0.03734999 -0.01916611 0.03278142 -0.03734999 -0.01623606 0.03432714 -0.03734999 -0.01318252 0.03561156 -0.03734999 -0.0100286 0.03662496 -0.03734999 -0.006798326 0.03735965 -0.03734999 -0.003516376 0.03781002 -0.03734999 -2.07641e-4 0.03797262 -0.03734999 0.00310266 0.0378462 -0.03734999 0.006389379 0.03743177 -0.03734999 0.009627461 0.03673249 -0.03734999 0.01279228 0.0357536 -0.03734999 0.01585972 0.03450262 -0.03734999 0.01880645 0.03298908 -0.03734999 0.02161008 0.03122442 -0.03734999 0.02424925 0.02922219 -0.03734999 0.02670383 0.0269975 -0.03734999 0.02895522 0.02456736 -0.03734999 0.03098624 0.0219503 -0.03734999 0.03278142 0.01916611 -0.03734999 0.03432714 0.01623606 -0.03734999 0.03561156 0.01318252 -0.03734999 0.03662496 0.0100286 -0.03734999 0.03735965 0.006798326 -0.03734999 0.03781002 0.003516376 -0.03734999 0.03797262 2.07641e-4 -0.03734999 -0.03571349 -0.006498754 -0.02799999 -0.03404241 -0.01260161 -0.02799999 -0.03133696 -0.01832163 -0.02799999 -0.02767938 -0.02348488 -0.02799999 -0.02318078 -0.02793455 -0.02799999 -0.01797783 -0.03153544 -0.02799999 -0.0122286 -0.03417819 -0.02799999 -0.006107807 -0.03578245 -0.02799999 1.98492e-4 -0.0362994 -0.02799999 0.006498754 -0.03571349 -0.02799999 0.01260161 -0.03404241 -0.02799999 0.01832163 -0.03133696 -0.02799999 0.02348488 -0.02767938 -0.02799999 0.02793455 -0.02318078 -0.02799999 0.03153544 -0.01797783 -0.02799999 0.03417819 -0.0122286 -0.02799999 0.03578245 -0.006107807 -0.02799999 0.0362994 1.98492e-4 -0.02799999 0.03571349 0.006498754 -0.02799999 0.03404241 0.01260161 -0.02799999 0.03133696 0.01832163 -0.02799999 0.02767938 0.02348488 -0.02799999 0.02318078 0.02793455 -0.02799999 0.01797783 0.03153544 -0.02799999 0.0122286 0.03417819 -0.02799999 0.006107807 0.03578245 -0.02799999 -1.98492e-4 0.0362994 -0.02799999 -0.006498754 0.03571349 -0.02799999 -0.01260161 0.03404241 -0.02799999 -0.01832163 0.03133696 -0.02799999 -0.02348488 0.02767938 -0.02799999 -0.02793455 0.02318078 -0.02799999 -0.03153544 0.01797783 -0.02799999 -0.03417819 0.0122286 -0.02799999 -0.03578245 0.006107807 -0.02799999 -0.0362994 -1.98492e-4 -0.02799999 0.03417837 -0.01614546 -0.03749996 0.03646278 -0.009965181 -0.03749996 0.03763926 -0.003482103 -0.03749996 0.0376721 0.003106713 -0.03749996 0.03656029 0.009601235 -0.03749996 0.03433758 0.01580399 -0.03749996 0.0310716 0.02152657 -0.03749996 0.02686148 0.02659505 -0.03749996 0.0218352 0.03085547 -0.03749996 0.01614546 0.03417837 -0.03749996 0.009965181 0.03646278 -0.03749996 0.003482103 0.03763926 -0.03749996 -0.003106713 0.0376721 -0.03749996 -0.009601235 0.03656029 -0.03749996 -0.01580399 0.03433758 -0.03749996 -0.02152657 0.0310716 -0.03749996 -0.02659505 0.02686148 -0.03749996 -0.03085547 0.0218352 -0.03749996 -0.03417837 0.01614546 -0.03749996 -0.03646278 0.009965181 -0.03749996 -0.03763926 0.003482103 -0.03749996 -0.0376721 -0.003106713 -0.03749996 -0.03656029 -0.009601235 -0.03749996 -0.03433758 -0.01580399 -0.03749996 -0.0310716 -0.02152657 -0.03749996 -0.02686148 -0.02659505 -0.03749996 -0.0218352 -0.03085547 -0.03749996 -0.01614546 -0.03417837 -0.03749996 -0.009965181 -0.03646278 -0.03749996 -0.003482103 -0.03763926 -0.03749996 0.003106713 -0.0376721 -0.03749996 0.009601235 -0.03656029 -0.03749996 0.01580399 -0.03433758 -0.03749996 0.02152657 -0.0310716 -0.03749996 0.02659505 -0.02686148 -0.03749996 0.03085547 -0.0218352 -0.03749996 -0.03435921 0.01623094 -0.04579997 -0.03646278 0.009965181 -0.046 -0.03665566 0.01001793 -0.04579997 -0.03763926 0.003482103 -0.046 -0.03783839 0.003500521 -0.04579997 -0.0376721 -0.003106713 -0.046 -0.03787142 -0.003123164 -0.04579997 -0.03656029 -0.009601235 -0.046 -0.03675371 -0.009652018 -0.04579997 -0.03433758 -0.01580399 -0.046 -0.03451931 -0.01588761 -0.04579997 -0.0310716 -0.02152657 -0.046 -0.03123599 -0.02164047 -0.04579997 -0.02686148 -0.02659505 -0.046 -0.02700364 -0.02673578 -0.04579997 -0.0218352 -0.03085547 -0.046 -0.02195078 -0.03101873 -0.04579997 -0.01614546 -0.03417837 -0.046 -0.01623094 -0.03435921 -0.04579997 -0.009965181 -0.03646278 -0.046 -0.01001793 -0.03665566 -0.04579997 -0.003482103 -0.03763926 -0.046 -0.003500521 -0.03783839 -0.04579997 0.003106713 -0.0376721 -0.046 0.003123164 -0.03787142 -0.04579997 0.009601235 -0.03656029 -0.046 0.009652018 -0.03675371 -0.04579997 0.01580399 -0.03433758 -0.046 0.01588761 -0.03451931 -0.04579997 0.02152657 -0.0310716 -0.046 0.02164047 -0.03123599 -0.04579997 0.02659505 -0.02686148 -0.046 0.02673578 -0.02700364 -0.04579997 0.03085547 -0.0218352 -0.046 0.03101873 -0.02195078 -0.04579997 0.03417837 -0.01614546 -0.046 0.03435921 -0.01623094 -0.04579997 0.03646278 -0.009965181 -0.046 0.03665566 -0.01001793 -0.04579997 0.03763926 -0.003482103 -0.046 0.03783839 -0.003500521 -0.04579997 0.0376721 0.003106713 -0.046 0.03787142 0.003123164 -0.04579997 0.03656029 0.009601235 -0.046 0.03675371 0.009652018 -0.04579997 0.03433758 0.01580399 -0.046 0.03451931 0.01588761 -0.04579997 0.0310716 0.02152657 -0.046 0.03123599 0.02164047 -0.04579997 0.02686148 0.02659505 -0.046 0.02700364 0.02673578 -0.04579997 0.0218352 0.03085547 -0.046 0.02195078 0.03101873 -0.04579997 0.01614546 0.03417837 -0.046 0.01623094 0.03435921 -0.04579997 0.009965181 0.03646278 -0.046 0.01001793 0.03665566 -0.04579997 0.003482103 0.03763926 -0.046 0.003500521 0.03783839 -0.04579997 -0.003106713 0.0376721 -0.046 -0.003123164 0.03787142 -0.04579997 -0.009601235 0.03656029 -0.046 -0.009652018 0.03675371 -0.04579997 -0.01580399 0.03433758 -0.046 -0.01588761 0.03451931 -0.04579997 -0.02152657 0.0310716 -0.046 -0.02164047 0.03123599 -0.04579997 -0.02659505 0.02686148 -0.046 -0.02673578 0.02700364 -0.04579997 -0.03085547 0.0218352 -0.046 -0.03101873 0.02195078 -0.04579997 -0.03417837 0.01614546 -0.046 0 0 -0.046 -0.03435921 0.01623094 -0.03769999 -0.03665566 0.01001793 -0.03769999 -0.03783839 0.003500521 -0.03769999 -0.03787142 -0.003123164 -0.03769999 -0.03675371 -0.009652018 -0.03769999 -0.03451931 -0.01588761 -0.03769999 -0.03123599 -0.02164047 -0.03769999 -0.02700364 -0.02673578 -0.03769999 -0.02195078 -0.03101873 -0.03769999 -0.01623094 -0.03435921 -0.03769999 -0.01001793 -0.03665566 -0.03769999 -0.003500521 -0.03783839 -0.03769999 0.003123164 -0.03787142 -0.03769999 0.009652018 -0.03675371 -0.03769999 0.01588761 -0.03451931 -0.03769999 0.02164047 -0.03123599 -0.03769999 0.02673578 -0.02700364 -0.03769999 0.03101873 -0.02195078 -0.03769999 0.03435921 -0.01623094 -0.03769999 0.03665566 -0.01001793 -0.03769999 0.03783839 -0.003500521 -0.03769999 0.03787142 0.003123164 -0.03769999 0.03675371 0.009652018 -0.03769999 0.03451931 0.01588761 -0.03769999 0.03123599 0.02164047 -0.03769999 0.02700364 0.02673578 -0.03769999 0.02195078 0.03101873 -0.03769999 0.01623094 0.03435921 -0.03769999 0.01001793 0.03665566 -0.03769999 0.003500521 0.03783839 -0.03769999 -0.003123164 0.03787142 -0.03769999 -0.009652018 0.03675371 -0.03769999 -0.01588761 0.03451931 -0.03769999 -0.02164047 0.03123599 -0.03769999 -0.02673578 0.02700364 -0.03769999 -0.03101873 0.02195078 -0.03769999</float_array>
          <technique_common>
            <accessor source="#wrist3-mesh-positions-array" count="4155" stride="3">
              <param name="X" type="float"/>
              <param name="Y" type="float"/>
              <param name="Z" type="float"/>
            </accessor>
          </technique_common>
        </source>
        <source id="wrist3-mesh-normals">
          <float_array id="wrist3-mesh-normals-array" count="24918">0.9959743 -0.08963912 0 0.9639629 -0.2660367 0 0.9639629 -0.2660367 0 0.9009689 -0.4338837 0 0.9009689 -0.4338837 0 0.809017 -0.5877852 0 0.809017 -0.5877852 0 0.6910626 -0.722795 0 0.6910626 -0.722795 0 0.5508969 -0.8345733 0 0.5508969 -0.8345733 0 0.3930249 -0.9195278 0 0.3930249 -0.9195278 0 0.2225213 -0.9749279 0 0.2225213 -0.9749279 0 0.04486489 -0.9989931 0 0.04486489 -0.9989931 0 -0.1342333 -0.9909498 0 -0.1342333 -0.9909498 0 -0.309017 -0.9510565 0 -0.309017 -0.9510565 0 -0.4738687 -0.8805955 0 -0.4738687 -0.8805955 0 -0.6234898 -0.7818315 0 -0.6234898 -0.7818315 0 -0.7530715 -0.6579388 0 -0.7530715 -0.6579388 0 -0.8584487 -0.5128994 0 -0.8584487 -0.5128994 0 -0.936235 -0.3513746 0 -0.936235 -0.3513746 0 -0.9839297 -0.1785568 0 -0.9839297 -0.1785568 0 -1 0 0 -1 0 0 -0.9839297 0.1785568 0 -0.9839297 0.1785568 0 -0.936235 0.3513746 0 -0.936235 0.3513746 0 -0.8584487 0.5128994 0 -0.8584487 0.5128994 0 -0.7530715 0.6579388 0 -0.7530715 0.6579388 0 -0.6234898 0.7818315 0 -0.6234898 0.7818315 0 -0.4738687 0.8805955 0 -0.4738687 0.8805955 0 -0.309017 0.9510565 0 -0.309017 0.9510565 0 -0.1342333 0.9909498 0 -0.1342333 0.9909498 0 0.04486489 0.9989931 0 0.04486489 0.9989931 0 0.2225213 0.9749279 0 0.2225213 0.9749279 0 0.3930249 0.9195278 0 0.3930249 0.9195278 0 0.5508969 0.8345733 0 0.5508969 0.8345733 0 0.6910626 0.722795 0 0.6910626 0.722795 0 0.809017 0.5877852 0 0.809017 0.5877852 0 0.9009689 0.4338837 0 0.9009689 0.4338837 0 0.9639629 0.2660367 0 0.9639629 0.2660367 0 0.9959743 0.08963912 0 0.9959743 0.08963912 0 0.9959743 -0.08963912 0 -0.1286975 0 -0.9916839 -0.5414177 -0.04446923 -0.8395769 -0.5220119 -0.04448759 -0.8517772 -0.3865529 -0.08992171 -0.9178731 -0.2008677 0 -0.9796184 -0.5151622 0.08297574 -0.8530668 -0.2390671 -0.03007531 -0.9705372 -0.2107682 -0.04535549 -0.9764834 -0.2006912 -0.04190504 -0.9787579 -0.1621759 -0.03301876 -0.9862093 -0.1286975 0 -0.9916839 -0.1286975 0 -0.9916839 -0.1622239 0.02231752 -0.9865015 -0.1287111 0.8428521 -0.5225263 -0.2008677 0 -0.9796184 -0.2008677 0 -0.9796184 -0.2008677 0 -0.9796184 -0.09097313 0.891561 -0.44367 -0.3133982 0.3594273 -0.878973 -0.2336968 0.669534 -0.7050603 -0.1760635 0.7722343 -0.6104554 -0.277118 0 -0.9608359 -0.277118 0 -0.9608359 -0.277118 0 -0.9608359 -0.3583574 0.3840712 -0.8509225 -0.2961891 0.5390204 -0.7884981 -0.3516463 0 -0.9361329 -0.3516463 0 -0.9361329 -0.3516464 0 -0.9361329 -0.3516464 0 -0.9361329 -0.3493484 -0.1141365 -0.9300154 -0.3114302 -0.142126 -0.9395805 -0.2728267 -0.1753042 -0.9459567 -0.277118 0 -0.9608359 -0.4563404 0.1121658 -0.8827074 -0.4117896 0.2383244 -0.8795629 -0.4240071 0 -0.9056589 -0.4240071 0 -0.9056589 -0.4240071 0 -0.9056589 -0.7889562 0 -0.6144495 -0.7661127 -0.04482674 -0.6411411 -0.7635401 -0.04230672 -0.6443731 -0.5140088 0.106393 -0.8511614 -0.6831207 0 -0.7303054 -0.6519207 -0.07817232 -0.754247 -0.4240071 0 -0.9056589 -0.4229258 -0.07136952 -0.9033493 -0.4584947 -0.05688518 -0.8868747 -0.493189 -0.04826307 -0.8685823 -0.4937644 0 -0.8695957 -0.4937644 0 -0.8695957 -0.4937644 0 -0.8695958 -0.4937644 0 -0.8695958 -0.4934754 0.03420507 -0.8690869 -0.5225293 0 -0.8526214 -0.5419539 0 -0.8404083 -0.2500314 0.9066151 -0.3399018 -0.5604662 0 -0.8281773 -0.5604662 0 -0.8281773 -0.5604662 0 -0.8281773 -0.2003594 0.9339181 -0.2960626 -0.7092072 0.07603102 -0.7008882 -0.6831207 0 -0.7303055 -0.5705823 0.5970467 -0.5638893 -0.6831207 0 -0.7303055 -0.4751868 0.718418 -0.508009 -0.3877136 0.8052722 -0.4485696 -0.3113853 0.866461 -0.3902364 -0.6237129 0 -0.7816535 -0.6237129 0 -0.7816535 -0.623713 0 -0.7816535 -0.623713 0 -0.7816535 -0.6224933 -0.062505 -0.7801252 -0.59178 -0.05095565 -0.8044874 -0.5598911 -0.04529368 -0.8273274 -0.5604662 0 -0.8281773 -0.8110079 0.05995118 -0.5819554 -0.7889562 0 -0.6144495 -0.7889562 0 -0.6144495 -0.7782738 0.1640015 -0.6061299 -0.729819 0.2966694 -0.6159151 -0.6580931 0.4533325 -0.6011681 -0.7383174 0 -0.6744534 -0.7383174 0 -0.6744534 -0.7383174 0 -0.6744534 -0.7383174 0 -0.6744534 -0.7293306 -0.1555497 -0.666244 -0.7056981 -0.124881 -0.6974202 -0.6797251 -0.09958261 -0.7266753 -0.6831207 0 -0.7303054 -0.9640399 0 -0.2657576 -0.9925236 -0.01939636 0.1205023 -0.9878307 -0.03929662 -0.1504867 -0.9478877 -0.1020593 -0.3018159 -0.7637341 0.09058022 -0.6391443 -0.9328854 -0.0422551 -0.3576862 -0.9246409 -0.05653375 -0.3766207 -0.603344 0.7586714 -0.2457515 -0.9254483 0.2064076 -0.3177126 -0.7889562 0 -0.6144495 -0.7885893 -0.03049194 -0.6141638 -0.8123276 -0.01867759 -0.5829023 -0.8346645 -0.01282894 -0.5506093 -0.8347332 0 -0.5506546 -0.8347332 0 -0.5506546 -0.8347332 0 -0.5506546 -0.8347332 0 -0.5506546 -0.8347077 0.007801651 -0.5506379 -0.8467428 0 -0.5320025 -0.8587276 0 -0.5124325 -0.8934056 -0.02425354 -0.448596 -0.9099096 -0.03883749 -0.4129846 -0.9105966 0 -0.4132964 -0.9105966 0 -0.4132964 -0.9105966 0 -0.4132964 -0.9105966 0 -0.4132964 -0.5012252 0.8348774 -0.2274932 -0.4153583 0.8854267 -0.2085593 -0.3434424 0.9198191 -0.1896843 -0.8753632 0 -0.4834659 -0.8753632 0 -0.4834659 -0.8753632 0 -0.4834659 -0.8753632 0 -0.4834659 -0.8752564 -0.01562047 -0.4834069 -0.8586668 -0.01188844 -0.5123962 -0.8466826 -0.01192903 -0.5319647 -0.9640399 0 -0.2657576 -0.9509274 0.2151438 -0.2223737 -0.9640399 0 -0.2657576 -0.8975006 0.3650733 -0.2474147 -0.8164141 0.5156473 -0.2599536 -0.7112232 0.6540561 -0.257628 -0.9402167 0 -0.3405768 -0.9402167 0 -0.3405768 -0.9402167 0 -0.3405768 -0.9402167 0 -0.3405768 -0.9322062 -0.1302578 -0.3376751 -0.9906886 0.1315392 -0.03512156 -0.9640399 0 -0.2657576 -0.9609956 -0.07940918 -0.2649184 -0.9719306 -0.06076425 -0.2272852 -0.9807897 -0.0479474 -0.1890835 -0.9819191 0 -0.1893012 -0.9819191 0 -0.1893012 -0.9819191 0 -0.1893012 -0.9819191 0 -0.1893012 -0.976835 0.10163 -0.1883211 -0.9883484 0.02230435 -0.1505655 -0.9931319 0 -0.1170001 -0.9931319 0 -0.1170001 -0.9931319 0 -0.1170001 -0.9796175 0 0.2008718 -0.9824112 -0.09365588 0.1615453 -0.9994432 0 -0.03336477 -0.9753447 -0.2206119 0.005755007 -0.9644609 -0.2622566 -0.03219693 -0.9460173 0.1492102 0.2877283 -0.9983563 -0.04507756 -0.03539365 -0.9966404 -0.03805398 -0.07252401 -0.8563413 -0.01716631 -0.5161251 -0.9949092 0 -0.1007755 -0.9949091 0 -0.1007754 -0.9949091 0 -0.1007754 -0.9973216 0.009097814 -0.0725736 -0.5124731 0.858698 0.003023803 -0.9994432 0 -0.03336477 -0.9994432 0 -0.03336477 -0.9994432 0 -0.03336477 -0.4313166 0.9020859 -0.01439875 -0.942784 0.3140783 0.1118626 -0.7097239 0.7019141 0.06007182 -0.6054805 0.7953895 0.02736777 -0.9989801 0 0.04515403 -0.9989801 0 0.04515403 -0.9989801 0 0.04515403 -0.9796175 0 0.2008718 -0.960937 0.1434221 0.2367069 -0.9796175 0 0.2008718 -0.9407097 0.2790293 0.1928937 -0.8915805 0.428474 0.1466093 -0.8087049 0.5795556 0.1005569 -0.9923579 0 0.1233929 -0.9923579 0 0.1233929 -0.9923579 0 0.1233929 -0.9923579 0 0.1233929 -0.9852716 -0.1192926 0.1225118 -0.9853668 -0.1486476 0.08340251 -0.9820898 -0.1831099 0.04439061 -0.9989801 0 0.04515403 -0.6947202 0 0.7192801 -0.7110343 0 0.7031574 -0.8695974 0 0.4937613 -0.7816495 0 0.623718 -0.804888 -0.04013061 0.5920683 -0.8768437 -0.1601721 0.45331 -0.807351 0.08675372 0.5836593 -0.941631 -0.0231741 0.3358484 -0.9558952 -0.04170691 0.2907317 -0.9484701 -0.0416944 0.3141117 -0.7538693 0.08428245 0.6515962 -0.9796175 0 0.2008718 -0.9769572 -0.07364833 0.2003263 -0.9693583 -0.0576893 0.2387812 -0.9597494 -0.04758626 0.2767971 -0.9608379 0 0.277111 -0.9608379 0 0.277111 -0.9608379 0 0.277111 -0.9608379 0 0.277111 -0.9594857 0.05303615 0.276721 -0.9492956 0 0.314385 -0.9418839 0 0.3359386 -0.3707618 0.9155081 0.1561432 -0.9361326 0 0.3516473 -0.9361326 0 0.3516473 -0.9361326 0 0.3516473 -0.3197482 0.939859 0.1201097 -0.843566 0.003364503 0.5370149 -0.6566026 0.6345415 0.4077133 -0.8695975 0 0.4937613 -0.8695975 0 0.4937613 -0.5785005 0.7466199 0.3284751 -0.501886 0.8250991 0.2594647 -0.4306146 0.8797309 0.2016053 -0.9056572 0 0.4240106 -0.9056572 0 0.4240106 -0.9056572 0 0.4240105 -0.9056572 0 0.4240105 -0.8871047 -0.2013722 0.4153246 -0.8934853 -0.2451424 0.3762837 -0.8952251 -0.2923821 0.3362809 -0.9361326 0 0.3516473 -0.7816495 0 0.623718 -0.7816495 0 0.623718 -0.7658847 0.1998261 0.6111384 -0.7575659 0.3399364 0.5572586 -0.7187488 0.4967942 0.486411 -0.8281773 0 0.5604662 -0.8281773 0 0.5604662 -0.8281773 0 0.5604662 -0.8281773 0 0.5604662 -0.8265071 -0.06347608 0.559336 -0.8460305 -0.0908463 0.5253373 -0.8629138 -0.1237449 0.4899663 -0.8695974 0 0.4937613 -0.582533 -0.04012906 0.8118159 -0.5506546 0 0.8347332 -0.6744555 0 0.7383155 -0.7816495 0 0.623718 -0.7814489 -0.02265441 0.6235579 -0.7565279 -0.009397864 0.6538938 -0.7303038 -0.002125859 0.6831192 -0.7303054 0 0.6831207 -0.7303054 0 0.6831207 -0.7303055 0 0.6831207 -0.7303055 0 0.6831207 -0.7301718 0.01912927 0.6829957 -0.7110342 0 0.7031573 -0.6947201 0 0.7192801 -0.6744555 0 0.7383155 -0.6744555 0 0.7383155 -0.674332 0.01913124 0.7381804 -0.6426556 0.08428323 0.7615052 -0.4664728 0.4653993 0.7522012 -0.5506546 0 0.8347332 -0.4296521 0.5573007 0.7105034 -0.5506546 0 0.8347332 -0.3998482 0.6875547 0.6061269 -0.362506 0.7831829 0.505187 -0.3221265 0.8515638 0.4136105 -0.6144511 0 0.7889549 -0.6144511 0 0.7889549 -0.6144511 0 0.7889549 -0.6144511 0 0.7889549 -0.6142933 -0.02265477 0.7887525 -0.644922 -0.009397983 0.7641907 -0.674454 -0.002126097 0.7383139 -0.6744555 0 0.7383155 -0.3769376 0.03927016 0.9254059 -0.4429311 -0.1601743 0.8821316 -0.4048269 -0.2013744 0.8919437 -0.4132934 0 0.9105979 -0.4132934 0 0.9105979 -0.4132934 0 0.9105979 -0.4132934 0 0.9105979 -0.4097222 0.1311764 0.9027295 -0.433903 0.2548922 0.8641517 -0.4411267 0.4092493 0.7987005 -0.4834675 0 0.8753624 -0.4834675 0 0.8753624 -0.4834674 0 0.8753623 -0.4834674 0 0.8753623 -0.4797515 -0.1237445 0.8686344 -0.5153197 -0.09084564 0.8521695 -0.5495442 -0.06347721 0.8330497 -0.5506546 0 0.8347332 0.06159842 -0.01558971 -0.9979793 -0.4868374 -0.01549082 -0.8733553 -0.08429783 -0.03133839 -0.9959477 0.03337329 0 -0.999443 0.07228964 -0.08858233 -0.9934422 -0.2049998 0.2364662 -0.9497678 0.2657548 0 -0.9640407 0.3251366 0 -0.9456671 0.3031612 0 -0.9529393 0.111124 0.8728316 -0.4752016 0.2657548 0 -0.9640407 0.2657548 0 -0.9640407 0.2657548 0 -0.9640407 0.109328 0.9114608 -0.3965938 0.1023607 0.2631321 -0.9593142 0.10267 0.7316196 -0.6739374 0.1093693 0.816205 -0.5673162 0.1892981 0 -0.9819197 0.1892981 0 -0.9819197 0.1892982 0 -0.9819197 0.03337329 0 -0.999443 -0.005808293 0.1778494 -0.9840406 0.03337329 0 -0.999443 0.03160148 0.3215036 -0.9463809 0.06396156 0.4725251 -0.8789931 0.08779919 0.6179946 -0.7812643 0.111678 0 -0.9937445 0.111678 0 -0.9937445 0.111678 0 -0.9937444 0.111678 0 -0.9937444 0.1109298 -0.1155604 -0.9870869 0.1489865 -0.1462494 -0.9779642 0.1861359 -0.1820194 -0.9655166 0.1892982 0 -0.9819197 0.03337329 0 -0.999443 0.03329777 -0.06724673 -0.9971806 -0.005895018 -0.04996192 -0.9987338 -0.04512596 -0.03855288 -0.9982371 -0.04515951 0 -0.9989798 -0.04515951 0 -0.9989798 -0.04515951 0 -0.9989798 -0.04515951 0 -0.9989798 -0.04503053 0.07551997 -0.996127 -0.08433574 0.009094953 -0.9963959 -0.1124978 0 -0.9936519 -0.1124978 0 -0.9936519 -0.1124978 0 -0.9936519 0.7110383 0 -0.7031533 0.6947201 0 -0.7192801 0.5215396 0.1439402 -0.840998 0.3625059 0.7831831 -0.5051869 0.4339036 0.2548875 -0.8641527 0.4834631 0 -0.8753647 0.2259127 -0.1251553 -0.9660744 0.2622165 -0.1626388 -0.9512051 0.1178359 0.001024603 -0.9930325 0.3031612 -1.46662e-4 -0.9529393 0.4337845 -0.02223658 -0.9007422 0.3250573 -0.02208298 -0.9454365 0.3770886 -0.02655535 -0.9257964 0.3404953 -0.02215021 -0.9399852 0.3405789 0 -0.940216 0.3405789 0 -0.940216 0.3405789 0 -0.940216 0.4834631 0 -0.8753648 0.3405789 0 -0.940216 0.3405789 2.47662e-4 -0.9402159 0.3769308 0.03925758 -0.9254091 0.40973 0.1312053 -0.9027217 0.4133029 0 -0.9105936 0.4133029 0 -0.9105936 0.4133029 0 -0.9105936 0.4133029 0 -0.9105936 0.4130212 -0.03691685 -0.9099729 0.4481302 -0.05145943 -0.892486 0.4822133 -0.07185554 -0.873102 0.4834631 0 -0.8753648 0.4834631 0 -0.8753647 0.4411273 0.4092281 -0.798711 0.4296519 0.5573008 -0.7105033 0.3998484 0.6875548 -0.6061267 0.5506546 0 -0.8347332 0.5506546 0 -0.8347332 0.5506546 0 -0.8347332 0.5506546 0 -0.8347332 0.6144475 0 -0.7889578 0.6144475 0 -0.7889578 0.6144475 0 -0.7889577 0.5150558 -0.09627074 -0.8517332 0.5462498 -0.1262332 -0.8280557 0.433875 -0.007697343 -0.9009401 0.5830024 7.6383e-4 -0.81247 0.7028387 -0.01551777 -0.71118 0.6130397 -0.06765407 -0.7871501 0.643987 -0.05463892 -0.7630829 0.6144475 0 -0.7889577 0.3221308 0.8515577 -0.4136198 0.2855648 0.8966351 -0.3383759 0.2525121 0.9272705 -0.2764185 0.6744586 0 -0.7383127 0.6744586 0 -0.7383127 0.6744586 0 -0.7383127 0.6744586 0 -0.7383127 0.6736973 -0.04749906 -0.7374793 0.6940034 -0.04541206 -0.7185381 0.7103047 -0.04541206 -0.7024279 0.8950058 0.04168063 -0.4441028 0.7565097 -0.01167333 -0.6538783 0.887134 -0.05146175 -0.458634 0.9212805 -0.02655583 -0.3879912 0.9050421 -0.03691232 -0.4237172 0.9056593 0 -0.4240062 0.9056593 0 -0.4240062 0.9056593 0 -0.4240062 0.9492964 0 -0.3143826 0.9418839 0 -0.3359386 0.8589643 0.2549144 -0.4440708 0.7951864 -0.1597802 -0.584935 0.7661434 -0.19821 -0.6113404 0.7816517 0 -0.6237152 0.7816517 0 -0.6237152 0.7816517 0 -0.6237152 0.7053912 0.5572914 -0.4380064 0.7934472 0.4092355 -0.4505195 0.8695989 0 -0.4937589 0.8695989 0 -0.4937589 0.8695989 0 -0.4937589 0.3349816 0.8966358 -0.2895366 0.8695989 0 -0.4937589 0.867351 -0.07185578 -0.4924825 0.8455987 -0.09626811 -0.5250669 0.8215504 -0.1262367 -0.5559851 0.8281754 0 -0.5604689 0.8281754 0 -0.5604689 0.8281756 0 -0.5604689 0.8281756 0 -0.5604689 0.6013534 0.6875697 -0.4069668 0.5008755 0.7831825 -0.3684414 0.4097851 0.851561 -0.326986 0.7816517 0 -0.6237152 0.7023529 -0.04027938 -0.7106884 0.7294785 -0.04749846 -0.6823526 0.7303028 0 -0.6831236 0.7303028 0 -0.6831236 0.7303028 0 -0.6831236 0.7303028 0 -0.6831236 0.2734184 0.9272711 -0.255755 0.8347867 0.1439358 -0.531426 0.6532142 -0.04650843 0.7557435 0.7889562 0 0.6144495 0.7542945 -0.1606801 0.6365703 0.6507509 0.01090079 0.759213 0.8620182 -0.009737491 0.5067839 0.5924437 -0.01867753 0.8053952 0.6234265 -0.03049319 0.7812872 0.6237164 0 0.7816507 0.6237164 0 0.7816507 0.6237164 0 0.7816507 0.5225293 0 0.8526214 0.5419539 0 0.8404083 0.5811038 0.5766389 0.5742874 0.6244825 0.2966691 0.7225019 0.5705896 0.5970356 0.5638937 0.475187 0.7184179 0.5080089 0.6831207 0 0.7303055 0.6831207 0 0.7303055 0.6831207 0 0.7303054 0.7889562 0 0.6144495 0.8110094 0.05994808 0.5819535 0.7889562 0 0.6144495 0.7782734 0.1640048 0.6061296 0.7298182 0.2966727 0.6159144 0.6580771 0.453363 0.6011627 0.7383122 0 0.6744591 0.7383122 0 0.6744591 0.7383123 0 0.6744592 0.7383123 0 0.6744592 0.7324563 -0.1256992 0.6691096 0.7081001 -0.0942766 0.6997901 0.6815216 -0.06838369 0.7285959 0.6831207 0 0.7303054 0.9931319 0 0.1170001 0.9931319 0 0.1170001 0.9971837 -0.01559001 -0.07336002 0.9880553 -0.03301757 0.1505209 0.9145663 -0.157474 0.3725188 0.9724733 0.1229701 0.1979246 0.8577123 -0.04857707 0.5118299 0.8612057 -0.04448825 0.506306 0.8459051 -0.04446893 0.5314762 0.7889562 0 0.6144495 0.7874135 -0.06250607 0.613248 0.8114153 -0.05095505 0.5822448 0.8338765 -0.04529327 0.5500895 0.8347332 0 0.5506546 0.8347332 0 0.5506546 0.8347332 0 0.5506546 0.8347332 0 0.5506546 0.8347077 0.007801651 0.5506379 0.8467428 0 0.5320025 0.8587262 0 0.5124348 0.8880301 0.1121613 0.4458948 0.8748508 0.03421187 0.4831828 0.8753632 0 0.4834659 0.8753632 0 0.4834659 0.8753632 0 0.4834659 0.8753632 0 0.4834659 0.8407943 -0.2782484 0.4643734 0.868755 -0.2344784 0.4362162 0.8931968 -0.1945592 0.4053965 0.9105976 0 0.4132942 0.9105976 0 0.4132942 0.9105976 0 0.4132942 0.9105976 0 0.4132942 0.8843613 0.2383153 0.4013863 0.8550924 0.3840683 0.348294 0.8164076 0.5156577 0.2599537 0.7558727 0.6010975 0.2594961 0.7919372 0.5390212 0.2868653 0.9402167 0 0.3405768 0.9402167 0 0.3405768 0.9402167 0 0.3405768 0.9883484 0.02230435 0.1505655 0.9722573 -0.05497664 0.2273617 0.9810565 -0.04190695 0.1891349 0.9819191 0 0.1893012 0.9819191 0 0.1893012 0.9819191 0 0.1893012 0.9819191 0 0.1893012 0.976835 0.10163 0.1883211 0.9509274 0.2151439 0.2223737 0.8975055 0.3650624 0.247413 0.9640407 0 0.2657547 0.9640407 0 0.2657547 0.9640407 0 0.2657547 0.9640407 0 0.2657547 0.9614054 -0.07389074 0.2650282 0.9483846 -0.0968331 0.3019767 0.9328018 -0.1253419 0.3378909 0.9402167 0 0.3405768 0.9056593 0 -0.4240062 0.8978339 0.1311736 -0.4203425 0.9208946 0.03927034 -0.3878287 0.9361326 2.53062e-4 -0.3516473 0.9361326 0 -0.3516473 0.9361326 0 -0.3516473 0.9361326 0 -0.3516473 0.9361326 0 -0.3516473 0.9359029 -0.02214992 -0.351561 0.9416542 -0.02208113 -0.3358567 0.895563 -0.02223563 -0.4443788 0.9492964 -1.46116e-4 -0.3143826 0.9915731 0.00102514 -0.1295446 0.9470122 -0.2207937 -0.2332768 0.9987338 -0.04996323 -0.005893051 0.9989801 0 -0.04515403 0.9989801 0 -0.04515403 0.9931319 0 0.1170001 0.9949091 0 0.1007754 0.9973216 0.009097635 0.07257419 0.8781731 0.4725328 -0.07432949 0.9989801 0 -0.04515403 0.9459553 0.321466 -0.04275733 0.9840391 0.1778575 -0.005806326 0.9965882 0.07553201 0.03326904 0.9994432 0 0.03336435 0.9994432 0 0.03336435 0.9994432 0 0.03336435 0.9994432 0 0.03336435 0.9987002 -0.0385546 0.03333956 0.9968729 -0.03133904 0.07254153 0.8790316 -0.01549077 0.4765118 0.9949092 0 0.1007755 0.9949091 0 0.1007754 0.9761385 -0.1462492 -0.1605138 0.9632526 -0.1820213 -0.1975161 0.9796175 0 -0.2008718 0.9796175 0 -0.2008718 0.9796175 0 -0.2008718 0.47385 0.8728355 -0.1167231 0.9989801 0 -0.04515403 0.9967191 -0.06724238 -0.04505181 0.9925197 -0.08858406 -0.08400791 0.9857097 -0.1155592 -0.1225663 0.9923579 0 -0.1233929 0.9923579 0 -0.1233929 0.9923579 0 -0.1233929 0.9923579 0 -0.1233929 0.78018 0.6179872 -0.09701007 0.672682 0.731617 -0.1106142 0.5659825 0.8162077 -0.1160554 0.9796175 0 -0.2008718 0.936277 0.2950824 0.1905565 0.9480438 -0.1626415 -0.2734244 0.9608371 0 -0.277114 0.9608371 0 -0.277114 0.960837 0 -0.277114 0.960837 0 -0.277114 0.3952711 0.911463 -0.1139997 0.95804 0.2631307 -0.1136728 0.5261863 -0.01716673 0.850196 0.04718255 -0.03940403 0.9981088 0.08414906 -0.06711477 0.9941904 -0.2765468 0.1492109 0.9493461 -0.03336191 0 0.9994434 -0.07176864 -0.1486495 0.9862822 -0.1892982 0 0.9819197 -0.2273277 -0.0576893 0.972108 -0.1023611 0.2631316 0.9593144 -0.3405739 0 0.9402178 -0.3405739 0 0.9402178 -0.3405739 0 0.9402177 -0.3405739 0 0.9402177 -0.3405739 2.47581e-4 0.9402177 -0.3251366 0 0.9456671 -0.3031612 0 0.9529393 -0.1892981 0 0.9819197 -0.10267 0.7316195 0.6739376 -0.1892981 0 0.9819197 -0.1093693 0.816205 0.5673163 -0.1111241 0.8728359 0.4751936 -0.1093282 0.9114606 0.3965941 -0.2657548 0 0.9640407 -0.2657548 0 0.9640407 -0.2657548 0 0.9640407 -0.2657548 0 0.9640407 -0.2654537 -0.04758644 0.9629485 -0.3028975 -0.0416947 0.9521107 -0.2794339 -0.04170727 0.9592587 -0.3250503 -0.02303594 0.9454162 -0.5740929 0.08675378 0.8141813 -0.3256908 -0.2923871 0.8991303 -0.3657186 -0.2451391 0.8978623 -0.03336191 0 0.9994434 0.0058043 0.1778544 0.9840397 -0.03336191 0 0.9994434 -0.03159123 0.321455 0.9463978 -0.06396156 0.4725251 0.8789931 -0.08779919 0.6179946 0.7812643 -0.111678 0 0.9937445 -0.111678 0 0.9937445 -0.111678 0 0.9937444 -0.111678 0 0.9937444 -0.1108805 -0.1192913 0.9866485 -0.1499438 -0.09365534 0.9842486 -0.188784 -0.0736491 0.979253 -0.1892982 0 0.9819197 -0.03336191 0 0.9994434 -0.03279781 -0.183112 0.9825448 0.00575304 -0.2206119 0.9753448 0.04357326 -0.262256 0.9640141 0.04515379 0 0.9989801 0.04515379 0 0.9989801 0.04515379 0 0.9989801 0.04515379 0 0.9989801 0.04502481 0.07552957 0.9961265 0.08433574 0.009094953 0.9963959 0.1124978 0 0.9936519 0.1124978 0 0.9936519 0.1124978 0 0.9936519 0.6237164 0 0.7816507 0.6152706 0.1640085 0.7710664 0.5914815 0.05994689 0.8040871 0.5604493 0.007803022 0.8281521 0.5604662 0 0.8281773 0.5604662 0 0.8281773 0.5604662 0 0.8281773 0.5604662 0 0.8281773 0.5604201 -0.01282954 0.828109 0.5419153 -0.01192945 0.8403484 0.5224924 -0.01188886 0.8525611 0.368919 -0.02061992 0.9292328 0.4562298 -0.1143404 0.8824855 0.04604882 0.2211583 0.9741502 0.3516464 0 0.9361329 0.3129776 -0.1020588 0.9442611 0.2008731 0 0.9796172 0.1621311 -0.03929674 0.9859864 -0.1087812 -0.01939654 0.9938765 0.1287142 0 0.9916817 0.1287142 0 0.9916818 0.1287142 0 0.9916817 0.1622161 0.02230119 0.9865031 0.2008731 0 0.9796172 0.2008731 0 0.9796172 0.1998332 0.1016265 0.9745454 0.2335783 0.2151415 0.948238 0.2801869 0.5513373 0.785826 0.3516463 0 0.9361329 0.3583626 0.3840584 0.8509262 0.3516463 0 0.9361329 0.2961884 0.5390235 0.7884961 0.2336905 0.6695466 0.7050504 0.1760564 0.7722455 0.6104433 0.2771127 0 0.9608374 0.2771127 0 0.9608374 0.2771127 0 0.9608374 0.2771127 0 0.9608374 0.2762377 -0.07940894 0.9578033 0.2387372 -0.06076449 0.9691812 0.2006421 -0.04794746 0.9784905 0.2008731 0 0.9796172 0.6505578 0.02674883 0.7589855 0.4936998 -0.015621 0.8694921 0.4937601 0 0.8695982 0.4937601 0 0.8695982 0.4937601 0 0.8695982 0.4937601 0 0.8695982 0.4934711 0.03421014 0.8690891 0.4563442 0.1121539 0.8827069 0.4117896 0.2383244 0.8795629 0.4240071 0 0.9056589 0.4240071 0 0.9056589 0.4240071 0 0.9056589 0.4240071 0 0.9056589 0.4155457 -0.1987801 0.8875856 0.3829981 -0.1620588 0.9094225 0.3486503 -0.1302582 0.9281572 0.3516464 0 0.9361329 -0.5270279 0 0.849848 -0.1061001 0 0.9943554 -0.1061001 0 0.9943554 0.3358418 0 0.9419184 0.3358418 0 0.9419184 0.7112661 0 0.7029229 0.7112661 0 0.7029229 0.9458155 0 0.3247048 0.9458155 0 0.3247048 0.9930344 0 -0.1178249 0.9930344 0 -0.1178249 0.8435708 0 -0.537018 0.8435708 0 -0.537018 0.5270279 0 -0.849848 0.5270279 0 -0.849848 0.1060997 0 -0.9943555 0.1060997 0 -0.9943555 -0.3358414 0 -0.9419185 -0.3358414 0 -0.9419185 -0.7112661 0 -0.7029229 -0.7112661 0 -0.7029229 -0.9458155 0 -0.3247048 -0.9458155 0 -0.3247048 -0.9930344 0 0.1178249 -0.9930344 0 0.1178249 -0.8435708 0 0.537018 -0.8435708 0 0.537018 -0.5270279 0 0.849848 0 -1 0 0 -1 0 0 -1 0 0 -1 0 0 -1 0 0 -1 0 0 -1 0 0 -1 0 0 -1 0 0 -1 0 0 -1 0 0 -1 0 0 -1 0 0 -1 0 0 -1 0 0 -1 0 0 -1 0 0 -1 0 0 -1 0 -0.9806752 -0.1925292 -0.03476679 -0.9806752 -0.1925293 -0.03476655 -0.9162506 -0.1925293 -0.3513081 -0.9162508 -0.1925289 -0.3513079 -0.7525392 -0.192529 -0.6297757 -0.7525358 -0.1925294 -0.6297795 -0.752536 -0.1925302 -0.6297792 -0.5072714 -0.1925303 -0.8400047 -0.5072727 -0.1925294 -0.8400041 -0.5072734 -0.1925303 -0.8400035 -0.207038 -0.1925305 -0.9592013 -0.2070386 -0.1925297 -0.9592013 -0.2070361 -0.1925289 -0.9592021 0.1156314 -0.1925288 -0.9744547 0.1156315 -0.192529 -0.9744547 0.4257742 -0.1925289 -0.8841091 0.4257717 -0.1925283 -0.8841105 0.4257704 -0.1925301 -0.8841107 0.6897718 -0.1925299 -0.6979592 0.6897726 -0.1925287 -0.6979588 0.6897726 -0.1925287 -0.6979588 0.8790253 -0.1925289 -0.4361732 0.8790254 -0.1925293 -0.4361729 0.8790255 -0.1925293 -0.4361729 0.9730224 -0.1925293 -0.127121 0.9730224 -0.192529 -0.1271212 0.9615777 -0.1925293 0.1957059 0.9615776 -0.1925294 0.1957064 0.9615776 -0.1925286 0.195707 0.845931 -0.1925284 0.4973264 0.8459311 -0.1925292 0.497326 0.845931 -0.1925291 0.4973261 0.6386141 -0.1925291 0.7450534 0.6386142 -0.192529 0.7450534 0.6386153 -0.1925291 0.7450524 0.362094 -0.1925292 0.912042 0.3620938 -0.1925295 0.9120419 0.04633468 -0.1925295 0.9801967 0.04633557 -0.1925291 0.9801967 0.04633581 -0.1925294 0.9801966 -0.2744452 -0.1925294 0.9421318 -0.2744448 -0.1925289 0.942132 -0.2744448 -0.1925289 0.9421319 -0.5654843 -0.192529 0.8019726 -0.5654844 -0.1925291 0.8019725 -0.7952447 -0.1925291 0.5749073 -0.7952448 -0.192529 0.5749074 -0.9388285 -0.1925291 0.2855409 -0.9388284 -0.1925288 0.2855415 -0.9388282 -0.192529 0.2855417 -0.9806752 -0.1925292 -0.03476679 -0.4811633 -0.5502984 0.6823881 -0.2335215 -0.5502985 0.8016478 -0.2335215 -0.5502984 0.801648 0.03942632 -0.5502984 0.8340368 0.03942632 -0.5502983 0.8340368 0.3081008 -0.5502983 0.7760449 0.308101 -0.5502981 0.776045 0.5433891 -0.5502981 0.6339561 0.5433884 -0.5502988 0.6339561 0.7197914 -0.5502986 0.4231687 0.7197917 -0.5502984 0.4231686 0.818194 -0.5502982 0.1665242 0.8181941 -0.5502982 0.1665241 0.8279324 -0.5502983 -0.1081658 0.8279324 -0.5502981 -0.1081659 0.7479514 -0.5502984 -0.371134 0.7479514 -0.5502985 -0.3711339 0.5869184 -0.5502985 -0.5938841 0.5869184 -0.5502979 -0.5938848 0.3622833 -0.5502977 -0.7522787 0.3622836 -0.5502983 -0.7522782 0.09838932 -0.5502983 -0.8291509 0.09838932 -0.5502984 -0.8291509 -0.176166 -0.5502984 -0.8161723 -0.1761666 -0.5502978 -0.8161726 -0.4316322 -0.5502979 -0.7147489 -0.4316319 -0.550298 -0.7147488 -0.6403234 -0.5502981 -0.5358711 -0.6403229 -0.5502987 -0.5358712 -0.7796257 -0.5502986 -0.2989234 -0.7796259 -0.5502983 -0.2989233 -0.8344439 -0.5502984 -0.02958273 -0.8344439 -0.5502982 -0.02958261 -0.798837 -0.5502983 0.2429635 -0.798837 -0.5502983 0.2429636 -0.6766635 -0.5502983 0.4891812 -0.6766636 -0.5502983 0.4891812 -0.4811633 -0.5502983 0.6823883 -0.3231973 -0.8279188 0.4583601 -0.1568564 -0.8279188 0.5384668 -0.1568564 -0.8279188 0.5384668 0.02648252 -0.8279188 0.5602223 0.02648264 -0.8279188 0.5602225 0.2069513 -0.8279187 0.5212693 0.2069512 -0.8279188 0.5212693 0.3649942 -0.8279188 0.4258282 0.3649944 -0.8279188 0.4258282 0.4834841 -0.8279188 0.2842422 0.4834837 -0.827919 0.2842423 0.5495806 -0.827919 0.1118543 0.5495807 -0.8279189 0.1118543 0.5561219 -0.827919 -0.07265472 0.5561221 -0.8279188 -0.07265496 0.5023989 -0.8279186 -0.2492911 0.5023987 -0.8279189 -0.2492905 0.3942329 -0.827919 -0.3989117 0.3942329 -0.827919 -0.3989118 0.2433458 -0.8279191 -0.5053047 0.2433456 -0.8279188 -0.5053054 0.06608778 -0.8279187 -0.5569409 0.06608808 -0.8279189 -0.5569404 -0.1183304 -0.8279188 -0.5482228 -0.1183307 -0.8279187 -0.5482231 -0.2899271 -0.8279187 -0.4800967 -0.2899273 -0.8279186 -0.4800968 -0.4301053 -0.8279187 -0.3599447 -0.4301053 -0.8279187 -0.3599446 -0.5236749 -0.8279188 -0.2007867 -0.5236746 -0.8279189 -0.2007868 -0.5604958 -0.8279188 -0.01987075 -0.5604958 -0.8279189 -0.01987069 -0.5365786 -0.8279188 0.1631988 -0.5365784 -0.827919 0.1631985 -0.4545146 -0.8279191 0.3285824 -0.4545148 -0.8279189 0.328583 -0.3231973 -0.8279188 0.4583601 -0.1139166 -0.9802664 0.1615573 -0.05528688 -0.9802664 0.1897923 -0.05528688 -0.9802664 0.1897923 0.009334146 -0.9802664 0.1974605 0.009334266 -0.9802664 0.1974606 0.07294392 -0.9802664 0.1837308 0.07294368 -0.9802664 0.1837307 0.1286486 -0.9802664 0.1500908 0.1286488 -0.9802664 0.1500908 0.1704127 -0.9802664 0.1001862 0.1704127 -0.9802665 0.1001862 0.1937096 -0.9802664 0.03942507 0.1937096 -0.9802664 0.03942507 0.1960152 -0.9802664 -0.02560853 0.1960152 -0.9802665 -0.02560847 0.1770794 -0.9802665 -0.0878669 0.1770796 -0.9802664 -0.0878672 0.1389545 -0.9802663 -0.1406041 0.1389545 -0.9802665 -0.1406037 0.08577144 -0.9802664 -0.1781039 0.08577156 -0.9802665 -0.1781036 0.02329409 -0.9802665 -0.1963034 0.02329379 -0.9802664 -0.1963037 -0.04170793 -0.9802664 -0.1932311 -0.04170763 -0.9802665 -0.1932309 -0.1021897 -0.9802665 -0.1692186 -0.10219 -0.9802663 -0.1692187 -0.1515985 -0.9802664 -0.1268688 -0.1515982 -0.9802665 -0.1268688 -0.1845784 -0.9802664 -0.07077097 -0.1845786 -0.9802664 -0.07077091 -0.1975569 -0.9802664 -0.007003724 -0.1975569 -0.9802664 -0.007003784 -0.1891268 -0.9802665 0.05752223 -0.1891269 -0.9802664 0.05752235 -0.160202 -0.9802664 0.1158151 -0.160202 -0.9802665 0.1158149 -0.1139167 -0.9802664 0.1615572 -0.2531154 0 0.9674361 -0.2531154 0 0.9674361 -0.2531154 0 0.9674361 0.9643822 0 -0.2645125 0.9643823 0 -0.2645125 0.9643822 0 -0.2645125 0 1 0 0 -1 0 -0.1764321 0 0.9843128 -0.1764321 0 0.9843128 -0.1764321 0 0.9843128 0.9406562 0 -0.339361 0.9406562 0 -0.339361 0.9406562 0 -0.339361 0 1 0 0 -1 0 -0.3282394 0 0.9445946 -0.3282394 0 0.9445946 -0.3282394 0 0.9445946 0.9821626 0 -0.1880333 0.9821627 0 -0.1880333 0.9821626 0 -0.1880332 0 1 0 0 -1 0 -0.4013419 0 0.9159283 -0.4013419 0 0.9159283 -0.4013419 0 0.9159284 0.9938879 0 -0.1103937 0.9938879 0 -0.1103937 0.993888 0 -0.1103938 0 1 0 0 -1 0 -0.471965 0 0.8816173 -0.471965 0 0.8816173 -0.471965 0 0.8816173 0.9994856 0 -0.03207385 0.9994855 0 -0.03207385 0.9994856 0 -0.03207385 0 1 0 0 1 0 0 -1 0 0 -1 0 -0.5396807 0 0.8418698 -0.5396807 0 0.8418698 -0.5396807 0 0.8418698 0.9989209 0 0.0464431 0.9989209 0 0.0464431 0.9989209 0 0.0464431 0 1 0 0 -1 0 -0.6040715 0 0.7969301 -0.6040715 0 0.7969301 -0.6040714 0 0.7969301 0.9921977 0 0.1246747 0.9921976 0 0.1246747 0.9921977 0 0.1246747 0 1 0 0 -1 0 -0.6647357 0 0.7470787 -0.6647357 0 0.7470786 -0.6647357 0 0.7470787 0.9793571 0 0.2021378 0.9793571 0 0.2021378 0.9793571 0 0.2021378 0 1 0 0 -1 0 -0.976904 0 0.2136785 -0.976904 0 0.2136785 -0.976904 0 0.2136785 0.6735016 0 0.7391858 0.6735016 0 0.7391858 0.6735016 0 0.7391858 0 1 0 0 1 0 0 -1 0 0 -1 0 -0.9571279 0 0.2896658 -0.9571278 0 0.2896658 -0.9571279 0 0.2896658 0.7294229 0 0.684063 0.7294229 0 0.6840631 0.7294229 0 0.6840631 0 1 0 0 -1 0 -0.9000298 0 0.4358282 -0.9000298 0 0.4358283 -0.9000299 0 0.4358282 0.827454 0 0.5615336 0.827454 0 0.5615336 0.827454 0 0.5615336 0 1 0 0 -1 0 -0.9314501 0 0.3638693 -0.9314501 0 0.3638693 -0.9314501 0 0.3638693 0.780845 0 0.6247249 0.780845 0 0.6247248 0.780845 0 0.6247248 0 1 0 0 -1 0 -0.7213007 0 0.6926221 -0.7213007 0 0.6926221 -0.7213006 0 0.6926221 0.9604788 0 0.2783532 0.9604788 0 0.2783531 0.9604789 0 0.2783532 0 1 0 0 -1 0 -0.7734198 0 0.6338943 -0.7734198 0 0.6338942 -0.7734198 0 0.6338943 0.9356781 0 0.3528547 0.9356781 0 0.3528547 0.9356781 0 0.3528547 0 1 0 0 -1 0 -0.8630607 0 0.5051004 -0.8630607 0 0.5051003 -0.8630607 0 0.5051004 0.8689598 0 0.4948826 0.8689599 0 0.4948826 0.8689598 0 0.4948826 0 1 0 0 -1 0 -0.82077 0 0.5712589 -0.82077 0 0.5712589 -0.82077 0 0.5712589 0.9051092 0 0.4251791 0.9051093 0 0.4251791 0.9051092 0 0.4251791 0 1 0 0 -1 0 0.8816164 0 0.4719665 0.8816164 0 0.4719666 0.8816165 0 0.4719666 -0.03206968 0 -0.9994856 -0.03206968 0 -0.9994856 -0.03206968 0 -0.9994856 0 1 0 0 -1 0 0.8418689 0 0.5396821 0.8418689 0 0.5396821 0.8418689 0 0.539682 0.04644018 0 -0.9989211 0.04644018 0 -0.9989211 0.04644018 0 -0.9989211 0 1 0 0 -1 0 0.7969304 0 0.6040711 0.7969304 0 0.6040712 0.7969304 0 0.6040711 0.1246742 0 -0.9921977 0.1246742 0 -0.9921977 0.1246742 0 -0.9921978 0 1 0 0 -1 0 0.7470792 0 0.6647351 0.7470792 0 0.664735 0.7470793 0 0.6647351 0.2021446 0 -0.9793558 0.2021446 0 -0.9793557 0.2021446 0 -0.9793557 0 1 0 0 1 0 0 -1 0 0 -1 0 0.5712565 0 0.8207716 0.5712565 0 0.8207716 0.5712565 0 0.8207716 0.4251796 0 -0.905109 0.4251796 0 -0.9051091 0.4251796 0 -0.9051091 0 1 0 0 -1 0 0.5051015 0 0.8630599 0.5051015 0 0.8630599 0.5051015 0 0.8630599 0.4948802 0 -0.8689612 0.4948802 0 -0.8689612 0.4948802 0 -0.8689612 0 1 0 0 -1 0 0.633893 0 0.7734208 0.633893 0 0.7734208 0.633893 0 0.7734208 0.3528558 0 -0.9356777 0.3528559 0 -0.9356777 0.3528558 0 -0.9356777 0 1 0 0 -1 0 0.6926234 0 0.7212994 0.6926234 0 0.7212994 0.6926234 0 0.7212994 0.2783489 0 -0.96048 0.2783489 0 -0.96048 0.2783489 0 -0.9604801 0 1 0 0 -1 0 0.3638734 0 0.9314484 0.3638734 0 0.9314484 0.3638734 0 0.9314484 0.6247258 0 -0.7808443 0.6247257 0 -0.7808443 0.6247257 0 -0.7808443 0 1 0 0 -1 0 0.435824 0 0.9000319 0.435824 0 0.9000319 0.435824 0 0.9000319 0.5615359 0 -0.8274524 0.5615359 0 -0.8274524 0.5615359 0 -0.8274524 0 1 0 0 -1 0 0.2896663 0 0.9571277 0.2896663 0 0.9571277 0.2896663 0 0.9571277 0.6840606 0 -0.7294251 0.6840606 0 -0.7294251 0.6840606 0 -0.7294252 0 1 0 0 -1 0 0.2136737 0 0.9769051 0.2136737 0 0.9769051 0.2136737 0 0.9769051 0.7391857 0 -0.6735017 0.7391857 0 -0.6735017 0.7391857 0 -0.6735017 0 1 0 0 -1 0 0.1363734 0 0.9906575 0.1363734 0 0.9906575 0.1363734 0 0.9906576 0.789747 0 -0.6134326 0.7897471 0 -0.6134327 0.789747 0 -0.6134327 0 1 0 0 -1 0 0.05822473 0 0.9983035 0.05822473 0 0.9983035 0.05822473 0 0.9983035 0.8354433 0 -0.5495767 0.8354433 0 -0.5495767 0.8354433 0 -0.5495767 0 1 0 0 -1 0 -0.02028101 0 0.9997943 -0.02028101 0 0.9997943 -0.02028101 0 0.9997943 0.8759869 0 -0.4823349 0.8759869 0 -0.4823349 0.8759869 0 -0.4823349 0 1 0 0 1 0 0 -1 0 0 -1 0 -0.09865689 0 0.9951215 -0.09865689 0 0.9951215 -0.09865689 0 0.9951215 0.9111298 0 -0.4121195 0.9111298 0 -0.4121196 0.9111298 0 -0.4121196 0 1 0 0 -1 0 0.9159284 0 0.4013417 0.9159284 0 0.4013418 0.9159284 0 0.4013417 -0.1103928 0 -0.9938881 -0.1103928 0 -0.993888 -0.1103929 0 -0.993888 0 1 0 0 -1 0 0.9445946 0 0.3282394 0.9445946 0 0.3282394 0.9445946 0 0.3282394 -0.1880341 0 -0.9821625 -0.1880341 0 -0.9821625 -0.1880341 0 -0.9821625 0 1 0 0 -1 0 0.9674357 0 0.2531169 0.9674357 0 0.2531169 0.9674358 0 0.2531169 -0.2645066 0 -0.9643839 -0.2645066 0 -0.9643839 -0.2645066 0 -0.9643839 0 1 0 0 1 0 0 -1 0 0 -1 0 0.984313 0 0.1764311 0.984313 0 0.1764311 0.984313 0 0.1764311 -0.3393626 0 -0.9406556 -0.3393626 0 -0.9406557 -0.3393626 0 -0.9406557 0 1 0 0 -1 0 0.9951213 0 0.09865921 0.9951213 0 0.09865921 0.9951213 0 0.09865921 -0.4121166 0 -0.9111311 -0.4121166 0 -0.9111312 -0.4121166 0 -0.9111311 0 1 0 0 -1 0 0.9997944 0 0.02027899 0.9997944 0 0.02027899 0.9997944 0 0.02027899 -0.4823365 0 -0.875986 -0.4823365 0 -0.875986 -0.4823365 0 -0.875986 0 1 0 0 -1 0 0.9983034 0 -0.05822688 0.9983034 0 -0.05822688 0.9983034 0 -0.05822688 -0.5495777 0 -0.8354427 -0.5495776 0 -0.8354427 -0.5495776 0 -0.8354427 0 1 0 0 -1 0 0.9906574 0 -0.1363739 0.9906575 0 -0.1363739 0.9906575 0 -0.1363739 -0.6134322 0 -0.7897474 -0.6134321 0 -0.7897474 -0.6134322 0 -0.7897474 0 1 0 0 -1 0 0.8207687 0 -0.5712608 0.8207687 0 -0.5712607 0.8207687 0 -0.5712607 -0.9051085 0 -0.4251807 -0.9051085 0 -0.4251807 -0.9051085 0 -0.4251807 0 1 0 0 -1 0 0.8630617 0 -0.5050987 0.8630617 0 -0.5050986 0.8630617 0 -0.5050987 -0.8689618 0 -0.4948791 -0.8689618 0 -0.4948791 -0.8689619 0 -0.4948791 0 1 0 0 -1 0 0.7734181 0 -0.6338962 0.7734181 0 -0.6338962 0.7734181 0 -0.6338962 -0.9356786 0 -0.3528534 -0.9356786 0 -0.3528534 -0.9356787 0 -0.3528534 0 1 0 0 -1 0 0.7213007 0 -0.6926221 0.7213007 0 -0.6926221 0.7213006 0 -0.6926221 -0.9604784 0 -0.2783542 -0.9604785 0 -0.2783542 -0.9604785 0 -0.2783542 0 1 0 0 -1 0 0.9314501 0 -0.3638693 0.9314501 0 -0.3638693 0.9314501 0 -0.3638693 -0.780845 0 -0.6247249 -0.780845 0 -0.6247248 -0.780845 0 -0.6247248 0 1 0 0 -1 0 0.9000298 0 -0.4358282 0.9000298 0 -0.4358283 0.9000299 0 -0.4358282 -0.827454 0 -0.5615336 -0.827454 0 -0.5615336 -0.827454 0 -0.5615336 0 1 0 0 -1 0 0.9571272 0 -0.289668 0.9571272 0 -0.289668 0.9571272 0 -0.289668 -0.729421 0 -0.6840651 -0.729421 0 -0.6840651 -0.729421 0 -0.6840651 0 1 0 0 -1 0 0.9769042 0 -0.2136777 0.9769042 0 -0.2136777 0.9769042 0 -0.2136777 -0.6735038 0 -0.7391838 -0.6735038 0 -0.7391837 -0.6735038 0 -0.7391838 0 1 0 0 1 0 0 -1 0 0 -1 0 -0.9906575 0 0.1363734 -0.9906575 0 0.1363734 -0.9906576 0 0.1363734 0.6134297 0 0.7897494 0.6134296 0 0.7897494 0.6134296 0 0.7897494 0 1 0 0 -1 0 -0.9983034 0 0.05822688 -0.9983034 0 0.05822688 -0.9983034 0 0.05822688 0.5495777 0 0.8354427 0.5495776 0 0.8354427 0.5495776 0 0.8354427 0 1 0 0 -1 0 -0.9997944 0 -0.02027899 -0.9997944 0 -0.02027899 -0.9997944 0 -0.02027899 0.4823365 0 0.875986 0.4823365 0 0.875986 0.4823365 0 0.875986 0 1 0 0 -1 0 -0.9951213 0 -0.0986588 -0.9951213 0 -0.0986588 -0.9951213 0 -0.0986588 0.41212 0 0.9111296 0.41212 0 0.9111296 0.4121199 0 0.9111295 0 1 0 0 -1 0 -0.984313 0 -0.1764311 -0.984313 0 -0.1764311 -0.984313 0 -0.1764311 0.3393626 0 0.9406556 0.3393626 0 0.9406557 0.3393626 0 0.9406557 0 1 0 0 -1 0 -0.967436 0 -0.2531158 -0.967436 0 -0.2531158 -0.967436 0 -0.2531158 0.2645142 0 0.9643818 0.2645142 0 0.9643818 0.2645142 0 0.9643818 0 1 0 0 1 0 0 -1 0 0 -1 0 -0.9445946 0 -0.3282394 -0.9445946 0 -0.3282394 -0.9445946 0 -0.3282394 0.1880341 0 0.9821625 0.1880341 0 0.9821625 0.1880341 0 0.9821625 0 1 0 0 -1 0 -0.915929 0 -0.4013403 -0.915929 0 -0.4013403 -0.915929 0 -0.4013403 0.1103928 0 0.9938881 0.1103928 0 0.993888 0.1103929 0 0.993888 0 1 0 0 -1 0 -0.8816164 0 -0.4719665 -0.8816164 0 -0.4719666 -0.8816165 0 -0.4719666 0.03207373 0 0.9994856 0.03207373 0 0.9994855 0.03207373 0 0.9994856 0 1 0 0 -1 0 -0.8418701 0 -0.5396803 -0.8418701 0 -0.5396802 -0.8418701 0 -0.5396803 -0.04644423 0 0.9989209 -0.04644423 0 0.9989209 -0.04644423 0 0.9989209 0 1 0 0 -1 0 -0.7969319 0 -0.6040692 -0.7969319 0 -0.6040692 -0.7969319 0 -0.6040692 -0.1246742 0 0.9921977 -0.1246742 0 0.9921977 -0.1246742 0 0.9921978 0 1 0 0 -1 0 -0.7470792 0 -0.6647351 -0.7470792 0 -0.664735 -0.7470793 0 -0.6647351 -0.2021368 0 0.9793573 -0.2021368 0 0.9793573 -0.2021368 0 0.9793574 0 1 0 0 1 0 0 -1 0 0 -1 0 -0.5712565 0 -0.8207716 -0.5712565 0 -0.8207716 -0.5712565 0 -0.8207716 -0.4251796 0 0.905109 -0.4251796 0 0.9051091 -0.4251796 0 0.9051091 0 1 0 0 -1 0 -0.5051015 0 -0.8630599 -0.5051015 0 -0.8630599 -0.5051015 0 -0.8630599 -0.4948802 0 0.8689612 -0.4948802 0 0.8689612 -0.4948802 0 0.8689612 0 1 0 0 -1 0 -0.633893 0 -0.7734208 -0.633893 0 -0.7734208 -0.633893 0 -0.7734208 -0.3528558 0 0.9356777 -0.3528559 0 0.9356777 -0.3528558 0 0.9356777 0 1 0 0 -1 0 -0.6926234 0 -0.7212994 -0.6926234 0 -0.7212994 -0.6926234 0 -0.7212994 -0.2783489 0 0.96048 -0.2783489 0 0.96048 -0.2783489 0 0.9604801 0 1 0 0 -1 0 -0.3638734 0 -0.9314484 -0.3638734 0 -0.9314484 -0.3638734 0 -0.9314484 -0.6247258 0 0.7808443 -0.6247257 0 0.7808443 -0.6247257 0 0.7808443 0 1 0 0 -1 0 -0.4358307 0 -0.9000288 -0.4358306 0 -0.9000287 -0.4358306 0 -0.9000287 -0.5615359 0 0.8274524 -0.5615359 0 0.8274524 -0.5615359 0 0.8274524 0 1 0 0 -1 0 -0.2896663 0 -0.9571277 -0.2896663 0 -0.9571277 -0.2896663 0 -0.9571277 -0.6840606 0 0.7294251 -0.6840606 0 0.7294251 -0.6840606 0 0.7294252 0 1 0 0 -1 0 -0.2136815 0 -0.9769033 -0.2136815 0 -0.9769034 -0.2136815 0 -0.9769034 -0.7391857 0 0.6735017 -0.7391857 0 0.6735017 -0.7391857 0 0.6735017 0 1 0 0 -1 0 -0.1363734 0 -0.9906575 -0.1363734 0 -0.9906575 -0.1363734 0 -0.9906576 -0.7897486 0 0.6134307 -0.7897486 0 0.6134307 -0.7897486 0 0.6134307 0 1 0 0 -1 0 -0.05822068 0 -0.9983038 -0.05822068 0 -0.9983037 -0.05822068 0 -0.9983038 -0.8354433 0 0.5495767 -0.8354433 0 0.5495767 -0.8354433 0 0.5495767 0 1 0 0 -1 0 0.02027291 0 -0.9997945 0.02027291 0 -0.9997945 0.02027291 0 -0.9997945 -0.8759859 0 0.4823366 -0.875986 0 0.4823366 -0.8759859 0 0.4823366 0 1 0 0 1 0 0 -1 0 0 -1 0 0.09866094 0 -0.9951211 0.09866094 0 -0.9951211 0.09866094 0 -0.9951211 -0.9111298 0 0.4121195 -0.9111298 0 0.4121196 -0.9111298 0 0.4121196 0 1 0 0 -1 0 0.1764321 0 -0.9843128 0.1764321 0 -0.9843128 0.1764321 0 -0.9843128 -0.9406562 0 0.339361 -0.9406562 0 0.339361 -0.9406562 0 0.339361 0 1 0 0 -1 0 0.2531154 0 -0.9674361 0.2531154 0 -0.9674361 0.2531154 0 -0.9674361 -0.964382 0 0.2645136 -0.964382 0 0.2645135 -0.9643821 0 0.2645135 0 1 0 0 -1 0 0.3282394 0 -0.9445946 0.3282394 0 -0.9445946 0.3282394 0 -0.9445946 -0.9821626 0 0.1880333 -0.9821627 0 0.1880333 -0.9821626 0 0.1880332 0 1 0 0 -1 0 0.4013351 0 -0.9159313 0.4013351 0 -0.9159314 0.4013351 0 -0.9159312 -0.9938879 0 0.1103942 -0.9938879 0 0.1103942 -0.993888 0 0.1103942 0 1 0 0 -1 0 0.4719681 0 -0.8816156 0.4719682 0 -0.8816156 0.4719681 0 -0.8816156 -0.9994856 0 0.03207367 -0.9994855 0 0.03207367 -0.9994856 0 0.03207367 0 1 0 0 1 0 0 -1 0 0 -1 0 0.5396864 0 -0.8418661 0.5396864 0 -0.8418661 0.5396865 0 -0.8418661 -0.9989209 0 -0.04644292 -0.9989209 0 -0.04644292 -0.998921 0 -0.04644292 0 1 0 0 -1 0 0.6040715 0 -0.7969301 0.6040715 0 -0.7969301 0.6040714 0 -0.7969301 -0.9921976 0 -0.1246752 -0.9921976 0 -0.1246752 -0.9921976 0 -0.1246752 0 1 0 0 -1 0 0.6647357 0 -0.7470787 0.6647357 0 -0.7470786 0.6647357 0 -0.7470787 -0.9793573 0 -0.2021369 -0.9793573 0 -0.202137 -0.9793573 0 -0.2021369 0 1 0 0 -1 0 1 0 0 1 0 0 1 0 0 1 0 0 1 0 0 1 0 0 1 0 0 1 0 0 1 0 0 1 0 0 -0.01569771 0.06775164 -0.9975787 0.03443175 -0.2626856 -0.9642669 0.09445434 -0.2055401 -0.9740799 -0.02121359 -0.8609663 -0.5082195 0.07402253 -0.6882485 -0.7216888 0.04697126 -0.7092625 -0.7033779 -0.01960426 -0.4649581 -0.8851155 -0.01960426 -0.4649586 -0.8851153 -0.02121359 -0.8609667 -0.5082189 0.05614066 -0.9654706 -0.2543911 0.05764681 -0.9649649 -0.2559679 0.07812303 -0.9618905 0.2620374 0 -0.989995 0.1411027 0 -0.99835 -0.05742323 -0.01024401 -0.5796633 0.8147918 0.130193 -0.7656764 0.6299123 0.01838707 -0.7040357 0.7099264 -0.008649528 -0.9133589 0.4070636 -0.008649528 -0.9133582 0.407065 -0.01024401 -0.5796638 0.8147913 0.02169674 -0.2547327 0.9667681 0.115594 -0.3345876 0.9352482 -0.0196048 0.4649598 0.8851147 0.09445476 0.2055391 0.97408 0.03443169 0.2626851 0.9642671 -0.01569771 -0.06775164 0.9975787 -0.01569771 -0.06775391 0.9975786 -0.0196048 0.4649582 0.8851155 0.04697084 0.7092626 0.7033779 0.07402276 0.688248 0.7216892 0 0.9983499 0.05742347 0.05764639 0.9649651 0.2559675 0.05614066 0.9654706 0.2543911 -0.02121359 0.8609666 0.5082189 -0.02121359 0.8609663 0.5082195 0 0.9899951 -0.1411024 0.07812333 0.9618905 -0.2620374 -0.008649528 0.9133579 -0.4070659 -0.008649528 0.9133588 -0.4070636 0.01838707 0.704036 -0.7099262 0.1301926 0.7656764 -0.6299123 -0.01569771 0.06775391 -0.9975786 0.115594 0.3345876 -0.9352482 0.02169674 0.2547327 -0.9667681 -0.01024448 0.5796685 -0.814788 -0.01024448 0.5796632 -0.8147917 1 0 0 1 0 0 1 0 0 1 0 0 1 0 0 1 0 0 1 0 0 1 0 0 1 0 0 1 0 0 1 0 0 1 0 0 1 0 0 1 0 0 1 0 0 1 0 0 1 0 0 1 0 0 1 0 0 1 0 0 1 0 0 1 0 0 1 0 0 1 0 0 1 0 0 1 0 0 1 0 0 1 0 0 1 0 0 1 0 0 1 0 0 1 0 0 1 0 0 1 0 0 1 0 0 1 0 0 1 0 0 1 0 0 1 0 0 1 0 0 1 0 0 1 0 0 1 0 0 1 0 0 1 0 0 1 0 0 1 0 0 1 0 0 1 0 0 1 0 0 1 0 0 1 0 0 1 0 0 1 0 0 1 0 0 1 0 0 1 0 0 1 0 0 1 0 0 1 0 0 1 0 0 1 0 0 1 0 0 1 0 0 1 0 0 1 0 0 1 0 0 1 0 0 -0.1744056 -0.4472398 0.8772453 0.1756798 -0.06766009 0.9821195 0.1028983 -0.3340967 0.9369051 0.02557635 -0.5769608 0.8163713 0.02651214 -0.4540419 0.8905857 -0.1485957 -0.6730706 0.7244966 -0.02651363 -0.4614458 -0.8867721 0.1485947 -0.6790837 -0.7188637 -0.1859815 -0.573744 -0.7976394 0.1880621 -0.8423566 -0.5050426 0.185983 -0.5670775 0.8023924 -0.06084746 -0.7708288 0.6341298 0.06545692 -0.8515161 0.5202267 0.03922206 -0.91391 0.4040175 0.03996855 -0.8526641 0.5209285 -0.0663802 -0.9125938 0.403443 0.06535714 -0.9599987 0.2722698 -0.06585288 -0.9879859 0.1398115 0 -0.9975082 0.07055014 0 -0.9980614 -0.06223672 0.06585282 -0.9891165 -0.1315751 -0.06535702 -0.9622339 -0.2642619 0.06637996 -0.9159238 -0.3958249 -0.0399686 -0.8569753 -0.5138053 -0.03922218 -0.9172415 -0.396396 -0.09184777 -0.7742397 -0.6261924 -4.92219e-4 0.06873017 -0.9976352 0.1205253 -0.2020398 -0.9719329 -0.1756803 -0.07583969 -0.9815217 0.1744062 -0.4545338 -0.8734882 -0.1028996 -0.3418909 -0.934089 -0.02557766 -0.5837417 -0.8115365 -0.1744082 0.4472407 -0.8772442 0.175678 0.06766015 -0.9821198 -0.1205261 0.1939351 -0.9735824 4.92648e-4 -0.07704257 -0.9970277 0.1028983 0.3340967 -0.9369051 0.0255779 0.5769564 -0.8163744 0.02651381 0.4540419 -0.8905857 -0.1485939 0.6730703 -0.7244972 -0.02651196 0.4614458 0.8867722 0.1485965 0.679084 0.718863 -0.1859815 0.573744 0.7976394 0.1880621 0.8423566 0.5050426 0.1859784 0.5670794 -0.8023921 -0.06084978 0.7708287 -0.6341297 0.06545495 0.8515161 -0.5202267 0.03922212 0.9139068 -0.4040246 0.03996855 0.8526641 -0.5209285 -0.0663802 0.9125938 -0.403443 0.06535714 0.9599987 -0.2722698 -0.06585288 0.9879859 -0.1398115 0 0.9975082 -0.07055014 0 0.9980614 0.06223672 0.06585258 0.9891165 0.1315748 -0.0653575 0.962234 0.2642613 0.06638073 0.9159234 0.3958256 -0.0399686 0.8569741 0.5138073 -0.03922218 0.9172415 0.396396 -0.09184777 0.7742397 0.6261924 -0.1205243 -0.1939351 0.9735826 4.90732e-4 0.07703423 0.9970284 -4.94077e-4 -0.06873023 0.9976352 0.1205235 0.2020399 0.9719331 -0.1756765 0.07584226 0.9815222 0.1744078 0.4545336 0.8734879 -0.1028997 0.3418901 0.9340893 -0.02557611 0.5837461 0.8115334 1 0 0 1 0 0 1 0 0 1 0 0 1 0 0 1 0 0 1 0 0 1 0 0 1 0 0 1 0 0 1 0 0 1 0 0 1 0 0 1 0 0 1 0 0 1 0 0 1 0 0 1 0 0 1 0 0 1 0 0 1 0 0 1 0 0 1 0 0 1 0 0 1 0 0 1 0 0 1 0 0 1 0 0 1 0 0 1 0 0 1 0 0 1 0 0 1 0 0 1 0 0 1 0 0 1 0 0 1 0 0 1 0 0 1 0 0 1 0 0 1 0 0 1 0 0 1 0 0 1 0 0 1 0 0 1 0 0 1 0 0 1 0 0 1 0 0 0.1854203 -0.2409322 -0.9526652 0.1798202 -0.2393916 -0.954126 -0.05346417 -0.4634095 -0.88453 -0.06397461 -0.8197376 -0.5691551 0.1921761 -0.6538168 -0.7318416 0.1596339 -0.6493405 -0.7435549 -0.05346423 -0.4634085 -0.8845305 0.2111584 -0.9153695 -0.3427987 0.1615074 -0.9176347 -0.3631279 -0.06397461 -0.8197388 -0.5691533 -0.05667322 -0.9318988 0.3582636 0.1225039 -0.9754575 0.1829627 0 -0.9919352 0.1267458 0 -0.9998911 -0.01476061 0.01390266 -0.998322 -0.05621504 -0.05279165 -0.9872119 -0.1504186 -0.05279165 -0.987212 -0.1504182 -0.06531858 -0.6561785 0.7517733 0.1835865 -0.8066629 0.5617749 0.1764126 -0.8091059 0.5605589 -0.05667322 -0.931899 0.3582631 -0.05664438 -0.237411 0.9697563 0.1808437 -0.453429 0.872753 0.1942135 -0.4483137 0.8725228 -0.06531858 -0.6561794 0.7517726 -0.06494235 0.2446662 0.9674301 0.1863622 0.004093289 0.9824726 0.1734841 -2.18432e-4 0.9848367 -0.05664438 -0.2374099 0.9697567 -0.06481015 0.6563934 0.7516298 0.1969224 0.459236 0.8662124 0.1831225 0.4562253 0.8708184 -0.06494235 0.2446665 0.9674301 -0.04809951 0.9287663 0.3675315 0.1891685 0.8104413 0.5544368 0.1690906 0.8095926 0.5621106 -0.06481015 0.656393 0.7516301 0.05409497 0.982921 0.1758981 0.1248297 0.9808579 0.1494502 -0.04809951 0.9287653 0.3675344 -0.06553125 0.8202306 -0.5682672 0.1892855 0.9166547 -0.352016 0.1903464 0.9163337 -0.3522795 -0.06473475 0.9898546 -0.1264802 -0.06460887 0.9958304 -0.0644015 0 0.9919353 -0.1267455 0 0.9998911 0.01476061 -0.06110095 0.4561609 -0.8877972 0.1780609 0.6494515 -0.7392612 0.1876523 0.6459022 -0.7399981 -0.06553125 0.8202314 -0.5682658 -0.0645768 2.21332e-4 -0.9979128 -0.0645768 2.19643e-4 -0.9979127 0.1920509 0.230889 -0.9538379 0.1845906 0.2337059 -0.9546244 -0.06110095 0.4561623 -0.8877964 1 0 0 1 0 0 1 0 0 1 0 0 1 0 0 1 0 0 1 0 0 1 0 0 1 0 0 1 0 0 1 0 0 1 0 0 1 0 0 1 0 0 1 0 0 1 0 0 1 0 0 1 0 0 1 0 0 1 0 0 1 0 0 1 0 0 1 0 0 1 0 0 1 0 0 1 0 0 1 0 0 1 0 0 1 0 0 1 0 0 1 0 0 1 0 0 1 0 0 1 0 0 1 0 0 1 0 0 1 0 0 1 0 0 1 0 0 1 0 0 1 0 0 1 0 0 1 0 0 1 0 0 1 0 0 1 0 0 1 0 0 1 0 0 1 0 0 1 0 0 1 0 0 1 0 0 1 0 0 1 0 0 1 0 0 1 0 0 1 0 0 1 0 0 1 0 0 1 0 0 1 0 0 1 0 0 1 0 0 1 0 0 1 0 0 1 0 0 1 0 0 1 0 0 1 0 0 1 0 0 1 0 0 1 0 0 1 0 0 1 0 0 1 0 0 1 0 0 1 0 0 1 0 0 1 0 0 1 0 0 0.005065202 0.2492054 0.9684374 -0.02103221 0.2362268 0.9714702 0.0207557 0.0147342 0.9996761 -1.24329e-5 -0.006404936 0.9999795 1.63137e-5 0.01473867 0.9998914 -0.0207538 -0.006404399 0.9997641 0.0210343 -0.2281257 0.9734045 -0.005061268 -0.2411282 0.9704802 0.00549972 -0.4570788 0.8894093 0.001487076 -0.4604119 0.8877041 0.001488029 -0.4570862 0.8894211 -0.002402722 -0.4604119 0.8877022 0.002355277 -0.659085 0.7520648 -0.002464473 -0.6607899 0.750567 0.002374053 -0.8207423 0.5712938 -0.001397013 -0.8228099 0.568315 -0.001396119 -0.8207445 0.5712938 -0.005252182 -0.8227981 0.5683095 0.005196332 -0.9337954 0.3577697 0.004661798 -0.9338892 0.3575322 -0.005083501 -0.9923961 0.1229795 -0.002517461 -0.9921113 0.1253352 -0.002517104 -0.9924058 0.122981 0 -0.9921143 0.1253361 0 -0.9931241 -0.1170654 0.005083262 -0.9933863 -0.1147069 -0.004662036 -0.9368354 -0.3497394 -0.004937291 -0.9367451 -0.3499776 -0.004937291 -0.9368344 -0.3497385 -0.005195379 -0.9367441 -0.3499765 0.005253612 -0.8275052 -0.5614334 -0.002373754 -0.8254737 -0.5644356 0.00246495 -0.6670205 -0.7450354 5.54305e-5 -0.6653296 -0.7465498 5.57529e-5 -0.667023 -0.7450371 -0.002355039 -0.6653289 -0.7465466 0.00240302 -0.4677911 -0.8838357 -0.005497872 -0.4644741 -0.8855697 0.005063354 -0.2492057 -0.9684374 -0.008327841 -0.2362716 -0.9716514 -0.008317053 -0.2491998 -0.9684165 -0.02103388 -0.2362262 -0.9714704 0.02075386 -0.01473397 -0.9996761 -0.02075392 0.006404042 -0.9997642 0.021034 0.2281242 -0.9734047 0.008316397 0.2411236 -0.9704588 0.008327126 0.2281682 -0.9735861 -0.005063056 0.2411277 -0.9704802 0.00549817 0.45708 -0.8894085 -0.002402722 0.4604115 -0.8877025 0.002355277 0.6590848 -0.752065 -5.65022e-5 0.6607921 -0.7505691 -5.61865e-5 0.6590871 -0.7520666 -0.002464473 0.6607897 -0.7505671 0.002374053 0.8207423 -0.5712936 -0.005254268 0.822799 -0.5683082 0.005195021 0.9337955 -0.3577695 0.004936695 0.9338878 -0.3575319 0.004936695 0.9337966 -0.3577703 0.004661798 0.9338888 -0.3575332 -0.005083501 0.9923962 -0.1229797 0 0.9921144 -0.1253359 0 0.9931244 0.1170648 0.002515971 0.9933959 0.1147084 0.002516329 0.993121 0.1170656 0.005083322 0.9933863 0.1147067 -0.004662036 0.9368356 0.3497392 -0.005195379 0.9367439 0.3499768 0.005253672 0.8275048 0.5614342 0.001395583 0.825475 0.564437 0.001396477 0.8275169 0.561439 -0.002373754 0.8254746 0.5644343 0.00246495 0.6670207 0.7450351 -0.00235641 0.6653278 0.7465475 0.002401411 0.4677894 0.8838367 -0.001484751 0.4644822 0.8855813 -0.001483857 0.4677924 0.8838371 -0.005496203 0.4644739 0.8855698 1 0 0 1 0 0 1 0 0 1 0 0 1 0 0 1 0 0 1 0 0 1 0 0 1 0 0 1 0 0 1 0 0 1 0 0 1 0 0 1 0 0 1 0 0 1 0 0 1 0 0 1 0 0 1 0 0 1 0 0 1 0 0 1 0 0 1 0 0 1 0 0 1 0 0 1 0 0 1 0 0 1 0 0 1 0 0 1 0 0 1 0 0 1 0 0 1 0 0 1 0 0 1 0 0 1 0 0 1 0 0 1 0 0 1 0 0 1 0 0 1 0 0 1 0 0 1 0 0 1 0 0 1 0 0 1 0 0 1 0 0 1 0 0 1 0 0 1 0 0 1 0 0 1 0 0 1 0 0 1 0 0 1 0 0 1 0 0 1 0 0 1 0 0 0.9285796 -0.0652756 -0.3653479 0.9284861 -0.0681011 -0.3650696 0.9284808 -0.06890636 -0.364932 0.9188879 -0.204212 -0.3375537 0.9274649 -0.07489734 -0.3663321 0.9289748 -0.06087172 -0.3651034 0.9296812 -0.05661088 -0.3639892 0.9393364 -0.001429021 -0.3429943 0.9369877 -9.54072e-6 -0.3493622 0.928973 0.05783891 -0.3656008 0.9285796 0.06222021 -0.3658807 0.9284859 0.06505441 -0.3656254 0.9284806 0.06586897 -0.3654928 0.9210416 0.1847295 -0.3428665 0.9275945 0.06992489 -0.3669864 0.9368979 -0.08264291 0.3396946 0.9275944 -0.06992465 0.3669865 0.9295483 -0.09658193 0.3558255 0.9280894 -0.0998407 0.3587228 0.9323061 -0.0912286 0.3499752 0.9323073 0.09413903 0.3492005 0.9280896 0.1028254 0.357878 0.9295767 0.0994789 0.3549521 0.9274648 0.07489871 0.3663321 0.9368972 0.08547145 0.3389961 0.9446249 0.07184219 0.3201913 0.9532716 0.05675005 0.2967365 0.8951858 0.001856982 0.4456893 0.892095 -0.0811758 0.4444963 0.9780519 8.67896e-4 0.2083595 0.9446254 -0.06917113 0.3207775 0.9254403 -0.141759 0.3513754 0.9254403 -0.1417591 0.3513754 0.9318857 -0.1896778 0.3092107 0.9297675 -0.28999 0.2268002 0.9286404 -0.2951153 0.2247976 0.9263372 -0.2265492 0.3009567 0.9263373 -0.2265495 0.3009564 0.928161 -0.368821 -0.04988282 0.9258832 -0.3477013 0.1477972 0.9258832 -0.3477013 0.1477972 0.9320769 -0.3480154 0.1005879 0.925624 -0.3747348 0.05285793 0.9256194 -0.377976 0.01905333 0.9275206 -0.3701081 0.05220532 0.9272226 -0.3717422 -0.0454542 0.9268105 -0.3482562 -0.140499 0.9268104 -0.3482558 -0.1405006 0.9315746 -0.3261091 -0.160691 0.925403 -0.3027855 -0.2279261 0.925403 -0.3027853 -0.2279263 0.9316675 -0.2458783 -0.2674692 0.9266809 -0.2315449 -0.2960566 0.9266809 -0.2315441 -0.296057 0.9278269 -0.1361949 -0.3472581 0.9304372 -0.1433539 -0.3372482 0.9276498 -0.07480716 -0.3658822 0.9277579 0.06984841 -0.3665876 0.9299921 0.1375261 -0.3408829 0.9283726 0.132811 -0.3471102 0.926449 0.2263844 -0.3007364 0.926449 0.2263838 -0.3007369 0.9318199 0.243379 -0.2692183 0.9254212 0.2984914 -0.2334489 0.9254212 0.2984912 -0.2334492 0.9313703 0.3252262 -0.1636378 0.9270759 0.3449994 -0.1466486 0.9270758 0.3449992 -0.1466493 0.9277223 0.3694733 -0.0531094 0.9275206 0.3701081 -0.05220532 0.9282537 0.3716192 0.01563 0.9260458 0.3500006 0.1412044 0.9320265 0.3489665 0.09771978 0.9255331 0.3758676 0.04595863 0.9255331 0.3758676 0.04595869 0.9260458 0.3500006 0.1412044 0.9293494 0.2949692 0.2220424 0.9291242 0.2960067 0.2216036 0.9261396 0.2323652 0.2971057 0.9261396 0.2323654 0.2971056 0.931987 0.1921097 0.307399 0.925495 0.1481686 0.3485758 0.925495 0.148169 0.3485757 0.5573292 0.6633517 0.4993481 0.5573347 -0.7699862 -0.3106434 0.8348928 0.2153182 0.5065493 0.8348936 0.3390852 0.4335595 0.8348989 0.3310202 -0.439738 0.8348965 -0.3390827 -0.433556 0.8348966 -0.4397413 -0.3310216 0.8364521 -0.1097795 -0.5369324 0.8500602 0.1055014 0.5160108 0.8365035 0.1112682 0.5365458 0.5391137 0.05906105 0.8401597 0.5389906 -0.0478059 0.8409541 -0.4658838 -0.1073932 0.8783047 0.7860704 -0.136998 0.6027644 0.5391137 -0.05906105 -0.8401597 0.5389906 0.0478059 -0.8409541 -0.4658838 0.1073932 -0.8783047 0.7860356 0.1370027 -0.6028086 0.9053242 0.07949548 -0.4172152 0.787113 0.1259938 -0.6038035 0.8297935 0.1027902 -0.5485226 0.5597882 0.1533573 -0.814321 0.5573347 0.3106432 -0.7699863 0.8348965 -0.5104323 -0.2059289 0.8348934 -0.5104366 -0.205931 0.8348962 -0.5104335 -0.2059271 0.8348994 -0.2153146 -0.5065398 0.8348995 0.2059271 -0.5104282 0.8348916 0.2059321 -0.5104392 0.8365353 0.1025526 -0.53823 0.8348939 0.4335592 -0.3390849 0.8348963 0.4335561 -0.3390829 0.834895 0.5450142 -0.07687658 0.8348952 0.5065453 -0.2153178 0.8348959 0.5065448 -0.2153166 0.8348954 0.5065454 -0.2153168 0.8348949 0.4335577 -0.3390845 0.834896 0.5104328 0.2059293 0.8348963 0.5463383 0.06680268 0.8348955 0.5463395 0.06680274 0.834894 0.4397442 0.3310241 0.8348966 0.4397413 0.3310218 0.8348965 0.5104323 0.2059291 0.9053242 -0.07949513 0.4172152 0.8366233 -0.1054599 0.5375311 0.8348947 -0.20593 0.5104348 0.8348951 -0.2059298 0.5104342 0.834894 -0.4335591 0.3390851 0.8348937 -0.3310241 0.439745 0.834895 -0.3310233 0.439743 0.8348959 -0.3310225 0.439742 0.8348961 -0.2059293 0.5104327 0.8348949 -0.5450142 0.07687664 0.8348953 -0.5065456 0.215317 0.8348961 -0.5065445 0.2153165 0.8348947 -0.5463407 -0.06680303 0.8348947 -0.5450145 0.07687664 0.5573278 -0.5115085 -0.654022 0.5573317 0.499347 -0.6633505 0.5573324 0.6540195 -0.5115067 0.557331 0.6540203 -0.5115072 0.5573308 0.764123 -0.3248052 0.55733 0.824153 0.100772 0.5573303 0.8241528 0.1007719 0.5573303 0.8221523 -0.1159681 0.5573329 0.3248048 0.7641216 0.7883381 -0.1134577 0.6046902 0.5597882 -0.1533566 0.8143212 0.5573347 -0.3106435 0.7699862 0.5573266 -0.3106459 0.769991 0.5573273 -0.4993489 0.6633527 0.5573298 -0.7641237 0.3248054 0.5573305 -0.7641232 0.3248052 0.5573311 -0.6540201 0.5115073 0.1954705 -0.9734596 -0.1190282 0.8348964 -0.5463383 -0.06680262 0.5573302 -0.8241529 -0.100772 0.5573321 -0.8241517 -0.1007717 0.19547 -0.9734597 -0.1190281 0.1954644 -0.9734608 -0.1190286 0.8348963 -0.4397415 -0.331022 0.8348954 -0.4397426 -0.3310228 0.5573244 -0.6633545 -0.4993499 0.5573266 -0.7699911 -0.3106459 0.1954683 -0.9094833 -0.3669227 0.1954622 -0.9094846 -0.3669229 0.1954717 -0.909483 -0.3669219 0.1954727 -0.7835264 -0.5898108 0.55733 -0.6633516 -0.4993475 0.5573285 -0.5115083 -0.6540216 0.8348972 -0.3390821 -0.4335551 0.834899 -0.3390795 -0.4335538 0.8348931 -0.215318 -0.5065489 0.557327 -0.3248057 -0.7641255 0.5573406 -0.3248028 -0.7641169 0.1954675 -0.3836488 -0.9025553 0.1954522 -0.3836485 -0.9025587 0.1954601 -0.7835281 -0.5898127 0.1954585 -0.6041762 -0.772507 0.1954622 -0.6041752 -0.772507 0.1954675 -0.6041747 -0.7725059 0.1954684 -0.3836486 -0.9025551 0.1954511 -0.1369773 -0.9711005 -0.4621202 -0.1238628 -0.8781247 0.5597515 -0.1670324 -0.8116518 0.7120527 -0.1400161 -0.6880236 0.8339396 -0.1099988 -0.540782 0.7081299 -0.1739072 -0.6843306 0.8500604 -0.1054995 -0.5160108 0.1955388 0.121491 -0.9731416 0.257069 0.1172906 -0.959249 0.1970914 -0.006576776 -0.980363 0.1954705 -0.1369776 -0.9710966 0.195476 0.3669224 -0.9094818 0.1954692 0.3669223 -0.9094833 0.5573266 0.3106456 -0.7699912 0.5573273 0.4993489 -0.6633527 0.8349 0.3310188 -0.439737 0.8348937 0.3310241 -0.439745 0.1954631 0.7725068 -0.604175 0.1954641 0.7725066 -0.6041749 0.1954624 0.5898129 -0.7835274 0.1954653 0.589812 -0.7835274 0.1954675 0.5898118 -0.783527 0.1954685 0.3669224 -0.9094833 0.1954633 0.902556 -0.3836491 0.1954658 0.9025558 -0.3836486 0.5573298 0.7641237 -0.3248054 0.5573316 0.8221514 -0.115968 0.8348947 0.5450145 -0.07687664 0.8348947 0.5463407 0.06680309 0.1954666 0.9025556 -0.3836486 0.1954674 0.9710971 -0.1369774 0.1954689 0.9710969 -0.1369773 0.1954705 0.9710965 -0.1369774 0.1954705 0.9734596 0.1190282 0.1954675 0.9734602 0.1190284 0.1954708 0.9094836 0.3669208 0.8348964 0.5104325 0.2059291 0.5573287 0.7699899 0.3106451 0.5573299 0.7699891 0.3106448 0.1954739 0.9094823 0.366922 0.1954671 0.9094836 0.3669227 0.1954659 0.7835272 0.589812 0.1954632 0.7835277 0.5898121 0.557335 0.6633488 0.4993457 0.5573349 0.5115056 0.6540182 0.8348945 0.3390846 0.4335584 0.8348932 0.3390859 0.4335598 0.1954669 0.7835274 0.5898115 0.1954675 0.6041745 0.7725061 0.5573343 0.5115059 0.6540186 0.5573346 0.3248044 0.7641206 0.8348968 0.2153162 0.5065435 0.8348963 0.2153167 0.5065442 0.1954672 0.6041746 0.7725061 0.1954676 0.6041747 0.7725059 0.1954684 0.3836486 0.9025551 0.1954625 0.3836489 0.9025564 0.1954622 0.1369782 0.9710981 0.195468 0.1369773 0.9710971 -0.4621254 0.1238628 0.8781219 0.5597436 0.1670336 0.811657 0.7120982 0.1400064 0.6879786 0.7118902 0.1400485 0.6881852 0.1954685 -0.3669226 0.9094833 0.1954655 -0.366923 0.9094838 0.1954654 -0.1190274 0.9734607 0.1954597 -0.1190284 0.9734618 0.1954705 -0.1190287 0.9734596 0.1954705 0.1369774 0.9710966 0.1954676 -0.5898106 0.7835279 0.1954728 -0.5898112 0.7835262 0.5573317 -0.499347 0.6633505 0.5573324 -0.6540194 0.5115069 0.8348971 -0.4335551 0.3390823 0.8348969 -0.5065434 0.2153162 0.1954715 -0.5898113 0.7835264 0.195471 -0.7725057 0.604174 0.1954649 -0.7725064 0.6041751 0.1954631 -0.7725067 0.6041752 0.1954632 -0.9025563 0.3836488 0.1954653 -0.9025558 0.3836487 0.1954666 -0.9025551 0.3836498 0.8348947 -0.5450146 0.07687664 0.5573316 -0.8221514 0.115968 0.5573301 -0.8221524 0.1159681 0.1954674 -0.9710971 0.1369774 0.1954706 -0.9710965 0.1369774 -0.02756839 -0.1877718 -0.9818258 -0.4881124 -0.121903 -0.8642256 0.2380774 -0.3799451 -0.8938461 0.2380774 -0.3799464 -0.8938456 -0.4483847 -0.473708 -0.757992 0.1597486 -0.6081469 -0.7775846 0.1597486 -0.6081472 -0.7775844 -0.2371356 -0.7776875 -0.5822104 -0.2599442 -0.7714738 -0.5807386 0.1714298 -0.9136441 -0.3686006 0.1714297 -0.9136439 -0.368601 -0.4509903 -0.8594672 -0.2406739 0.2336055 -0.9651434 -0.1180116 0.232905 -0.9716406 -0.04086512 -0.4064462 -0.8161845 0.4106635 0.01947277 -0.9924192 -0.1213464 -0.02024012 -0.9899951 0.1396431 -0.04127943 -0.9889826 0.1421598 0.03891223 -0.9196105 0.3908995 0.03891223 -0.919611 0.3908984 0.246728 -0.7633487 0.5970127 0.246728 -0.7633488 0.5970124 -0.4372352 -0.6031122 0.6671439 0.1205773 -0.597025 0.7931092 0.1205773 -0.5970237 0.7931101 -0.1761692 -0.351765 0.9193617 -0.3378134 -0.3521453 0.8728549 0.2006649 -0.1189 0.9724178 0.2006649 -0.1189013 0.9724177 -0.4551759 0.003709375 0.8903938 0.2160002 0.1363745 0.9668226 0.2160002 0.1363751 0.9668226 -0.3330087 0.3442832 0.8778235 -0.110109 0.3888159 0.9147121 0.09067857 0.6135203 0.7844554 0.09067863 0.6135202 0.7844555 -0.4269269 0.6119923 0.6657319 0.2488593 0.7738038 0.5824919 0.2488593 0.7738035 0.5824923 -0.4205859 0.813817 0.4010105 0.07380944 0.9248428 0.3731193 0.07380944 0.9248435 0.3731176 -0.07846766 0.9879219 0.1336157 0.01947277 0.9924192 0.1213466 -0.00664401 0.9987099 -0.05034345 0.2227934 0.9653099 -0.1361612 0.2227934 0.9653099 -0.1361611 -0.4543135 0.8558115 -0.2473576 0.1914715 0.9032806 -0.3839567 0.1914715 0.9032804 -0.3839572 -0.2892518 0.7614945 -0.5800513 -0.1833182 0.774352 -0.6056182 0.134836 0.5959213 -0.791642 0.134836 0.5959208 -0.7916424 -0.4416533 0.4691258 -0.7647636 0.2445074 0.3627835 -0.8992243 0.2445074 0.362784 -0.8992241 -0.3980302 0.1648085 -0.9024468 0 0.1238824 -0.9922969 0 -0.006708323 -0.9999775 2.22088e-6 0.9999914 -0.004165887 0 0.9999913 -0.004165887 -3.2966e-7 0.9999913 -0.004165887 1.6565e-7 0.9999913 -0.00416553 0 0.004166483 0.9999913 -4.33032e-7 0.004165887 0.9999913 0 0.004165291 0.9999913 0 -0.9999913 0.004165887 2.31983e-6 -0.9999913 0.004165887 -4.03907e-6 -0.9999914 0.004165887 2.05401e-6 -0.9999914 0.004165887 1 0 0 1 0 0 1 0 0 1 0 0 1 0 0 1 0 0 1 0 0 1 0 0 1 0 0 1 0 0 1 0 0 2.86461e-6 -0.9999914 0.004165887 0 -0.9999913 0.004165887 -3.2966e-7 -0.9999913 0.004165887 1.6565e-7 -0.9999913 0.00416553 0 -0.004173696 -0.9999913 -2.73179e-7 -0.004166483 -0.9999913 0 -0.004166305 -0.9999913 0 0.9999913 -0.004165887 2.31983e-6 0.9999913 -0.004165887 -3.56806e-6 0.9999914 -0.004165887 1.49547e-6 0.9999913 -0.004165887 1 0 0 1 0 0 1 0 0 1 0 0 1 0 0 1 0 0 1 0 0 1 0 0 1 0 0 1 0 0 1 0 0 0 -0.1991635 -0.9799663 0 -0.1991635 -0.9799662 0 -0.5590338 -0.8291449 0 -0.5590338 -0.8291449 0 -0.8337744 -0.5521053 0 -0.8337744 -0.5521054 0 -0.9815895 -0.1910029 0 -0.9815895 -0.1910029 0 0.9799641 -0.1991745 0 0.9799641 -0.1991745 0 0.8291451 -0.5590335 0 0.8291451 -0.5590335 0 0.5520935 -0.8337823 0 0.5520935 -0.8337823 0 0.1910229 -0.9815856 0 0.1910229 -0.9815856 0 -0.9799641 0.1991745 0 -0.9799641 0.1991745 0 -0.8291488 0.5590279 0 -0.8291488 0.559028 0 -0.5521017 0.8337767 0 -0.5521017 0.8337767 0 -0.1909999 0.98159 0 -0.1909999 0.98159 0 0.199175 0.979964 0 0.199175 0.979964 0 0.5590338 0.8291449 0 0.5590338 0.8291449 0 0.8337744 0.5521053 0 0.8337744 0.5521054 0 0.9815895 0.1910029 0 0.9815895 0.1910029 -1 0 0 -1 0 0 -1 0 0 -1 0 0 -1 0 0 -1 0 0 -1 0 0 -1 0 0 -1 0 0 -1 0 0 -1 0 0 -1 0 0 -1 0 0 -1 0 0 -1 0 0 -1 0 0 -1 0 0 -1 0 0 -1 0 0 -1 0 0 -1 0 0 -1 0 0 -1 0 0 -1 0 0 -1 0 0 -1 0 0 -1 0 0 -1 0 0 -1 0 0 -1 0 0 -1 0 0 -1 0 0 -1 0 0 -1 0 0 -1 0 0 -1 0 0 -1 0 0 0.9659258 0.2588191 0 0.9659258 0.2588191 0 0.7071068 0.7071068 0 0.7071068 0.7071068 0 0.2588194 0.9659258 0 0.2588194 0.9659258 0 -0.2588198 0.9659257 0 -0.2588198 0.9659257 0 -0.7071068 0.7071068 0 -0.7071068 0.7071068 0 -0.9659257 0.2588198 0 -0.9659257 0.2588198 0 -0.9659258 -0.2588194 0 -0.9659258 -0.2588194 0 -0.7071068 -0.7071068 0 -0.7071068 -0.7071068 0 -0.2588191 -0.9659258 0 -0.2588191 -0.9659258 0 0.2588187 -0.9659258 0 0.2588187 -0.9659258 0 0.7071068 -0.7071068 0 0.7071068 -0.7071068 0 0.9659258 -0.2588187 0 0.9659258 -0.2588187 0 0.9659257 0.2588198 0 0.9659257 0.2588198 0 0.7071068 0.7071068 0 0.7071068 0.7071068 0 0.2588198 0.9659257 0 0.2588198 0.9659257 0 -0.2588194 0.9659258 0 -0.2588194 0.9659258 0 -0.7071068 0.7071068 0 -0.7071068 0.7071068 0 -0.9659258 0.2588191 0 -0.9659258 0.2588191 0 -0.9659258 -0.2588187 0 -0.9659258 -0.2588187 0 -0.7071068 -0.7071068 0 -0.7071068 -0.7071068 0 -0.2588187 -0.9659258 0 -0.2588187 -0.9659258 0 0.2588191 -0.9659258 0 0.2588191 -0.9659258 0 0.7071068 -0.7071068 0 0.7071068 -0.7071068 0 0.9659258 -0.2588194 0 0.9659258 -0.2588194 0 0.9659258 0.2588194 0 0.9659258 0.2588194 0 0.7071068 0.7071068 0 0.7071068 0.7071068 0 0.2588191 0.9659258 0 0.2588191 0.9659258 0 -0.2588187 0.9659258 0 -0.2588187 0.9659258 0 -0.7071068 0.7071068 0 -0.7071068 0.7071068 0 -0.9659258 0.2588187 0 -0.9659258 0.2588187 0 -0.9659258 -0.2588191 0 -0.9659258 -0.2588191 0 -0.7071068 -0.7071068 0 -0.7071068 -0.7071068 0 -0.2588194 -0.9659258 0 -0.2588194 -0.9659258 0 0.2588198 -0.9659257 0 0.2588198 -0.9659257 0 0.7071068 -0.7071068 0 0.7071068 -0.7071068 0 0.9659257 -0.2588198 0 0.9659257 -0.2588198 0 0.9659258 0.2588187 0 0.9659258 0.2588187 0 0.7071068 0.7071068 0 0.7071068 0.7071068 0 0.2588187 0.9659258 0 0.2588187 0.9659258 0 -0.2588191 0.9659258 0 -0.2588191 0.9659258 0 -0.7071068 0.7071068 0 -0.7071068 0.7071068 0 -0.9659258 0.2588194 0 -0.9659258 0.2588194 0 -0.9659257 -0.2588198 0 -0.9659257 -0.2588198 0 -0.7071068 -0.7071068 0 -0.7071068 -0.7071068 0 -0.2588198 -0.9659257 0 -0.2588198 -0.9659257 0 0.2588194 -0.9659258 0 0.2588194 -0.9659258 0 0.7071068 -0.7071068 0 0.7071068 -0.7071068 0 0.9659258 -0.2588191 0 0.9659258 -0.2588191 0 0.9843753 0.176082 -6.75802e-4 -0.3419414 -0.9396108 0.01441091 -0.4223967 -0.9058323 -0.03238666 -0.4090127 -0.9111723 -0.04973447 -0.434849 -0.9001638 -0.02472668 -0.4348531 -0.9001619 -0.02472311 -0.4504369 -0.8927077 -0.01340168 -0.4504319 -0.8927102 -0.01340508 -0.4609253 -0.887409 -0.007290363 -0.4610319 -0.8873541 -0.007228493 -0.4709435 -0.882161 -0.002040565 -0.4675008 -0.8839772 0.005228459 -0.458189 -0.8887687 0.01236814 -0.4581965 -0.888765 0.012362 -0.4462808 -0.8945919 0.02321428 -0.4462882 -0.8945882 0.023207 -0.4252809 -0.9037408 0.04887378 -0.4252777 -0.9037421 0.04887795 -0.4219912 -0.904963 0.05445629 -0.3995329 -0.9162675 0.02876311 -0.3419413 -0.9396108 0.01441091 -0.258683 -0.9654182 -0.0324164 -0.2196586 -0.9754421 0.0162158 -0.2196576 -0.9754423 0.0162158 -0.08713847 -0.995999 -0.01981651 -0.07376384 -0.9972758 0 0.07376384 -0.9972758 0 0.08713847 -0.995999 -0.01981651 0.2196576 -0.9754423 0.0162158 0.2196586 -0.9754421 0.0162158 0.258683 -0.9654182 -0.0324164 0.3419413 -0.9396108 0.01441091 0.3418948 -0.9394829 -0.0219016 0.4221066 -0.9052104 0.04919391 0.4103417 -0.9091073 0.07171887 0.4372844 -0.8987073 0.03328204 0.4372881 -0.8987056 0.03327727 0.4527982 -0.8914518 0.01695185 0.4527938 -0.891454 0.01695615 0.4631046 -0.8862631 0.008481919 0.4631924 -0.8862179 0.008410155 0.4718877 -0.8816561 0.002129971 0.474894 -0.880043 0 0.4657199 -0.8849195 -0.004729628 0.4558889 -0.8899791 -0.01012951 0.4558975 -0.8899747 -0.01012456 0.4438605 -0.895919 -0.01780074 0.443869 -0.8959149 -0.01779508 0.4230759 -0.9054127 -0.03513598 0.4230727 -0.9054141 -0.03513872 0.4223448 -0.9057212 -0.03597182 0.3992311 -0.9166597 -0.01869529 0.3419414 -0.9396108 0.01441091 0.08711606 -0.9957429 0.03011339 0.2196198 -0.9752742 -0.02464377 0.2587406 -0.965633 -0.02462375 0.2189507 -0.9722982 0.08183431 0.3418948 -0.9394831 -0.0219016 -0.08711606 -0.9957429 0.03011339 -0.07376384 -0.9972757 0 0.07376384 -0.9972757 0 -0.3418948 -0.9394829 -0.0219016 -0.3418948 -0.9394831 -0.0219016 -0.2585051 -0.9647542 0.04923909 -0.2196208 -0.975274 -0.02464377 -0.2196198 -0.9752742 -0.02464377 -0.9877553 0.1560098 5.5817e-4 -0.9877553 0.1560102 5.58141e-4 -0.9877544 0.1560159 5.57355e-4 -0.9912786 0.1312897 0.01139336 -0.991276 0.1313096 0.01138389 -0.9912764 0.1313069 0.01138669 -0.9934543 0.1062692 0.04189765 -0.9934542 0.1062715 0.04189342 -0.9902114 0.07728391 0.1162261 -0.9923902 0.08682274 0.08731263 -0.9969331 0.06202822 0.04771679 -0.9998717 0.01601403 4.55226e-5 -0.9689464 0.2457019 -0.02780956 -0.9689463 0.2457026 -0.02780866 -0.9658806 0.2584797 -0.01621592 -0.9658803 0.2584811 -0.01621466 -0.9658648 0.2585414 -0.01617437 -0.9628167 0.2700211 -0.00851792 -0.9586796 0.2844873 -7.49496e-4 -0.9625081 0.2711457 0.00763297 -0.9625333 0.2710545 0.007692754 -0.9655373 0.2598412 0.01484322 -0.9655367 0.2598435 0.01484131 -0.9684634 0.2479358 0.02462673 -0.9684632 0.2479369 0.02462559 -0.9714496 0.233627 0.0412811 -0.9659042 0.2588132 0.006689727 -0.9833569 0.1816836 -3.4552e-4 -0.9833565 0.1816868 -3.45519e-4 -0.9885824 0.1506689 -0.001955926 -0.984415 0.1758592 7.55592e-4 -0.9659255 0.2588189 7.52883e-4 -0.9717918 0.2311048 -0.04702508 -0.9717917 0.2311056 -0.04702389 -0.993456 0.08691596 -0.07409995 -0.9853863 0.07290416 -0.1539441 -0.9853875 0.07290655 -0.1539355 -0.9931775 0.1023153 -0.05594694 -0.9931775 0.1023178 -0.05594146 -0.9918145 0.1265864 -0.01672697 -0.9918142 0.1265895 -0.01672333 -0.9885889 0.150626 -0.001960337 -0.9885889 0.1506257 -0.001960515 -0.9885903 0.1506167 -0.001961946 -0.9853462 -0.1705647 8.46687e-4 -0.9853474 -0.1705574 8.4569e-4 -0.989329 -0.1456515 -0.003728985 -0.989329 -0.1456511 -0.003729224 -0.9923388 -0.121519 -0.02228921 -0.9923387 -0.1215201 -0.02228808 -0.9928322 -0.09653067 -0.07047092 -0.9928319 -0.09652602 -0.0704807 -0.9928317 -0.09652417 -0.07048738 -0.9902861 -0.08663862 -0.1087529 -0.9991109 -0.03764277 -0.01898127 -0.9991113 -0.03763771 -0.01897549 -0.9999607 0.004559874 0.007602572 -0.9999608 0.004554629 0.007602572 -0.9659258 -0.258819 -7.55248e-5 -0.9734097 -0.2199293 0.06406718 -0.970995 -0.2360665 0.03796362 -0.9709943 -0.2360705 0.03795802 -0.9679325 -0.2502005 0.0225054 -0.9679297 -0.2502123 0.02249288 -0.9679306 -0.2502083 0.0224961 -0.9648532 -0.2624691 0.01297014 -0.9648532 -0.2624692 0.01297008 -0.9614856 -0.2747976 0.005639612 -0.9614861 -0.2747955 0.005640745 -0.9601326 -0.2795258 -0.003258347 -0.9601368 -0.2795115 -0.003265321 -0.9636299 -0.2670398 -0.01035797 -0.9636298 -0.2670401 -0.01035779 -0.9665604 -0.2557818 -0.01835274 -0.9665596 -0.2557846 -0.01835042 -0.9695822 -0.2427838 -0.03108942 -0.9695812 -0.242788 -0.03108489 -0.9722768 -0.2278944 -0.05236625 -0.9658997 -0.258812 -0.007355213 -0.9853482 -0.1705531 8.45358e-4 -0.9853483 -0.1705524 8.45358e-4 -0.9998726 0.01596701 0 -0.9998085 -0.01956886 0 -0.9927968 -0.08685833 0.08252471 -0.9917595 -0.08320802 0.09741383 -0.9917588 -0.08320444 0.09742528 -0.9932513 -0.1106901 0.03463554 -0.9932511 -0.1106935 0.03462862 -0.9932496 -0.1107152 0.03460472 -0.9907673 -0.135297 0.008657336 -0.9907674 -0.1352959 0.008657872 -0.9871203 -0.1599801 -7.47504e-5 -0.9871196 -0.1599841 -7.53826e-5 -0.9871188 -0.1599886 -7.58935e-5 0.9879609 0.1547006 -8.8462e-4 0.9879617 0.1546961 -8.85228e-4 0.9879621 0.154694 -8.85583e-4 0.9913804 0.1304106 -0.0125643 0.9913806 0.1304095 -0.01256489 0.9913807 0.130409 -0.01256549 0.9933483 0.1059116 -0.04518771 0.9933483 0.1059125 -0.04518598 0.9890609 0.07726979 -0.1256495 0.9919292 0.08678239 -0.09244084 0.9969055 0.06080722 -0.04981851 0.9998846 0.01519477 0 0.9580522 0.2865927 7.44443e-4 0.9659256 0.2588189 -6.73386e-4 0.9721213 0.2300964 0.04512047 0.9721202 0.2301029 0.04511141 0.9691625 0.2449538 0.02686184 0.9691627 0.244953 0.02686274 0.9660572 0.2578493 0.01572436 0.9660574 0.2578483 0.01572519 0.9660565 0.257852 0.01572281 0.9630305 0.2692626 0.008368372 0.9589275 0.2836503 7.04702e-4 0.9627884 0.2701382 -0.007994174 0.9627851 0.2701503 -0.00798732 0.965732 0.2590872 -0.01534259 0.9657315 0.2590892 -0.01534122 0.9657457 0.2590337 -0.01538842 0.9685834 0.2473946 -0.02533721 0.9685837 0.2473936 -0.02533829 0.9714925 0.2332304 -0.04249668 0.9659158 0.2588163 -0.004547476 0.9836917 0.1798621 4.79925e-4 0.9836906 0.179868 4.79925e-4 0.9999681 0.005852937 -0.005446612 0.9999679 0.005872249 -0.005446493 0.9982534 0.05089932 0.02999025 0.9942605 0.08698636 0.0622847 0.9889162 0.07058715 0.1306224 0.9889163 0.07058745 0.1306214 0.9936574 0.1012104 0.04900437 0.9936574 0.1012076 0.04900944 0.9918621 0.1264544 0.01479744 0.9918617 0.1264571 0.01479476 0.9885376 0.1509652 0.001722216 0.9885359 0.150976 0.001717209 0.9885333 0.150994 0.001714825 0.98561 -0.1690337 -7.25841e-4 0.9856139 -0.1690105 -7.22472e-4 0.9895504 -0.1441334 0.003948807 0.9895507 -0.1441314 0.003949761 0.9926034 -0.1194535 0.02166587 0.9926037 -0.1194501 0.02166932 0.9934682 -0.09307157 0.06602019 0.9934682 -0.09307038 0.06602239 0.9934673 -0.09306269 0.06604546 0.9925101 -0.08683323 0.08592849 0.9993165 -0.03492337 0.01212185 0.9999679 0.005870044 -0.005446612 0.9659258 -0.258819 1.13406e-5 0.970954 -0.2361668 -0.03838753 0.9709537 -0.2361686 -0.03838491 0.9679569 -0.2500867 -0.02271538 0.9679608 -0.2500697 -0.02273398 0.9679618 -0.2500657 -0.02273732 0.9649661 -0.2620432 -0.01317924 0.9649678 -0.2620371 -0.01318335 0.9616869 -0.2740902 -0.005738377 0.9605203 -0.2781885 0.003453195 0.9605175 -0.2781984 0.003447711 0.9640269 -0.2655946 0.01057106 0.9640254 -0.2656 0.01056742 0.9669647 -0.2542381 0.01849991 0.9669648 -0.254238 0.01850008 0.9700408 -0.240937 0.03114938 0.9700399 -0.240941 0.03114515 0.9728195 -0.2256217 0.05212575 0.965914 -0.2588158 0.004955649 0.9856145 -0.1690075 -7.23551e-4 0.9856129 -0.1690163 -7.23551e-4 0.9998092 -0.01953583 0 0.9998092 -0.01953613 -2.85781e-7 0.9921281 -0.0867998 -0.09026384 0.9912245 -0.08417528 -0.1019239 0.9912251 -0.08417767 -0.1019161 0.993166 -0.1110097 -0.03603118 0.993166 -0.1110067 -0.03603702 0.9907834 -0.1351485 -0.00912249 0.9907861 -0.135127 -0.009145975 0.9907861 -0.1351261 -0.009146451 0.9872161 -0.1593878 -1.46446e-5 0.9872149 -0.1593945 -1.36685e-5 0.9872156 -0.1593901 -1.42642e-5 0.9826637 -0.185397 1.13739e-5 0.9584984 0.2850979 0 0.9063078 0.4226183 0 0.9063078 0.4226183 0 0.8191521 0.5735764 0 0.8191521 0.5735764 0 0.7071068 0.7071068 0 0.7071068 0.7071068 0 0.5735764 0.8191521 0 0.5735764 0.8191521 0 0.4226183 0.9063078 0 0.4226183 0.9063078 0 0.258819 0.9659258 0 0.258819 0.9659258 0 0.08715558 0.9961947 0 0.08715558 0.9961947 0 -0.08715558 0.9961947 0 -0.08715558 0.9961947 0 -0.258819 0.9659258 0 -0.258819 0.9659258 0 -0.4226183 0.9063078 0 -0.4226183 0.9063078 0 -0.5735764 0.8191521 0 -0.5735764 0.8191521 0 -0.7071068 0.7071068 0 -0.7071068 0.7071068 0 -0.8191521 0.5735764 0 -0.8191521 0.5735764 0 -0.9063078 0.4226183 0 -0.9063078 0.4226183 0 -0.9582239 0.286019 0 -0.9577293 0.2876699 -7.92409e-4 0.474894 -0.880043 0 0.5735764 -0.8191521 0 0.5735764 -0.8191521 0 0.7071068 -0.7071068 0 0.7071068 -0.7071068 0 0.8191521 -0.5735764 0 0.8191521 -0.5735764 0 0.9063078 -0.4226183 0 0.9063078 -0.4226183 0 0.9583848 -0.2854793 0 0.960523 -0.2781791 0.003457784 -0.9581139 -0.2863875 0 -0.9063078 -0.4226183 0 -0.9063078 -0.4226183 0 -0.8191521 -0.5735764 0 -0.8191521 -0.5735764 0 -0.7071068 -0.7071068 0 -0.7071068 -0.7071068 0 -0.5735764 -0.8191521 0 -0.5735764 -0.8191521 0 -0.474894 -0.880043 0 -0.474894 -0.880043 0 0 0 1 0 0 1 0 0 1 0 0 1 0 0 1 0 0 1 0 0 1 0 0 1 0 0 1 0 0 1 0 0 1 0 0 1 0 0 1 0 0 1 0 0 1 0 0 1 0 0 1 0 0 1 0 0 1 0 0 1 0 0 1 0 0 1 0 0 1 0 0 1 0 0 1 0 0 1 0 0 1 0 0 1 0 0 1 0 0 1 0 0 1 0 0 1 0 0 1 0 0 1 0 0 1 0 0 1 0 0 1 0 0 1 0 0 1 0 0 1 0 0 1 0 0 1 0 0 1 0 0 1 0 0 1 0 0 1 0 0 1 0 0 1 0.9910377 0.1304726 -0.02865695 0.9235 0.3825263 -0.02865689 0.94693 0.3214398 0 0.9807853 0.1950901 0 0.7930275 0.6085115 -0.02865707 0.8314696 0.5555702 0 0.8968728 0.4422886 0 0.6085115 0.7930275 -0.02865707 0.6593461 0.7518396 0 0.7518396 0.6593461 0 0.3825263 0.9235 -0.02865689 0.4422886 0.8968728 0 0.5555702 0.8314696 0 0.1304726 0.9910377 -0.02865695 0.1950901 0.9807853 0 0.3214398 0.94693 0 -0.1304726 0.9910377 -0.02865695 -0.06540328 0.997859 0 0.06540328 0.997859 0 -0.3825263 0.9235 -0.02865689 -0.3214398 0.94693 0 -0.1950901 0.9807853 0 -0.6085115 0.7930275 -0.02865707 -0.5555702 0.8314696 0 -0.4422886 0.8968728 0 -0.7930275 0.6085115 -0.02865707 -0.7518396 0.6593461 0 -0.6593461 0.7518396 0 -0.9235 0.3825263 -0.02865689 -0.8968728 0.4422886 0 -0.8314696 0.5555702 0 -0.9910377 0.1304726 -0.02865695 -0.9807853 0.1950901 0 -0.94693 0.3214398 0 -0.9910377 -0.1304726 -0.02865695 -0.997859 -0.06540328 0 -0.997859 0.06540328 0 -0.9235 -0.3825263 -0.02865689 -0.94693 -0.3214398 0 -0.9807853 -0.1950901 0 -0.7930275 -0.6085115 -0.02865707 -0.8314696 -0.5555702 0 -0.8968728 -0.4422886 0 -0.6085115 -0.7930275 -0.02865707 -0.6593461 -0.7518396 0 -0.7518396 -0.6593461 0 -0.3825263 -0.9235 -0.02865689 -0.4422886 -0.8968728 0 -0.5555702 -0.8314696 0 -0.1304726 -0.9910377 -0.02865695 -0.1950901 -0.9807853 0 -0.3214398 -0.94693 0 0.1304726 -0.9910377 -0.02865695 0.06540328 -0.997859 0 -0.06540328 -0.997859 0 0.3825263 -0.9235 -0.02865689 0.3214398 -0.94693 0 0.1950901 -0.9807853 0 0.6085115 -0.7930275 -0.02865707 0.5555702 -0.8314696 0 0.4422886 -0.8968728 0 0.7930275 -0.6085115 -0.02865707 0.7518396 -0.6593461 0 0.6593461 -0.7518396 0 0.9235 -0.3825263 -0.02865689 0.8968728 -0.4422886 0 0.8314696 -0.5555702 0 0.997859 0.06540328 0 0.997859 -0.06540328 0 0.9910377 -0.1304726 -0.02865695 0.9807853 -0.1950901 0 0.94693 -0.3214398 0 0 0 1 0 0 1 0 0 1 0 0 1 0 0 1 0 0 1 0 0 1 0 0 1 0 0 1 0 0 1 0 0 1 0 0 1 0 0 1 0 0 1 0 0 1 0 0 1 0 0 1 0 0 1 0 0 1 0 0 1 0 0 1 0 0 1 0 0 1 0 0 1 0 0 1 0 0 1 0 0 1 0 0 1 0 0 1 0 0 1 0 0 1 0 0 1 0 0 1 0 0 1 0 0 1 0 0 1 0 0 1 0 0 1 0 0 1 0 0 1 0 0 1 0 0 1 0 0 1 0 0 1 0 0 1 0 0 1 0 0 1 0 0 1 0 0 1 0 0 1 0 0 1 0 0 1 0 0 1 0 0 1 0 0 1 0 0 1 0 0 1 0 0 1 0 0 1 0 0 1 0 0 1 0 0 1 0 0 1 0 0 1 0 0 1 0 0 1 0 0 1 0 0 1 0 0 1 0 0 1 0 0 1 0 0 1 0 0 1 0 0 1 0 0 1 0 0 1 0 0 1 0 0 1 0 0 1 0 0 1 0 0 1 0 0 1 0 0 1 0 0 1 0 0 1 0 0 1 0 0 1 0 0 1 0 0 1 0 0 1 0 0 1 0 0 1 0 0 1 0 0 1 0 0 1 0 0 1 0 0 1 0 0 1 0 0 1 0 0 1 0 0 1 0 0 1 0 0 1 0 0 1 0 0 1 0 0 1 0 0 1 0 0 1 0 0 1 0 0 1 0 0 1 0 0 1 0 0 1 0 0 1 0 0 1 0 0 1 0 0 1 0 0 1 0 0 1 0 0 1 0 0 1 0 0 1 0 0 1 0 0 1 0 0 1 0 0 1 0 0 1 0 0 1 0 0 1 0 0 1 0 0 1 0 0 1 0 0 1 0 0 1 0 0 1 0 0 1 0 0 1 0 0 1 0 0 1 0 0 1 0 0 1 0 0 1 0 0 1 0 0 1 0 0 1 0 0 1 0 0 1 0 0 1 0 0 1 0 0 1 0 0 1 0 0 1 0 0 1 0 0 1 0 0 1 0 0 1 0 0 1 0 0 1 0 0 1 0 0 1 0 0 1 0 0 1 0 0 1 0 0 1 0 0 1 0 0 1 0 0 1 0 0 1 0 0 1 0 0 1 0 0 1 0 0 1 0 0 1 0 0 1 0 0 1 0 0 1 0 0 1 0 0 1 0 0 1 0 0 1 0 0 1 0 0 1 -0.7234829 0.6898399 0.02633374 -0.7847218 0.6196888 -0.01405441 -0.8409778 0.5404632 0.02561098 -0.8602527 0.5095278 0.01862293 -0.8411071 0.540547 0.01864844 -0.8603972 0.5096139 -0.003203094 -0.9283579 0.3716584 0.004645824 -0.4152476 0.9092651 0.02839916 -0.4805442 0.8768814 -0.01250386 -0.5799357 0.8144056 0.02044713 -0.5931108 0.8049758 0.01527976 -0.5799889 0.814481 0.01528525 -0.59317 0.8050578 0.00557816 -0.7237125 0.6900582 -0.007740497 -0.6950592 0.7186853 0.01959979 -0.6950585 0.7186859 0.01959979 0.1422772 0.9895637 0.02282273 0.03341174 0.9993514 -0.01343369 -0.04756242 0.998479 0.02788263 -0.1000684 0.9947113 0.02314668 -0.04756939 0.9985986 0.02319359 -0.1000922 0.9949429 -0.008369863 -0.2357402 0.9717331 0.01270097 -0.2317962 0.9726562 0.01450806 -0.2357338 0.9717094 0.01450842 -0.2317861 0.9726194 0.01693344 -0.4153082 0.9093977 -0.02269172 -0.3592861 0.9328645 0.02602458 -0.3592866 0.9328643 0.02602458 0.4998183 0.8657108 0.02695351 0.4208936 0.9070028 -0.01395088 0.3269675 0.9447105 0.02478468 0.2962298 0.9549518 0.01774877 0.3270164 0.9448516 0.01776939 0.2962751 0.9551013 -0.001652956 0.1423144 0.9898186 0.002374589 0.1663068 0.9859392 0.01630836 0.1663085 0.9859389 0.01630836 0.7857336 0.617908 0.0285024 0.7415998 0.6707373 -0.01188361 0.6547413 0.7556116 0.01910454 0.6455559 0.7635672 0.01491981 0.6547879 0.7556653 0.01492291 0.6456091 0.7636299 0.007643461 0.4999724 0.8659774 -0.01052612 0.5379672 0.8427121 0.02067953 0.5379679 0.8427116 0.02067953 0.9951887 0.09502905 0.02385509 0.9798693 0.1991668 -0.01374423 0.9591308 0.2816264 0.02746999 0.9444426 0.3279484 0.02186191 0.9592629 0.2816646 0.02190339 0.9446445 0.3280159 -0.007233023 0.8887831 0.4581998 0.01084208 0.8924228 0.4509619 0.01466256 0.8887398 0.4581775 0.01466393 0.8923487 0.4509246 0.01951223 0.7857878 0.61795 -0.02598792 0.8241271 0.5657312 0.02761685 0.8241336 0.5657218 0.02761685 0.9591308 -0.2816264 0.02746999 0.9798693 -0.1991668 -0.01374423 0.9951887 -0.09502905 0.02385509 0.9976231 -0.06678271 0.01697695 0.9953283 -0.0950424 0.01699304 0.9977669 -0.06679308 0 0.995472 0.09505611 0 0.997623 0.06678342 0.01697695 0.9976231 0.06678271 0.01697695 0.7857336 -0.617908 0.0285024 0.8241336 -0.5657218 0.02761685 0.7857521 -0.617922 0.02767848 0.8243902 -0.5659118 -0.01116025 0.8886967 -0.4581552 0.01765841 0.8924227 -0.450962 0.01466256 0.8887398 -0.4581774 0.01466393 0.8924758 -0.4509887 0.009811758 0.9594067 -0.2817068 -0.01341432 0.9444434 -0.3279461 0.02186191 0.9444426 -0.3279484 0.02186191 0.3269675 -0.9447105 0.02478468 0.4208936 -0.9070028 -0.01395088 0.4998183 -0.8657108 0.02695351 0.5379679 -0.8427116 0.02067953 0.4998928 -0.8658396 0.02071559 0.5380727 -0.8428772 -0.005992829 0.654835 -0.7557197 0.008879899 0.6455561 -0.7635672 0.01491981 0.6547878 -0.7556653 0.01492291 0.6454687 -0.7634641 0.0221939 0.7415998 -0.6707373 -0.01188361 -0.04756242 -0.998479 0.02788263 0.03341174 -0.9993514 -0.01343369 0.1422772 -0.9895637 0.02282273 0.1663085 -0.9859389 0.01630836 0.1422959 -0.9896897 0.0163204 0.1663287 -0.9860688 0.00175631 0.327067 -0.9449979 -0.002477288 0.2962288 -0.9549521 0.01774877 0.2962298 -0.9549518 0.01774877 -0.4152476 -0.9092651 0.02839916 -0.3592866 -0.9328643 0.02602458 -0.4152738 -0.9093226 0.02608168 -0.3593887 -0.9331308 -0.01033347 -0.235728 -0.9716855 0.01610934 -0.231795 -0.9726565 0.01450806 -0.2357344 -0.9717092 0.01450842 -0.2318037 -0.9726876 0.01208287 -0.04757577 -0.9987329 -0.01640474 -0.1000689 -0.9947112 0.02314668 -0.1000684 -0.9947113 0.02314668 -0.8409778 -0.5404632 0.02561098 -0.7847218 -0.6196888 -0.01405441 -0.7234829 -0.6898399 0.02633374 -0.6950585 -0.7186859 0.01959979 -0.7235947 -0.6899459 0.01963049 -0.6951853 -0.7188157 -0.00464946 -0.5800432 -0.8145572 0.006814658 -0.59311 -0.8049764 0.01527982 -0.5799893 -0.8144807 0.01528525 -0.592995 -0.8048187 0.0249775 -0.4805442 -0.8768814 -0.01250386 -0.9815384 -0.1891761 0.02819228 -0.9643875 -0.2641727 -0.01302081 -0.9281497 -0.371575 0.02168637 -0.9205357 -0.3903411 0.01574265 -0.9282528 -0.3716163 0.01575112 -0.9206438 -0.3903869 0.003615379 -0.8412426 -0.5406342 -0.005057871 -0.8602524 -0.5095282 0.01862293 -0.8602527 -0.5095278 0.01862293 -0.9205358 0.3903411 0.01574265 -0.9205357 0.3903411 0.01574265 -0.9281497 0.371575 0.02168637 -0.9643875 0.2641727 -0.01302081 -0.9815384 0.1891761 0.02819228 -0.9907791 0.1332481 0.02453422 -0.9816319 0.1891941 0.02458631 -0.9910337 0.1332809 -0.009403705 -0.9998955 0 0.01445633 -0.9998955 0 0.01445633 -0.9998955 0 0.01445633 -0.9998955 0 0.01445633 -0.981742 -0.1892154 -0.01949769 -0.9907792 -0.1332467 0.02453416 -0.9907791 -0.1332481 0.02453422 0 0 1 0 0 1 0 0 1 0 0 1 0 0 1 0 0 1 0 0 1 0 0 1 0 0 1 0 0 1 0 0 1 0 0 1 0 0 1 0 0 1 0 0 1 0 0 1 0 0 1 0 0 1 0 0 1 0 0 1 0 0 1 0 0 1 0 0 1 0 0 1 0 0 1 0 0 1 0 0 1 0 0 1 0 0 1 0 0 1 0 0 1 0 0 1 0 0 1 0 0 1 0 0 1 0 0 1 0 0 1 0 0 1 0 0 1 0 0 1 0 0 1 0 0 1 0 0 1 0 0 1 0 0 1 0 0 1 0 0 1 0 0 1 0 0 1 0 0 1 0 0 1 0 0 1 0 0 1 0 0 1 0 0 1 0 0 1 0 0 1 0 0 1 0 0 1 0 0 1 0 0 1 0 0 1 0 0 1 0 0 1 0 0 1 0 0 1 0 0 1 0 0 1 0 0 1 0 0 1 0 0 1 0 0 1 0 0 1 0 0 1 0 0 1 0 0 1 0 0 1 0 0 1 0 0 1 0 0 1 0 0 1 0 0 1 0 0 1 0 0 1 0 0 1 0 0 1 0 0 1 0 0 1 0 0 1 0 0 1 0 0 1 0 0 1 0 0 1 0 0 1 0 0 1 0.9659258 0.2588192 0 0.9659258 0.2588192 0 0.7071067 0.7071068 0 0.7071067 0.7071068 0 0.2588199 0.9659256 0 0.2588199 0.9659256 0 -0.2588199 0.9659256 0 -0.2588199 0.9659256 0 -0.7071067 0.7071068 0 -0.7071067 0.7071068 0 -0.9659258 0.2588192 0 -0.9659258 0.2588192 0 -0.9659259 -0.2588189 0 -0.9659259 -0.2588189 0 -0.7071067 -0.7071068 0 -0.7071067 -0.7071068 0 -0.2588188 -0.9659259 0 -0.2588188 -0.9659259 0 0.2588188 -0.9659259 0 0.2588188 -0.9659259 0 0.7071067 -0.7071068 0 0.7071067 -0.7071068 0 0.9659259 -0.2588189 0 0.9659259 -0.2588189 0 -0.1861568 -0.6947464 0.6947467 -0.1861569 -0.6947461 0.694747 0.1861564 -0.6947462 0.6947472 0.1861568 -0.6947464 0.6947467 0.5085898 -0.5085898 0.6947465 0.5085899 -0.5085899 0.6947465 0.6947466 -0.1861565 0.6947467 -0.6947465 0.1861572 0.6947467 -0.6947472 0.1861566 0.694746 -0.6947472 -0.1861572 0.694746 -0.694747 -0.1861569 0.6947461 -0.5085902 -0.5085902 0.6947461 -0.5085901 -0.5085897 0.6947464 -0.1861569 -0.6947464 0.6947467 -0.1861572 0.6947465 0.6947467 -0.1861583 0.6947464 0.6947463 -0.5085902 0.5085902 0.6947461 -0.5085901 0.5085901 0.6947461 -0.6947464 0.1861583 0.6947463 0.6947461 -0.1861567 0.6947471 0.6947461 0.1861569 0.694747 0.6947464 0.1861568 0.6947467 0.6947464 0.1861569 0.6947467 0.5085898 0.5085898 0.6947465 0.5085899 0.5085904 0.6947461 0.1861571 0.6947469 0.6947462 0.186157 0.6947472 0.694746 -0.1861566 0.6947472 0.694746 0.1861568 -0.6947464 0.6947467 0.1861569 -0.6947464 0.6947467 0.5085898 -0.5085898 0.6947465 0.5085904 -0.5085899 0.6947461 0.6947469 -0.1861571 0.6947462 -0.6947464 0.1861568 0.6947467 -0.6947461 0.1861569 0.694747 -0.6947462 -0.1861564 0.6947472 -0.6947464 -0.1861568 0.6947467 -0.5085898 -0.5085898 0.6947465 -0.5085899 -0.5085899 0.6947465 -0.1861565 -0.6947466 0.6947467 -0.1861567 -0.6947461 0.6947471 0.1861569 -0.6947461 0.694747 0.1861572 0.6947465 0.6947467 0.1861566 0.6947472 0.694746 -0.1861572 0.6947472 0.694746 -0.1861569 0.694747 0.6947461 -0.5085902 0.5085902 0.6947461 -0.5085897 0.5085901 0.6947464 -0.6947464 0.1861569 0.6947467 0.6947472 -0.186157 0.694746 0.6947472 0.1861566 0.694746 0.6947465 0.1861572 0.6947467 0.6947464 0.1861583 0.6947463 0.5085902 0.5085902 0.6947461 0.5085901 0.5085901 0.6947461 0.1861583 0.6947464 0.6947463 0.1861572 -0.6947465 0.6947467 0.1861583 -0.6947464 0.6947463 0.5085902 -0.5085902 0.6947461 -0.6947464 -0.1861568 0.6947467 -0.6947464 -0.1861569 0.6947467 -0.5085898 -0.5085898 0.6947465 -0.5085899 -0.5085904 0.6947461 -0.1861571 -0.6947469 0.6947462 -0.186157 -0.6947472 0.694746 0.1861566 -0.6947472 0.694746 0.1861568 0.6947464 0.6947467 0.1861569 0.6947461 0.694747 -0.1861564 0.6947462 0.6947472 -0.1861568 0.6947464 0.6947467 -0.5085898 0.5085898 0.6947465 -0.5085899 0.5085899 0.6947465 -0.6947466 0.1861565 0.6947467 -0.6947461 0.1861567 0.6947471 -0.6947461 -0.1861569 0.694747 0.5085902 -0.5085902 0.6947461 0.6947464 -0.1861583 0.6947463 0.6947465 -0.1861572 0.6947467 0.6947472 -0.1861566 0.694746 0.6947472 0.1861572 0.694746 0.694747 0.1861569 0.6947461 0.5085902 0.5085902 0.6947461 0.5085901 0.5085897 0.6947464 0.1861569 0.6947464 0.6947467 -0.1861572 -0.6947465 0.6947467 -0.1861566 -0.6947472 0.694746 0.1861572 -0.6947472 0.694746 0.1861569 -0.694747 0.6947461 0.5085902 -0.5085902 0.6947461 -0.6947465 -0.1861572 0.6947467 -0.6947464 -0.1861583 0.6947463 -0.5085902 -0.5085902 0.6947461 -0.5085901 -0.5085901 0.6947461 -0.1861583 -0.6947464 0.6947463 -0.1861568 0.6947464 0.6947467 -0.1861569 0.6947464 0.6947467 -0.5085898 0.5085898 0.6947465 -0.5085904 0.5085899 0.6947461 -0.6947469 0.1861571 0.6947462 -0.6947472 0.186157 0.694746 -0.6947472 -0.1861566 0.694746 0.5085897 -0.5085901 0.6947464 0.6947464 -0.1861569 0.6947467 0.6947464 -0.1861568 0.6947467 0.6947461 -0.1861569 0.694747 0.6947462 0.1861564 0.6947472 0.6947464 0.1861568 0.6947467 0.5085898 0.5085898 0.6947465 0.5085899 0.5085899 0.6947465 0.1861565 0.6947466 0.6947467 0.1861567 0.6947461 0.6947471 -0.1861569 0.6947461 0.694747 0.5085896 0.5085897 0.694747 0.5085896 0.5085899 0.6947466 0.1861574 0.6947463 0.6947468 0.1861571 0.6947472 0.694746 -0.1861576 0.6947472 0.6947459 -0.1861569 0.6947464 0.6947467 -0.5085897 0.5085898 0.6947467 -0.5085895 0.5085898 0.6947469 -0.6947464 0.1861568 0.6947468 -0.6947466 0.1861568 0.6947466 -0.6947466 -0.1861566 0.6947466 -0.6947467 -0.1861568 0.6947464 -0.5085902 -0.5085904 0.6947459 -0.5085901 -0.5085896 0.6947466 -0.1861566 -0.6947466 0.6947467 -0.1861564 -0.6947473 0.6947461 0.1861568 -0.6947472 0.694746 0.1861562 -0.6947467 0.6947466 0.5085897 -0.5085898 0.6947467 0.5085905 -0.50859 0.694746 0.6947468 -0.1861567 0.6947464 0.6947466 -0.1861568 0.6947466 0.6947465 0.1861569 0.6947466 0.6947464 0.1861568 0.6947467 -0.4323046 -0.5633902 0.7040626 -0.4323047 -0.5633902 0.7040627 -0.271758 -0.6560818 0.7040627 -0.2717581 -0.6560819 0.7040627 -0.09269154 -0.7040626 0.7040625 -0.0926916 -0.7040626 0.7040627 0.09269154 -0.7040625 0.7040627 0.0926916 -0.7040627 0.7040627 0.2717581 -0.6560819 0.7040626 -0.4323046 0.5633902 0.7040626 -0.4323042 0.56339 0.704063 -0.5633899 0.4323044 0.704063 -0.5633903 0.4323045 0.7040627 -0.6560818 0.271758 0.7040627 -0.6560819 0.2717581 0.7040627 -0.7040626 0.09269154 0.7040625 -0.7040626 0.0926916 0.7040627 -0.7040625 -0.09269154 0.7040627 -0.7040627 -0.0926916 0.7040627 -0.6560819 -0.2717581 0.7040626 -0.6560818 -0.271758 0.7040627 -0.5633902 -0.4323046 0.7040627 -0.56339 -0.4323043 0.7040629 -0.4323042 -0.5633901 0.704063 0.4323046 0.5633902 0.7040626 0.4323047 0.5633902 0.7040627 0.271758 0.6560818 0.7040627 0.2717581 0.6560819 0.7040627 0.09269154 0.7040626 0.7040625 0.0926916 0.7040626 0.7040627 -0.09269154 0.7040625 0.7040627 -0.0926916 0.7040627 0.7040627 -0.2717581 0.6560819 0.7040626 -0.271758 0.6560818 0.7040627 -0.4323047 0.5633901 0.7040627 0.271758 -0.6560818 0.7040627 0.4323047 -0.5633901 0.7040627 0.4323046 -0.5633902 0.7040626 0.4323042 -0.56339 0.704063 0.5633899 -0.4323044 0.704063 0.5633903 -0.4323045 0.7040627 0.6560818 -0.271758 0.7040627 0.6560819 -0.2717581 0.7040627 0.7040626 -0.09269154 0.7040625 0.7040626 -0.0926916 0.7040627 0.7040625 0.09269154 0.7040627 0.7040627 0.0926916 0.7040627 0.6560819 0.2717581 0.7040626 0.6560818 0.271758 0.7040627 0.5633902 0.4323046 0.7040627 0.56339 0.4323043 0.7040629 0.4323042 0.5633901 0.704063 0.7055004 0.06736719 0.7055004 0.7055004 0.06736719 0.7055004 0.6800017 0.1996666 0.7055004 0.680002 0.1996666 0.7055002 0.6800017 0.1996662 0.7055005 0.6299259 0.3247496 0.7055007 0.6299263 0.3247495 0.7055003 0.6299264 0.3247498 0.7055 0.5570836 0.4380954 0.7055 0.5570836 0.4380951 0.7055003 0.5570833 0.4380954 0.7055003 0.5570832 0.4380953 0.7055004 0.4641061 0.5356069 0.7055004 0.4641061 0.5356069 0.7055004 0.4641061 0.535607 0.7055003 0.464106 0.5356068 0.7055005 0.3543547 0.6137604 0.7055004 0.3543546 0.6137603 0.7055006 0.3543547 0.6137604 0.7055006 0.2317963 0.669731 0.7055005 0.2317963 0.6697313 0.7055003 0.2317963 0.6697313 0.7055001 0.2317963 0.6697313 0.7055001 0.1008599 0.7014961 0.7055001 0.1008598 0.701496 0.7055004 0.1008595 0.7014965 0.7055 -0.03372108 0.7079073 0.7054999 -0.0337218 0.7079063 0.705501 -0.03372192 0.7079063 0.7055009 -0.1670844 0.6887317 0.7055008 -0.1670848 0.6887323 0.7055003 -0.1670843 0.688732 0.7055007 -0.1670845 0.6887319 0.7055007 -0.2944085 0.6446646 0.7055007 -0.2944085 0.6446647 0.7055006 -0.2944086 0.6446648 0.7055005 -0.4110918 0.5772977 0.7055005 -0.4110919 0.5772978 0.7055004 -0.4110918 0.5772978 0.7055004 -0.4110916 0.5772978 0.7055006 -0.5129171 0.4890654 0.7055006 -0.5129172 0.4890657 0.7055003 -0.5129169 0.4890656 0.7055006 -0.5962058 0.3831552 0.7055003 -0.5962044 0.3831569 0.7055006 -0.5962045 0.3831574 0.7055003 -0.5962042 0.3831574 0.7055005 -0.6579431 0.2634007 0.7055004 -0.6579431 0.2634007 0.7055005 -0.6579431 0.2634006 0.7055005 -0.6959021 0.1341242 0.7055005 -0.6959021 0.1341242 0.7055004 -0.6959022 0.1341242 0.7055005 -0.7087094 0 0.7055005 -0.7087095 0 0.7055005 -0.7087094 0 0.7055004 -0.7087095 0 0.7055005 -0.6959022 -0.1341242 0.7055005 -0.6959021 -0.1341242 0.7055004 -0.5962057 -0.3831552 0.7055004 -0.6959021 -0.1341242 0.7055005 -0.6579431 -0.2634006 0.7055005 -0.6579431 -0.2634007 0.7055005 -0.6579431 -0.2634007 0.7055005 -0.5962043 -0.3831573 0.7055004 -0.5962046 -0.3831577 0.7055 -0.5962044 -0.3831569 0.7055006 -0.5129169 -0.4890656 0.7055006 -0.5129169 -0.4890655 0.7055007 -0.5129171 -0.4890652 0.7055008 -0.5129172 -0.4890654 0.7055006 -0.4110917 -0.5772977 0.7055005 -0.4110916 -0.5772978 0.7055005 -0.4110919 -0.5772978 0.7055004 -0.4110918 -0.5772976 0.7055005 -0.2944086 -0.6446647 0.7055006 -0.2944085 -0.6446647 0.7055006 -0.2944085 -0.6446646 0.7055007 -0.1670845 -0.6887319 0.7055007 -0.1670843 -0.688732 0.7055006 -0.1670845 -0.6887321 0.7055004 -0.1670847 -0.6887317 0.7055008 -0.03372192 -0.7079064 0.7055009 -0.0337218 -0.7079063 0.705501 -0.03372108 -0.7079073 0.7054999 0.1008595 -0.7014965 0.7055 0.1008598 -0.701496 0.7055004 0.1008599 -0.7014961 0.7055001 0.2317963 -0.6697313 0.7055002 0.2317963 -0.6697313 0.7055001 0.2317965 -0.6697312 0.7055003 0.2317962 -0.669731 0.7055005 0.3543547 -0.6137604 0.7055006 0.3543546 -0.6137603 0.7055006 0.3543547 -0.6137604 0.7055004 0.4641059 -0.5356069 0.7055005 0.4641061 -0.5356069 0.7055004 0.4641061 -0.5356069 0.7055004 0.464106 -0.5356068 0.7055004 0.4641052 -0.5356076 0.7055004 0.5570831 -0.4380954 0.7055004 0.5570833 -0.4380953 0.7055003 0.5570834 -0.4380952 0.7055002 0.5570838 -0.4380953 0.7055 0.6299265 -0.3247498 0.7055001 0.6299263 -0.3247495 0.7055003 0.6299259 -0.3247496 0.7055007 0.6800017 -0.1996662 0.7055005 0.680002 -0.1996666 0.7055002 0.6800017 -0.1996666 0.7055004 0.7055004 -0.06736719 0.7055004 0.7055004 -0.06736719 0.7055005 0.7055004 -0.06736719 0.7055004 0.7055004 0.06736719 0.7055004 0.7057574 -0.06174564 0.7057577 0.6843133 -0.1833611 0.7057577 0.6843132 -0.1833612 0.7057577 0.6420768 -0.2994051 0.7057577 0.642077 -0.2994055 0.7057573 0.5803313 -0.4063524 0.7057573 0.5803312 -0.4063522 0.7057576 0.5009523 -0.5009523 0.7057575 0.5009523 -0.5009523 0.7057576 0.4063522 -0.5803311 0.7057575 0.4063523 -0.5803313 0.7057574 0.2994053 -0.6420772 0.7057573 0.2994053 -0.6420767 0.7057577 0.1833612 -0.6843134 0.7057578 0.1833611 -0.6843132 0.7057577 0.06174576 -0.7057574 0.7057577 0.06174564 -0.7057576 0.7057576 -0.06174576 -0.7057576 0.7057576 -0.06174564 -0.7057574 0.7057577 -0.1833611 -0.6843133 0.7057577 -0.1833612 -0.6843132 0.7057577 -0.2994051 -0.6420768 0.7057577 -0.2994055 -0.642077 0.7057573 -0.4063524 -0.5803313 0.7057573 -0.4063522 -0.5803312 0.7057576 -0.5009523 -0.5009523 0.7057575 -0.5009523 -0.5009523 0.7057576 -0.5803311 -0.4063522 0.7057575 -0.5803313 -0.4063523 0.7057574 -0.6420772 -0.2994053 0.7057573 -0.6420767 -0.2994053 0.7057577 -0.6843134 -0.1833612 0.7057578 -0.6843132 -0.1833611 0.7057577 -0.7057574 -0.06174576 0.7057577 -0.7057576 -0.06174564 0.7057576 -0.7057576 0.06174576 0.7057576 -0.7057574 0.06174564 0.7057577 -0.6843133 0.1833611 0.7057577 -0.6843132 0.1833612 0.7057577 -0.6420768 0.2994051 0.7057577 -0.642077 0.2994055 0.7057573 -0.5803313 0.4063524 0.7057573 -0.5803312 0.4063522 0.7057576 -0.5009523 0.5009523 0.7057575 -0.5009523 0.5009523 0.7057576 -0.4063522 0.5803311 0.7057575 -0.4063523 0.5803313 0.7057574 -0.2994053 0.6420772 0.7057573 -0.2994053 0.6420767 0.7057577 -0.1833612 0.6843134 0.7057578 -0.1833611 0.6843132 0.7057577 -0.06174576 0.7057574 0.7057577 -0.06174564 0.7057576 0.7057576 0.06174576 0.7057576 0.7057576 0.06174564 0.7057574 0.7057577 0.1833611 0.6843133 0.7057577 0.1833612 0.6843132 0.7057577 0.2994051 0.6420768 0.7057577 0.2994055 0.642077 0.7057573 0.4063524 0.5803313 0.7057573 0.4063522 0.5803312 0.7057576 0.5009523 0.5009523 0.7057575 0.5009523 0.5009523 0.7057576 0.5803311 0.4063522 0.7057575 0.5803313 0.4063523 0.7057574 0.6420772 0.2994053 0.7057573 0.6420767 0.2994053 0.7057577 0.6843134 0.1833612 0.7057578 0.6843132 0.1833611 0.7057577 0.7057574 0.06174576 0.7057577 0.7057576 0.06174564 0.7057576 0.7057576 -0.06174576 0.7057576 0 0 1 0 0 1 0 0 1 0 0 1 0 0 1 0 -1 0 0 -1 0 0 -1 0 0 -1 0 0 -1 0 0 -1 0 0 -1 0 0 -1 0 0 -1 0 0 -1 0 0 -1 0 0 -1 0 0 -1 0 0 -1 0 0 -1 0 0 -1 0 0 -1 0 0 -1 0 0 0 -1 0 0 -1 0 0 -1 0 0 -1 0 0 -1 0.5198261 -0.814293 0.2582787 -0.3472139 -0.9015184 0.2582777 -0.09669893 0.9612175 0.2582833 0.9126171 0.3168973 0.2582752 0.6318104 -0.3192682 0.7063168 0.1177447 -0.6980383 0.7063135 -0.4921257 -0.5088545 0.7063141 -0.7078998 0 0.7063129 -0.6090743 0.3607555 0.7063173 0.2097333 0.6761162 0.7063136 0.7063145 0.04728215 0.7063175 0.1395573 -0.2186129 0.9657806 0.1091735 -0.2352627 0.9657808 0.07684147 -0.2477135 0.9657812 -0.09321564 -0.2420287 0.965781 -0.1246438 -0.2274459 0.9657806 -0.1538468 -0.2088026 0.9657809 -0.2501446 -0.06852173 0.9657807 -0.2570455 -0.03456914 0.9657808 -0.1246434 0.2274453 0.9657808 -0.09321612 0.2420299 0.9657806 0.04313939 0.2557493 0.9657802 0.1923543 0.1739742 0.9657809 0.2138268 0.1467838 0.9657808 0.2587803 0.01732331 0.9657809 0.2587795 0.01732319 0.965781 0.2587795 -0.01732325 0.965781 0.2314821 0.1169732 0.9657812 0.2314824 0.1169734 0.9657812 0.2450079 0.08507597 0.9657812 0.2450082 0.08507609 0.965781 0.2541617 0.05166071 0.965781 0.07684153 0.2477138 0.9657812 0.07684147 0.2477135 0.9657812 0.1091728 0.2352613 0.9657812 -0.06012457 0.2522935 0.965781 -0.06012475 0.2522941 0.9657808 -0.0259608 0.2580568 0.9657809 -0.02596038 0.2580544 0.9657816 0.008666515 0.2592121 0.9657815 -0.2231528 0.1321737 0.965781 -0.2231526 0.1321735 0.965781 -0.2035447 0.1607376 0.965781 -0.2593592 0 0.965781 -0.2593592 0 0.965781 -0.257045 0.03456908 0.965781 -0.1803039 -0.1864328 0.9657811 -0.1803046 -0.1864337 0.9657809 -0.2035449 -0.1607378 0.9657809 0.04313874 -0.2557455 0.9657812 0.04313963 -0.2557492 0.9657801 0.008666694 -0.2592173 0.9657801 0.2314824 -0.1169733 0.9657812 0.2314821 -0.1169732 0.9657812 0.2138259 -0.1467831 0.9657811 0.6318115 0.3192688 0.7063156 0.6318104 0.3192682 0.7063167 0.6687273 0.2322073 0.7063168 0.6687291 0.2322081 0.7063149 0.3809065 0.5966803 0.7063165 0.1674502 0.1980611 0.9657806 0.1395572 0.2186129 0.9657806 0.380907 0.5966812 0.7063154 0.2979786 0.6421272 0.7063155 0.4066522 0.8763124 0.258284 0.2862235 0.9226947 0.2582839 -0.1641047 0.6886121 0.7063164 -0.1641044 0.6886112 0.7063174 -0.07085704 0.7043402 0.7063174 -0.07085824 0.7043464 0.706311 -0.4921258 0.5088543 0.706314 -0.1538461 0.2088016 0.9657812 -0.1803039 0.186433 0.9657812 -0.4921242 0.5088529 0.7063162 -0.555557 0.438719 0.7063158 -0.7581714 0.5987222 0.2582786 -0.8312088 0.492325 0.258279 -0.6827436 0.1870228 0.706317 -0.6090744 -0.3607552 0.7063173 -0.2387788 -0.1012508 0.965781 -0.2231528 -0.1321737 0.965781 -0.6090773 -0.3607572 0.7063137 -0.5555584 -0.4387202 0.7063141 -0.7581713 -0.598722 0.2582793 -0.6716046 -0.6944347 0.2582785 -0.07085758 -0.7043401 0.7063174 -0.06012469 -0.2522941 0.9657809 -0.02596068 -0.2580568 0.9657808 -0.0708577 -0.7043465 0.7063111 0.02365481 -0.7075064 0.706311 0.03228169 -0.9655323 0.2582735 0.1606873 -0.9526144 0.2582736 0.5250132 -0.4748464 0.7063158 0.1674494 -0.1980602 0.965781 0.1923543 -0.1739742 0.9657809 0.5250129 -0.4748463 0.7063161 0.5836194 -0.4006319 0.7063162 0.6937126 -0.1410034 0.706315 0.2450082 -0.08507603 0.965781 0.2541617 -0.05166071 0.965781 0.6937102 -0.1410031 0.7063174 0.7063144 -0.04728233 0.7063175 0.9639123 0.06452602 0.258282 0.9639115 0.06452655 0.2582845 0.7063168 0.04728251 0.706315 0.7063168 -0.04728233 0.7063151 0.2587803 -0.01732325 0.9657808 0.2541623 -0.05166083 0.9657809 0.2541623 0.05166083 0.9657809 0.6937125 0.1410036 0.706315 0.6937101 0.1410028 0.7063175 0.946713 0.192428 0.258275 0.9467113 0.1924272 0.2582821 0.9126166 0.3168947 0.2582803 0.9126181 0.3168956 0.2582738 0.8622372 0.4357084 0.2582738 0.8622366 0.4357077 0.2582769 0.8622355 0.4357077 0.2582803 0.7964744 0.5467354 0.2582809 0.213826 0.1467831 0.9657812 0.5836194 0.4006318 0.7063161 0.5836197 0.4006321 0.7063158 0.7964676 0.5467439 0.2582836 0.7964681 0.5467445 0.2582808 0.1923546 0.1739745 0.9657809 0.5250132 0.4748465 0.7063158 0.5250129 0.4748463 0.7063161 0.716488 0.6480252 0.2582793 0.7164876 0.6480247 0.2582817 0.1674495 0.1980602 0.965781 0.4570378 0.5405867 0.7063162 0.4570382 0.5405873 0.7063154 0.6237217 0.7377415 0.2582805 0.6237217 0.7377416 0.25828 0.4066525 0.8763139 0.2582786 0.5198261 0.814293 0.2582787 0.5198253 0.8142929 0.2582803 0.5198253 0.8142932 0.2582795 0.6237219 0.7377416 0.2582795 0.1395568 0.2186122 0.9657808 0.1091734 0.2352628 0.9657808 0.2979797 0.6421301 0.7063123 0.2097336 0.6761175 0.7063122 0.286223 0.922696 0.2582799 0.2862228 0.9226958 0.258281 0.1606873 0.9526144 0.2582736 0.04313898 0.2557454 0.9657812 0.1177436 0.6980317 0.7063202 0.1177442 0.6980383 0.7063136 0.1606854 0.9526127 0.2582814 0.1606854 0.9526128 0.258281 0.008666396 0.2592173 0.9657801 0.02365404 0.7075064 0.706311 0.02365452 0.7074971 0.7063202 0.03228163 0.9655297 0.2582833 0.0322811 0.9655324 0.2582735 -0.09669941 0.9612177 0.2582825 -0.09670001 0.9612194 0.2582759 -0.2239552 0.939754 0.2582762 -0.2239545 0.9397531 0.2582799 -0.2239542 0.9397549 0.2582738 -0.3472139 0.9015184 0.2582777 -0.09321552 0.2420287 0.965781 -0.2544229 0.6605943 0.7063173 -0.2544233 0.6605951 0.7063164 -0.3472133 0.9015187 0.2582772 -0.3472138 0.9015194 0.2582741 -0.1246438 0.2274459 0.9657806 -0.3402019 0.6207891 0.706317 -0.3402017 0.6207888 0.7063173 -0.4642762 0.8471959 0.2582763 -0.464276 0.8471957 0.2582774 -0.1538469 0.2088026 0.9657808 -0.419911 0.5699078 0.7063143 -0.4199093 0.5699058 0.7063169 -0.5730531 0.7777543 0.2582796 -0.5730541 0.7777547 0.2582762 -0.7581713 0.5987221 0.2582793 -0.6716046 0.6944347 0.2582785 -0.6716047 0.6944339 0.25828 -0.6716056 0.6944345 0.2582764 -0.5730535 0.7777553 0.258276 -0.1803046 0.1864336 0.965781 -0.2035449 0.1607378 0.965781 -0.5555585 0.43872 0.706314 -0.6090775 0.3607569 0.7063138 -0.8312083 0.4923251 0.2582801 -0.8312085 0.4923254 0.2582792 -0.2387788 0.101251 0.965781 -0.6517241 0.2763549 0.706317 -0.6517239 0.2763548 0.7063173 -0.889413 0.3771437 0.2582774 -0.8894125 0.3771436 0.2582789 -0.9660688 0 0.2582848 -0.957449 0.1287646 0.2582848 -0.7015783 0.09435331 0.7063181 -0.6827424 0.1870226 0.7063181 -0.2501446 0.06852173 0.9657807 -0.2387797 0.1012513 0.9657808 -0.9574506 0.1287645 0.2582789 -0.95745 0.1287658 0.2582805 -0.9317447 0.2552313 0.2582805 -0.931746 0.2552313 0.2582755 -0.8894133 0.377144 0.2582759 -0.2501443 0.06852167 0.9657808 -0.2570455 0.03456914 0.9657808 -0.7015835 0.09435355 0.7063131 -0.7078997 0 0.7063129 -0.9660688 0 0.2582849 -0.9660688 0 0.2582849 -0.95745 -0.1287658 0.2582805 -0.257045 -0.03456908 0.965781 -0.7015783 -0.09435284 0.7063181 -0.7015835 -0.09435397 0.7063129 -0.9574505 -0.1287648 0.2582793 -0.957449 -0.1287642 0.2582848 -0.2501443 -0.06852161 0.9657808 -0.6827436 -0.1870229 0.706317 -0.6827425 -0.1870225 0.706318 -0.931746 -0.2552316 0.2582756 -0.9317448 -0.255231 0.2582806 -0.2387797 -0.1012513 0.9657807 -0.6517239 -0.2763547 0.7063171 -0.6517241 -0.2763549 0.706317 -0.889413 -0.3771437 0.2582774 -0.8894133 -0.377144 0.2582759 -0.7581714 -0.5987222 0.2582786 -0.8312088 -0.492325 0.258279 -0.8312083 -0.4923251 0.2582804 -0.8312085 -0.4923254 0.2582792 -0.8894125 -0.3771436 0.258279 -0.2231526 -0.1321735 0.965781 -0.2035446 -0.1607375 0.965781 -0.5555571 -0.4387189 0.7063158 -0.4921243 -0.5088527 0.7063162 -0.6716047 -0.6944339 0.25828 -0.6716056 -0.6944345 0.2582763 -0.5730541 -0.7777547 0.2582762 -0.1538462 -0.2088016 0.9657812 -0.4199095 -0.5699056 0.7063169 -0.4199108 -0.5699078 0.7063144 -0.5730532 -0.7777544 0.2582795 -0.5730535 -0.7777553 0.258276 -0.1246435 -0.2274453 0.9657808 -0.3402017 -0.6207889 0.7063171 -0.3402017 -0.6207888 0.7063173 -0.4642761 -0.8471957 0.2582775 -0.4642762 -0.8471961 0.2582763 -0.09321606 -0.24203 0.9657807 -0.2544232 -0.660595 0.7063166 -0.254423 -0.6605943 0.7063173 -0.3472136 -0.9015194 0.258274 -0.3472135 -0.9015185 0.2582774 -0.06012463 -0.2522935 0.965781 -0.1641045 -0.6886113 0.7063173 -0.1641047 -0.6886122 0.7063165 -0.2239545 -0.9397531 0.2582799 -0.2239542 -0.9397549 0.2582738 0.03228098 -0.9655297 0.2582833 -0.09669893 -0.9612175 0.2582833 -0.09669983 -0.9612178 0.2582818 -0.09669959 -0.9612194 0.258276 -0.2239552 -0.939754 0.2582762 -0.02596056 -0.2580544 0.9657816 0.008666217 -0.2592121 0.9657816 0.02365374 -0.7074972 0.7063203 0.117743 -0.6980318 0.7063202 0.1606854 -0.9526127 0.2582814 0.1606854 -0.9526128 0.2582809 0.2862235 -0.9226947 0.2582839 0.07684153 -0.2477138 0.9657812 0.2097337 -0.6761174 0.7063122 0.2097332 -0.6761164 0.7063134 0.286223 -0.922696 0.25828 0.2862228 -0.9226958 0.2582809 0.1091728 -0.2352614 0.9657812 0.2979784 -0.6421272 0.7063155 0.29798 -0.64213 0.7063122 0.4066528 -0.8763138 0.2582786 0.4066519 -0.8763126 0.258284 0.1395569 -0.2186123 0.9657807 0.3809064 -0.5966803 0.7063165 0.3809071 -0.5966812 0.7063153 0.5198254 -0.8142932 0.2582793 0.5198251 -0.8142929 0.2582809 0.1674503 -0.1980612 0.9657806 0.4570381 -0.5405872 0.7063155 0.4570376 -0.5405867 0.7063162 0.6237217 -0.7377415 0.2582805 0.623722 -0.7377417 0.2582792 0.8622355 -0.4357077 0.2582803 0.7964681 -0.5467445 0.2582806 0.7964676 -0.5467439 0.2582836 0.7964744 -0.5467354 0.2582809 0.7164875 -0.6480249 0.2582816 0.7164881 -0.6480252 0.2582794 0.6237217 -0.7377416 0.25828 0.1923546 -0.1739745 0.9657808 0.2138268 -0.1467837 0.9657809 0.5836199 -0.4006322 0.7063156 0.6318115 -0.3192687 0.7063156 0.8622366 -0.4357077 0.2582769 0.8622372 -0.4357084 0.2582738 0.245008 -0.08507597 0.9657812 0.6687292 -0.232208 0.7063149 0.6687273 -0.2322075 0.7063168 0.9126167 -0.3168951 0.2582795 0.9126183 -0.3168953 0.2582736 0.963912 0.06452673 0.2582827 0.963912 -0.06452673 0.2582827 0.9639115 -0.06452655 0.2582845 0.9639123 -0.06452602 0.258282 0.9467111 -0.1924276 0.258282 0.946713 -0.1924276 0.2582751 0.9126171 -0.3168973 0.2582752 -0.2587836 0.01696151 0.9657863 -0.2587832 0.01696157 0.9657865 -0.2543553 0.05059438 0.9657865 -0.2543551 0.05059432 0.9657865 -0.2455751 0.08336162 0.9657865 -0.2455756 0.08336168 0.9657865 -0.2325938 0.1147025 0.9657865 -0.2325937 0.1147025 0.9657865 -0.2156322 0.1440808 0.9657865 -0.2156322 0.1440808 0.9657865 -0.1949812 0.1709938 0.9657864 -0.1949805 0.1709934 0.9657867 -0.1709933 0.1949806 0.9657866 -0.1709939 0.1949812 0.9657863 -0.1440809 0.2156323 0.9657865 -0.1440808 0.2156321 0.9657865 -0.1147025 0.2325937 0.9657865 -0.1147025 0.2325938 0.9657865 -0.08336174 0.2455756 0.9657865 -0.08336156 0.2455751 0.9657865 -0.05059432 0.2543551 0.9657865 -0.05059438 0.2543553 0.9657865 -0.01696151 0.2587832 0.9657864 -0.01696157 0.2587836 0.9657863 0.01696151 0.2587836 0.9657863 0.01696157 0.2587832 0.9657865 0.05059438 0.2543553 0.9657865 0.05059432 0.2543551 0.9657865 0.08336162 0.2455751 0.9657865 0.08336168 0.2455756 0.9657865 0.1147025 0.2325938 0.9657865 0.1147025 0.2325937 0.9657865 0.1440808 0.2156322 0.9657865 0.1440808 0.2156322 0.9657865 0.1709938 0.1949812 0.9657864 0.1709934 0.1949805 0.9657867 0.1949806 0.1709933 0.9657866 0.1949812 0.1709939 0.9657863 0.2156323 0.1440809 0.9657865 0.2156321 0.1440808 0.9657865 0.2325937 0.1147025 0.9657865 0.2325938 0.1147025 0.9657865 0.2455756 0.08336174 0.9657865 0.2455751 0.08336156 0.9657865 0.2543551 0.05059432 0.9657865 0.2543553 0.05059438 0.9657865 0.2587832 0.01696151 0.9657864 0.2587836 0.01696157 0.9657863 0.2587836 -0.01696151 0.9657863 0.2587832 -0.01696157 0.9657865 0.2543553 -0.05059438 0.9657865 0.2543551 -0.05059432 0.9657865 0.2455751 -0.08336162 0.9657865 0.2455756 -0.08336168 0.9657865 0.2325938 -0.1147025 0.9657865 0.2325937 -0.1147025 0.9657865 0.2156322 -0.1440808 0.9657865 0.2156322 -0.1440808 0.9657865 0.1949812 -0.1709938 0.9657864 0.1949805 -0.1709934 0.9657867 0.1709933 -0.1949806 0.9657866 0.1709939 -0.1949812 0.9657863 0.1440809 -0.2156323 0.9657865 0.1440808 -0.2156321 0.9657865 0.1147025 -0.2325937 0.9657865 0.1147025 -0.2325938 0.9657865 0.08336174 -0.2455756 0.9657865 0.08336156 -0.2455751 0.9657865 0.05059432 -0.2543551 0.9657865 0.05059438 -0.2543553 0.9657865 0.01696151 -0.2587832 0.9657864 0.01696157 -0.2587836 0.9657863 -0.01696151 -0.2587836 0.9657863 -0.01696157 -0.2587832 0.9657865 -0.05059438 -0.2543553 0.9657865 -0.05059432 -0.2543551 0.9657865 -0.08336162 -0.2455751 0.9657865 -0.08336168 -0.2455756 0.9657865 -0.1147025 -0.2325938 0.9657865 -0.1147025 -0.2325937 0.9657865 -0.1440808 -0.2156322 0.9657865 -0.1440808 -0.2156322 0.9657865 -0.1709938 -0.1949812 0.9657864 -0.1709934 -0.1949805 0.9657867 -0.1949806 -0.1709933 0.9657866 -0.1949812 -0.1709939 0.9657863 -0.2156323 -0.1440809 0.9657865 -0.2156321 -0.1440808 0.9657865 -0.2325937 -0.1147025 0.9657865 -0.2325938 -0.1147025 0.9657865 -0.2455756 -0.08336174 0.9657865 -0.2455751 -0.08336156 0.9657865 -0.2543551 -0.05059432 0.9657865 -0.2543553 -0.05059438 0.9657865 -0.2587832 -0.01696151 0.9657864 -0.2587836 -0.01696157 0.9657863 -0.7063486 0.04629641 0.7063486 -0.7063483 0.04629641 0.7063488 -0.6942625 0.1380974 0.7063488 -0.6942631 0.1380974 0.7063484 -0.6702982 0.2275353 0.7063483 -0.6702957 0.227535 0.7063508 -0.6348621 0.3130794 0.7063507 -0.6348625 0.3130795 0.7063504 -0.5885663 0.3932674 0.7063502 -0.5885662 0.3932674 0.7063502 -0.5321992 0.4667263 0.7063501 -0.5322008 0.4667273 0.7063483 -0.4667276 0.5322006 0.7063482 -0.4667261 0.5321994 0.7063502 -0.3932674 0.5885663 0.7063502 -0.3932675 0.5885663 0.7063501 -0.3130796 0.6348626 0.7063504 -0.3130793 0.6348622 0.7063508 -0.2275345 0.6702959 0.7063509 -0.2275357 0.6702981 0.7063484 -0.1380975 0.6942631 0.7063483 -0.1380973 0.6942625 0.7063489 -0.04629635 0.7063483 0.7063489 -0.04629647 0.7063486 0.7063487 0.04629641 0.7063486 0.7063486 0.04629641 0.7063483 0.7063488 0.1380974 0.6942625 0.7063488 0.1380974 0.6942631 0.7063484 0.2275353 0.6702982 0.7063483 0.227535 0.6702957 0.7063508 0.3130794 0.6348621 0.7063507 0.3130795 0.6348625 0.7063504 0.3932674 0.5885663 0.7063502 0.3932674 0.5885662 0.7063502 0.4667263 0.5321992 0.7063501 0.4667273 0.5322008 0.7063483 0.5322006 0.4667276 0.7063482 0.5321994 0.4667261 0.7063502 0.5885663 0.3932674 0.7063502 0.5885663 0.3932675 0.7063501 0.6348626 0.3130796 0.7063504 0.6348622 0.3130793 0.7063508 0.6702959 0.2275345 0.7063509 0.6702981 0.2275357 0.7063484 0.6942631 0.1380975 0.7063483 0.6942625 0.1380973 0.7063489 0.7063483 0.04629635 0.7063489 0.7063486 0.04629647 0.7063487 0.7063486 -0.04629641 0.7063486 0.7063483 -0.04629641 0.7063488 0.6942625 -0.1380974 0.7063488 0.6942631 -0.1380974 0.7063484 0.6702982 -0.2275353 0.7063483 0.6702957 -0.227535 0.7063508 0.6348621 -0.3130794 0.7063507 0.6348625 -0.3130795 0.7063504 0.5885663 -0.3932674 0.7063502 0.5885662 -0.3932674 0.7063502 0.5321992 -0.4667263 0.7063501 0.5322008 -0.4667273 0.7063483 0.4667276 -0.5322006 0.7063482 0.4667261 -0.5321994 0.7063502 0.3932674 -0.5885663 0.7063502 0.3932675 -0.5885663 0.7063501 0.3130796 -0.6348626 0.7063504 0.3130793 -0.6348622 0.7063508 0.2275345 -0.6702959 0.7063509 0.2275357 -0.6702981 0.7063484 0.1380975 -0.6942631 0.7063483 0.1380973 -0.6942625 0.7063489 0.04629635 -0.7063483 0.7063489 0.04629647 -0.7063486 0.7063487 -0.04629641 -0.7063486 0.7063486 -0.04629641 -0.7063483 0.7063488 -0.1380974 -0.6942625 0.7063488 -0.1380974 -0.6942631 0.7063484 -0.2275353 -0.6702982 0.7063483 -0.227535 -0.6702957 0.7063508 -0.3130794 -0.6348621 0.7063507 -0.3130795 -0.6348625 0.7063504 -0.3932674 -0.5885663 0.7063502 -0.3932674 -0.5885662 0.7063502 -0.4667263 -0.5321992 0.7063501 -0.4667273 -0.5322008 0.7063483 -0.5322006 -0.4667276 0.7063482 -0.5321994 -0.4667261 0.7063502 -0.5885663 -0.3932674 0.7063502 -0.5885663 -0.3932675 0.7063501 -0.6348626 -0.3130796 0.7063504 -0.6348622 -0.3130793 0.7063508 -0.6702959 -0.2275345 0.7063509 -0.6702981 -0.2275357 0.7063484 -0.6942631 -0.1380975 0.7063483 -0.6942625 -0.1380973 0.7063489 -0.7063483 -0.04629635 0.7063489 -0.7063486 -0.04629647 0.7063487 -0.963995 0.06318372 0.258305 -0.9639956 0.06318342 0.2583028 -0.9475015 0.1884695 0.2583028 -0.947501 0.1884697 0.2583045 -0.9147947 0.3105313 0.2583043 -0.9147962 0.3105311 0.2582992 -0.8664374 0.4272795 0.2582993 -0.866437 0.4272795 0.2583006 -0.8032533 0.5367167 0.2583009 -0.8032532 0.5367167 0.2583011 -0.7263255 0.6369707 0.2583017 -0.7263255 0.6369707 0.2583013 -0.6369708 0.7263255 0.2583013 -0.6369706 0.7263255 0.2583017 -0.5367166 0.8032532 0.2583013 -0.5367168 0.8032533 0.2583009 -0.4272793 0.8664371 0.2583006 -0.4272796 0.8664373 0.2582994 -0.3105318 0.9147959 0.2582991 -0.3105307 0.9147949 0.2583042 -0.1884694 0.947501 0.2583044 -0.1884697 0.9475014 0.2583028 -0.06318372 0.9639955 0.2583028 -0.06318342 0.963995 0.258305 0.06318372 0.963995 0.258305 0.06318342 0.9639956 0.2583028 0.1884695 0.9475015 0.2583028 0.1884697 0.947501 0.2583045 0.3105313 0.9147947 0.2583043 0.3105311 0.9147962 0.2582992 0.4272795 0.8664374 0.2582993 0.4272795 0.866437 0.2583006 0.5367167 0.8032533 0.2583009 0.5367167 0.8032532 0.2583011 0.6369707 0.7263255 0.2583017 0.6369707 0.7263255 0.2583013 0.7263255 0.6369708 0.2583013 0.7263255 0.6369706 0.2583017 0.8032532 0.5367166 0.2583013 0.8032533 0.5367168 0.2583009 0.8664371 0.4272793 0.2583006 0.8664373 0.4272796 0.2582994 0.9147959 0.3105318 0.2582991 0.9147949 0.3105307 0.2583042 0.947501 0.1884694 0.2583044 0.9475014 0.1884697 0.2583028 0.9639955 0.06318372 0.2583028 0.963995 0.06318342 0.258305 0.963995 -0.06318372 0.258305 0.9639956 -0.06318342 0.2583028 0.9475015 -0.1884695 0.2583028 0.947501 -0.1884697 0.2583045 0.9147947 -0.3105313 0.2583043 0.9147962 -0.3105311 0.2582992 0.8664374 -0.4272795 0.2582993 0.866437 -0.4272795 0.2583006 0.8032533 -0.5367167 0.2583009 0.8032532 -0.5367167 0.2583011 0.7263255 -0.6369707 0.2583017 0.7263255 -0.6369707 0.2583013 0.6369708 -0.7263255 0.2583013 0.6369706 -0.7263255 0.2583017 0.5367166 -0.8032532 0.2583013 0.5367168 -0.8032533 0.2583009 0.4272793 -0.8664371 0.2583006 0.4272796 -0.8664373 0.2582994 0.3105318 -0.9147959 0.2582991 0.3105307 -0.9147949 0.2583042 0.1884694 -0.947501 0.2583044 0.1884697 -0.9475014 0.2583028 0.06318372 -0.9639955 0.2583028 0.06318342 -0.963995 0.258305 -0.06318372 -0.963995 0.258305 -0.06318342 -0.9639956 0.2583028 -0.1884695 -0.9475015 0.2583028 -0.1884697 -0.947501 0.2583045 -0.3105313 -0.9147947 0.2583043 -0.3105311 -0.9147962 0.2582992 -0.4272795 -0.8664374 0.2582993 -0.4272795 -0.866437 0.2583006 -0.5367167 -0.8032533 0.2583009 -0.5367167 -0.8032532 0.2583011 -0.6369707 -0.7263255 0.2583017 -0.6369707 -0.7263255 0.2583013 -0.7263255 -0.6369708 0.2583013 -0.7263255 -0.6369706 0.2583017 -0.8032532 -0.5367166 0.2583013 -0.8032533 -0.5367168 0.2583009 -0.8664371 -0.4272793 0.2583006 -0.8664373 -0.4272796 0.2582994 -0.9147959 -0.3105318 0.2582991 -0.9147949 -0.3105307 0.2583042 -0.947501 -0.1884694 0.2583044 -0.9475014 -0.1884697 0.2583028 -0.9639955 -0.06318372 0.2583028 -0.963995 -0.06318342 0.258305 0 -1 0 0 -1 0 0 -1 0 0 -1 0 0 -1 0 0 -1 0 0 -1 0 0 -1 0 0 -1 0 0 -1 0 0 -1 0 0 -1 0 0 -1 0 0 -1 0 0 -1 0 0 -1 0 0 -1 0 0 -1 0 0 -1 0 0 -1 0 0 -1 0 0 -1 0 0 -1 0 0 -1 0 0 -1 0 0 -1 0 0 -1 0 0 -1 0 0.974928 0 0.2225207 0.974928 0 0.2225207 0.7818315 0 0.6234898 0.7818315 0 0.6234898 0.4338836 0 0.900969 0.4338836 0 0.900969 0 0 1 0 0 1 -0.4338836 0 0.900969 -0.4338836 0 0.900969 -0.7818315 0 0.6234898 -0.7818315 0 0.6234898 -0.974928 0 0.2225207 -0.974928 0 0.2225207 -0.974928 0 -0.2225208 -0.974928 0 -0.2225208 -0.7818315 0 -0.6234898 -0.7818315 0 -0.6234898 -0.4338839 0 -0.9009688 -0.4338839 0 -0.9009688 0 0 -1 0 0 -1 0.4338839 0 -0.9009688 0.4338839 0 -0.9009688 0.7818315 0 -0.6234898 0.7818315 0 -0.6234898 0.974928 0 -0.2225208 0.974928 0 -0.2225208 0 -0.2981044 0.9545333 -6.66715e-4 -0.5819775 0.8132047 -6.66651e-4 -0.5822257 0.8130269 -7.17662e-4 -0.1771834 0.9841776 -6.66769e-4 -0.5819885 0.8131968 0.001375138 -0.3036968 0.9527677 0.001375496 -0.3035749 0.9528066 1.95758e-5 -0.8845941 0.4663617 1.96206e-5 -0.890287 0.4553999 -4.05764e-4 -0.745473 0.6665357 0.01730585 -0.8687433 0.4949603 -0.02119112 -0.638282 0.769511 -5.70643e-5 -0.5943737 0.804189 -6.90648e-5 -0.7460866 0.6658489 -0.04069995 -0.9978801 0.05078232 -0.1711777 -0.9741386 0.1474868 0.08712005 -0.9417107 0.3249478 -0.2371104 -0.9714686 0.005252182 0 -0.9994614 0.03281557 7.75863e-4 -0.7476336 0.6641109 1.39588e-5 -0.9390485 0.3437847 1.33048e-5 -0.9520433 0.3059633 1.28995e-4 -0.9390664 0.3437356 -4.82194e-4 -0.9968978 0.07870531 7.56018e-4 -0.9394 0.342822 1.02673e-4 -0.9904769 0.1376791 0 -0.9994614 -0.03281557 0.04069858 -0.9978801 -0.05078262 0.1711837 -0.9741382 -0.1474823 -0.0871309 -0.9417072 -0.3249547 0.2371101 -0.9714686 -0.00525242 -0.01729404 -0.8687545 -0.4949409 0.02120935 -0.6383087 -0.7694883 -7.75882e-4 -0.7476337 -0.6641109 -1.39685e-5 -0.9390485 -0.3437846 -1.33134e-5 -0.9520424 -0.3059661 -1.28995e-4 -0.9390664 -0.3437356 4.82196e-4 -0.9968979 -0.07870441 -7.55999e-4 -0.9394022 -0.342816 -1.02673e-4 -0.9904769 -0.1376791 -0.001375138 -0.3036969 -0.9527676 6.66868e-4 -0.5820038 -0.8131858 6.66716e-4 -0.5819728 -0.813208 -1.95758e-5 -0.8845961 -0.4663581 -1.96206e-5 -0.8902835 -0.4554069 4.05754e-4 -0.7454692 -0.6665399 5.70403e-5 -0.5943625 -0.8041973 6.90453e-5 -0.746082 -0.665854 -0.001375079 -0.3037165 -0.9527615 6.66741e-4 -0.581879 -0.8132751 7.17633e-4 -0.1771937 -0.9841758 0 -0.2981092 -0.9545318 -0.1555544 -0.690773 0.7061412 -0.1555544 -0.6907736 0.7061406 -0.2419887 -0.6649541 0.7065957 -0.2419888 -0.664953 0.7065967 -0.2419882 -0.6649524 0.7065975 -0.1555538 -0.6907739 0.7061405 -0.05223006 -0.7061427 0.7061406 -0.05223047 -0.7061443 0.706139 0.05223017 -0.7061443 0.706139 0.05223035 -0.7061427 0.7061406 0.1555538 -0.6907739 0.7061405 0.1555543 -0.6907731 0.7061412 0.1555545 -0.6907736 0.7061407 0.2419891 -0.664954 0.7065957 0.2419881 -0.6649523 0.7065977 0.2419882 -0.6649523 0.7065976 -0.2607415 -0.8716259 0.4150687 -0.1682454 -0.9362354 0.3084751 -0.189149 -0.9286684 0.3190574 -0.2309446 -0.9729616 0.00323683 -0.226978 -0.9737025 0.01960748 -0.226711 -0.9738563 0.01434844 -0.2016857 -0.9716552 0.1233252 -0.1893854 -0.9757708 0.1095642 -0.1998046 -0.971946 0.1240927 -0.188691 -0.975755 0.1108958 -0.2664613 -0.9357402 0.2310597 -0.1290242 -0.964039 0.2323392 -0.1290234 -0.9640393 0.2323386 -0.2255294 -0.6713286 0.7060131 -0.1636199 -0.8369053 0.52232 -0.1205941 -0.8631014 0.4904213 -0.1903446 -0.8195878 0.5404117 -0.1340084 -0.8863623 0.4431746 -0.1339994 -0.8863653 0.4431714 0.2305714 -0.9713891 0.05692166 0.1745412 -0.9846044 0.009464025 0.2955167 -0.9457553 0.13497 0.1242285 -0.9898623 0.068847 0.1729714 -0.9794072 0.104127 0.2316917 -0.9545323 0.187582 0.1308957 -0.9774932 0.1654492 0.3179403 -0.9207699 0.2260459 0.1102709 -0.7095336 0.6959903 0.3061363 -0.7655285 0.5659035 0.1351283 -0.7899244 0.5981303 0.270033 -0.8236069 0.4987524 0.08723449 -0.970023 0.2268162 0.1621864 -0.9542116 0.251348 0.2588931 -0.910712 0.3218352 0.1174804 -0.9162997 0.3828749 0.3097578 -0.8630909 0.3989039 0.09562337 -0.8919137 0.4419797 0.1627903 -0.8710748 0.4633875 -0.2309458 -0.9729666 0 -0.2309458 -0.9729666 0 0.2309458 -0.9729666 0 0.2309458 -0.9729666 0 -0.2305714 -0.9713891 -0.05692142 -0.1745412 -0.9846044 -0.009464025 -0.2955178 -0.9457549 -0.1349704 -0.1242285 -0.9898623 -0.068847 -0.1729705 -0.9794074 -0.1041263 -0.2316912 -0.9545324 -0.1875824 -0.1308954 -0.9774931 -0.1654496 -0.3179384 -0.9207706 -0.226046 -0.1102699 -0.7095332 -0.6959908 -0.3061351 -0.7655282 -0.5659044 -0.1351282 -0.7899239 -0.598131 -0.2700343 -0.8236067 -0.4987519 -0.08723449 -0.970023 -0.2268162 -0.1621864 -0.9542116 -0.251348 -0.2588936 -0.9107119 -0.3218355 -0.1174815 -0.9162996 -0.382875 -0.3097556 -0.8630917 -0.3989037 -0.0956254 -0.891914 -0.4419788 -0.162775 -0.8710811 -0.4633811 0.2607428 -0.871626 -0.4150677 0.1682482 -0.9362344 -0.3084765 0.189149 -0.9286684 -0.3190574 0.2309446 -0.9729616 -0.00323683 0.226978 -0.9737025 -0.01960748 0.226711 -0.9738563 -0.01434844 0.2016856 -0.9716551 -0.1233257 0.1893829 -0.9757717 -0.109562 0.1998008 -0.9719473 -0.1240888 0.1886926 -0.9757544 -0.1108983 0.2664609 -0.9357404 -0.2310591 0.1290235 -0.9640393 -0.2323386 0.1290234 -0.9640393 -0.2323386 0.2255291 -0.671328 -0.7060138 0.1636191 -0.8369064 -0.5223185 0.1206532 -0.8630682 -0.4904652 0.1903446 -0.8195878 -0.5404117 0.1340089 -0.8863617 -0.4431756 0.1339967 -0.8863658 -0.4431712 0.1555542 -0.6907724 -0.706142 0.1555542 -0.690773 -0.7061413 0.2419885 -0.6649535 -0.7065964 0.2419886 -0.6649524 -0.7065974 0.241988 -0.6649518 -0.7065982 0.1555536 -0.6907733 -0.7061412 0.05223 -0.7061421 -0.7061412 0.05223041 -0.7061436 -0.7061397 -0.05223011 -0.7061436 -0.7061396 -0.05223029 -0.7061421 -0.7061412 -0.1555536 -0.6907733 -0.7061412 -0.1555541 -0.6907725 -0.7061418 -0.1555544 -0.690773 -0.7061414 -0.241989 -0.6649534 -0.7065964 -0.2419878 -0.6649517 -0.7065984 -0.241988 -0.6649518 -0.7065982 -0.6920785 0.02642583 -0.7213383 -0.9593465 0.0839318 -0.2694621 -0.7189868 0.09065949 -0.6890855 -0.6413018 0.2615391 -0.7213386 -0.6923215 0.2141329 -0.689085 -0.9301958 0.2492451 -0.2694669 -0.6769748 0.1462026 -0.721339 -0.6769743 0.146205 -0.7213389 -0.6413027 0.2615367 -0.7213386 -0.8727861 0.4069869 -0.269455 -0.6446161 0.3310994 -0.6890888 -0.5131763 0.4651031 -0.7213385 -0.5773305 0.4380065 -0.6890863 -0.7888523 0.5523603 -0.2694627 -0.5861457 0.3689256 -0.721337 -0.5861493 0.36892 -0.7213369 -0.5131765 0.4651029 -0.7213385 -0.6809514 0.6809514 -0.269463 -0.4925003 0.5316045 -0.6890864 -0.3231534 0.6125699 -0.7213389 -0.392706 0.6090497 -0.6890867 -0.5523592 0.7888508 -0.2694694 -0.424615 0.5471482 -0.7213397 -0.4246124 0.5471501 -0.7213398 -0.3231532 0.6125701 -0.7213389 -0.4069852 0.8727824 -0.2694697 -0.280978 0.6679866 -0.6890901 -0.09414714 0.6861539 -0.7213385 -0.1607163 0.7066364 -0.6890829 -0.2492458 0.9301984 -0.2694575 -0.2118728 0.6593798 -0.7213377 -0.2118802 0.6593773 -0.7213378 -0.09415394 0.6861528 -0.7213386 -0.08393198 0.9593487 -0.2694541 -0.03556859 0.7238109 -0.6890811 0.146205 0.6769743 -0.7213389 0.09065949 0.7189868 -0.6890855 0.0839318 0.9593465 -0.2694621 0.02642583 0.6920786 -0.7213383 0.02643507 0.6920784 -0.7213381 0.1462026 0.6769748 -0.721339 0.2492452 0.9301958 -0.2694669 0.2141329 0.6923215 -0.689085 0.36892 0.5861493 -0.7213369 0.3310994 0.6446161 -0.6890888 0.406987 0.8727862 -0.2694551 0.2615367 0.6413028 -0.7213386 0.2615391 0.6413018 -0.7213386 0.3689258 0.5861459 -0.7213369 0.5523603 0.7888524 -0.2694624 0.4380065 0.5773305 -0.6890863 0.54715 0.4246124 -0.7213398 0.5316045 0.4925003 -0.6890864 0.6809514 0.6809514 -0.2694633 0.4651029 0.5131765 -0.7213385 0.4651031 0.5131763 -0.7213385 0.5471481 0.4246149 -0.7213398 0.7888507 0.5523591 -0.2694697 0.6090497 0.392706 -0.6890867 0.6593773 0.2118802 -0.7213378 0.6679866 0.280978 -0.6890901 0.8727824 0.4069852 -0.2694694 0.6125701 0.3231531 -0.721339 0.6125699 0.3231534 -0.7213389 0.6593799 0.2118728 -0.7213377 0.9301984 0.2492459 -0.2694575 0.7066364 0.1607163 -0.6890829 0.7071087 0.001924395 -0.7071022 0.7238109 0.03556865 -0.6890811 0.9593487 0.08393198 -0.2694541 0.6861528 0.09415394 -0.7213386 0.6861539 0.09414714 -0.7213385 0.7068142 -0.02892404 -0.7068076 0.9593465 -0.0839318 -0.2694621 0.7189868 -0.09065949 -0.6890855 0.6413018 -0.2615391 -0.7213386 0.6923215 -0.2141329 -0.689085 0.9301958 -0.2492451 -0.2694669 0.6769748 -0.1462026 -0.721339 0.6769743 -0.146205 -0.7213389 0.6413027 -0.2615367 -0.7213386 0.8727861 -0.4069869 -0.269455 0.6446161 -0.3310994 -0.6890888 0.5131763 -0.4651031 -0.7213385 0.5773305 -0.4380065 -0.6890863 0.7888523 -0.5523603 -0.2694627 0.5861457 -0.3689256 -0.721337 0.5861493 -0.36892 -0.7213369 0.5131765 -0.4651029 -0.7213385 0.6809514 -0.6809514 -0.269463 0.4925003 -0.5316045 -0.6890864 0.3231534 -0.6125699 -0.7213389 0.392706 -0.6090497 -0.6890867 0.5523592 -0.7888508 -0.2694694 0.424615 -0.5471482 -0.7213397 0.4246124 -0.5471501 -0.7213398 0.3231532 -0.6125701 -0.7213389 0.4069852 -0.8727824 -0.2694697 0.280978 -0.6679866 -0.6890901 0.09414714 -0.6861539 -0.7213385 0.1607163 -0.7066364 -0.6890829 0.2492458 -0.9301984 -0.2694575 0.2118728 -0.6593798 -0.7213377 0.2118802 -0.6593773 -0.7213378 0.09415394 -0.6861528 -0.7213386 0.08393198 -0.9593487 -0.2694541 0.03556859 -0.7238109 -0.6890811 -0.146205 -0.6769743 -0.7213389 -0.09065949 -0.7189868 -0.6890855 -0.0839318 -0.9593465 -0.2694621 -0.02642583 -0.6920786 -0.7213383 -0.02643507 -0.6920784 -0.7213381 -0.1462026 -0.6769748 -0.721339 -0.2492452 -0.9301958 -0.2694669 -0.2141329 -0.6923215 -0.689085 -0.36892 -0.5861493 -0.7213369 -0.3310994 -0.6446161 -0.6890888 -0.406987 -0.8727862 -0.2694551 -0.2615367 -0.6413028 -0.7213386 -0.2615391 -0.6413018 -0.7213386 -0.3689258 -0.5861459 -0.7213369 -0.5523603 -0.7888524 -0.2694624 -0.4380065 -0.5773305 -0.6890863 -0.54715 -0.4246124 -0.7213398 -0.5316045 -0.4925003 -0.6890864 -0.6809514 -0.6809514 -0.2694633 -0.4651029 -0.5131765 -0.7213385 -0.4651031 -0.5131763 -0.7213385 -0.5471481 -0.4246149 -0.7213398 -0.7888507 -0.5523591 -0.2694697 -0.6090497 -0.392706 -0.6890867 -0.6593773 -0.2118802 -0.7213378 -0.6679866 -0.280978 -0.6890901 -0.8727824 -0.4069852 -0.2694694 -0.6125701 -0.3231531 -0.721339 -0.6125699 -0.3231534 -0.7213389 -0.6593799 -0.2118728 -0.7213377 -0.9301984 -0.2492459 -0.2694575 -0.7066364 -0.1607163 -0.6890829 -0.6920784 0.02643507 -0.7213381 -0.7238109 -0.03556865 -0.6890811 -0.9593487 -0.08393198 -0.2694541 -0.6861528 -0.09415394 -0.7213386 -0.6861539 -0.09414714 -0.7213385 0.02836114 -0.9135288 -0.405784 0.04087215 -0.9651834 0.2583611 0.03599971 0.9706693 0.2377082 -0.02063947 0.2409971 -0.9703064 -0.05925041 0.1834267 -0.9812462 -0.1223589 0.2336387 -0.9645938 0 0.07807207 -0.9969477 0.02176773 0.7033907 -0.7104701 -0.03883641 0.5599047 -0.8276464 -0.06431216 0.5253424 -0.848457 -0.1158083 0.5493158 -0.827551 0.01368397 0.4101364 -0.9119215 0.01368224 0.4101386 -0.9119206 0.01368254 0.4101201 -0.9119289 0.01368254 0.4101389 -0.9119205 0.03302717 0.9065437 -0.420818 -0.08518266 0.7951167 -0.6004442 -0.130635 0.801292 -0.5838371 -0.1306347 0.801292 -0.5838373 0.02176773 0.7033905 -0.7104703 0.02176856 0.7033889 -0.7104719 0.02176773 0.7033916 -0.7104691 0.04542219 0.995195 -0.08673983 0.04542064 0.9951947 -0.08674329 -0.1371421 0.9527378 -0.2710773 -0.1528252 0.9518285 -0.2658323 -0.1528196 0.9518287 -0.2658351 0.03301858 0.9065382 -0.4208306 0.03301972 0.9065374 -0.420832 0.03301972 0.9065377 -0.4208315 0.03599971 0.9706696 0.2377068 0.03599989 0.9706695 0.2377073 -0.1761085 0.9801716 0.09082651 -0.1394626 0.9871194 0.07839256 0.04542219 0.9951947 -0.08674228 0.02127861 0.8279507 0.5603971 0.02127861 0.8279562 0.560389 0.02127891 0.8279513 0.5603961 0.02127593 0.8279528 0.5603941 -0.1419003 0.8861052 0.4412279 -0.06866359 0.9084209 0.4123795 -0.06866139 0.9084218 0.4123775 0.01175814 0.5791083 0.8151659 0.01175814 0.5791066 0.815167 0.01175755 0.5791074 0.8151665 -0.1429579 0.6941347 0.705507 -0.08437132 0.6712936 0.7363738 -0.03382915 0.710475 0.7029088 -0.03383487 0.7104704 0.7029132 -0.1370696 0.4098976 0.9017738 -0.07577884 0.3602032 0.929791 -0.01580435 0.424103 0.905476 -0.01580476 0.4241012 0.9054768 0.003687322 0.2607655 0.9653952 0.003687322 0.2607607 0.9653965 0.003688395 0.2607579 0.9653971 -0.01209181 -0.09226125 0.9956614 -1.99423e-5 -0.07642149 0.9970756 2.40823e-5 0.09226799 0.9957342 -0.004087328 0.08774048 0.9961349 -0.004086792 0.08774238 0.9961348 0.01763355 -0.5634652 0.8259516 0.01159584 -0.239821 0.9707478 0.0115959 -0.239821 0.9707478 0.0115959 -0.2398221 0.9707476 -0.04221844 -0.3609197 0.9316409 -0.1138006 -0.3950988 0.9115626 -0.1138035 -0.3951012 0.9115612 0.02729117 -0.8172143 0.5756875 0.02729117 -0.8171979 0.5757107 0.01761341 -0.5634068 0.8259918 0.01761519 -0.5634041 0.8259937 0.01761519 -0.5634059 0.8259924 0.02729171 -0.8172158 0.5756855 -0.05509924 -0.6939625 0.7178998 -0.08206027 -0.6714236 0.7365165 -0.1171246 -0.6847556 0.7192994 -0.1171331 -0.6847591 0.7192947 0.04087215 -0.9651829 0.2583631 -0.1038472 -0.8955891 0.4325922 -0.1169037 -0.8890254 0.442682 -0.1386102 -0.8903095 0.4337468 -0.1386088 -0.8903092 0.433748 0.03484827 -0.9963952 -0.07734507 0.03484827 -0.9963951 -0.07734608 -0.1536746 -0.9839063 0.09117257 -0.1569549 -0.983484 0.09013527 0.04087239 -0.965183 0.2583624 0.02836114 -0.9135289 -0.4057841 0.02836018 -0.9135293 -0.4057831 -0.1611328 -0.9492572 -0.270087 -0.09316134 -0.9648161 -0.2458677 -0.09315991 -0.9648164 -0.245867 0.01665955 -0.7143775 -0.6995623 0.01665955 -0.7143802 -0.6995595 0.01665973 -0.7143796 -0.69956 0.01666021 -0.714379 -0.6995608 -0.1545501 -0.8063296 -0.5709177 -0.1082425 -0.7933285 -0.5990938 -0.04977375 -0.8220722 -0.5672036 0.02836316 -0.9135311 -0.4057788 0.007810711 -0.4253759 -0.9049831 0.007810711 -0.4253712 -0.9049853 0.007810652 -0.4253715 -0.9049851 0.007810235 -0.425372 -0.9049849 -0.09545445 -0.5240284 -0.8463348 -0.02456486 -0.5749494 -0.8178201 -0.02456432 -0.5749502 -0.8178195 0 -0.0873844 -0.9961746 1.32582e-6 -0.08738231 -0.9961749 -0.08442002 -0.1830936 -0.9794641 -0.009652614 -0.2593278 -0.9657412 -0.009652912 -0.2593273 -0.9657413 -0.7954757 -0.1797512 0.5787123 -0.8206127 0.4059703 -0.4022224 -0.7899094 0.06537216 0.609729 -0.8202323 0.4036897 -0.4052821 -0.8243653 0.4011643 -0.3993609 -0.8255543 0.4694404 -0.3131866 -0.8437229 0.5304828 -0.08197271 -0.8529821 0.5179823 -0.06415516 -0.831462 0.5537353 0.04525625 -0.7935835 -0.1570271 0.58785 -0.811904 -0.1692208 0.5587273 -0.7850673 -0.2429723 0.5697664 -0.8009203 0.1819611 -0.5704532 -0.8005034 0.1775574 -0.5724226 -0.8007961 0.1820355 -0.5706037 -0.7941602 0.1815354 -0.5799607 -0.7947944 0.1858147 -0.5777325 -0.793671 0.18187 -0.5805253 -0.8066687 0.2566425 -0.5323722 -0.8031845 0.2571693 -0.5373626 -0.8035346 0.2593692 -0.5357797 -0.8018741 0.2583169 -0.5387673 -0.8121514 0.3330067 -0.479079 -0.8122736 0.332601 -0.4791536 -0.8123971 0.3327409 -0.478847 -0.8123589 0.3325048 -0.4790759 -0.8124634 0.3326702 -0.4787837 -0.8124215 0.3324363 -0.4790171 -0.8126605 0.3324551 -0.4785983 -0.8126379 0.3321973 -0.4788158 -0.8184778 0.4058893 -0.4066299 -0.8262992 0.4721499 -0.30709 -0.8263015 0.4721689 -0.3070544 -0.8290453 0.4645866 -0.3111962 -0.8336368 0.4618035 -0.3029639 -0.8328807 0.4591889 -0.3089581 -0.8350951 0.4597069 -0.3021354 -0.8321719 0.5156387 -0.2039774 -0.8410667 0.5064305 -0.190092 -0.8403082 0.5034762 -0.2009826 -0.8467966 0.4975603 -0.1880675 -0.8325551 0.5475966 -0.08360594 -0.8389591 0.5402003 -0.06581276 -0.8389592 0.5402008 -0.06580811 -0.8314623 0.5537356 0.0452485 -0.8463357 0.5296284 0.05665343 -0.8357155 0.5248172 0.161699 -0.8471445 0.5020185 0.1741368 -0.8471449 0.5020202 0.1741299 -0.8515025 0.5002998 0.1569828 -0.8531493 0.492451 0.1721291 -0.8182631 0.5045321 0.2754867 -0.8272662 0.4774917 0.2960273 -0.8299182 0.488233 0.2699341 -0.8470892 0.4485201 0.2850781 -0.8081941 0.450284 0.3795613 -0.8048104 0.4332824 0.4056435 -0.8090971 0.4491541 0.3789754 -0.8381449 0.3903277 0.3809952 -0.8261045 0.3505258 0.4412289 -0.8351821 0.3943873 0.383314 -0.8237426 0.3533484 0.4433881 -0.7866695 0.4546448 0.417671 -0.797977 0.3827033 0.4655864 -0.819332 0.3330834 0.4666375 -0.822642 0.3546535 0.4443885 -0.8233679 0.3284586 0.4627962 -0.8264625 0.3500895 0.4409049 -0.8291564 0.3217142 0.4571648 -0.7893561 0.3066436 0.531871 -0.8018926 0.2664185 0.5347797 -0.8055362 0.2916206 0.5158187 -0.8201821 0.2496629 0.5147522 -0.797688 0.216431 0.5628956 -0.7834574 0.282344 0.5536031 -0.7810899 0.1980935 0.5921633 -0.7849444 0.2255021 0.5770711 -0.8132669 0.1770297 0.554308 -0.7988557 0.1373783 0.585625 -0.8032749 0.1838046 0.566538 -0.7790571 0.1468355 0.6095158 -0.8031108 0.1077433 0.5860072 -0.8043932 0.1346374 0.5786401 -0.8087261 0.1054075 0.5786635 -0.7812265 0.06732565 0.6206065 -0.74983 0.1281297 0.6491053 -0.7890147 0.03740286 0.6132347 -0.8278583 -0.007544159 0.5608867 -0.7758231 0.03913742 0.6297354 -0.7763558 -0.009207129 0.6302278 -0.802196 -0.0309444 0.5962584 -0.7803209 -0.08542978 0.6195167 -0.8005356 -0.09948545 0.59097 -0.8005355 -0.09948533 0.5909702 -0.7433122 -0.1193456 0.6582124 -0.8236886 -0.1400803 0.5494676 -0.7992033 -0.08000171 0.5957129 -0.7877559 -0.268953 0.5541706 -0.7877636 -0.2690568 0.5541091 -0.7982925 -0.2329517 0.555394 -0.8188961 -0.2419463 0.5204528 -0.815583 -0.2983263 0.4958083 -0.809269 -0.2506231 0.5312926 -0.7905461 -0.3229389 0.5203338 -0.8225147 -0.3202964 0.4699785 -0.8180018 -0.2958454 0.4933037 -0.8282406 -0.3137515 0.4643031 -0.8235503 -0.2900275 0.4874926 -0.8293513 -0.3124679 0.4631849 -0.7970676 -0.4006979 0.4518013 -0.7970676 -0.400698 0.4518013 -0.8235995 -0.4010859 0.4010163 -0.823601 -0.4010945 0.4010047 -0.8194273 -0.374823 0.4336435 -0.8396579 -0.3798248 0.3882111 -0.8050363 -0.4700149 0.3619428 -0.8133789 -0.4888446 0.3153498 -0.8093196 -0.4646127 0.3593562 -0.8502353 -0.4363357 0.2944674 -0.8344566 -0.4941629 0.2438961 -0.8287241 -0.4678923 0.3070718 -0.8129081 -0.52452 0.2530992 -0.8576722 -0.4797937 0.1849222 -0.8576722 -0.4797938 0.1849223 -0.8531836 -0.4655866 0.2351738 -0.8621934 -0.4909607 0.1248205 -0.7644992 -0.6081908 0.2136471 -0.8899276 -0.4560238 0.00843805 -0.8513534 -0.4207856 -0.313268 -0.8427963 -0.4887285 -0.2254745 -0.8372299 -0.4629302 -0.2911043 -0.8024675 -0.5660375 -0.1888049 -0.8186749 -0.5702117 0.06804269 -0.819157 -0.570373 -0.0604676 -0.8678529 -0.4967417 0.008887946 -0.8595966 -0.5078573 -0.05634558 -0.8183665 -0.5617251 -0.1214131 -0.857523 -0.4848862 -0.1718714 -0.8594947 -0.4985384 -0.1128199 -0.8579046 -0.4649535 -0.218673 -0.8147098 -0.494443 -0.3029423 -0.8147082 -0.4944477 -0.3029388 -0.8147057 -0.4944268 -0.3029798 -0.8176206 -0.3140096 -0.4825914 -0.8176204 -0.3140087 -0.4825924 -0.827007 -0.3237598 -0.4596076 -0.8026958 -0.4120941 -0.4311125 -0.7975682 -0.4415913 -0.4109526 -0.8173144 -0.3946721 -0.4197989 -0.8207498 -0.4130319 -0.3946827 -0.8469805 -0.3563193 -0.3945384 -0.8097558 -0.4788114 -0.3391686 -0.8157241 -0.3366704 -0.4703691 -0.8157241 -0.3366705 -0.4703691 -0.8037958 -0.3284783 -0.4959983 -0.7857118 -0.3686807 -0.4967207 -0.8212415 -0.2310221 -0.5217194 -0.8149983 -0.2541676 -0.5207462 -0.8123804 -0.2387106 -0.5320295 -0.7896451 -0.2767203 -0.547619 -0.788437 -0.1930691 -0.5840305 -0.7955838 -0.2527078 -0.5506225 -0.8090329 -0.1795585 -0.5596647 -0.7918708 -0.1740396 -0.5853639 -0.7931323 -0.190083 -0.5786273 -0.7885609 -0.1759551 -0.5892466 -0.7785035 -0.1993256 -0.5951485 -0.8082504 -0.09098404 -0.5817673 -0.7968 -0.1100344 -0.5941399 -0.7958173 -0.09531736 -0.5979878 -0.7768251 -0.1178663 -0.6185873 -0.8038966 -0.02825218 -0.5940977 -0.8013496 -0.0355398 -0.5971395 -0.8010265 -0.02859938 -0.5979454 -0.7921125 -0.03679972 -0.6092647 -0.7921268 0.03630763 -0.6092756 -0.7859857 0.03357678 -0.6173322 -0.8001765 0.1071019 -0.5901244 -0.7949399 0.1028854 -0.5979005 -0.7952557 0.1090269 -0.5963904 -0.788209 0.1053798 -0.6063182 -0.8019043 0.1766428 -0.5707424 -0.04620957 -0.9651474 -0.2575953 -0.01915729 -0.5638279 -0.8256701 0.02357888 0.238633 0.9708235 0.05672019 0.1834537 0.9813907 0.1272682 0.231202 0.9645457 3.04928e-6 0.07683849 0.9970436 0.04431247 0.5579305 0.8287038 -0.01536899 0.4088901 0.9124542 -0.01536905 0.4088898 0.9124543 -0.01536905 0.408891 0.9124538 0.06635397 0.525272 0.8483434 0.1218922 0.5471473 0.8281137 0.1218893 0.5471448 0.8281158 -0.03750491 0.9059287 0.4217659 0.09618663 0.794317 0.5998405 0.1391429 0.7990132 0.5849933 0.1391389 0.7990121 0.5849958 -0.0245375 0.7022287 0.7115284 -0.02454239 0.7022197 0.7115372 -0.02453827 0.7022283 0.7115288 -0.02453827 0.7022272 0.71153 -0.05243885 0.9948601 0.08662289 0.1560932 0.9500358 0.2703086 0.1678856 0.9490456 0.2666962 0.1678855 0.9490456 0.2666962 -0.03750401 0.9059289 0.4217656 -0.03750461 0.9059286 0.4217663 -0.03750461 0.9059286 0.4217664 -0.04093664 0.9703357 -0.2382708 -0.04093664 0.9703367 -0.2382664 -0.04093766 0.9703355 -0.2382712 0.2152233 0.9733281 -0.07944416 0.1950346 0.9766125 -0.09049665 0.160694 0.9838187 -0.07923471 -0.05243885 0.9948601 0.0866239 -0.02370101 0.827836 -0.5604694 0.1566147 0.8841169 -0.4402378 0.07876551 0.9072238 -0.413208 0.07876557 0.9072238 -0.4132081 -0.01280725 0.5788165 -0.8153572 -0.01280725 0.5788164 -0.8153573 -0.01280772 0.5788158 -0.8153577 0.1525749 0.692133 -0.7054592 0.09218519 0.670827 -0.735862 0.03775978 0.7097029 -0.7034885 0.03776073 0.7097021 -0.7034891 -0.02369683 0.827838 -0.5604665 -0.02369695 0.827839 -0.5604652 -0.02369689 0.8278379 -0.5604666 -0.003985822 0.2608193 -0.9653794 -0.003985524 0.2608202 -0.9653792 0.1457446 0.4087656 -0.9009268 0.08351564 0.3599795 -0.9292147 0.01724153 0.4238935 -0.905548 0.01724177 0.4238923 -0.9055485 0.01487743 -0.07728564 -0.9968981 0.01487708 -0.07728677 -0.9968979 0.08849984 0 -0.9960762 0.004434823 0.08719795 -0.9961811 -0.003985822 0.2608268 -0.9653773 -0.01192778 -0.2409709 -0.9704591 -0.0119276 -0.2409713 -0.9704589 -0.0119276 -0.2409715 -0.9704589 -0.01915729 -0.5638293 -0.8256692 -0.01915669 -0.5638269 -0.8256708 0.04545128 -0.3608682 -0.9315087 0.1218225 -0.3946053 -0.9107392 0.1218218 -0.3946048 -0.9107396 -0.03006243 -0.8175607 -0.5750572 -0.03006243 -0.8175573 -0.5750619 -0.03006267 -0.8175608 -0.575057 0.06000059 -0.6938154 -0.7176489 0.09037601 -0.6709388 -0.7359846 0.126648 -0.6836927 -0.7186964 -0.01915663 -0.5638287 -0.8256696 -0.04620957 -0.9651463 -0.2575991 0.1163788 -0.8941455 -0.4323884 0.1299998 -0.887567 -0.4419557 0.1528874 -0.8881744 -0.4333263 0.1528892 -0.8881748 -0.4333248 -0.03950381 -0.9962191 0.07737606 -0.03950375 -0.996219 0.0773766 0.1743662 -0.9804804 -0.09085506 0.1784657 -0.9798492 -0.0896967 -0.04621076 -0.9651463 -0.2575989 -0.03159254 -0.9135197 0.4055657 -0.03159254 -0.9135194 0.4055666 -0.03159159 -0.9135198 0.4055656 0.2102943 -0.9457135 0.2477945 0.1608777 -0.9492972 0.2700985 0.1061559 -0.9634095 0.2461158 -0.03950357 -0.996219 0.07737642 -0.01795923 -0.7143352 0.6995733 -0.01795923 -0.7143366 0.6995719 -0.01795977 -0.7143349 0.6995734 -0.01795989 -0.7143347 0.6995737 0.1665846 -0.8039746 0.5708541 0.1227627 -0.7919809 0.5980764 0.0555498 -0.8213656 0.5676908 0.05555516 -0.8213599 0.5676985 -0.00829792 -0.4251714 0.9050748 -0.00829792 -0.4251924 0.905065 -0.008298397 -0.4251695 0.9050757 -0.008291065 -0.4251776 0.9050719 0.102253 -0.5236728 0.8457607 0.02661633 -0.5745742 0.8180196 0.02661633 -0.5745742 0.8180196 0 0.07683408 0.9970439 0 -0.08771151 0.9961459 0.08997112 -0.1830043 0.9789866 0.01025807 -0.2596394 0.9656512 0.01025557 -0.2596428 0.9656503 1 0 0 1 0 0 1 0 0 1 0 0 1 0 0 1 0 0 1 0 0 1 0 0 1 0 0 1 0 0 1 0 0 1 0 0 1 0 0 1 0 0 1 0 0 1 0 0 1 0 0 1 0 0 1 0 0 1 0 0 1 0 0 1 0 0 1 0 0 1 0 0 1 0 0 1 0 0 1 0 0 1 0 0 1 0 0 1 0 0 1 0 0 1 0 0 1 0 0 1 0 0 1 0 0 1 0 0 0.6616786 -0.6501014 -0.3735635 0.7185392 -0.6057388 0.3417336 0.6297202 -0.3589385 0.6889235 0.6452804 -0.2701079 0.7146014 0.6020407 -0.2589249 0.7553178 0.6304982 -0.74375 0.2220542 0.5740402 -0.01798057 -0.8186296 0.6234115 -0.04928964 -0.7803388 0.6065431 -0.1293452 -0.7844586 0.7194967 0.6631359 -0.2063378 0.6039466 -0.2876965 0.7432895 0.6039481 -0.2877108 0.7432827 0.593205 -0.2621197 0.761184 0.6333996 -0.1648293 0.7560663 0.6572496 -0.4793295 0.5816065 0.6572504 -0.4793346 0.5816014 0.6388064 -0.4613987 0.6156604 0.6017648 -0.5166739 0.609038 0.6743345 -0.3341398 0.658501 0.6556497 -0.373725 0.6560891 0.6513212 -0.3472447 0.6746864 0.5992172 -0.4056113 0.6902307 0.6211131 -0.2806019 0.7317657 0.660524 -0.4468198 0.6033739 0.6605241 -0.4468203 0.6033734 0.6826124 -0.4605574 0.5673863 0.63944 -0.5618075 0.5248704 0.6355117 -0.5951371 0.4918708 0.6583632 -0.5475188 0.5165084 0.6583634 -0.5475196 0.5165075 0.7034016 -0.5393263 0.4629832 0.6676489 -0.6265552 0.4020865 0.6571975 -0.578339 0.4833378 0.6525867 -0.6656298 0.3620324 0.6525846 -0.6656334 0.3620299 0.7173817 -0.5814691 0.3837411 0.7242091 -0.6356922 0.267239 0.7236339 -0.6362727 0.2674154 0.723634 -0.6362729 0.2674148 0.7368043 -0.6447212 0.2036029 0.6735583 -0.7248683 0.1445171 0.6951319 -0.7155348 0.06929355 0.724871 -0.6318171 -0.2745345 0.7340987 -0.6425277 -0.219675 0.6951319 -0.7155357 0.06928366 0.7211248 -0.6787717 0.138737 0.7362337 -0.6734259 0.06676423 0.6766104 -0.7362665 -0.01048737 0.6744955 -0.734079 -0.07863813 0.7844561 -0.6201127 -0.009420216 0.6833196 -0.7140495 -0.1523401 0.6574603 -0.6241629 -0.4220979 0.7200901 -0.596564 -0.3543749 0.6986026 -0.6577968 -0.2815277 0.6914612 -0.6238492 -0.3642715 0.6658886 -0.6876403 -0.2893838 0.7296464 -0.6472413 -0.2206692 0.7296459 -0.6472412 -0.2206708 0.6705372 -0.5582831 -0.4885692 0.6705329 -0.5582569 -0.4886051 0.6300212 -0.5897486 -0.5052425 0.7543181 -0.5335295 -0.3825578 0.6672919 -0.5266627 -0.5266382 0.6340048 -0.5515696 -0.5420414 0.6340042 -0.5515671 -0.5420446 0.6832094 -0.4498585 -0.5751975 0.6682295 -0.4262123 -0.6097643 0.6740354 -0.4566965 -0.5806072 0.6180768 -0.4586309 -0.6384661 0.6403908 -0.371385 -0.6722893 0.6496225 -0.4386948 -0.6209166 0.6628232 -0.3583139 -0.6574774 0.6243968 -0.3457462 -0.7004202 0.6045606 -0.05076909 -0.7949397 0.5734125 -0.1660823 -0.8022561 0.5950202 -0.131536 -0.7928742 0.6254748 -0.1538857 -0.7649186 0.6232998 -0.1260477 -0.7717573 0.6335932 -0.1518622 -0.7586155 0.5910101 -0.2472128 -0.7678495 0.6202744 -0.2688992 -0.7368534 0.61748 -0.2380262 -0.7497079 0.6462553 -0.2580559 -0.7181652 0.6021879 -0.3566707 -0.7142519 0.6129087 -0.3865218 -0.6891617 0.6129091 -0.3865263 -0.6891587 0.5764941 0.09921395 -0.8110556 0.6322764 0.05469393 -0.7728099 0.5740402 -0.0179829 -0.8186296 0.5740402 -0.01798343 -0.8186297 0.602886 0.3242521 -0.7289644 0.6482224 0.2693988 -0.7122023 0.6174333 0.2052704 -0.7593683 0.6242877 0.2798678 -0.7293413 0.5842686 0.2152556 -0.782493 0.6296175 0.1660777 -0.7589467 0.6310053 0.2009946 -0.7492886 0.6371374 0.1640338 -0.7530928 0.6371435 0.1640422 -0.7530859 0.7228302 0.664614 -0.1892214 0.7253522 0.657087 -0.2051849 0.6728634 0.6632881 -0.3275725 0.6901139 0.6329993 -0.3507918 0.6928665 0.645184 -0.3219838 0.7146947 0.6096788 -0.3427876 0.6545599 0.6024252 -0.456766 0.655087 0.5803996 -0.4837326 0.6595891 0.5983706 -0.4548571 0.6990166 0.5436105 -0.464611 0.6796383 0.4902042 -0.5457031 0.6852838 0.5555766 -0.4708724 0.6733052 0.4951003 -0.5491229 0.6271435 0.6017905 -0.4945091 0.6349844 0.5231655 -0.5684124 0.6704803 0.4700422 -0.5740353 0.6740316 0.4945321 -0.5487437 0.673569 0.467733 -0.572303 0.6769917 0.4922588 -0.5471411 0.6821117 0.461295 -0.5673893 0.6144104 0.4306706 -0.661077 0.6358495 0.3857247 -0.6685147 0.6400355 0.4154611 -0.6463333 0.6637353 0.369165 -0.6505172 0.6264639 0.3134885 -0.7136301 0.592158 0.4096967 -0.6939002 0.5982598 0.2906696 -0.7467237 0.7194964 0.6631345 -0.2063429 0.7017868 0.6857587 -0.1929516 0.713986 0.6969114 -0.06736832 0.7115221 0.7005265 -0.05476242 0.7116107 0.6993232 -0.06750828 0.6944319 0.7174093 -0.05557316 0.6935558 0.7161769 0.07791608 0.7995943 0.5984891 -0.04959583 0.7257618 0.6837638 0.0757429 0.6944748 0.7128322 0.09785211 0.7172427 0.6600707 0.223315 0.7094426 0.6639025 0.2364844 0.7102775 0.6670732 0.2247647 0.6972475 0.6757742 0.2391133 0.6945987 0.6211073 0.3629853 0.6923985 0.6204021 0.3683552 0.693015 0.6225669 0.3635118 0.6880818 0.624325 0.369813 0.6852789 0.6296166 0.3660271 0.6852784 0.6296117 0.3660365 0.6843626 0.6276647 0.3710592 0.6766954 0.5533856 0.4856415 0.6717233 0.555108 0.4905536 0.6720671 0.5571964 0.4877068 0.6695605 0.5568626 0.491521 0.6695451 0.5567326 0.491689 0.6552714 0.470338 0.5911019 0.6549542 0.4703077 0.5914775 0.6549921 0.4705231 0.5912642 0.6549312 0.4703078 0.5915029 0.6549723 0.4705478 0.5912665 0.6549728 0.4705481 0.5912657 0.6545792 0.4705706 0.5916836 0.633222 0.3756938 0.6766713 0.6349691 0.3773289 0.6741195 0.6345647 0.3749418 0.6758301 0.6394811 0.3747922 0.6712635 0.639283 0.3722694 0.6728543 0.639926 0.3745033 0.6710008 0.614376 0.2714476 0.7408497 0.624422 0.2730732 0.7317979 0.6240136 0.267542 0.7341856 0.6260006 0.2724183 0.7306925 0.6275941 0.2660676 0.731665 0.5990343 0.1599748 0.7845801 0.6100974 0.1667678 0.7745771 0.6095064 0.1575005 0.7769784 0.622497 0.1636354 0.765324 0.5905616 0.0513482 0.8053573 0.594081 0.05688345 0.8023915 0.5937886 0.05110597 0.8029964 0.6036499 0.05608439 0.7952744 0.6036004 -0.05752545 0.7952091 0.6329346 -0.04156434 0.7730887 0.5660673 -0.1818959 0.8040409 0.6075473 -0.1433733 0.7812365 0.6075473 -0.1433747 0.7812362 0 0 1 0 0 1 0 0 1 0 0 1 0 0 1 0 0 1 0 0 1 0 0 1 0 0 1 0 0 1 0 0 1 0 0 1 0 0 1 0 0 1 0 0 1 0 0 1 0 0 1 0 0 1 0 0 1 0 0 1 0 0 1 0 0 1 0 0 1 0 0 1 0 0 1 0 0 1 0 0 1 0 0 1 0 0 1 0 0 1 0 0 1 0 0 1 0 0 1 0 0 1 0 0 1 0 0 1 0 0 1 0 0 1 0 0 1 0 0 1 0 0 1 0 0 1 0 0 1 0 0 1 0 0 1 0 0 1 0 0 1 0 0 1 -1 0 0 -1 0 0 -1 0 0 -1 0 0 -1 0 0 -1 0 0 -1 0 0 -1 0 0 -1 0 0 -1 0 0 0.01569724 0.1208495 0.9925467 -0.03443193 -0.2108923 0.9769027 -0.09445488 -0.1533045 0.9836544 0.02121353 -0.8326409 0.5534069 -0.07402265 -0.6487857 0.7573623 -0.04697036 -0.670747 0.7401974 0.01960515 -0.4171001 0.908649 0.01960515 -0.4171011 0.9086486 0.02121353 -0.8326413 0.5534063 -0.05614072 -0.9505318 0.305512 -0.05764675 -0.9499428 0.3070595 -0.07812303 -0.9744948 -0.2103726 0 -0.9961106 -0.0881114 0 -0.9938675 0.1105776 0.01024305 -0.6222878 -0.7827215 -0.1301931 -0.7981764 -0.5881872 -0.01838666 -0.74089 -0.6713747 0.008649766 -0.9337655 -0.3577809 0.008649766 -0.9337649 -0.3577824 0.01024305 -0.6222837 -0.7827249 -0.02169734 -0.3059226 -0.9518092 -0.1155946 -0.3839831 -0.9160758 0.01960456 0.4171011 -0.9086486 -0.09445583 0.1533035 -0.9836544 -0.03443145 0.2108928 -0.9769026 0.01569724 -0.1208454 -0.9925472 0.01569724 -0.1208525 -0.9925463 0.01960456 0.4171002 -0.908649 -0.04697066 0.6707464 -0.7401979 -0.07402288 0.6487851 -0.7573629 0 0.9938675 -0.1105776 -0.05764675 0.9499428 -0.3070595 -0.05614042 0.9505319 -0.3055117 0.02121418 0.8326413 -0.5534063 0.02121418 0.832642 -0.5534052 0 0.9961106 0.0881114 -0.07812321 0.9744948 0.2103729 0.008649289 0.9337649 0.3577824 0.008649289 0.9337655 0.3577809 -0.01838743 0.7408905 0.6713742 -0.1301931 0.7981764 0.5881872 0.01569724 0.1208525 0.9925463 -0.1155942 0.3839822 0.9160763 -0.0216974 0.3059221 0.9518092 0.01024359 0.622288 0.7827215 0.01024359 0.622287 0.7827221 -1 0 0 -1 0 0 -1 0 0 -1 0 0 -1 0 0 -1 0 0 -1 0 0 -1 0 0 -1 0 0 -1 0 0 -1 0 0 -1 0 0 -1 0 0 -1 0 0 -1 0 0 -1 0 0 -1 0 0 -1 0 0 -1 0 0 -1 0 0 -1 0 0 -1 0 0 -1 0 0 -1 0 0 -1 0 0 -1 0 0 -1 0 0 -1 0 0 -1 0 0 -1 0 0 -1 0 0 -1 0 0 -1 0 0 -1 0 0 -1 0 0 -1 0 0 -1 0 0 -1 0 0 -1 0 0 -1 0 0 -1 0 0 -1 0 0 -1 0 0 -1 0 0 -1 0 0 -1 0 0 -1 0 0 -1 0 0 -1 0 0 -1 0 0 -1 0 0 -1 0 0 -1 0 0 -1 0 0 -1 0 0 -1 0 0 -1 0 0 -1 0 0 -1 0 0 -1 0 0 -1 0 0 -1 0 0 -1 0 0 -1 0 0 -1 0 0 -1 0 0 -1 0 0 -1 0 0 0.1744064 -0.493382 -0.8521482 -0.1756793 -0.1199343 -0.9771144 -0.1028979 -0.3835811 -0.9177568 -0.02557694 -0.6196697 -0.7844458 -0.0265128 -0.5008863 -0.8651069 0.148595 -0.7107465 -0.6875748 0.02651315 -0.4135032 0.9101165 -0.1485955 -0.6397854 0.7540519 0.1859802 -0.5303955 0.8270986 -0.1880633 -0.8142278 0.5492407 -0.1859808 -0.6090589 -0.7710113 0.06084769 -0.8035462 -0.5921242 -0.06545627 -0.8780447 -0.474081 -0.03922313 -0.9341506 -0.3547172 -0.03996998 -0.879229 -0.4747196 0.06637954 -0.9328089 -0.3542052 -0.06535702 -0.9731513 -0.2206918 0.06585299 -0.9940356 -0.08692938 0 -0.9998511 -0.01725876 0 -0.9933227 0.1153689 -0.06585276 -0.9806931 0.1841316 0.06535696 -0.9467734 0.3151959 -0.06638026 -0.8935137 0.4441025 0.03997051 -0.8283563 0.5587739 0.03922361 -0.8947982 0.4447445 0.0918498 -0.7397467 0.6665871 4.93047e-4 0.1218338 0.9925504 -0.1205265 -0.1499262 0.9813233 0.1756812 -0.02339345 0.9841691 -0.1744038 -0.4073079 0.896484 0.102898 -0.2915953 0.950991 0.0255773 -0.5396341 0.841511 0.1744064 0.493382 0.8521482 -0.1756793 0.1199343 0.9771144 0.1205248 0.2455744 0.9618561 -4.91807e-4 -0.02376282 0.9997175 -0.1028999 0.3835802 0.9177569 -0.02557688 0.6196737 0.7844427 -0.0265128 0.5008863 0.8651069 0.1485942 0.7107456 0.6875758 0.02651315 0.4135032 -0.9101165 -0.1485951 0.6397848 -0.7540523 0.1859809 0.5303946 -0.827099 -0.1880633 0.8142278 -0.5492407 -0.1859824 0.6090573 0.7710122 0.06084883 0.8035468 0.5921232 -0.06545454 0.8780449 0.4740811 -0.03922176 0.9341506 0.3547172 -0.03996819 0.8792291 0.4747197 0.06638026 0.9328086 0.3542059 -0.06535738 0.9731514 0.2206914 0.0658527 0.9940356 0.08692938 0 0.9998511 0.01725882 0 0.9933227 -0.1153684 -0.06585311 0.9806931 -0.1841312 0.06535696 0.9467734 -0.3151959 -0.06638115 0.8935132 -0.4441033 0.03996843 0.8283564 -0.5587739 0.03922188 0.8948021 -0.4447369 0.0918498 0.7397467 -0.6665871 0.1205248 -0.2455744 -0.9618561 -4.91807e-4 0.02376282 -0.9997175 4.93019e-4 -0.1218296 -0.9925509 -0.1205243 0.1499253 -0.9813238 0.1756784 0.0233947 -0.9841696 -0.1744065 0.4073088 -0.896483 0.102898 0.2915953 -0.950991 0.0255773 0.5396341 -0.841511 -1 0 0 -1 0 0 -1 0 0 -1 0 0 -1 0 0 -1 0 0 -1 0 0 -1 0 0 -1 0 0 -1 0 0 -1 0 0 -1 0 0 -1 0 0 -1 0 0 -1 0 0 -1 0 0 -1 0 0 -1 0 0 -1 0 0 -1 0 0 -1 0 0 -1 0 0 -1 0 0 -1 0 0 -1 0 0 -1 0 0 -1 0 0 -1 0 0 -1 0 0 -1 0 0 -1 0 0 -1 0 0 -1 0 0 -1 0 0 -1 0 0 -1 0 0 -1 0 0 -1 0 0 -1 0 0 -1 0 0 -1 0 0 -1 0 0 -1 0 0 -1 0 0 -1 0 0 -1 0 0 -1 0 0 -1 0 0 -1 0 0 -0.1854223 -0.1897895 0.9641568 -0.179821 -0.1881729 0.9655337 0.05346411 -0.415584 0.9079821 0.06397712 -0.7882223 0.6120559 -0.1921746 -0.6138619 0.7656646 -0.1596341 -0.6087678 0.7771221 0.05346411 -0.4155828 0.9079827 -0.2111577 -0.895788 0.391122 -0.1615069 -0.8969659 0.411543 0.06397712 -0.7882222 0.612056 0.05667316 -0.9496769 -0.3080615 -0.1225042 -0.9838261 -0.130687 0 -0.9972825 -0.07367128 0 -0.9976816 0.06805527 -0.01390326 -0.9939041 0.1093689 0.05279076 -0.9777867 0.2028456 0.05279076 -0.9777863 0.2028474 0.06531596 -0.6953341 -0.7157124 -0.1835864 -0.8354711 -0.5179616 -0.1764104 -0.8378464 -0.5166166 0.05667316 -0.9496768 -0.3080618 0.05664485 -0.288782 -0.9557178 -0.1808458 -0.4993225 -0.8473323 -0.1942136 -0.4942028 -0.8473751 0.06531596 -0.6953323 -0.7157142 0.06494301 0.1927301 -0.9791004 -0.1863611 -0.04830235 -0.9812932 -0.1734866 -0.05273282 -0.9834234 0.05664485 -0.2887858 -0.9557166 0.06480902 0.6153783 -0.7855631 -0.196921 0.4123932 -0.8894684 -0.1831238 0.4091417 -0.8939064 0.06494301 0.1927304 -0.9791003 0.04809778 0.9078464 -0.416535 -0.1891695 0.7797235 -0.5968637 -0.169093 0.7784667 -0.6044808 0.06480896 0.6153784 -0.7855629 -0.05409646 0.9721429 -0.2280607 -0.1248292 0.9714931 -0.2015412 0.04809778 0.9078463 -0.4165353 0.06553119 0.8493658 0.5237206 -0.1892857 0.9341213 0.3026356 -0.1903465 0.933815 0.3029156 0.06473535 0.9951907 0.07351672 0.0646094 0.9978477 0.01120787 0 0.9972826 0.07367157 0 0.9976816 -0.06805455 0.06109863 0.5028539 0.8622093 -0.1780614 0.6879475 0.7035782 -0.1876534 0.6844424 0.7045033 0.06553119 0.8493669 0.523719 0.06457465 0.05343359 0.9964812 0.06457465 0.05343407 0.9964812 -0.192051 0.2814231 0.9401688 -0.1845921 0.2842776 0.9408039 0.06109857 0.5028533 0.8622097 -1 0 0 -1 0 0 -1 0 0 -1 0 0 -1 0 0 -1 0 0 -1 0 0 -1 0 0 -1 0 0 -1 0 0 -1 0 0 -1 0 0 -1 0 0 -1 0 0 -1 0 0 -1 0 0 -1 0 0 -1 0 0 -1 0 0 -1 0 0 -1 0 0 -1 0 0 -1 0 0 -1 0 0 -1 0 0 -1 0 0 -1 0 0 -1 0 0 -1 0 0 -1 0 0 -1 0 0 -1 0 0 -1 0 0 -1 0 0 -1 0 0 -1 0 0 -1 0 0 -1 0 0 -1 0 0 -1 0 0 -1 0 0 -1 0 0 -1 0 0 -1 0 0 -1 0 0 -1 0 0 -1 0 0 -1 0 0 -1 0 0 -1 0 0 -1 0 0 -1 0 0 -1 0 0 -1 0 0 -1 0 0 -1 0 0 -1 0 0 -1 0 0 -1 0 0 -1 0 0 -1 0 0 -1 0 0 -1 0 0 -1 0 0 -1 0 0 -1 0 0 -1 0 0 -1 0 0 -1 0 0 -1 0 0 -1 0 0 -1 0 0 -1 0 0 -1 0 0 -1 0 0 -1 0 0 -1 0 0 -1 0 0 -1 0 0 -1 0 0 -0.005063295 0.1972101 -0.9803482 0.0210334 0.1840887 -0.9826846 -0.02075469 -0.0385937 -0.9990394 1.41645e-5 -0.0597198 -0.9982151 -1.45844e-5 -0.0386027 -0.9992547 0.02075356 -0.05970686 -0.9980002 -0.02103424 -0.2797055 -0.9598554 0.005062639 -0.2925343 -0.9562417 -0.005498528 -0.5038563 -0.86377 -0.001485943 -0.5070936 -0.8618897 -0.001486897 -0.5038636 -0.8637819 0.00240308 -0.5070923 -0.8618885 -0.002355039 -0.6982505 -0.7158496 0.002465248 -0.6998732 -0.7142629 -0.002373516 -0.8500387 -0.5267149 0.001396059 -0.8519439 -0.5236313 0.001395225 -0.8500403 -0.5267159 0.00525242 -0.8519324 -0.5236254 -0.005196154 -0.9515444 -0.3074677 -0.004661142 -0.9516254 -0.3072254 0.00508356 -0.997542 -0.06988579 0.002517044 -0.9973831 -0.07225376 0.002516686 -0.9975518 -0.06988716 0 -0.9973862 -0.07225412 0 -0.9854688 0.1698565 -0.005082786 -0.9858563 0.1675156 0.004662334 -0.9168536 0.3991965 0.004936516 -0.916751 0.3994286 0.004936516 -0.9168515 0.3991978 0.005195498 -0.9167484 0.3994316 -0.005253374 -0.7963902 0.6047604 0.002372682 -0.794202 0.6076493 -0.00246638 -0.6263441 0.7795429 -5.63944e-5 -0.6245745 0.7809652 -5.6747e-5 -0.6263462 0.779545 0.002354681 -0.6245737 0.7809624 -0.002403497 -0.4199963 0.9075226 0.005499601 -0.4165905 0.9090777 -0.005061447 -0.1972102 0.9803481 0.00832951 -0.1841233 0.9828679 0.008318722 -0.1972059 0.9803269 0.02103364 -0.1840899 0.9826843 -0.02075475 0.038594 0.9990394 0.02075356 0.05970692 0.9980002 -0.02103441 0.2797067 0.9598551 -0.008317768 0.2925294 0.9562204 -0.008328557 0.2797564 0.9600349 0.005062758 0.2925329 0.956242 -0.005498588 0.5038564 0.8637698 0.002404689 0.5070931 0.8618879 -0.002353727 0.6982517 0.7158485 5.64487e-5 0.6998756 0.7142648 5.61113e-5 0.6982513 0.7158527 0.002465307 0.699872 0.714264 -0.002373516 0.8500384 0.5267153 0.005254387 0.8519329 0.5236247 -0.005195021 0.9515445 0.3074669 -0.004937171 0.951624 0.3072252 -0.004937171 0.9515457 0.3074678 -0.004661083 0.9516255 0.307225 0.005083501 0.9975421 0.06988626 0 0.9973863 0.07225418 0 0.9854688 -0.1698563 -0.002517282 0.9858661 -0.1675165 -0.00251764 0.9854658 -0.1698555 -0.005082786 0.9858564 -0.1675159 0.004662394 0.9168531 -0.3991974 0.005195558 0.9167491 -0.3994299 -0.005253374 0.7963902 -0.6047604 -0.001395463 0.7942033 -0.6076506 -0.001396358 0.7964004 -0.6047682 0.002373695 0.7942013 -0.6076502 -0.00246489 0.6263436 -0.7795431 0.002354562 0.6245733 -0.7809627 -0.002403438 0.4199968 -0.9075224 0.001488864 0.4165958 -0.9090906 0.00148797 0.4199965 -0.9075245 0.005497992 0.4165923 -0.9090768 -1 0 0 -1 0 0 -1 0 0 -1 0 0 -1 0 0 -1 0 0 -1 0 0 -1 0 0 -1 0 0 -1 0 0 -1 0 0 -1 0 0 -1 0 0 -1 0 0 -1 0 0 -1 0 0 -1 0 0 -1 0 0 -1 0 0 -1 0 0 -1 0 0 -1 0 0 -1 0 0 -1 0 0 -1 0 0 -1 0 0 -1 0 0 -1 0 0 -1 0 0 -1 0 0 -1 0 0 -1 0 0 -1 0 0 -1 0 0 -1 0 0 -1 0 0 -1 0 0 -1 0 0 -1 0 0 -1 0 0 -1 0 0 -1 0 0 -1 0 0 -1 0 0 -1 0 0 -1 0 0 -1 0 0 -1 0 0 -1 0 0 -1 0 0 -1 0 0 -1 0 0 -1 0 0 -1 0 0 -1 0 0 -1 0 0 -1 0 0 -1 0 0 -0.9274649 -0.05525785 0.3698047 -0.9188832 -0.1859572 0.3479562 -0.9284808 -0.049398 0.3680804 -0.9285081 -0.04707896 0.3683154 -0.9287278 -0.04386591 0.3681582 -0.9291125 -0.0405085 0.3675719 -0.9296808 -0.03712487 0.3664908 -0.9393367 0.0168628 0.3425817 -0.9369878 0.01862007 0.3488655 -0.9289739 0.07724654 0.361995 -0.9285796 0.08164626 0.362041 -0.9284865 0.08444893 0.3616369 -0.9284803 0.08538228 0.3614335 -0.9210358 0.2027985 0.3325143 -0.9275944 0.0893945 0.3627358 -0.936897 -0.100641 -0.3348065 -0.9275943 -0.0893948 -0.3627358 -0.9295482 -0.1154188 -0.3501693 -0.92809 -0.1188258 -0.3528872 -0.9323065 -0.1097603 -0.344612 -0.9274648 0.05525827 -0.3698047 -0.9295768 0.08041024 -0.3597517 -0.9288762 0.08191657 -0.3612183 -0.9344372 0.07141131 -0.3488948 -0.9400653 0.06213432 -0.3352855 -0.9466112 0.05160689 -0.31822 -0.9532718 0.04084616 -0.29934 -0.8951853 -0.02191233 -0.4451552 -0.8920945 -0.1047629 -0.4395363 -0.9780518 -0.01024401 -0.2081099 -0.9446275 -0.08617395 -0.3166275 -0.9254403 -0.1602935 -0.3433166 -0.9254403 -0.1602945 -0.3433161 -0.9318857 -0.2058963 -0.2986566 -0.9297675 -0.3016712 -0.211014 -0.9286404 -0.3066827 -0.2087408 -0.9263371 -0.2422746 -0.2884486 -0.9263371 -0.2422754 -0.2884479 -0.9281609 -0.3656363 0.06947886 -0.9258832 -0.3550878 -0.1290459 -0.9258832 -0.3550877 -0.1290461 -0.9320769 -0.352884 -0.0818873 -0.925624 -0.3770202 -0.03280037 -0.9256194 -0.3784542 0.001128971 -0.9275207 -0.3723654 -0.03239566 -0.9272226 -0.3687895 0.06521236 -0.9268103 -0.3402684 0.1588708 -0.9268104 -0.3402683 0.158871 -0.9315747 -0.3170765 0.1778519 -0.9254029 -0.2902007 0.2437475 -0.925403 -0.2902007 0.2437476 -0.9316673 -0.231266 0.2801998 -0.9266809 -0.2154285 0.3079822 -0.9266809 -0.2154279 0.3079825 -0.927827 -0.117484 0.3540264 -0.9304372 -0.1251665 0.3444125 -0.9276498 -0.05519014 0.3693508 -0.9277579 0.08929729 0.3623414 -0.9299921 0.1555075 0.3330646 -0.9283727 0.1511311 0.3395344 -0.926449 0.2420982 0.2882373 -0.926449 0.2420984 0.2882371 -0.9318197 0.2573886 0.2558574 -0.9254212 0.310515 0.2172002 -0.9254212 0.310515 0.2172002 -0.9313703 0.3334894 0.1460626 -0.9270759 0.3523284 0.1280432 -0.9270759 0.3523288 0.1280416 -0.9277223 0.3717797 0.0333321 -0.9275207 0.3723654 0.03239548 -0.9282537 0.370257 -0.03542405 -0.9260458 0.3419731 -0.1596668 -0.9320263 0.3432592 -0.1161891 -0.9255329 0.3728822 -0.06593602 -0.9255331 0.3728822 -0.06593626 -0.9260458 0.3419731 -0.1596668 -0.9293495 0.2827093 -0.2374554 -0.9291242 0.2837688 -0.2370725 -0.9261395 0.2161915 -0.3090741 -0.9261396 0.2161921 -0.3090736 -0.931987 0.1754445 -0.3172059 -0.9254951 0.1293706 -0.3559805 -0.9254951 0.1293702 -0.3559807 -0.5573369 0.6357769 -0.5340069 -0.5573323 -0.7523272 0.3512611 -0.834898 0.1879984 -0.5173025 -0.8348914 0.315485 -0.4510272 -0.8348949 0.3540008 0.4214664 -0.8348944 -0.3154832 0.4510229 -0.8348961 -0.4214649 0.3539999 -0.8364542 -0.08099108 0.5420193 -0.8500549 0.07783734 -0.5209107 -0.8365056 0.08249837 -0.5417125 -0.5391256 0.01417607 -0.8421061 -0.5390023 -0.09257984 -0.837201 0.4658817 -0.1540759 -0.8713294 -0.786042 -0.168951 -0.5946372 -0.539116 -0.01417618 0.8421122 -0.5389928 0.09258049 0.8372071 0.4658871 0.154075 0.8713267 -0.7860767 0.1689439 0.5945935 -0.9053279 0.1016278 0.412375 -0.7871139 0.1580116 0.5962249 -0.8297958 0.1318921 0.5422576 -0.5597859 0.1965617 0.8049865 -0.5573323 0.3512612 0.7523272 -0.8348956 -0.4987263 0.232855 -0.8348962 -0.4987256 0.2328546 -0.8348965 -0.4987252 0.2328541 -0.8348981 -0.1879984 0.5173025 -0.8348948 0.2328555 0.4987273 -0.8348968 0.2328541 0.4987247 -0.8365414 0.1311056 0.5319867 -0.8348954 0.4510217 0.3154823 -0.8348954 0.4510216 0.3154823 -0.8348956 0.5483372 0.04770493 -0.8348973 0.5173044 0.1879962 -0.8348957 0.5173058 0.1879994 -0.8348953 0.5173065 0.1879996 -0.8348947 0.4510226 0.3154831 -0.8348965 0.4987252 -0.2328541 -0.8348959 0.5419994 -0.09584075 -0.8348954 0.5420002 -0.09584081 -0.834892 0.4214693 -0.3540039 -0.8348914 0.4214701 -0.3540046 -0.8348925 0.4987306 -0.2328566 -0.9053203 -0.1016321 -0.4123907 -0.8366258 -0.1339725 -0.5311391 -0.8348971 -0.2328532 -0.4987248 -0.8348906 -0.2328583 -0.4987332 -0.8348955 -0.4510216 -0.3154823 -0.8348957 -0.3539993 -0.4214661 -0.8348982 -0.3539977 -0.4214624 -0.8348948 -0.3540011 -0.4214662 -0.8348948 -0.232856 -0.498727 -0.834895 -0.5483381 -0.04770487 -0.8348947 -0.5173072 -0.188 -0.834896 -0.5173054 -0.1879991 -0.8348951 -0.5420007 0.09584099 -0.8348941 -0.5483393 -0.04770535 -0.5573325 -0.4759039 0.6803646 -0.5573315 0.5340091 0.6357797 -0.5573323 0.6803646 0.4759039 -0.557332 0.6803649 0.4759041 -0.5573325 0.7803546 0.2835967 -0.5573325 0.8176053 -0.1445755 -0.557333 0.8176049 -0.1445755 -0.5573308 0.8271661 0.07196271 -0.5573215 0.2835987 -0.7803618 -0.7883449 -0.1455393 -0.5977714 -0.5597859 -0.1965624 -0.8049863 -0.5573323 -0.3512612 -0.7523272 -0.5573411 -0.3512583 -0.7523221 -0.5573406 -0.5340049 -0.6357754 -0.5573313 -0.7803555 -0.2835968 -0.5573329 -0.7803545 -0.2835965 -0.5573326 -0.6803644 -0.4759041 -0.1954616 -0.9657294 0.170768 -0.8348959 -0.5419995 0.09584069 -0.5573329 -0.8176051 0.1445755 -0.5573325 -0.8176053 0.1445755 -0.1954624 -0.9657291 0.170768 -0.1954684 -0.965728 0.1707674 -0.8348943 -0.4214668 0.3540018 -0.8348949 -0.421466 0.3540011 -0.5573316 -0.6357796 0.5340092 -0.5573319 -0.7523276 0.3512612 -0.1954702 -0.8886233 0.4148976 -0.1954675 -0.8886238 0.4148978 -0.1954663 -0.8886237 0.4148986 -0.1954655 -0.7509617 0.6307534 -0.5573372 -0.6357769 0.5340065 -0.557338 -0.475902 0.6803613 -0.8348961 -0.3154819 0.4510207 -0.8348978 -0.3154795 0.4510194 -0.8348951 -0.1879997 0.5173068 -0.5573325 -0.2835966 0.7803546 -0.5573291 -0.2835972 0.7803569 -0.1954662 -0.3349748 0.9217293 -0.1954702 -0.3349749 0.9217284 -0.1954668 -0.7509615 0.6307532 -0.1954668 -0.5621215 0.8036244 -0.1954638 -0.5621223 0.8036245 -0.1954643 -0.5621222 0.8036245 -0.1954642 -0.334975 0.9217296 -0.1954702 -0.08499997 0.9770192 0.4621296 -0.07686173 0.8834753 -0.55974 -0.1235158 0.8194113 -0.7121102 -0.1031197 0.6944533 -0.8339417 -0.08100467 0.5458748 -0.7080858 -0.1371857 0.692672 -0.8500588 -0.07783585 0.5209046 -0.1955308 0.1732102 0.9652802 -0.257059 0.1682753 0.9516323 -0.1970859 0.04571986 0.9793196 -0.1954651 -0.08499991 0.9770202 -0.1954686 0.4148984 0.8886233 -0.1954616 0.4148985 0.8886248 -0.5573337 0.3512608 0.7523265 -0.5573343 0.5340079 0.6357784 -0.8348943 0.3540017 0.4214669 -0.8348958 0.3540003 0.421465 -0.1954658 0.8036243 0.562122 -0.1954695 0.8036236 0.5621216 -0.1954712 0.6307517 0.7509617 -0.1954655 0.6307535 0.7509616 -0.1954698 0.6307531 0.7509608 -0.1954714 0.414897 0.8886232 -0.1954652 0.9217293 0.3349752 -0.1954659 0.9217293 0.334975 -0.5573313 0.7803555 0.2835969 -0.5573328 0.8271648 0.07196265 -0.8348948 0.5483383 0.04770499 -0.8348938 0.5420026 -0.09584152 -0.1954615 0.9217302 0.3349751 -0.1954638 0.9770204 0.08500009 -0.1954675 0.9770197 0.08499979 -0.1954648 0.9770203 0.08499956 -0.1954656 0.9657285 -0.1707679 -0.1954683 0.965728 -0.1707677 -0.1954675 0.8886245 -0.4148964 -0.8348934 0.4987292 -0.2328563 -0.5573323 0.7523272 -0.3512611 -0.5573353 0.7523255 -0.3512601 -0.1954705 0.8886233 -0.4148975 -0.1954663 0.888624 -0.414898 -0.1954652 0.7509618 -0.6307533 -0.1954716 0.7509605 -0.6307528 -0.5573372 0.6357767 -0.5340067 -0.557338 0.4759023 -0.6803612 -0.8348954 0.3154826 -0.4510214 -0.8348977 0.3154805 -0.4510188 -0.1954742 0.7509602 -0.6307524 -0.1954761 0.5621212 -0.8036224 -0.5573326 0.4759042 -0.6803644 -0.5573325 0.2835966 -0.7803546 -0.8348957 0.1879993 -0.5173059 -0.8348985 0.1879975 -0.5173022 -0.1954524 0.5621232 -0.8036268 -0.1954548 0.5621237 -0.8036258 -0.1954535 0.3349753 -0.9217318 -0.1954805 0.3349744 -0.9217264 -0.1954815 0.08499783 -0.9770171 -0.1954624 0.08500057 -0.9770206 0.4621236 0.07686239 -0.8834784 -0.5597319 0.123516 -0.8194168 -0.7121103 0.1031191 -0.6944533 -0.7118862 0.1031525 -0.6946781 -0.1954714 -0.4148971 -0.8886232 -0.1954689 -0.4148975 -0.8886237 -0.1954687 -0.1707681 -0.9657278 -0.1954679 -0.1707682 -0.9657279 -0.1954651 -0.1707682 -0.9657286 -0.1954651 0.08500069 -0.9770202 -0.1954699 -0.6307545 -0.7509596 -0.1954636 -0.630754 -0.7509617 -0.5573253 -0.5340121 -0.6357828 -0.5573277 -0.6803673 -0.4759058 -0.8348947 -0.4510226 -0.315483 -0.8348954 -0.5173064 -0.1879993 -0.1954799 -0.6307514 -0.7509596 -0.1954765 -0.803623 -0.5621202 -0.1954616 -0.8036248 -0.5621228 -0.1954657 -0.8036239 -0.5621226 -0.1954652 -0.9217295 -0.334975 -0.1954653 -0.9217294 -0.334975 -0.1954692 -0.9217273 -0.3349785 -0.8348956 -0.5483371 -0.04770487 -0.5573328 -0.8271648 -0.07196265 -0.5573307 -0.8271661 -0.07196271 -0.1954657 -0.97702 -0.08499985 -0.1954668 -0.9770199 -0.08499985 0.02756994 -0.1351496 0.9904416 0.4881131 -0.07564538 0.8694961 -0.2380813 -0.3317422 0.9128332 -0.2380813 -0.3317419 0.9128333 0.4483844 -0.4326154 0.7821735 -0.1597445 -0.5658178 0.8089078 -0.1597445 -0.5658174 0.8089082 0.2371392 -0.7455344 0.6228512 0.2599399 -0.73941 0.6210508 -0.1714307 -0.8926883 0.4167963 -0.1714307 -0.8926886 0.4167956 0.4509917 -0.8454101 0.2861611 -0.2336041 -0.9574778 0.1693086 -0.2329038 -0.9680792 0.09262025 0.4064464 -0.8369212 -0.3665572 -0.01947581 -0.9845365 0.1740936 0.02023899 -0.9960329 -0.086654 0.04127806 -0.9951561 -0.08922106 -0.03891426 -0.9391455 -0.3413087 -0.0389142 -0.9391468 -0.3413048 -0.2467282 -0.7940974 -0.5554589 -0.2467282 -0.7940981 -0.5554578 0.4372364 -0.6378287 -0.6340337 -0.1205821 -0.6384665 -0.7601451 -0.1205821 -0.6384684 -0.7601434 0.1761685 -0.400288 -0.8992964 0.3378137 -0.3981879 -0.8528355 -0.200661 -0.1705854 -0.9646947 -0.200661 -0.1705853 -0.9646946 0.455177 -0.04377549 -0.8893243 -0.2160048 0.08462637 -0.9727181 -0.2160048 0.08462387 -0.9727182 0.33301 0.2969845 -0.8949328 0.1101087 0.3394871 -0.9341438 -0.09067857 0.5708174 -0.8160545 -0.09067857 0.5708166 -0.8160551 0.426928 0.5756216 -0.6974183 -0.2488584 0.7416421 -0.6229258 -0.2488584 0.7416423 -0.6229256 0.4205852 0.791276 -0.443836 -0.07381039 0.9036307 -0.4219046 -0.07381045 0.9036315 -0.421903 0.0784682 0.9793914 -0.1861057 -0.01947462 0.9845365 -0.1740936 0.006642282 0.9999735 -0.002982914 -0.2227935 0.9711972 0.08449298 -0.2227935 0.9711971 0.08449345 0.4543128 0.8677844 0.2013706 -0.1914709 0.9224697 0.3352439 -0.1914709 0.9224696 0.3352442 0.2892531 0.7913414 0.53862 0.1833205 0.805544 0.5634647 -0.1348355 0.6372852 0.7587403 -0.1348355 0.6372865 0.7587393 0.4416545 0.5092381 0.7386595 -0.244507 0.4102172 0.8786001 -0.244507 0.4102184 0.8785996 0.3980311 0.2126961 0.8923742 0 0.1766194 0.9842792 0 0.04663455 0.998912 1.1822e-5 0.9987908 -0.04916346 0 0.9987908 -0.04916346 -2.63728e-7 0.9987908 -0.04916346 -7.10176e-6 0.9987906 -0.04916793 0 -0.04916447 -0.9987907 0 -0.04916447 -0.9987907 0 -0.04916447 -0.9987907 0 -0.9987908 0.04916346 -1.06005e-6 -0.9987908 0.04916352 -1.25973e-6 -0.9987908 0.04916352 0 -0.9987908 0.04916346 -1 0 0 -1 0 0 -1 0 0 -1 0 0 -1 0 0 -1 0 0 -1 0 0 -1 0 0 -1 0 0 -1 0 0 4.24864e-6 -0.9987908 0.04916346 0 -0.9987908 0.04916346 -2.63728e-7 -0.9987908 0.04916346 3.75037e-6 -0.9987909 0.04916065 0 0.0491448 0.9987916 6.99081e-7 0.04916334 0.9987908 0 0.04916381 0.9987908 0 0.9987908 -0.04916346 1.96497e-7 0.9987908 -0.04916346 -1.27645e-6 0.9987908 -0.04916346 0 0.9987908 -0.04916346 -1 0 0 -1 0 0 -1 0 0 -1 0 0 -1 0 0 -1 0 0 -1 0 0 -1 0 0 -1 0 0 -1 0 0 0 -0.146639 0.9891901 0 -0.1466391 0.9891901 0 -0.5140197 0.8577784 0 -0.5140196 0.8577784 0 -0.8031525 0.5957736 0 -0.8031525 0.5957736 0 -0.9700076 0.2430747 0 -0.9700075 0.2430747 0 0.9774823 0.2110173 0 0.9774823 0.2110173 0 0.7410168 0.6714866 0 0.7410168 0.6714866 0 0.4288642 0.903369 -0.006371021 0.3059887 0.9520139 0 0.1804465 0.9835848 0 -0.9774827 -0.2110154 0 -0.9774827 -0.2110154 0 -0.7410127 -0.671491 0 -0.7410127 -0.671491 0 -0.4288789 -0.903362 -0.006372272 -0.3059806 -0.9520164 0 -0.1804124 -0.9835911 0 0.1466507 -0.9891883 0 0.1466507 -0.9891884 0 0.5140197 -0.8577784 0 0.5140196 -0.8577784 0 0.8031482 -0.5957792 0 0.8031482 -0.5957792 0 0.9700082 -0.2430719 0 0.9700083 -0.2430719 -0.9966564 0.081707 0 -0.9966564 0.081707 0 -0.9673266 0.2535336 0 -0.9673266 0.2535336 0 -0.9086051 0.4176563 0 -0.9086051 0.4176563 0 -0.8222763 0.5690885 0 -0.8222763 0.5690885 0 -0.7109626 0.7032298 0 -0.7109626 0.7032298 0 -0.578047 0.8160034 0 -0.578047 0.8160034 0 -0.4275679 0.9039832 0 -0.4275679 0.9039832 0 -0.2640967 0.9644963 0 -0.2640967 0.9644963 0 -0.09260171 0.9957032 0 -0.09260171 0.9957032 0 0.081707 0.9966564 0 0.081707 0.9966564 0 0.2535336 0.9673266 0 0.2535336 0.9673266 0 0.4176563 0.9086051 0 0.4176563 0.9086051 0 0.5690885 0.8222763 0 0.5690885 0.8222763 0 0.7032298 0.7109626 0 0.7032298 0.7109626 0 0.8160034 0.578047 0 0.8160034 0.578047 0 0.9039832 0.4275679 0 0.9039832 0.4275679 0 0.9644963 0.2640967 0 0.9644963 0.2640967 0 0.9957032 0.09260171 0 0.9957032 0.09260171 0 0.9966564 -0.081707 0 0.9966564 -0.081707 0 0.9673266 -0.2535336 0 0.9673266 -0.2535336 0 0.9086051 -0.4176563 0 0.9086051 -0.4176563 0 0.8222763 -0.5690885 0 0.8222763 -0.5690885 0 0.7109626 -0.7032298 0 0.7109626 -0.7032298 0 0.578047 -0.8160034 0 0.578047 -0.8160034 0 0.4275679 -0.9039832 0 0.4275679 -0.9039832 0 0.2640967 -0.9644963 0 0.2640967 -0.9644963 0 0.09260171 -0.9957032 0 0.09260171 -0.9957032 0 -0.081707 -0.9966564 0 -0.081707 -0.9966564 0 -0.2535336 -0.9673266 0 -0.2535336 -0.9673266 0 -0.4176563 -0.9086051 0 -0.4176563 -0.9086051 0 -0.5690885 -0.8222763 0 -0.5690885 -0.8222763 0 -0.7032298 -0.7109626 0 -0.7032298 -0.7109626 0 -0.8160034 -0.578047 0 -0.8160034 -0.578047 0 -0.9039832 -0.4275679 0 -0.9039832 -0.4275679 0 -0.9644963 -0.2640967 0 -0.9644963 -0.2640967 0 -0.9957032 -0.09260171 0 -0.9957032 -0.09260171 0 0 0 -1 0 0 -1 0 0 -1 0 0 -1 0 0 -1 0 0 -1 0 0 -1 0 0 -1 0 0 -1 0 0 -1 0 0 -1 0 0 -1 0 0 -1 0 0 -1 0 0 -1 0 0 -1 0 0 -1 0 0 -1 0 0 -1 0 0 -1 0 0 -1 0 0 -1 0 0 -1 0 0 -1 0 0 -1 0 0 -1 0 0 -1 0 0 -1 0 0 -1 0 0 -1 0 0 -1 0 0 -1 0 0 -1 0 0 -1 0 0 -1 0 0 -1 0 0 -1 0 0 -1 0 0 -1 0 0 -1 0 0 -1 0 0 -1 0 0 -1 0 0 -1 0 0 -1 0 0 -1 0 0 -1 0 0 -1 0 0 -1 0 0 -1 0 0 -1 0 0 -1 0 0 -1 0 0 -1 0 0 -1 0 0 -1 0 0 -1 0 0 -1 0 0 -1 0 0 -1 0 0 -1 0 0 -1 0 0 -1 0 0 -1 0 0 -1 0 0 -1 0 0 -1 0 0 -1 0 0 -1 0 0 -1 0 0 -1 0 0 -1 0 0 -1 0 0 -1 0 0 -1 0 0 -1 0 0 -1 0 0 -1 0 0 -1 0 0 -1 0 0 -1 0 0 -1 0 0 -1 0 0 -1 0 0 -1 0 0 -1 0 0 -1 0 0 -1 0 0 -1 0 0 -1 0 0 -1 0 0 -1 0 0 -1 0 0 -1 0 0 -1 0 0 -1 0 0 -1 0 0 -1 0 0 -1 0 0 -1 0 0 -1 0 0 -1 0 0 -1 0 0 -1 0 0 -1 0 0 -1 0 0 -1 0 0 -1 0.9992718 -0.03815555 0 0.9992718 -0.03815555 0 0.9987948 0.04908168 0 0.9987948 0.04908168 0 0.9907163 0.1359459 0 0.9907163 0.1359459 0 0.9750981 0.2217741 0 0.9750981 0.2217741 0 0.9520583 0.3059166 0 0.9520583 0.3059166 0 0.9217732 0.3877294 0 0.9217732 0.3877294 0 0.8844723 0.4665927 0 0.8844723 0.4665927 0 0.8404411 0.541903 0 0.8404411 0.541903 0 0.7900127 0.6130906 0 0.7900127 0.6130906 0 0.7335721 0.6796116 0 0.7335721 0.6796116 0 0.6715489 0.7409602 0 0.6715489 0.7409602 0 0.6044142 0.7966703 0 0.6044142 0.7966703 0 0.5326798 0.8463169 0 0.5326798 0.8463169 0 0.4568915 0.8895224 0 0.4568915 0.8895224 0 0.377626 0.9259583 0 0.377626 0.9259583 0 0.295486 0.9553471 0 0.295486 0.9553471 0 0.2110984 0.9774648 0 0.2110984 0.9774648 0 0.1251029 0.9921438 0 0.1251029 0.9921438 0 0.03815555 0.9992718 0 0.03815555 0.9992718 0 -0.04908168 0.9987948 0 -0.04908168 0.9987948 0 -0.1359459 0.9907163 0 -0.1359459 0.9907163 0 -0.2217741 0.9750981 0 -0.2217741 0.9750981 0 -0.3059166 0.9520583 0 -0.3059166 0.9520583 0 -0.3877294 0.9217732 0 -0.3877294 0.9217732 0 -0.4665927 0.8844723 0 -0.4665927 0.8844723 0 -0.541903 0.8404411 0 -0.541903 0.8404411 0 -0.6130906 0.7900127 0 -0.6130906 0.7900127 0 -0.6796116 0.7335721 0 -0.6796116 0.7335721 0 -0.7409602 0.6715489 0 -0.7409602 0.6715489 0 -0.7966703 0.6044142 0 -0.7966703 0.6044142 0 -0.8463169 0.5326798 0 -0.8463169 0.5326798 0 -0.8895224 0.4568915 0 -0.8895224 0.4568915 0 -0.9259583 0.377626 0 -0.9259583 0.377626 0 -0.9553471 0.295486 0 -0.9553471 0.295486 0 -0.9774648 0.2110984 0 -0.9774648 0.2110984 0 -0.9921438 0.1251029 0 -0.9921438 0.1251029 0 -0.9992718 0.03815555 0 -0.9992718 0.03815555 0 -0.9987948 -0.04908168 0 -0.9987948 -0.04908168 0 -0.9907163 -0.1359459 0 -0.9907163 -0.1359459 0 -0.9750981 -0.2217741 0 -0.9750981 -0.2217741 0 -0.9520583 -0.3059166 0 -0.9520583 -0.3059166 0 -0.9217732 -0.3877294 0 -0.9217732 -0.3877294 0 -0.8844723 -0.4665927 0 -0.8844723 -0.4665927 0 -0.8404411 -0.541903 0 -0.8404411 -0.541903 0 -0.7900127 -0.6130906 0 -0.7900127 -0.6130906 0 -0.7335721 -0.6796116 0 -0.7335721 -0.6796116 0 -0.6715489 -0.7409602 0 -0.6715489 -0.7409602 0 -0.6044142 -0.7966703 0 -0.6044142 -0.7966703 0 -0.5326798 -0.8463169 0 -0.5326798 -0.8463169 0 -0.4568915 -0.8895224 0 -0.4568915 -0.8895224 0 -0.377626 -0.9259583 0 -0.377626 -0.9259583 0 -0.295486 -0.9553471 0 -0.295486 -0.9553471 0 -0.2110984 -0.9774648 0 -0.2110984 -0.9774648 0 -0.1251029 -0.9921438 0 -0.1251029 -0.9921438 0 -0.03815555 -0.9992718 0 -0.03815555 -0.9992718 0 0.04908168 -0.9987948 0 0.04908168 -0.9987948 0 0.1359459 -0.9907163 0 0.1359459 -0.9907163 0 0.2217741 -0.9750981 0 0.2217741 -0.9750981 0 0.3059166 -0.9520583 0 0.3059166 -0.9520583 0 0.3877294 -0.9217732 0 0.3877294 -0.9217732 0 0.4665927 -0.8844723 0 0.4665927 -0.8844723 0 0.541903 -0.8404411 0 0.541903 -0.8404411 0 0.6130906 -0.7900127 0 0.6130906 -0.7900127 0 0.6796116 -0.7335721 0 0.6796116 -0.7335721 0 0.7409602 -0.6715489 0 0.7409602 -0.6715489 0 0.7966703 -0.6044142 0 0.7966703 -0.6044142 0 0.8463169 -0.5326798 0 0.8463169 -0.5326798 0 0.8895224 -0.4568915 0 0.8895224 -0.4568915 0 0.9259583 -0.377626 0 0.9259583 -0.377626 0 0.9553471 -0.295486 0 0.9553471 -0.295486 0 0.9774648 -0.2110984 0 0.9774648 -0.2110984 0 0.9921438 -0.1251029 0 0.9921438 -0.1251029 0 -0.2570055 0.03240668 0.9658665 -0.2532029 0.0546838 0.9658665 -0.2532013 0.05468243 0.9658669 -0.2532001 0.05468225 0.9658673 -0.2474707 0.07654196 0.9658672 -0.2474792 0.07654482 0.9658648 -0.2398657 0.09782332 0.9658649 -0.2398643 0.09782171 0.9658654 -0.2398649 0.09782189 0.9658653 -0.2304263 0.1183558 0.9658652 -0.2304182 0.1183512 0.9658678 -0.2192279 0.1379811 0.9658677 -0.2192308 0.1379861 0.9658663 -0.2192331 0.1379874 0.9658656 -0.2063723 0.1565696 0.9658656 -0.2063705 0.1565682 0.9658663 -0.1919394 0.1739589 0.9658662 -0.1919393 0.1739587 0.9658663 -0.1919396 0.173959 0.9658662 -0.1760478 0.1900259 0.9658661 -0.1760483 0.1900265 0.9658659 -0.1588158 0.204648 0.9658659 -0.1588152 0.2046453 0.9658665 -0.1588153 0.2046454 0.9658664 -0.140375 0.2177084 0.9658663 -0.1403741 0.2177068 0.9658669 -0.1208654 0.2291125 0.965867 -0.1208654 0.2291125 0.965867 -0.1208635 0.2291092 0.9658679 -0.1004353 0.2387711 0.965868 -0.1004351 0.2387706 0.9658681 -0.0792455 0.2466144 0.9658682 -0.07924443 0.2466213 0.9658666 -0.0792464 0.2466267 0.965865 -0.05744987 0.2525953 0.965865 -0.05745053 0.2525987 0.965864 -0.03521424 0.2566452 0.965864 -0.03521615 0.2566397 0.9658654 -0.03521603 0.2566391 0.9658655 -0.01271426 0.2587318 0.9658656 -0.01271426 0.2587313 0.9658657 0.009887397 0.2588548 0.9658656 0.009883761 0.2588484 0.9658674 0.009883761 0.2588517 0.9658665 0.03240662 0.2570052 0.9658665 0.03240668 0.2570055 0.9658665 0.0546838 0.2532029 0.9658665 0.05468243 0.2532013 0.9658669 0.05468225 0.2532001 0.9658673 0.07654196 0.2474707 0.9658672 0.07654482 0.2474792 0.9658648 0.09782332 0.2398657 0.9658649 0.09782171 0.2398643 0.9658654 0.09782189 0.2398649 0.9658653 0.1183558 0.2304263 0.9658652 0.1183512 0.2304182 0.9658678 0.1379811 0.2192279 0.9658677 0.1379861 0.2192308 0.9658663 0.1379874 0.2192331 0.9658656 0.1565696 0.2063723 0.9658656 0.1565682 0.2063705 0.9658663 0.1739589 0.1919394 0.9658662 0.1739587 0.1919393 0.9658663 0.173959 0.1919396 0.9658662 0.1900259 0.1760478 0.9658661 0.1900265 0.1760483 0.9658659 0.204648 0.1588158 0.9658659 0.2046453 0.1588152 0.9658665 0.2046454 0.1588153 0.9658664 0.2177084 0.140375 0.9658663 0.2177068 0.1403741 0.9658669 0.2291125 0.1208654 0.965867 0.2291125 0.1208654 0.965867 0.2291092 0.1208635 0.9658679 0.2387711 0.1004353 0.965868 0.2387706 0.1004351 0.9658681 0.2466144 0.0792455 0.9658682 0.2466213 0.07924443 0.9658666 0.2466267 0.0792464 0.965865 0.2525953 0.05744987 0.965865 0.2525987 0.05745053 0.965864 0.2566452 0.03521424 0.965864 0.2566397 0.03521615 0.9658654 0.2566391 0.03521603 0.9658655 0.2587318 0.01271426 0.9658656 0.2587313 0.01271426 0.9658657 0.2588133 7.04362e-4 0.9659271 0.2809517 -0.01072776 0.9596619 0.2587957 -0.01059031 0.965874 0.2570052 -0.03240662 0.9658665 0.2570055 -0.03240668 0.9658665 0.2532029 -0.0546838 0.9658665 0.2532013 -0.05468243 0.9658669 0.2532001 -0.05468225 0.9658673 0.2474707 -0.07654196 0.9658672 0.2474792 -0.07654482 0.9658648 0.2398657 -0.09782332 0.9658649 0.2398643 -0.09782171 0.9658654 0.2398649 -0.09782189 0.9658653 0.2304263 -0.1183558 0.9658652 0.2304182 -0.1183512 0.9658678 0.2192279 -0.1379811 0.9658677 0.2192308 -0.1379861 0.9658663 0.2192331 -0.1379874 0.9658656 0.2063723 -0.1565696 0.9658656 0.2063705 -0.1565682 0.9658663 0.1919394 -0.1739589 0.9658662 0.1919393 -0.1739587 0.9658663 0.1919396 -0.173959 0.9658662 0.1760478 -0.1900259 0.9658661 0.1760483 -0.1900265 0.9658659 0.1588158 -0.204648 0.9658659 0.1588152 -0.2046453 0.9658665 0.1588153 -0.2046454 0.9658664 0.140375 -0.2177084 0.9658663 0.1403741 -0.2177068 0.9658669 0.1208654 -0.2291125 0.965867 0.1208654 -0.2291125 0.965867 0.1208635 -0.2291092 0.9658679 0.1004353 -0.2387711 0.965868 0.1004351 -0.2387706 0.9658681 0.0792455 -0.2466144 0.9658682 0.07924443 -0.2466213 0.9658666 0.0792464 -0.2466267 0.965865 0.05744987 -0.2525953 0.965865 0.05745053 -0.2525987 0.965864 0.03521424 -0.2566452 0.965864 0.03521615 -0.2566397 0.9658654 0.03521603 -0.2566391 0.9658655 0.01271426 -0.2587318 0.9658656 0.01271426 -0.2587313 0.9658657 -0.009887397 -0.2588548 0.9658656 -0.009883761 -0.2588484 0.9658674 -0.009883761 -0.2588517 0.9658665 -0.03240662 -0.2570052 0.9658665 -0.03240668 -0.2570055 0.9658665 -0.0546838 -0.2532029 0.9658665 -0.05468243 -0.2532013 0.9658669 -0.05468225 -0.2532001 0.9658673 -0.07654196 -0.2474707 0.9658672 -0.07654482 -0.2474792 0.9658648 -0.09782332 -0.2398657 0.9658649 -0.09782171 -0.2398643 0.9658654 -0.09782189 -0.2398649 0.9658653 -0.1183558 -0.2304263 0.9658652 -0.1183512 -0.2304182 0.9658678 -0.1379811 -0.2192279 0.9658677 -0.1379861 -0.2192308 0.9658663 -0.1379874 -0.2192331 0.9658656 -0.1565696 -0.2063723 0.9658656 -0.1565682 -0.2063705 0.9658663 -0.1739589 -0.1919394 0.9658662 -0.1739587 -0.1919393 0.9658663 -0.173959 -0.1919396 0.9658662 -0.1900259 -0.1760478 0.9658661 -0.1900265 -0.1760483 0.9658659 -0.204648 -0.1588158 0.9658659 -0.2046453 -0.1588152 0.9658665 -0.2046454 -0.1588153 0.9658664 -0.2177084 -0.140375 0.9658663 -0.2177068 -0.1403741 0.9658669 -0.2291125 -0.1208654 0.965867 -0.2291125 -0.1208654 0.965867 -0.2291092 -0.1208635 0.9658679 -0.2387711 -0.1004353 0.965868 -0.2387706 -0.1004351 0.9658681 -0.2466144 -0.0792455 0.9658682 -0.2466213 -0.07924443 0.9658666 -0.2466267 -0.0792464 0.965865 -0.2525953 -0.05744987 0.965865 -0.2525987 -0.05745053 0.965864 -0.2566452 -0.03521424 0.965864 -0.2566397 -0.03521615 0.9658654 -0.2566391 -0.03521603 0.9658655 -0.2587318 -0.01271426 0.9658656 -0.2587313 -0.01271426 0.9658657 -0.2588548 0.009887397 0.9658656 -0.2588484 0.009883761 0.9658674 -0.2588517 0.009883761 0.9658665 -0.2570052 0.03240662 0.9658665 -0.7066009 -0.03472298 0.7067599 -0.7008856 -0.09617483 0.7067601 -0.7008672 -0.09617316 0.7067785 -0.6898186 -0.1568917 0.7067781 -0.6898331 -0.1568943 0.7067635 -0.6735339 -0.2164206 0.7067632 -0.6735426 -0.216423 0.7067543 -0.6521169 -0.2743022 0.7067545 -0.6521059 -0.2742981 0.7067661 -0.6257177 -0.3300895 0.7067661 -0.6257175 -0.3300894 0.7067662 -0.5945671 -0.3833678 0.7067667 -0.5945631 -0.3833654 0.7067713 -0.5588885 -0.4337263 0.7067709 -0.5588925 -0.4337291 0.7067661 -0.5189636 -0.4807891 0.7067663 -0.5189636 -0.4807892 0.7067663 -0.475085 -0.5241904 0.7067663 -0.475085 -0.5241902 0.7067666 -0.4275904 -0.5636014 0.7067672 -0.4275901 -0.5636011 0.7067676 -0.376842 -0.5987232 0.7067677 -0.376846 -0.598729 0.7067608 -0.3232298 -0.6292955 0.7067599 -0.3232243 -0.6292858 0.7067712 -0.2671486 -0.6550622 0.706771 -0.2671445 -0.6550533 0.7067807 -0.2090359 -0.6758436 0.706781 -0.2090449 -0.6758688 0.7067542 -0.1493431 -0.6915169 0.7067538 -0.1493428 -0.6915158 0.7067551 -0.0885055 -0.7019003 0.706755 -0.08850383 -0.7018907 0.7067648 -0.02699303 -0.7069335 0.7067647 -0.02699363 -0.7069409 0.7067573 0.03472298 -0.7066034 0.7067574 0.03472298 -0.7066009 0.7067599 0.09617483 -0.7008856 0.7067601 0.09617316 -0.7008672 0.7067785 0.1568917 -0.6898186 0.7067781 0.1568943 -0.6898331 0.7067635 0.2164206 -0.6735339 0.7067632 0.216423 -0.6735426 0.7067543 0.2743022 -0.6521169 0.7067545 0.2742981 -0.6521059 0.7067661 0.3300895 -0.6257177 0.7067661 0.3300894 -0.6257175 0.7067662 0.3833678 -0.5945671 0.7067667 0.3833654 -0.5945631 0.7067713 0.4337263 -0.5588885 0.7067709 0.4337291 -0.5588925 0.7067661 0.4807891 -0.5189636 0.7067663 0.4807892 -0.5189636 0.7067663 0.5241904 -0.475085 0.7067663 0.5241902 -0.475085 0.7067666 0.5636014 -0.4275904 0.7067672 0.5636011 -0.4275901 0.7067676 0.5987232 -0.376842 0.7067677 0.598729 -0.376846 0.7067608 0.6292955 -0.3232298 0.7067599 0.6292858 -0.3232243 0.7067712 0.6550622 -0.2671486 0.706771 0.6550533 -0.2671445 0.7067807 0.6758436 -0.2090359 0.706781 0.6758688 -0.2090449 0.7067542 0.6915169 -0.1493431 0.7067538 0.6915158 -0.1493428 0.7067551 0.7019003 -0.0885055 0.706755 0.7018907 -0.08850383 0.7067648 0.7069335 -0.02699303 0.7067647 0.7069409 -0.02699363 0.7067573 0.7066034 0.03472298 0.7067574 0.7066009 0.03472298 0.7067599 0.7008856 0.09617483 0.7067601 0.7008672 0.09617316 0.7067785 0.6898186 0.1568917 0.7067781 0.6898331 0.1568943 0.7067635 0.6735339 0.2164206 0.7067632 0.6735426 0.216423 0.7067543 0.6521169 0.2743022 0.7067545 0.6521059 0.2742981 0.7067661 0.6257177 0.3300895 0.7067661 0.6257175 0.3300894 0.7067662 0.5945671 0.3833678 0.7067667 0.5945631 0.3833654 0.7067713 0.5588885 0.4337263 0.7067709 0.5588925 0.4337291 0.7067661 0.5189636 0.4807891 0.7067663 0.5189636 0.4807892 0.7067663 0.475085 0.5241904 0.7067663 0.475085 0.5241902 0.7067666 0.4275904 0.5636014 0.7067672 0.4275901 0.5636011 0.7067676 0.376842 0.5987232 0.7067677 0.376846 0.598729 0.7067608 0.3232298 0.6292955 0.7067599 0.3232243 0.6292858 0.7067712 0.2671486 0.6550622 0.706771 0.2671445 0.6550533 0.7067807 0.2090359 0.6758436 0.706781 0.2090449 0.6758688 0.7067542 0.1493431 0.6915169 0.7067538 0.1493428 0.6915158 0.7067551 0.0885055 0.7019003 0.706755 0.08850383 0.7018907 0.7067648 0.02699303 0.7069335 0.7067647 0.02699363 0.7069409 0.7067573 -0.03472298 0.7066034 0.7067574 -0.03472298 0.7066009 0.7067599 -0.09617483 0.7008856 0.7067601 -0.09617316 0.7008672 0.7067785 -0.1568917 0.6898186 0.7067781 -0.1568943 0.6898331 0.7067635 -0.2164206 0.6735339 0.7067632 -0.216423 0.6735426 0.7067543 -0.2743022 0.6521169 0.7067545 -0.2742981 0.6521059 0.7067661 -0.3300895 0.6257177 0.7067661 -0.3300894 0.6257175 0.7067662 -0.3833678 0.5945671 0.7067667 -0.3833654 0.5945631 0.7067713 -0.4337263 0.5588885 0.7067709 -0.4337291 0.5588925 0.7067661 -0.4807891 0.5189636 0.7067663 -0.4807892 0.5189636 0.7067663 -0.5241904 0.475085 0.7067663 -0.5241902 0.475085 0.7067666 -0.5636014 0.4275904 0.7067672 -0.5636011 0.4275901 0.7067676 -0.5987232 0.376842 0.7067677 -0.598729 0.376846 0.7067608 -0.6292955 0.3232298 0.7067599 -0.6292858 0.3232243 0.7067712 -0.6550622 0.2671486 0.706771 -0.6550533 0.2671445 0.7067807 -0.6758436 0.2090359 0.706781 -0.6758688 0.2090449 0.7067542 -0.6915169 0.1493431 0.7067538 -0.6915158 0.1493428 0.7067551 -0.7019003 0.0885055 0.706755 -0.7018907 0.08850383 0.7067648 -0.7069335 0.02699303 0.7067647 -0.7069409 0.02699363 0.7067573 -0.7066034 -0.03472298 0.7067574 -0.9648213 -0.04741197 0.2585963 -0.9570176 -0.1313217 0.2585963 -0.9570238 -0.1313219 0.2585732 -0.9419365 -0.2142318 0.2585735 -0.941926 -0.2142307 0.2586126 -0.9196704 -0.2955096 0.2586126 -0.9196711 -0.2955098 0.2586097 -0.8904164 -0.3745396 0.2586091 -0.8904218 -0.3745412 0.2585886 -0.8543891 -0.4507227 0.258589 -0.8543927 -0.450724 0.2585748 -0.8118588 -0.5234736 0.2585744 -0.8118557 -0.5234721 0.2585869 -0.7631425 -0.592238 0.2585881 -0.7631422 -0.5922378 0.2585889 -0.7086214 -0.6564963 0.2585892 -0.7086232 -0.6564976 0.2585809 -0.6487092 -0.7157599 0.2585806 -0.6487067 -0.7157577 0.2585934 -0.583856 -0.7695728 0.2585925 -0.5838551 -0.769572 0.2585968 -0.5145609 -0.8175298 0.2585965 -0.5145611 -0.81753 0.2585956 -0.4413505 -0.8592657 0.2585967 -0.4413532 -0.8592697 0.2585785 -0.364783 -0.8944667 0.2585783 -0.3647827 -0.8944663 0.25858 -0.2854365 -0.9228556 0.2585799 -0.2854344 -0.922851 0.2585985 -0.2039179 -0.9442161 0.2585989 -0.2039163 -0.9442115 0.2586173 -0.1208469 -0.9583908 0.2586177 -0.120848 -0.9583951 0.258601 -0.03685766 -0.9652808 0.2586011 -0.03685754 -0.9652803 0.258603 0.04741209 -0.9648195 0.258603 0.04741197 -0.9648213 0.2585963 0.1313217 -0.9570176 0.2585963 0.1313219 -0.9570238 0.2585732 0.2142318 -0.9419365 0.2585735 0.2142307 -0.941926 0.2586126 0.2955096 -0.9196704 0.2586126 0.2955098 -0.9196711 0.2586097 0.3745396 -0.8904164 0.2586091 0.3745412 -0.8904218 0.2585886 0.4507227 -0.8543891 0.258589 0.450724 -0.8543927 0.2585748 0.5234736 -0.8118588 0.2585744 0.5234721 -0.8118557 0.2585869 0.592238 -0.7631425 0.2585881 0.5922378 -0.7631422 0.2585889 0.6564963 -0.7086214 0.2585892 0.6564976 -0.7086232 0.2585809 0.7157599 -0.6487092 0.2585806 0.7157577 -0.6487067 0.2585934 0.7695728 -0.583856 0.2585925 0.769572 -0.5838551 0.2585968 0.8175298 -0.5145609 0.2585965 0.81753 -0.5145611 0.2585956 0.8592657 -0.4413505 0.2585967 0.8592697 -0.4413532 0.2585785 0.8944667 -0.364783 0.2585783 0.8944663 -0.3647827 0.25858 0.9228556 -0.2854365 0.2585799 0.922851 -0.2854344 0.2585985 0.9442161 -0.2039179 0.2585989 0.9442115 -0.2039163 0.2586173 0.9583908 -0.1208469 0.2586177 0.9583951 -0.120848 0.258601 0.9652808 -0.03685766 0.2586011 0.9652803 -0.03685754 0.258603 0.9648195 0.04741209 0.258603 0.9648213 0.04741197 0.2585963 0.9570176 0.1313217 0.2585963 0.9570238 0.1313219 0.2585732 0.9419365 0.2142318 0.2585735 0.941926 0.2142307 0.2586126 0.9196704 0.2955096 0.2586126 0.9196711 0.2955098 0.2586097 0.8904164 0.3745396 0.2586091 0.8904218 0.3745412 0.2585886 0.8543891 0.4507227 0.258589 0.8543927 0.450724 0.2585748 0.8118588 0.5234736 0.2585744 0.8118557 0.5234721 0.2585869 0.7631425 0.592238 0.2585881 0.7631422 0.5922378 0.2585889 0.7086214 0.6564963 0.2585892 0.7086232 0.6564976 0.2585809 0.6487092 0.7157599 0.2585806 0.6487067 0.7157577 0.2585934 0.583856 0.7695728 0.2585925 0.5838551 0.769572 0.2585968 0.5145609 0.8175298 0.2585965 0.5145611 0.81753 0.2585956 0.4413505 0.8592657 0.2585967 0.4413532 0.8592697 0.2585785 0.364783 0.8944667 0.2585783 0.3647827 0.8944663 0.25858 0.2854365 0.9228556 0.2585799 0.2854344 0.922851 0.2585985 0.2039179 0.9442161 0.2585989 0.2039163 0.9442115 0.2586173 0.1208469 0.9583908 0.2586177 0.120848 0.9583951 0.258601 0.03685766 0.9652808 0.2586011 0.03685754 0.9652803 0.258603 -0.04741209 0.9648195 0.258603 -0.04741197 0.9648213 0.2585963 -0.1313217 0.9570176 0.2585963 -0.1313219 0.9570238 0.2585732 -0.2142318 0.9419365 0.2585735 -0.2142307 0.941926 0.2586126 -0.2955096 0.9196704 0.2586126 -0.2955098 0.9196711 0.2586097 -0.3745396 0.8904164 0.2586091 -0.3745412 0.8904218 0.2585886 -0.4507227 0.8543891 0.258589 -0.450724 0.8543927 0.2585748 -0.5234736 0.8118588 0.2585744 -0.5234721 0.8118557 0.2585869 -0.592238 0.7631425 0.2585881 -0.5922378 0.7631422 0.2585889 -0.6564963 0.7086214 0.2585892 -0.6564976 0.7086232 0.2585809 -0.7157599 0.6487092 0.2585806 -0.7157577 0.6487067 0.2585934 -0.7695728 0.583856 0.2585925 -0.769572 0.5838551 0.2585968 -0.8175298 0.5145609 0.2585965 -0.81753 0.5145611 0.2585956 -0.8592657 0.4413505 0.2585967 -0.8592697 0.4413532 0.2585785 -0.8944667 0.364783 0.2585783 -0.8944663 0.3647827 0.25858 -0.9228556 0.2854365 0.2585799 -0.922851 0.2854344 0.2585985 -0.9442161 0.2039179 0.2585989 -0.9442115 0.2039163 0.2586173 -0.9583908 0.1208469 0.2586177 -0.9583951 0.120848 0.258601 -0.9652808 0.03685766 0.2586011 -0.9652803 0.03685754 0.258603 -0.9648195 -0.04741209 0.258603 0.2588684 -0.009884655 -0.965862 0.2570219 -0.03240877 -0.965862 0.2570221 -0.03240877 -0.965862 0.2532194 -0.05468636 -0.965862 0.2532165 -0.05468583 -0.9658628 0.2474867 -0.0765472 -0.9658627 0.2474953 -0.07654953 -0.9658604 0.2398816 -0.09782874 -0.9658604 0.2398804 -0.09782826 -0.9658607 0.2304414 -0.1183632 -0.9658607 0.230433 -0.1183592 -0.9658632 0.2192407 -0.1379923 -0.9658631 0.2192474 -0.1379962 -0.965861 0.2063857 -0.1565797 -0.9658612 0.2063839 -0.1565784 -0.9658617 0.1919519 -0.1739702 -0.9658617 0.1919521 -0.1739703 -0.9658617 0.1760592 -0.1900382 -0.9658616 0.1760598 -0.1900388 -0.9658614 0.158827 -0.2046604 -0.9658613 0.1588256 -0.2046588 -0.9658619 0.1403842 -0.2177224 -0.9658619 0.1403831 -0.217721 -0.9658623 0.1208732 -0.2291274 -0.9658625 0.1208714 -0.2291241 -0.9658635 0.1004418 -0.2387866 -0.9658636 0.1004416 -0.2387861 -0.9658637 0.07924771 -0.2466315 -0.9658637 0.0792517 -0.2466427 -0.9658606 0.05745351 -0.2526117 -0.9658605 0.05745434 -0.252615 -0.9658595 0.03521907 -0.2566613 -0.9658594 0.03521817 -0.2566558 -0.965861 0.0127151 -0.2587485 -0.965861 0.01271504 -0.258748 -0.9658612 -0.009884655 -0.2588716 -0.9658612 -0.009884655 -0.2588684 -0.965862 -0.03240877 -0.2570219 -0.965862 -0.03240877 -0.2570221 -0.965862 -0.05468636 -0.2532194 -0.965862 -0.05468583 -0.2532165 -0.9658628 -0.0765472 -0.2474867 -0.9658627 -0.07654953 -0.2474953 -0.9658604 -0.09782874 -0.2398816 -0.9658604 -0.09782826 -0.2398804 -0.9658607 -0.1183632 -0.2304414 -0.9658607 -0.1183592 -0.230433 -0.9658632 -0.1379923 -0.2192407 -0.9658631 -0.1379962 -0.2192474 -0.965861 -0.1565797 -0.2063857 -0.9658612 -0.1565784 -0.2063839 -0.9658617 -0.1739702 -0.1919519 -0.9658617 -0.1739703 -0.1919521 -0.9658617 -0.1900382 -0.1760592 -0.9658616 -0.1900388 -0.1760598 -0.9658614 -0.2046604 -0.158827 -0.9658613 -0.2046588 -0.1588256 -0.9658619 -0.2177224 -0.1403842 -0.9658619 -0.217721 -0.1403831 -0.9658623 -0.2291274 -0.1208732 -0.9658625 -0.2291241 -0.1208714 -0.9658635 -0.2387866 -0.1004418 -0.9658636 -0.2387861 -0.1004416 -0.9658637 -0.2466315 -0.07924771 -0.9658637 -0.2466427 -0.0792517 -0.9658606 -0.2526117 -0.05745351 -0.9658605 -0.252615 -0.05745434 -0.9658595 -0.2566613 -0.03521907 -0.9658594 -0.2566558 -0.03521817 -0.965861 -0.2587485 -0.0127151 -0.965861 -0.258748 -0.01271504 -0.9658612 -0.2588716 0.009884655 -0.9658612 -0.2588684 0.009884655 -0.965862 -0.2570219 0.03240877 -0.965862 -0.2570221 0.03240877 -0.965862 -0.2532194 0.05468636 -0.965862 -0.2532165 0.05468583 -0.9658628 -0.2474867 0.0765472 -0.9658627 -0.2474953 0.07654953 -0.9658604 -0.2398816 0.09782874 -0.9658604 -0.2398804 0.09782826 -0.9658607 -0.2304414 0.1183632 -0.9658607 -0.230433 0.1183592 -0.9658632 -0.2192407 0.1379923 -0.9658631 -0.2192474 0.1379962 -0.965861 -0.2063857 0.1565797 -0.9658612 -0.2063839 0.1565784 -0.9658617 -0.1919519 0.1739702 -0.9658617 -0.1919521 0.1739703 -0.9658617 -0.1760592 0.1900382 -0.9658616 -0.1760598 0.1900388 -0.9658614 -0.158827 0.2046604 -0.9658613 -0.1588256 0.2046588 -0.9658619 -0.1403842 0.2177224 -0.9658619 -0.1403831 0.217721 -0.9658623 -0.1208732 0.2291274 -0.9658625 -0.1208714 0.2291241 -0.9658635 -0.1004418 0.2387866 -0.9658636 -0.1004416 0.2387861 -0.9658637 -0.07924771 0.2466315 -0.9658637 -0.0792517 0.2466427 -0.9658606 -0.05745351 0.2526117 -0.9658605 -0.05745434 0.252615 -0.9658595 -0.03521907 0.2566613 -0.9658594 -0.03521817 0.2566558 -0.965861 -0.0127151 0.2587485 -0.965861 -0.01271504 0.258748 -0.9658612 0.009884655 0.2588716 -0.9658612 0.009884655 0.2588684 -0.965862 0.03240877 0.2570219 -0.965862 0.03240877 0.2570221 -0.965862 0.05468636 0.2532194 -0.965862 0.05468583 0.2532165 -0.9658628 0.0765472 0.2474867 -0.9658627 0.07654953 0.2474953 -0.9658604 0.09782874 0.2398816 -0.9658604 0.09782826 0.2398804 -0.9658607 0.1183632 0.2304414 -0.9658607 0.1183592 0.230433 -0.9658632 0.1379923 0.2192407 -0.9658631 0.1379962 0.2192474 -0.965861 0.1565797 0.2063857 -0.9658612 0.1565784 0.2063839 -0.9658617 0.1739702 0.1919519 -0.9658617 0.1739703 0.1919521 -0.9658617 0.1900382 0.1760592 -0.9658616 0.1900388 0.1760598 -0.9658614 0.2046604 0.158827 -0.9658613 0.2046588 0.1588256 -0.9658619 0.2177224 0.1403842 -0.9658619 0.217721 0.1403831 -0.9658623 0.2291274 0.1208732 -0.9658625 0.2291241 0.1208714 -0.9658635 0.2387866 0.1004418 -0.9658636 0.2387861 0.1004416 -0.9658637 0.2466315 0.07924771 -0.9658637 0.2466427 0.0792517 -0.9658606 0.2526117 0.05745351 -0.9658605 0.252615 0.05745434 -0.9658595 0.2566613 0.03521907 -0.9658594 0.2566558 0.03521817 -0.965861 0.2587485 0.0127151 -0.965861 0.258748 0.01271504 -0.9658612 0.2588716 -0.009884655 -0.9658612 0.7069336 -0.02699333 -0.7067647 0.7018907 -0.08850425 -0.7067648 0.7019005 -0.08850502 -0.706755 0.6915158 -0.1493429 -0.7067551 0.6915169 -0.1493431 -0.7067538 0.6758692 -0.2090438 -0.7067543 0.6758432 -0.209037 -0.706781 0.6550531 -0.2671449 -0.7067807 0.6550623 -0.2671481 -0.706771 0.6292855 -0.3232247 -0.7067712 0.6292958 -0.3232294 -0.7067599 0.5987291 -0.3768457 -0.7067608 0.598723 -0.3768423 -0.7067677 0.5636011 -0.4275901 -0.7067676 0.5636015 -0.4275904 -0.7067672 0.5241902 -0.4750849 -0.7067666 0.5241904 -0.475085 -0.7067663 0.4807891 -0.5189636 -0.7067663 0.4807891 -0.5189636 -0.7067662 0.4337293 -0.5588923 -0.7067661 0.4337262 -0.5588887 -0.7067709 0.3833653 -0.5945632 -0.7067713 0.383368 -0.594567 -0.7067666 0.3300893 -0.6257175 -0.7067662 0.3300895 -0.6257177 -0.7067661 0.2742977 -0.6521061 -0.7067662 0.2743027 -0.6521167 -0.7067544 0.2164234 -0.6735425 -0.7067542 0.2164202 -0.673534 -0.7067632 0.1568949 -0.6898328 -0.7067635 0.156891 -0.6898187 -0.7067782 0.09617233 -0.7008674 -0.7067785 0.09617561 -0.7008855 -0.7067601 0.03472286 -0.7066009 -0.7067599 0.0347231 -0.7066034 -0.7067574 -0.02699333 -0.706941 -0.7067574 -0.02699333 -0.7069336 -0.7067647 -0.08850425 -0.7018907 -0.7067648 -0.08850502 -0.7019005 -0.706755 -0.1493429 -0.6915158 -0.7067551 -0.1493431 -0.6915169 -0.7067538 -0.2090438 -0.6758692 -0.7067543 -0.209037 -0.6758432 -0.706781 -0.2671449 -0.6550531 -0.7067807 -0.2671481 -0.6550623 -0.706771 -0.3232247 -0.6292855 -0.7067712 -0.3232294 -0.6292958 -0.7067599 -0.3768457 -0.5987291 -0.7067608 -0.3768423 -0.598723 -0.7067677 -0.4275901 -0.5636011 -0.7067676 -0.4275904 -0.5636015 -0.7067672 -0.4750849 -0.5241902 -0.7067666 -0.475085 -0.5241904 -0.7067663 -0.5189636 -0.4807891 -0.7067663 -0.5189636 -0.4807891 -0.7067662 -0.5588923 -0.4337293 -0.7067661 -0.5588887 -0.4337262 -0.7067709 -0.5945632 -0.3833653 -0.7067713 -0.594567 -0.383368 -0.7067666 -0.6257175 -0.3300893 -0.7067662 -0.6257177 -0.3300895 -0.7067661 -0.6521061 -0.2742977 -0.7067662 -0.6521167 -0.2743027 -0.7067544 -0.6735425 -0.2164234 -0.7067542 -0.673534 -0.2164202 -0.7067632 -0.6898328 -0.1568949 -0.7067635 -0.6898187 -0.156891 -0.7067782 -0.7008674 -0.09617233 -0.7067785 -0.7008855 -0.09617561 -0.7067601 -0.7066009 -0.03472286 -0.7067599 -0.7066034 -0.0347231 -0.7067574 -0.706941 0.02699333 -0.7067574 -0.7069336 0.02699333 -0.7067647 -0.7018907 0.08850425 -0.7067648 -0.7019005 0.08850502 -0.706755 -0.6915158 0.1493429 -0.7067551 -0.6915169 0.1493431 -0.7067538 -0.6758692 0.2090438 -0.7067543 -0.6758432 0.209037 -0.706781 -0.6550531 0.2671449 -0.7067807 -0.6550623 0.2671481 -0.706771 -0.6292855 0.3232247 -0.7067712 -0.6292958 0.3232294 -0.7067599 -0.5987291 0.3768457 -0.7067608 -0.598723 0.3768423 -0.7067677 -0.5636011 0.4275901 -0.7067676 -0.5636015 0.4275904 -0.7067672 -0.5241902 0.4750849 -0.7067666 -0.5241904 0.475085 -0.7067663 -0.4807891 0.5189636 -0.7067663 -0.4807891 0.5189636 -0.7067662 -0.4337293 0.5588923 -0.7067661 -0.4337262 0.5588887 -0.7067709 -0.3833653 0.5945632 -0.7067713 -0.383368 0.594567 -0.7067666 -0.3300893 0.6257175 -0.7067662 -0.3300895 0.6257177 -0.7067661 -0.2742977 0.6521061 -0.7067662 -0.2743027 0.6521167 -0.7067544 -0.2164234 0.6735425 -0.7067542 -0.2164202 0.673534 -0.7067632 -0.1568949 0.6898328 -0.7067635 -0.156891 0.6898187 -0.7067782 -0.09617233 0.7008674 -0.7067785 -0.09617561 0.7008855 -0.7067601 -0.03472286 0.7066009 -0.7067599 -0.0347231 0.7066034 -0.7067574 0.02699333 0.706941 -0.7067574 0.02699333 0.7069336 -0.7067647 0.08850425 0.7018907 -0.7067648 0.08850502 0.7019005 -0.706755 0.1493429 0.6915158 -0.7067551 0.1493431 0.6915169 -0.7067538 0.2090438 0.6758692 -0.7067543 0.209037 0.6758432 -0.706781 0.2671449 0.6550531 -0.7067807 0.2671481 0.6550623 -0.706771 0.3232247 0.6292855 -0.7067712 0.3232294 0.6292958 -0.7067599 0.3768457 0.5987291 -0.7067608 0.3768423 0.598723 -0.7067677 0.4275901 0.5636011 -0.7067676 0.4275904 0.5636015 -0.7067672 0.4750849 0.5241902 -0.7067666 0.475085 0.5241904 -0.7067663 0.5189636 0.4807891 -0.7067663 0.5189636 0.4807891 -0.7067662 0.5588923 0.4337293 -0.7067661 0.5588887 0.4337262 -0.7067709 0.5945632 0.3833653 -0.7067713 0.594567 0.383368 -0.7067666 0.6257175 0.3300893 -0.7067662 0.6257177 0.3300895 -0.7067661 0.6521061 0.2742977 -0.7067662 0.6521167 0.2743027 -0.7067544 0.6735425 0.2164234 -0.7067542 0.673534 0.2164202 -0.7067632 0.6898328 0.1568949 -0.7067635 0.6898187 0.156891 -0.7067782 0.7008674 0.09617233 -0.7067785 0.7008855 0.09617561 -0.7067601 0.7066009 0.03472286 -0.7067599 0.7066034 0.0347231 -0.7067574 0.706941 -0.02699333 -0.7067574 0.9652796 -0.03685754 -0.2586056 0.9583941 -0.1208473 -0.2586055 0.9583896 -0.1208473 -0.2586222 0.9442102 -0.2039166 -0.2586218 0.9442151 -0.203917 -0.2586034 0.9228497 -0.2854346 -0.2586029 0.9228546 -0.2854356 -0.2585844 0.8944652 -0.3647824 -0.2585846 0.8944656 -0.3647825 -0.2585828 0.8592689 -0.4413521 -0.258583 0.8592644 -0.4413504 -0.2586013 0.817529 -0.5145604 -0.2586001 0.8175288 -0.5145604 -0.258601 0.7695709 -0.5838545 -0.2586013 0.7695719 -0.5838551 -0.258597 0.7157565 -0.6487062 -0.2585979 0.7157593 -0.6487082 -0.2585852 0.656497 -0.7086221 -0.2585854 0.6564953 -0.7086207 -0.2585937 0.5922371 -0.7631414 -0.2585934 0.5922372 -0.7631415 -0.2585926 0.5234712 -0.811855 -0.2585914 0.5234733 -0.8118575 -0.2585788 0.4507239 -0.8543915 -0.2585793 0.4507217 -0.8543883 -0.2585936 0.3745413 -0.8904203 -0.2585931 0.3745386 -0.8904156 -0.2586137 0.2955095 -0.91967 -0.2586142 0.2955091 -0.9196692 -0.2586171 0.2142292 -0.9419251 -0.2586171 0.2142328 -0.9419351 -0.2585781 0.1313225 -0.9570224 -0.2585777 0.1313208 -0.9570164 -0.2586007 0.04741215 -0.9648201 -0.2586008 0.04741185 -0.9648183 -0.2586075 -0.0368576 -0.9652791 -0.2586076 -0.03685754 -0.9652796 -0.2586056 -0.1208473 -0.9583941 -0.2586055 -0.1208473 -0.9583896 -0.2586222 -0.2039166 -0.9442102 -0.2586218 -0.203917 -0.9442151 -0.2586034 -0.2854346 -0.9228497 -0.2586029 -0.2854356 -0.9228546 -0.2585844 -0.3647824 -0.8944652 -0.2585846 -0.3647825 -0.8944656 -0.2585828 -0.4413521 -0.8592689 -0.258583 -0.4413504 -0.8592644 -0.2586013 -0.5145604 -0.817529 -0.2586001 -0.5145604 -0.8175288 -0.258601 -0.5838545 -0.7695709 -0.2586013 -0.5838551 -0.7695719 -0.258597 -0.6487062 -0.7157565 -0.2585979 -0.6487082 -0.7157593 -0.2585852 -0.7086221 -0.656497 -0.2585854 -0.7086207 -0.6564953 -0.2585937 -0.7631414 -0.5922371 -0.2585934 -0.7631415 -0.5922372 -0.2585926 -0.811855 -0.5234712 -0.2585914 -0.8118575 -0.5234733 -0.2585788 -0.8543915 -0.4507239 -0.2585793 -0.8543883 -0.4507217 -0.2585936 -0.8904203 -0.3745413 -0.2585931 -0.8904156 -0.3745386 -0.2586137 -0.91967 -0.2955095 -0.2586142 -0.9196692 -0.2955091 -0.2586171 -0.9419251 -0.2142292 -0.2586171 -0.9419351 -0.2142328 -0.2585781 -0.9570224 -0.1313225 -0.2585777 -0.9570164 -0.1313208 -0.2586007 -0.9648201 -0.04741215 -0.2586008 -0.9648183 -0.04741185 -0.2586075 -0.9652791 0.0368576 -0.2586076 -0.9652796 0.03685754 -0.2586056 -0.9583941 0.1208473 -0.2586055 -0.9583896 0.1208473 -0.2586222 -0.9442102 0.2039166 -0.2586218 -0.9442151 0.203917 -0.2586034 -0.9228497 0.2854346 -0.2586029 -0.9228546 0.2854356 -0.2585844 -0.8944652 0.3647824 -0.2585846 -0.8944656 0.3647825 -0.2585828 -0.8592689 0.4413521 -0.258583 -0.8592644 0.4413504 -0.2586013 -0.817529 0.5145604 -0.2586001 -0.8175288 0.5145604 -0.258601 -0.7695709 0.5838545 -0.2586013 -0.7695719 0.5838551 -0.258597 -0.7157565 0.6487062 -0.2585979 -0.7157593 0.6487082 -0.2585852 -0.656497 0.7086221 -0.2585854 -0.6564953 0.7086207 -0.2585937 -0.5922371 0.7631414 -0.2585934 -0.5922372 0.7631415 -0.2585926 -0.5234712 0.811855 -0.2585914 -0.5234733 0.8118575 -0.2585788 -0.4507239 0.8543915 -0.2585793 -0.4507217 0.8543883 -0.2585936 -0.3745413 0.8904203 -0.2585931 -0.3745386 0.8904156 -0.2586137 -0.2955095 0.91967 -0.2586142 -0.2955091 0.9196692 -0.2586171 -0.2142292 0.9419251 -0.2586171 -0.2142328 0.9419351 -0.2585781 -0.1313225 0.9570224 -0.2585777 -0.1313208 0.9570164 -0.2586007 -0.04741215 0.9648201 -0.2586008 -0.04741185 0.9648183 -0.2586075 0.0368576 0.9652791 -0.2586076 0.03685754 0.9652796 -0.2586056 0.1208473 0.9583941 -0.2586055 0.1208473 0.9583896 -0.2586222 0.2039166 0.9442102 -0.2586218 0.203917 0.9442151 -0.2586034 0.2854346 0.9228497 -0.2586029 0.2854356 0.9228546 -0.2585844 0.3647824 0.8944652 -0.2585846 0.3647825 0.8944656 -0.2585828 0.4413521 0.8592689 -0.258583 0.4413504 0.8592644 -0.2586013 0.5145604 0.817529 -0.2586001 0.5145604 0.8175288 -0.258601 0.5838545 0.7695709 -0.2586013 0.5838551 0.7695719 -0.258597 0.6487062 0.7157565 -0.2585979 0.6487082 0.7157593 -0.2585852 0.7086221 0.656497 -0.2585854 0.7086207 0.6564953 -0.2585937 0.7631414 0.5922371 -0.2585934 0.7631415 0.5922372 -0.2585926 0.811855 0.5234712 -0.2585914 0.8118575 0.5234733 -0.2585788 0.8543915 0.4507239 -0.2585793 0.8543883 0.4507217 -0.2585936 0.8904203 0.3745413 -0.2585931 0.8904156 0.3745386 -0.2586137 0.91967 0.2955095 -0.2586142 0.9196692 0.2955091 -0.2586171 0.9419251 0.2142292 -0.2586171 0.9419351 0.2142328 -0.2585781 0.9570224 0.1313225 -0.2585777 0.9570164 0.1313208 -0.2586007 0.9648201 0.04741215 -0.2586008 0.9648183 0.04741185 -0.2586075 0.9652791 -0.0368576 -0.2586076 0.6832982 0.1870996 0.7057601 0.6833009 0.1871005 0.7057572 0.6404303 0.3029121 0.7057573 0.640426 0.3029097 0.7057621 0.578097 0.4095169 0.7057619 0.5780984 0.4095181 0.70576 0.498204 0.5036823 0.7057598 0.4982061 0.5036848 0.7057566 0.4031732 0.5825452 0.7057566 0.403171 0.5825415 0.705761 0.2958883 0.6437008 0.7057616 0.2958898 0.6437046 0.7057575 0.1796166 0.6853057 0.7057578 0.1796162 0.6853032 0.7057603 0.05788534 0.7060818 0.7057604 0.05788546 0.7060859 0.7057563 -0.06560415 0.7054107 0.7057563 -0.06560349 0.7054069 0.7057602 -0.1870996 0.6832982 0.7057601 -0.1871005 0.6833009 0.7057572 -0.3029121 0.6404303 0.7057573 -0.3029097 0.640426 0.7057621 -0.4095169 0.578097 0.7057619 -0.4095181 0.5780984 0.70576 -0.5036823 0.498204 0.7057598 -0.5036848 0.4982061 0.7057566 -0.5825452 0.4031732 0.7057566 -0.5825415 0.403171 0.705761 -0.6437008 0.2958883 0.7057616 -0.6437046 0.2958898 0.7057575 -0.6853057 0.1796166 0.7057578 -0.6853032 0.1796162 0.7057603 -0.7060818 0.05788534 0.7057604 -0.7060859 0.05788546 0.7057563 -0.7054107 -0.06560415 0.7057563 -0.7054069 -0.06560349 0.7057602 -0.6832982 -0.1870996 0.7057601 -0.6833009 -0.1871005 0.7057572 -0.6404303 -0.3029121 0.7057573 -0.640426 -0.3029097 0.7057621 -0.578097 -0.4095169 0.7057619 -0.5780984 -0.4095181 0.70576 -0.498204 -0.5036823 0.7057598 -0.4982061 -0.5036848 0.7057566 -0.4031732 -0.5825452 0.7057566 -0.403171 -0.5825415 0.705761 -0.2958883 -0.6437008 0.7057616 -0.2958898 -0.6437046 0.7057575 -0.1796166 -0.6853057 0.7057578 -0.1796162 -0.6853032 0.7057603 -0.05788534 -0.7060818 0.7057604 -0.05788546 -0.7060859 0.7057563 0.06560415 -0.7054107 0.7057563 0.06560349 -0.7054069 0.7057602 0.1870996 -0.6832982 0.7057601 0.1871005 -0.6833009 0.7057572 0.3029121 -0.6404303 0.7057573 0.3029097 -0.640426 0.7057621 0.4095169 -0.578097 0.7057619 0.4095181 -0.5780984 0.70576 0.5036823 -0.498204 0.7057598 0.5036848 -0.4982061 0.7057566 0.5825452 -0.4031732 0.7057566 0.5825415 -0.403171 0.705761 0.6437008 -0.2958883 0.7057616 0.6437046 -0.2958898 0.7057575 0.6853057 -0.1796166 0.7057578 0.6853032 -0.1796162 0.7057603 0.7060818 -0.05788534 0.7057604 0.7060859 -0.05788546 0.7057563 0.7054107 0.06560415 0.7057563 0.7054069 0.06560349 0.7057602 -0.6853032 0.179616 -0.7057603 -0.6853057 0.1796168 -0.7057577 -0.6437044 0.29589 -0.7057576 -0.6437011 0.2958883 -0.7057613 -0.5825413 0.4031705 -0.7057614 -0.5825453 0.4031736 -0.7057564 -0.5036844 0.4982061 -0.7057569 -0.5036823 0.4982036 -0.7057601 -0.4095181 0.5780987 -0.7057597 -0.4095172 0.5780971 -0.7057616 -0.30291 0.640426 -0.705762 -0.3029118 0.6404304 -0.7057573 -0.1871004 0.6833012 -0.705757 -0.1870998 0.6832982 -0.70576 -0.06560379 0.7054068 -0.7057602 -0.06560385 0.7054107 -0.7057563 0.0578857 0.706086 -0.7057563 0.05788511 0.7060818 -0.7057605 0.179616 0.6853032 -0.7057603 0.1796168 0.6853057 -0.7057577 0.29589 0.6437044 -0.7057576 0.2958883 0.6437011 -0.7057613 0.4031705 0.5825413 -0.7057614 0.4031736 0.5825453 -0.7057564 0.4982061 0.5036844 -0.7057569 0.4982036 0.5036823 -0.7057601 0.5780987 0.4095181 -0.7057597 0.5780971 0.4095172 -0.7057616 0.640426 0.30291 -0.705762 0.6404304 0.3029118 -0.7057573 0.6833012 0.1871004 -0.705757 0.6832982 0.1870998 -0.70576 0.7054068 0.06560379 -0.7057602 0.7054107 0.06560385 -0.7057563 0.706086 -0.0578857 -0.7057563 0.7060818 -0.05788511 -0.7057605 0.6853032 -0.179616 -0.7057603 0.6853057 -0.1796168 -0.7057577 0.6437044 -0.29589 -0.7057576 0.6437011 -0.2958883 -0.7057613 0.5825413 -0.4031705 -0.7057614 0.5825453 -0.4031736 -0.7057564 0.5036844 -0.4982061 -0.7057569 0.5036823 -0.4982036 -0.7057601 0.4095181 -0.5780987 -0.7057597 0.4095172 -0.5780971 -0.7057616 0.30291 -0.640426 -0.705762 0.3029118 -0.6404304 -0.7057573 0.1871004 -0.6833012 -0.705757 0.1870998 -0.6832982 -0.70576 0.06560379 -0.7054068 -0.7057602 0.06560385 -0.7054107 -0.7057563 -0.0578857 -0.706086 -0.7057563 -0.05788511 -0.7060818 -0.7057605 -0.179616 -0.6853032 -0.7057603 -0.1796168 -0.6853057 -0.7057577 -0.29589 -0.6437044 -0.7057576 -0.2958883 -0.6437011 -0.7057613 -0.4031705 -0.5825413 -0.7057614 -0.4031736 -0.5825453 -0.7057564 -0.4982061 -0.5036844 -0.7057569 -0.4982036 -0.5036823 -0.7057601 -0.5780987 -0.4095181 -0.7057597 -0.5780971 -0.4095172 -0.7057616 -0.640426 -0.30291 -0.705762 -0.6404304 -0.3029118 -0.7057573 -0.6833012 -0.1871004 -0.705757 -0.6832982 -0.1870998 -0.70576 -0.7054068 -0.06560379 -0.7057602 -0.7054107 -0.06560385 -0.7057563 -0.706086 0.0578857 -0.7057563 -0.7060818 0.05788511 -0.7057605 0 0 -1 0 0 -1 0 0 -1 0 0 -1 0 0 -1 0 0 -1 0 0 -1 0 0 -1 0 0 -1 0 0 -1 0 0 -1 0 0 -1 0 0 -1 0 0 -1 0 0 -1 0 0 -1 0 0 -1 0 0 -1 0 0 -1 0 0 -1 0 0 -1 0 0 -1 0 0 -1 0 0 -1 0 0 -1 0 0 -1 0 0 -1 0 0 -1 0 0 -1 0 0 -1 0 0 -1 0 0 -1 0 0 -1 0 0 -1 0 0 -1 0 0 -1 0 0 -1 0 0 -1 0 0 -1 0 0 -1 0 0 -1 0 0 -1 0 0 -1 0 0 -1 0 0 -1 0 0 -1 0 0 -1 0 0 -1 0 0 -1 0 0 -1 0 0 -1 0 0 -1 0 0 -1 0 0 -1 0 0 -1 0 0 -1 0 0 -1 0 0 -1 0 0 -1 0 0 -1 0 0 -1 0 0 -1 0 0 -1 0 0 -1 0 0 -1 0 0 -1 0 0 -1 0 0 -1 0 0 -1 0 0 -1 0 0 -1 0 0 1 0 0 1 0 0 1 0 0 1 0 0 1 0 0 1 0 0 1 0 0 1 0 0 1 0 0 1 0 0 1 0 0 1 0 0 1 0 0 1 0 0 1 0 0 1 0 0 1 0 0 1 0 0 1 0 0 1 0 0 1 0 0 1 0 0 1 0 0 1 0 0 1 0 0 1 0 0 1 0 0 1 0 0 1 0 0 1 0 0 1 0 0 1 0 0 1 0 0 1 0 0 1 0 0 1 0 0 1 0 0 1 0 0 1 0 0 1 0 0 1 0 0 1 0 0 1 0 0 1 0 0 1 0 0 1 0 0 1 0 0 1 0 0 1 0 0 1 0 0 1 0 0 1 0 0 1 0 0 1 0 0 1 0 0 1 0 0 1 0 0 1 0 0 1 0 0 1 0 0 1 0 0 1 0 0 1 0 0 1 0 0 1 0 0 1 0 0 1 0 0 1 0 0 1 0 0 1 0 0 1 -0.6645112 0.2456196 -0.705759 -0.6970671 0.1264973 -0.7057591 -0.6970668 0.1264972 -0.7057594 -0.7084428 0.003531157 -0.7057594 -0.708447 0.003530919 -0.7057551 -0.6982973 -0.1195433 -0.7057552 -0.6982965 -0.1195431 -0.705756 -0.666929 -0.2389848 -0.7057563 -0.6669242 -0.2389827 -0.7057616 -0.6152932 -0.3511624 -0.7057614 -0.615294 -0.3511629 -0.7057606 -0.5449673 -0.4526724 -0.7057608 -0.5449678 -0.4526728 -0.7057603 -0.4580826 -0.5404285 -0.7057602 -0.4580833 -0.5404293 -0.705759 -0.3572795 -0.6117643 -0.7057591 -0.3572788 -0.6117628 -0.7057607 -0.2456189 -0.6645089 -0.7057614 -0.2456196 -0.6645112 -0.705759 -0.1264973 -0.6970671 -0.7057591 -0.1264972 -0.6970668 -0.7057594 -0.003531157 -0.7084428 -0.7057594 -0.003530919 -0.708447 -0.7057551 0.1195433 -0.6982973 -0.7057552 0.1195431 -0.6982965 -0.705756 0.2389848 -0.666929 -0.7057563 0.2389827 -0.6669242 -0.7057616 0.3511624 -0.6152932 -0.7057614 0.3511629 -0.615294 -0.7057606 0.4526724 -0.5449673 -0.7057608 0.4526728 -0.5449678 -0.7057603 0.5404285 -0.4580826 -0.7057602 0.5404293 -0.4580833 -0.705759 0.6117643 -0.3572795 -0.7057591 0.6117628 -0.3572788 -0.7057607 0.6645089 -0.2456189 -0.7057614 0.6645112 -0.2456196 -0.705759 0.6970671 -0.1264973 -0.7057591 0.6970668 -0.1264972 -0.7057594 0.7084428 -0.003531157 -0.7057594 0.708447 -0.003530919 -0.7057551 0.6982973 0.1195433 -0.7057552 0.6982965 0.1195431 -0.705756 0.666929 0.2389848 -0.7057563 0.6669242 0.2389827 -0.7057616 0.6152932 0.3511624 -0.7057614 0.615294 0.3511629 -0.7057606 0.5449673 0.4526724 -0.7057608 0.5449678 0.4526728 -0.7057603 0.4580826 0.5404285 -0.7057602 0.4580833 0.5404293 -0.705759 0.3572795 0.6117643 -0.7057591 0.3572788 0.6117628 -0.7057607 0.2456189 0.6645089 -0.7057614 0.2456196 0.6645112 -0.705759 0.1264973 0.6970671 -0.7057591 0.1264972 0.6970668 -0.7057594 0.003531157 0.7084428 -0.7057594 0.003530919 0.708447 -0.7057551 -0.1195433 0.6982973 -0.7057552 -0.1195431 0.6982965 -0.705756 -0.2389848 0.666929 -0.7057563 -0.2389827 0.6669242 -0.7057616 -0.3511624 0.6152932 -0.7057614 -0.3511629 0.615294 -0.7057606 -0.4526724 0.5449673 -0.7057608 -0.4526728 0.5449678 -0.7057603 -0.5404285 0.4580826 -0.7057602 -0.5404293 0.4580833 -0.705759 -0.6117643 0.3572795 -0.7057591 -0.6117628 0.3572788 -0.7057607 -0.6645089 0.2456189 -0.7057614 0 0 -1 0 0 -1 0 0 -1 0 0 -1 0 0 -1 0 0 -1 0 0 -1 0 0 -1 0 0 -1 0 0 -1 0 0 -1 0 0 -1 0 0 -1 0 0 -1 0 0 -1 0 0 -1 0 0 -1 0 0 -1 0 0 -1 0 0 -1 0 0 -1 0 0 -1 0 0 -1 0 0 -1 0 0 -1 0 0 -1 0 0 -1 0 0 -1 0 0 -1 0 0 -1 0 0 -1 0 0 -1 0 0 -1 0 0 -1 0 0 -1 0 0 -1 -0.9379764 0.3466991 0 -0.98393 0.1785545 0 -0.98393 0.1785545 0 -0.9999876 0.004984021 0 -0.9999876 0.004984021 0 -0.985661 -0.1687377 0 -0.985661 -0.1687377 0 -0.9413856 -0.3373321 0 -0.9413856 -0.3373321 0 -0.8685067 -0.4956775 0 -0.8685067 -0.4956775 0 -0.7692386 -0.6389616 0 -0.7692386 -0.6389616 0 -0.6465976 -0.7628313 0 -0.6465976 -0.7628313 0 -0.5043103 -0.8635225 0 -0.5043103 -0.8635225 0 -0.3466991 -0.9379764 0 -0.3466991 -0.9379764 0 -0.1785545 -0.98393 0 -0.1785545 -0.98393 0 -0.004984021 -0.9999876 0 -0.004984021 -0.9999876 0 0.1687377 -0.985661 0 0.1687377 -0.985661 0 0.3373321 -0.9413856 0 0.3373321 -0.9413856 0 0.4956775 -0.8685067 0 0.4956775 -0.8685067 0 0.6389616 -0.7692386 0 0.6389616 -0.7692386 0 0.7628313 -0.6465976 0 0.7628313 -0.6465976 0 0.8635225 -0.5043103 0 0.8635225 -0.5043103 0 0.9379764 -0.3466991 0 0.9379764 -0.3466991 0 0.98393 -0.1785545 0 0.98393 -0.1785545 0 0.9999876 -0.004984021 0 0.9999876 -0.004984021 0 0.985661 0.1687377 0 0.985661 0.1687377 0 0.9413856 0.3373321 0 0.9413856 0.3373321 0 0.8685067 0.4956775 0 0.8685067 0.4956775 0 0.7692386 0.6389616 0 0.7692386 0.6389616 0 0.6465976 0.7628313 0 0.6465976 0.7628313 0 0.5043103 0.8635225 0 0.5043103 0.8635225 0 0.3466991 0.9379764 0 0.3466991 0.9379764 0 0.1785545 0.98393 0 0.1785545 0.98393 0 0.004984021 0.9999876 0 0.004984021 0.9999876 0 -0.1687377 0.985661 0 -0.1687377 0.985661 0 -0.3373321 0.9413856 0 -0.3373321 0.9413856 0 -0.4956775 0.8685067 0 -0.4956775 0.8685067 0 -0.6389616 0.7692386 0 -0.6389616 0.7692386 0 -0.7628313 0.6465976 0 -0.7628313 0.6465976 0 -0.8635225 0.5043103 0 -0.8635225 0.5043103 0 -0.9379764 0.3466991 0 0.6117641 -0.3572796 0.7057591 0.5404293 -0.4580834 0.705759 0.5404285 -0.4580826 0.7057601 0.4526728 -0.5449678 0.7057603 0.4526724 -0.5449672 0.7057608 0.3511629 -0.615294 0.7057605 0.3511624 -0.6152932 0.7057614 0.238983 -0.6669241 0.7057616 0.2389845 -0.6669291 0.7057563 0.1195431 -0.6982965 0.705756 0.1195432 -0.6982972 0.7057552 -0.003531217 -0.708447 0.7057551 -0.003530919 -0.7084428 0.7057594 -0.1264972 -0.6970669 0.7057594 -0.1264973 -0.6970671 0.7057591 -0.2456198 -0.6645112 0.7057591 -0.2456188 -0.6645091 0.7057614 -0.3572787 -0.6117628 0.7057607 -0.3572796 -0.6117641 0.7057591 -0.4580834 -0.5404293 0.705759 -0.4580826 -0.5404285 0.7057601 -0.5449678 -0.4526728 0.7057603 -0.5449672 -0.4526724 0.7057608 -0.615294 -0.3511629 0.7057605 -0.6152932 -0.3511624 0.7057614 -0.6669241 -0.238983 0.7057616 -0.6669291 -0.2389845 0.7057563 -0.6982965 -0.1195431 0.705756 -0.6982972 -0.1195432 0.7057552 -0.708447 0.003531217 0.7057551 -0.7084428 0.003530919 0.7057594 -0.6970669 0.1264972 0.7057594 -0.6970671 0.1264973 0.7057591 -0.6645112 0.2456198 0.7057591 -0.6645091 0.2456188 0.7057614 -0.6117628 0.3572787 0.7057607 -0.6117641 0.3572796 0.7057591 -0.5404293 0.4580834 0.705759 -0.5404285 0.4580826 0.7057601 -0.4526728 0.5449678 0.7057603 -0.4526724 0.5449672 0.7057608 -0.3511629 0.615294 0.7057605 -0.3511624 0.6152932 0.7057614 -0.238983 0.6669241 0.7057616 -0.2389845 0.6669291 0.7057563 -0.1195431 0.6982965 0.705756 -0.1195432 0.6982972 0.7057552 0.003531217 0.708447 0.7057551 0.003530919 0.7084428 0.7057594 0.1264972 0.6970669 0.7057594 0.1264973 0.6970671 0.7057591 0.2456198 0.6645112 0.7057591 0.2456188 0.6645091 0.7057614 0.3572787 0.6117628 0.7057607 0.3572796 0.6117641 0.7057591 0.4580834 0.5404293 0.705759 0.4580826 0.5404285 0.7057601 0.5449678 0.4526728 0.7057603 0.5449672 0.4526724 0.7057608 0.615294 0.3511629 0.7057605 0.6152932 0.3511624 0.7057614 0.6669241 0.238983 0.7057616 0.6669291 0.2389845 0.7057563 0.6982965 0.1195431 0.705756 0.6982972 0.1195432 0.7057552 0.708447 -0.003531217 0.7057551 0.7084428 -0.003530919 0.7057594 0.6970669 -0.1264972 0.7057594 0.6970671 -0.1264973 0.7057591 0.6645112 -0.2456198 0.7057591 0.6645091 -0.2456188 0.7057614 0.6117628 -0.3572787 0.7057607</float_array>
          <technique_common>
            <accessor source="#wrist3-mesh-normals-array" count="8306" stride="3">
              <param name="X" type="float"/>
              <param name="Y" type="float"/>
              <param name="Z" type="float"/>
            </accessor>
          </technique_common>
        </source>
        <vertices id="wrist3-mesh-vertices">
          <input semantic="POSITION" source="#wrist3-mesh-positions"/>
        </vertices>
        <triangles count="8306">
          <input semantic="VERTEX" source="#wrist3-mesh-vertices" offset="0"/>
          <input semantic="NORMAL" source="#wrist3-mesh-normals" offset="1"/>
          <p>0 0 1 0 2 0 2 1 1 1 3 1 2 2 3 2 4 2 4 3 3 3 5 3 4 4 5 4 6 4 6 5 5 5 7 5 6 6 7 6 8 6 8 7 7 7 9 7 8 8 9 8 10 8 10 9 9 9 11 9 10 10 11 10 12 10 12 11 11 11 13 11 12 12 13 12 14 12 14 13 13 13 15 13 14 14 15 14 16 14 16 15 15 15 17 15 16 16 17 16 18 16 18 17 17 17 19 17 18 18 19 18 20 18 20 19 19 19 21 19 20 20 21 20 22 20 22 21 21 21 23 21 22 22 23 22 24 22 24 23 23 23 25 23 24 24 25 24 26 24 26 25 25 25 27 25 26 26 27 26 28 26 28 27 27 27 29 27 28 28 29 28 30 28 30 29 29 29 31 29 30 30 31 30 32 30 32 31 31 31 33 31 32 32 33 32 34 32 34 33 33 33 35 33 34 34 35 34 36 34 36 35 35 35 37 35 36 36 37 36 38 36 38 37 37 37 39 37 38 38 39 38 40 38 40 39 39 39 41 39 40 40 41 40 42 40 42 41 41 41 43 41 42 42 43 42 44 42 44 43 43 43 45 43 44 44 45 44 46 44 46 45 45 45 47 45 46 46 47 46 48 46 48 47 47 47 49 47 48 48 49 48 50 48 50 49 49 49 51 49 50 50 51 50 52 50 52 51 51 51 53 51 52 52 53 52 54 52 54 53 53 53 55 53 54 54 55 54 56 54 56 55 55 55 57 55 56 56 57 56 58 56 58 57 57 57 59 57 58 58 59 58 60 58 60 59 59 59 61 59 60 60 61 60 62 60 62 61 61 61 63 61 62 62 63 62 64 62 64 63 63 63 65 63 64 64 65 64 66 64 66 65 65 65 67 65 66 66 67 66 68 66 68 67 67 67 69 67 68 68 69 68 0 68 0 69 69 69 1 69 70 70 71 70 72 70 73 71 74 71 75 71 75 72 74 72 76 72 75 73 77 73 78 73 79 74 80 74 81 74 75 75 82 75 83 75 83 76 82 76 81 76 83 77 81 77 84 77 84 78 81 78 80 78 84 79 80 79 70 79 72 80 71 80 85 80 85 81 71 81 86 81 85 82 86 82 87 82 88 83 89 83 90 83 81 84 91 84 79 84 79 85 91 85 88 85 79 86 88 86 87 86 87 87 88 87 90 87 87 88 90 88 85 88 92 89 90 89 93 89 93 90 90 90 89 90 93 91 89 91 94 91 94 92 89 92 95 92 94 93 95 93 96 93 97 94 90 94 98 94 98 95 90 95 92 95 98 96 92 96 99 96 99 97 92 97 100 97 99 98 100 98 78 98 78 99 100 99 101 99 78 100 101 100 75 100 75 101 101 101 96 101 75 102 96 102 82 102 82 103 96 103 95 103 102 104 90 104 103 104 103 105 90 105 97 105 103 106 97 106 104 106 104 107 97 107 105 107 104 108 105 108 106 108 107 109 108 109 109 109 110 110 111 110 112 110 112 111 111 111 113 111 112 112 113 112 75 112 114 113 115 113 116 113 75 114 117 114 118 114 105 115 77 115 106 115 106 116 77 116 75 116 106 117 75 117 119 117 119 118 75 118 76 118 119 119 76 119 120 119 120 120 76 120 121 120 120 121 121 121 102 121 102 122 121 122 122 122 102 123 122 123 90 123 90 124 122 124 123 124 90 125 123 125 124 125 125 126 126 126 127 126 128 127 129 127 130 127 130 128 129 128 125 128 130 129 125 129 124 129 124 130 125 130 127 130 124 131 127 131 90 131 116 132 115 132 131 132 132 133 133 133 127 133 115 134 132 134 131 134 131 135 132 135 127 135 131 136 127 136 134 136 134 137 127 137 126 137 134 138 126 138 135 138 135 139 126 139 136 139 135 140 136 140 118 140 118 141 136 141 137 141 118 142 137 142 75 142 75 143 137 143 128 143 75 144 128 144 73 144 73 145 128 145 130 145 138 146 139 146 127 146 109 147 108 147 140 147 108 148 138 148 140 148 140 149 138 149 127 149 140 150 127 150 141 150 141 151 127 151 133 151 141 152 133 152 142 152 142 153 133 153 143 153 142 154 143 154 113 154 113 155 143 155 144 155 113 156 144 156 75 156 75 157 144 157 114 157 75 158 114 158 117 158 117 159 114 159 116 159 145 160 146 160 147 160 148 161 149 161 150 161 150 162 149 162 151 162 150 163 152 163 153 163 110 164 154 164 155 164 155 165 154 165 156 165 155 166 156 166 157 166 158 167 159 167 160 167 161 168 160 168 127 168 109 169 111 169 107 169 107 170 111 170 110 170 107 171 110 171 162 171 162 172 110 172 163 172 162 173 163 173 164 173 164 174 163 174 165 174 164 175 165 175 139 175 139 176 165 176 166 176 139 177 166 177 127 177 127 178 166 178 167 178 127 179 167 179 161 179 168 180 110 180 169 180 169 181 110 181 155 181 169 182 155 182 170 182 170 183 155 183 171 183 170 184 171 184 172 184 171 185 158 185 172 185 172 186 158 186 160 186 172 187 160 187 173 187 173 188 160 188 161 188 173 189 161 189 174 189 174 190 161 190 175 190 174 191 175 191 168 191 168 192 175 192 176 192 168 193 176 193 110 193 110 194 176 194 177 194 110 195 177 195 163 195 147 196 146 196 178 196 179 197 180 197 160 197 146 198 179 198 178 198 178 199 179 199 160 199 178 200 160 200 181 200 181 201 160 201 159 201 181 202 159 202 182 202 182 203 159 203 183 203 182 204 183 204 153 204 153 205 183 205 157 205 153 206 157 206 150 206 150 207 157 207 156 207 147 208 152 208 145 208 145 209 152 209 150 209 145 210 150 210 184 210 184 211 150 211 151 211 184 212 151 212 185 212 185 213 151 213 186 213 185 214 186 214 180 214 180 215 186 215 187 215 180 216 187 216 160 216 160 217 187 217 188 217 160 218 188 218 148 218 148 219 188 219 189 219 148 220 189 220 149 220 190 221 191 221 192 221 193 222 194 222 195 222 196 223 197 223 198 223 199 224 198 224 193 224 193 225 198 225 197 225 193 226 197 226 200 226 200 227 197 227 150 227 150 228 197 228 201 228 150 229 201 229 148 229 201 230 202 230 148 230 148 231 202 231 203 231 148 232 203 232 160 232 160 233 203 233 204 233 205 234 206 234 207 234 198 235 208 235 196 235 196 236 208 236 205 236 196 237 205 237 204 237 204 238 205 238 207 238 204 239 207 239 160 239 209 240 207 240 210 240 210 241 207 241 206 241 210 242 206 242 211 242 211 243 206 243 212 243 211 244 212 244 213 244 192 245 191 245 214 245 215 246 216 246 207 246 191 247 215 247 214 247 214 248 215 248 207 248 214 249 207 249 217 249 217 250 207 250 209 250 217 251 209 251 218 251 218 252 209 252 219 252 218 253 219 253 195 253 195 254 219 254 220 254 195 255 220 255 193 255 193 256 220 256 213 256 193 257 213 257 199 257 199 258 213 258 212 258 221 259 222 259 223 259 223 260 222 260 224 260 225 261 226 261 227 261 228 262 229 262 230 262 223 263 231 263 232 263 223 264 233 264 234 264 223 265 235 265 236 265 236 266 235 266 237 266 236 267 237 267 193 267 193 268 237 268 238 268 239 269 240 269 241 269 192 270 194 270 190 270 190 271 194 271 193 271 190 272 193 272 242 272 242 273 193 273 238 273 242 274 238 274 243 274 243 275 238 275 244 275 243 276 244 276 216 276 216 277 244 277 245 277 216 278 245 278 207 278 207 279 245 279 246 279 207 280 246 280 247 280 248 281 249 281 241 281 250 282 251 282 252 282 252 283 251 283 248 283 252 284 248 284 247 284 247 285 248 285 241 285 247 286 241 286 207 286 253 287 254 287 241 287 227 288 226 288 255 288 226 289 253 289 255 289 255 290 253 290 241 290 255 291 241 291 256 291 256 292 241 292 249 292 256 293 249 293 257 293 257 294 249 294 258 294 257 295 258 295 234 295 234 296 258 296 259 296 234 297 259 297 223 297 223 298 259 298 250 298 223 299 250 299 235 299 235 300 250 300 252 300 230 301 229 301 260 301 229 302 239 302 260 302 260 303 239 303 241 303 260 304 241 304 261 304 261 305 241 305 254 305 261 306 254 306 262 306 262 307 254 307 263 307 262 308 263 308 232 308 232 309 263 309 264 309 232 310 264 310 223 310 223 311 264 311 225 311 223 312 225 312 233 312 233 313 225 313 227 313 265 314 266 314 223 314 267 315 268 315 269 315 270 316 271 316 272 316 230 317 231 317 228 317 228 318 231 318 223 318 228 319 223 319 273 319 273 320 223 320 224 320 273 321 224 321 274 321 274 322 224 322 275 322 274 323 275 323 240 323 240 324 275 324 276 324 240 325 276 325 241 325 241 326 276 326 277 326 241 327 277 327 278 327 272 328 271 328 278 328 278 329 271 329 279 329 278 330 279 330 241 330 241 331 279 331 280 331 241 332 280 332 281 332 269 333 268 333 282 333 283 334 284 334 281 334 268 335 283 335 282 335 282 336 283 336 281 336 282 337 281 337 285 337 285 338 281 338 280 338 285 339 280 339 286 339 286 340 280 340 287 340 286 341 287 341 266 341 266 342 287 342 288 342 266 343 288 343 223 343 223 344 288 344 270 344 223 345 270 345 221 345 221 346 270 346 272 346 289 347 290 347 281 347 291 348 223 348 292 348 292 349 223 349 293 349 292 350 293 350 294 350 294 351 293 351 295 351 294 352 295 352 296 352 295 353 289 353 296 353 296 354 289 354 281 354 296 355 281 355 297 355 297 356 281 356 284 356 297 357 284 357 298 357 298 358 284 358 299 358 298 359 299 359 291 359 291 360 299 360 300 360 291 361 300 361 223 361 223 362 300 362 267 362 223 363 267 363 265 363 265 364 267 364 269 364 70 365 72 365 84 365 84 366 72 366 301 366 84 367 301 367 302 367 303 368 304 368 305 368 84 369 306 369 307 369 308 370 84 370 309 370 310 371 311 371 312 371 313 372 314 372 315 372 315 373 314 373 316 373 317 374 318 374 85 374 312 375 319 375 310 375 310 376 319 376 317 376 310 377 317 377 316 377 316 378 317 378 85 378 316 379 85 379 315 379 320 380 85 380 321 380 321 381 85 381 318 381 321 382 318 382 322 382 322 383 318 383 323 383 322 384 323 384 324 384 305 385 304 385 325 385 326 386 327 386 85 386 304 387 326 387 325 387 325 388 326 388 85 388 325 389 85 389 328 389 328 390 85 390 320 390 328 391 320 391 329 391 329 392 320 392 330 392 329 393 330 393 307 393 307 394 330 394 331 394 307 395 331 395 84 395 84 396 331 396 324 396 84 397 324 397 309 397 309 398 324 398 323 398 305 399 306 399 303 399 303 400 306 400 84 400 303 401 84 401 332 401 332 402 84 402 302 402 332 403 302 403 333 403 333 404 302 404 334 404 333 405 334 405 327 405 327 406 334 406 335 406 327 407 335 407 85 407 85 408 335 408 336 408 85 409 336 409 72 409 72 410 336 410 337 410 72 411 337 411 301 411 338 412 339 412 340 412 340 413 339 413 341 413 340 414 341 414 315 414 342 415 343 415 315 415 344 416 345 416 315 416 346 417 347 417 348 417 309 418 312 418 308 418 308 419 312 419 311 419 308 420 311 420 349 420 349 421 311 421 350 421 349 422 350 422 351 422 351 423 350 423 352 423 353 424 351 424 354 424 354 425 351 425 352 425 354 426 352 426 355 426 355 427 352 427 356 427 355 428 356 428 357 428 348 429 347 429 358 429 356 430 313 430 357 430 357 431 313 431 315 431 357 432 315 432 359 432 359 433 315 433 345 433 359 434 345 434 360 434 360 435 345 435 361 435 360 436 361 436 353 436 353 437 361 437 362 437 353 438 362 438 351 438 351 439 362 439 358 439 351 440 358 440 363 440 363 441 358 441 347 441 348 442 344 442 346 442 346 443 344 443 315 443 346 444 315 444 364 444 364 445 315 445 343 445 364 446 343 446 365 446 365 447 343 447 366 447 365 448 366 448 367 448 367 449 366 449 368 449 369 450 370 450 371 450 371 451 370 451 372 451 371 452 372 452 373 452 363 453 367 453 351 453 351 454 367 454 368 454 351 455 368 455 374 455 374 456 368 456 370 456 374 457 370 457 375 457 375 458 370 458 369 458 375 459 369 459 376 459 372 460 342 460 373 460 373 461 342 461 315 461 373 462 315 462 377 462 377 463 315 463 341 463 377 464 341 464 378 464 378 465 341 465 379 465 378 466 379 466 376 466 376 467 379 467 380 467 376 468 380 468 375 468 375 469 380 469 381 469 375 470 381 470 382 470 383 471 384 471 385 471 383 472 385 472 386 472 387 473 388 473 384 473 389 474 384 474 390 474 390 475 384 475 388 475 390 476 388 476 391 476 391 477 388 477 392 477 391 478 392 478 393 478 394 479 395 479 396 479 396 480 395 480 397 480 396 481 398 481 399 481 400 482 384 482 401 482 401 483 384 483 383 483 401 484 383 484 402 484 402 485 383 485 403 485 402 486 403 486 404 486 405 487 396 487 406 487 406 488 396 488 399 488 406 489 399 489 407 489 407 490 399 490 408 490 407 491 408 491 409 491 396 492 410 492 411 492 408 493 387 493 409 493 409 494 387 494 384 494 409 495 384 495 412 495 412 496 384 496 400 496 412 497 400 497 413 497 413 498 400 498 414 498 413 499 414 499 405 499 405 500 414 500 415 500 405 501 415 501 396 501 396 502 415 502 404 502 396 503 404 503 410 503 410 504 404 504 403 504 385 505 375 505 386 505 386 506 375 506 382 506 386 507 382 507 416 507 416 508 382 508 417 508 416 509 417 509 411 509 411 510 417 510 338 510 411 511 338 511 396 511 396 512 338 512 340 512 418 513 419 513 420 513 421 514 422 514 423 514 424 515 420 515 425 515 425 516 420 516 426 516 425 517 426 517 427 517 428 518 420 518 429 518 429 519 420 519 419 519 429 520 419 520 430 520 430 521 419 521 431 521 430 522 431 522 432 522 433 523 434 523 435 523 435 524 434 524 436 524 437 525 435 525 438 525 438 526 435 526 439 526 440 527 437 527 441 527 441 528 437 528 438 528 441 529 438 529 442 529 442 530 438 530 443 530 442 531 443 531 444 531 423 532 422 532 445 532 446 533 447 533 437 533 422 534 446 534 445 534 445 535 446 535 437 535 445 536 437 536 448 536 448 537 437 537 440 537 448 538 440 538 449 538 449 539 440 539 450 539 449 540 450 540 424 540 424 541 450 541 451 541 424 542 451 542 420 542 420 543 451 543 444 543 420 544 444 544 418 544 418 545 444 545 443 545 452 546 453 546 454 546 454 547 453 547 455 547 454 548 455 548 456 548 456 549 455 549 457 549 456 550 458 550 459 550 456 551 460 551 461 551 461 552 460 552 462 552 461 553 462 553 427 553 427 554 462 554 463 554 423 555 425 555 421 555 421 556 425 556 427 556 421 557 427 557 464 557 464 558 427 558 463 558 464 559 463 559 465 559 465 560 463 560 466 560 465 561 466 561 447 561 447 562 466 562 467 562 447 563 467 563 437 563 437 564 467 564 468 564 437 565 468 565 469 565 470 566 437 566 471 566 471 567 437 567 469 567 471 568 469 568 472 568 472 569 469 569 473 569 472 570 473 570 474 570 473 571 460 571 474 571 474 572 460 572 456 572 474 573 456 573 475 573 475 574 456 574 459 574 475 575 459 575 476 575 476 576 459 576 477 576 476 577 477 577 470 577 470 578 477 578 478 578 470 579 478 579 437 579 437 580 478 580 479 580 480 581 481 581 482 581 482 582 437 582 480 582 480 583 437 583 479 583 480 584 479 584 483 584 483 585 479 585 484 585 483 586 484 586 485 586 486 587 452 587 482 587 487 588 456 588 488 588 488 589 456 589 457 589 488 590 457 590 489 590 489 591 457 591 490 591 489 592 490 592 491 592 490 593 486 593 491 593 491 594 486 594 482 594 491 595 482 595 492 595 492 596 482 596 481 596 492 597 481 597 493 597 493 598 481 598 494 598 493 599 494 599 487 599 487 600 494 600 495 600 487 601 495 601 456 601 456 602 495 602 485 602 456 603 485 603 458 603 458 604 485 604 484 604 392 605 398 605 393 605 393 606 398 606 396 606 393 607 396 607 496 607 496 608 396 608 397 608 496 609 397 609 497 609 497 610 397 610 498 610 497 611 498 611 389 611 389 612 498 612 499 612 389 613 499 613 384 613 384 614 499 614 500 614 384 615 500 615 501 615 501 616 500 616 502 616 501 617 502 617 503 617 504 618 505 618 456 618 506 619 507 619 456 619 508 620 509 620 510 620 510 621 509 621 511 621 452 622 454 622 482 622 482 623 454 623 512 623 482 624 512 624 513 624 482 625 514 625 515 625 509 626 514 626 511 626 511 627 514 627 482 627 511 628 482 628 516 628 516 629 482 629 513 629 516 630 513 630 517 630 517 631 513 631 518 631 517 632 518 632 507 632 507 633 518 633 519 633 507 634 519 634 456 634 456 635 519 635 520 635 456 636 520 636 454 636 454 637 520 637 521 637 454 638 521 638 512 638 522 639 456 639 523 639 523 640 456 640 505 640 523 641 505 641 524 641 524 642 505 642 525 642 524 643 525 643 526 643 482 644 527 644 528 644 510 645 506 645 508 645 508 646 506 646 456 646 508 647 456 647 529 647 529 648 456 648 522 648 529 649 522 649 530 649 530 650 522 650 531 650 530 651 531 651 515 651 515 652 531 652 532 652 515 653 532 653 482 653 482 654 532 654 526 654 482 655 526 655 527 655 527 656 526 656 525 656 456 657 503 657 504 657 504 658 503 658 502 658 504 659 502 659 533 659 533 660 502 660 534 660 533 661 534 661 528 661 528 662 534 662 394 662 528 663 394 663 482 663 482 664 394 664 396 664 535 665 536 665 537 665 536 666 535 666 538 666 538 667 535 667 539 667 538 668 539 668 540 668 541 669 542 669 543 669 544 670 545 670 540 670 546 671 547 671 548 671 549 672 550 672 540 672 551 673 552 673 281 673 553 674 554 674 555 674 555 675 554 675 556 675 555 676 556 676 290 676 290 677 556 677 557 677 290 678 557 678 281 678 281 679 557 679 558 679 281 680 558 680 551 680 548 681 547 681 559 681 560 682 561 682 552 682 547 683 560 683 559 683 559 684 560 684 552 684 559 685 552 685 562 685 562 686 552 686 551 686 562 687 551 687 563 687 563 688 551 688 564 688 563 689 564 689 550 689 550 690 564 690 565 690 550 691 565 691 540 691 540 692 565 692 566 692 540 693 566 693 567 693 567 694 566 694 554 694 567 695 554 695 223 695 223 696 554 696 553 696 223 697 553 697 293 697 543 698 542 698 568 698 569 699 570 699 552 699 542 700 569 700 568 700 568 701 569 701 552 701 568 702 552 702 571 702 571 703 552 703 561 703 571 704 561 704 572 704 572 705 561 705 573 705 572 706 573 706 545 706 545 707 573 707 574 707 545 708 574 708 540 708 540 709 574 709 546 709 540 710 546 710 549 710 549 711 546 711 548 711 543 712 544 712 541 712 541 713 544 713 540 713 541 714 540 714 575 714 575 715 540 715 539 715 575 716 539 716 576 716 576 717 539 717 577 717 576 718 577 718 570 718 570 719 577 719 578 719 570 720 578 720 552 720 552 721 578 721 579 721 552 722 579 722 537 722 537 723 579 723 580 723 537 724 580 724 535 724 431 725 439 725 432 725 432 726 439 726 435 726 432 727 435 727 581 727 581 728 435 728 436 728 581 729 436 729 582 729 582 730 436 730 583 730 582 731 583 731 428 731 428 732 583 732 584 732 428 733 584 733 420 733 420 734 584 734 585 734 420 735 585 735 586 735 587 736 588 736 589 736 589 737 588 737 590 737 589 738 590 738 536 738 591 739 592 739 593 739 594 740 595 740 536 740 596 741 597 741 598 741 599 742 600 742 536 742 536 743 600 743 537 743 537 744 600 744 601 744 537 745 601 745 552 745 552 746 601 746 602 746 552 747 602 747 603 747 598 748 597 748 603 748 603 749 597 749 604 749 603 750 604 750 552 750 552 751 604 751 605 751 552 752 605 752 435 752 593 753 592 753 606 753 607 754 608 754 435 754 592 755 607 755 606 755 606 756 607 756 435 756 606 757 435 757 609 757 609 758 435 758 605 758 609 759 605 759 610 759 610 760 605 760 611 760 610 761 611 761 595 761 595 762 611 762 612 762 595 763 612 763 536 763 536 764 612 764 596 764 536 765 596 765 599 765 599 766 596 766 598 766 587 767 420 767 588 767 588 768 420 768 586 768 588 769 586 769 613 769 613 770 586 770 614 770 613 771 614 771 615 771 614 772 433 772 615 772 615 773 433 773 435 773 615 774 435 774 616 774 616 775 435 775 608 775 616 776 608 776 617 776 617 777 608 777 618 777 617 778 618 778 590 778 590 779 618 779 619 779 590 780 619 780 536 780 536 781 619 781 591 781 536 782 591 782 594 782 594 783 591 783 593 783 620 784 281 784 621 784 621 785 281 785 552 785 621 786 552 786 622 786 622 787 552 787 435 787 622 788 435 788 623 788 623 789 435 789 437 789 623 790 437 790 624 790 624 791 437 791 482 791 624 792 482 792 625 792 625 793 482 793 396 793 625 794 396 794 626 794 626 795 396 795 340 795 626 796 340 796 627 796 627 797 340 797 315 797 627 798 315 798 628 798 628 799 315 799 85 799 628 800 85 800 629 800 629 801 85 801 90 801 629 802 90 802 630 802 630 803 90 803 127 803 630 804 127 804 631 804 631 805 127 805 160 805 631 806 160 806 632 806 632 807 160 807 207 807 632 808 207 808 633 808 633 809 207 809 241 809 633 810 241 810 620 810 620 811 241 811 281 811 634 812 635 812 636 812 637 813 638 813 636 813 636 814 638 814 639 814 636 815 639 815 634 815 640 816 641 816 636 816 636 817 641 817 642 817 636 818 642 818 637 818 643 819 644 819 636 819 636 820 644 820 645 820 636 821 645 821 640 821 646 822 647 822 636 822 636 823 647 823 648 823 636 824 648 824 643 824 649 825 650 825 636 825 636 826 650 826 651 826 636 827 651 827 646 827 635 828 652 828 636 828 636 829 652 829 653 829 636 830 653 830 649 830 150 831 654 831 655 831 150 832 156 832 654 832 654 833 156 833 154 833 654 834 154 834 656 834 656 835 154 835 110 835 656 836 110 836 657 836 110 837 112 837 657 837 657 838 112 838 75 838 657 839 75 839 658 839 75 840 83 840 658 840 658 841 83 841 84 841 658 842 84 842 659 842 84 843 308 843 659 843 659 844 308 844 349 844 659 845 349 845 660 845 660 846 349 846 351 846 660 847 351 847 661 847 661 848 351 848 374 848 661 849 374 849 662 849 662 850 374 850 375 850 375 851 385 851 662 851 662 852 385 852 384 852 662 853 384 853 663 853 384 854 501 854 663 854 663 855 501 855 503 855 663 856 503 856 664 856 664 857 503 857 456 857 664 858 456 858 665 858 665 859 456 859 461 859 665 860 461 860 666 860 666 861 461 861 427 861 427 862 426 862 666 862 666 863 426 863 420 863 666 864 420 864 667 864 420 865 587 865 667 865 667 866 587 866 589 866 667 867 589 867 668 867 668 868 589 868 536 868 668 869 536 869 669 869 536 870 538 870 669 870 669 871 538 871 540 871 669 872 540 872 670 872 540 873 567 873 670 873 670 874 567 874 223 874 670 875 223 875 671 875 671 876 223 876 236 876 671 877 236 877 672 877 672 878 236 878 193 878 672 879 193 879 655 879 655 880 193 880 200 880 655 881 200 881 150 881 671 882 673 882 670 882 670 883 673 883 674 883 670 884 674 884 669 884 669 885 674 885 675 885 669 886 675 886 668 886 668 887 675 887 676 887 668 888 676 888 667 888 667 889 676 889 677 889 667 890 677 890 666 890 666 891 677 891 678 891 666 892 678 892 665 892 665 893 678 893 679 893 665 894 679 894 664 894 664 895 679 895 680 895 664 896 680 896 663 896 663 897 680 897 681 897 663 898 681 898 662 898 662 899 681 899 682 899 662 900 682 900 661 900 661 901 682 901 683 901 661 902 683 902 660 902 660 903 683 903 684 903 660 904 684 904 659 904 659 905 684 905 685 905 659 906 685 906 658 906 658 907 685 907 686 907 658 908 686 908 657 908 657 909 686 909 687 909 657 910 687 910 656 910 656 911 687 911 688 911 656 912 688 912 654 912 654 913 688 913 689 913 654 914 689 914 655 914 655 915 689 915 690 915 655 916 690 916 672 916 672 917 690 917 691 917 672 918 691 918 671 918 671 919 691 919 673 919 691 920 692 920 673 920 673 921 692 921 693 921 673 922 693 922 674 922 674 923 693 923 694 923 674 924 694 924 675 924 675 925 694 925 695 925 675 926 695 926 676 926 676 927 695 927 696 927 676 928 696 928 677 928 677 929 696 929 697 929 677 930 697 930 678 930 678 931 697 931 698 931 678 932 698 932 679 932 679 933 698 933 699 933 679 934 699 934 680 934 680 935 699 935 700 935 680 936 700 936 681 936 681 937 700 937 701 937 681 938 701 938 682 938 682 939 701 939 702 939 682 940 702 940 683 940 683 941 702 941 703 941 683 942 703 942 684 942 684 943 703 943 704 943 684 944 704 944 685 944 685 945 704 945 705 945 685 946 705 946 686 946 686 947 705 947 706 947 686 948 706 948 687 948 687 949 706 949 707 949 687 950 707 950 688 950 688 951 707 951 708 951 688 952 708 952 689 952 689 953 708 953 709 953 689 954 709 954 690 954 690 955 709 955 710 955 690 956 710 956 691 956 691 957 710 957 692 957 710 958 639 958 692 958 692 959 639 959 638 959 692 960 638 960 693 960 693 961 638 961 637 961 693 962 637 962 694 962 694 963 637 963 642 963 694 964 642 964 695 964 695 965 642 965 641 965 695 966 641 966 696 966 696 967 641 967 640 967 696 968 640 968 697 968 697 969 640 969 645 969 697 970 645 970 698 970 698 971 645 971 644 971 698 972 644 972 699 972 699 973 644 973 643 973 699 974 643 974 700 974 700 975 643 975 648 975 700 976 648 976 701 976 701 977 648 977 647 977 701 978 647 978 702 978 702 979 647 979 646 979 702 980 646 980 703 980 703 981 646 981 651 981 703 982 651 982 704 982 704 983 651 983 650 983 704 984 650 984 705 984 705 985 650 985 649 985 705 986 649 986 706 986 706 987 649 987 653 987 706 988 653 988 707 988 707 989 653 989 652 989 707 990 652 990 708 990 708 991 652 991 635 991 708 992 635 992 709 992 709 993 635 993 634 993 709 994 634 994 710 994 710 995 634 995 639 995 440 996 711 996 450 996 450 997 711 997 712 997 450 998 712 998 451 998 444 999 712 999 442 999 442 1000 712 1000 711 1000 442 1001 711 1001 441 1001 451 1002 712 1002 444 1002 711 1003 440 1003 441 1003 445 1004 713 1004 423 1004 423 1005 713 1005 714 1005 423 1006 714 1006 425 1006 424 1007 714 1007 449 1007 449 1008 714 1008 713 1008 449 1009 713 1009 448 1009 425 1010 714 1010 424 1010 713 1011 445 1011 448 1011 438 1012 715 1012 443 1012 443 1013 715 1013 716 1013 443 1014 716 1014 418 1014 419 1015 716 1015 431 1015 431 1016 716 1016 715 1016 431 1017 715 1017 439 1017 418 1018 716 1018 419 1018 715 1019 438 1019 439 1019 432 1020 717 1020 430 1020 430 1021 717 1021 718 1021 430 1022 718 1022 429 1022 428 1023 718 1023 582 1023 582 1024 718 1024 717 1024 582 1025 717 1025 581 1025 429 1026 718 1026 428 1026 717 1027 432 1027 581 1027 436 1028 719 1028 583 1028 583 1029 719 1029 720 1029 583 1030 720 1030 584 1030 586 1031 720 1031 614 1031 614 1032 720 1032 719 1032 614 1033 719 1033 433 1033 584 1034 720 1034 585 1034 585 1035 720 1035 586 1035 433 1036 719 1036 434 1036 434 1037 719 1037 436 1037 615 1038 721 1038 613 1038 613 1039 721 1039 722 1039 613 1040 722 1040 588 1040 590 1041 722 1041 617 1041 617 1042 722 1042 721 1042 617 1043 721 1043 616 1043 588 1044 722 1044 590 1044 721 1045 615 1045 616 1045 608 1046 723 1046 618 1046 618 1047 723 1047 724 1047 618 1048 724 1048 619 1048 591 1049 724 1049 592 1049 592 1050 724 1050 723 1050 592 1051 723 1051 607 1051 619 1052 724 1052 591 1052 723 1053 608 1053 607 1053 606 1054 725 1054 593 1054 593 1055 725 1055 726 1055 593 1056 726 1056 594 1056 595 1057 726 1057 610 1057 610 1058 726 1058 725 1058 610 1059 725 1059 609 1059 594 1060 726 1060 595 1060 725 1061 606 1061 609 1061 551 1062 727 1062 564 1062 564 1063 727 1063 728 1063 564 1064 728 1064 565 1064 554 1065 728 1065 556 1065 556 1066 728 1066 727 1066 556 1067 727 1067 557 1067 565 1068 728 1068 566 1068 566 1069 728 1069 554 1069 557 1070 727 1070 558 1070 558 1071 727 1071 551 1071 559 1072 729 1072 548 1072 548 1073 729 1073 730 1073 548 1074 730 1074 549 1074 550 1075 730 1075 563 1075 563 1076 730 1076 729 1076 563 1077 729 1077 562 1077 549 1078 730 1078 550 1078 729 1079 559 1079 562 1079 568 1080 731 1080 543 1080 543 1081 731 1081 732 1081 543 1082 732 1082 544 1082 545 1083 732 1083 572 1083 572 1084 732 1084 731 1084 572 1085 731 1085 571 1085 544 1086 732 1086 545 1086 731 1087 568 1087 571 1087 561 1088 733 1088 573 1088 573 1089 733 1089 734 1089 573 1090 734 1090 574 1090 546 1091 734 1091 547 1091 547 1092 734 1092 733 1092 547 1093 733 1093 560 1093 574 1094 734 1094 546 1094 733 1095 561 1095 560 1095 605 1096 735 1096 611 1096 611 1097 735 1097 736 1097 611 1098 736 1098 612 1098 596 1099 736 1099 597 1099 597 1100 736 1100 735 1100 597 1101 735 1101 604 1101 612 1102 736 1102 596 1102 735 1103 605 1103 604 1103 603 1104 737 1104 598 1104 598 1105 737 1105 738 1105 598 1106 738 1106 599 1106 600 1107 738 1107 601 1107 601 1108 738 1108 737 1108 601 1109 737 1109 602 1109 599 1110 738 1110 600 1110 737 1111 603 1111 602 1111 570 1112 739 1112 576 1112 576 1113 739 1113 740 1113 576 1114 740 1114 575 1114 541 1115 740 1115 542 1115 542 1116 740 1116 739 1116 542 1117 739 1117 569 1117 575 1118 740 1118 541 1118 739 1119 570 1119 569 1119 579 1120 741 1120 580 1120 580 1121 741 1121 742 1121 580 1122 742 1122 535 1122 539 1123 742 1123 577 1123 577 1124 742 1124 741 1124 577 1125 741 1125 578 1125 535 1126 742 1126 539 1126 741 1127 579 1127 578 1127 405 1128 743 1128 413 1128 413 1129 743 1129 744 1129 413 1130 744 1130 412 1130 409 1131 744 1131 407 1131 407 1132 744 1132 743 1132 407 1133 743 1133 406 1133 412 1134 744 1134 409 1134 743 1135 405 1135 406 1135 399 1136 745 1136 408 1136 408 1137 745 1137 746 1137 408 1138 746 1138 387 1138 388 1139 746 1139 392 1139 392 1140 746 1140 745 1140 392 1141 745 1141 398 1141 387 1142 746 1142 388 1142 745 1143 399 1143 398 1143 393 1144 747 1144 391 1144 391 1145 747 1145 748 1145 391 1146 748 1146 390 1146 389 1147 748 1147 497 1147 497 1148 748 1148 747 1148 497 1149 747 1149 496 1149 390 1150 748 1150 389 1150 747 1151 393 1151 496 1151 397 1152 749 1152 498 1152 498 1153 749 1153 750 1153 498 1154 750 1154 499 1154 502 1155 750 1155 534 1155 534 1156 750 1156 749 1156 534 1157 749 1157 394 1157 499 1158 750 1158 500 1158 500 1159 750 1159 502 1159 394 1160 749 1160 395 1160 395 1161 749 1161 397 1161 515 1162 751 1162 530 1162 530 1163 751 1163 752 1163 530 1164 752 1164 529 1164 508 1165 752 1165 509 1165 509 1166 752 1166 751 1166 509 1167 751 1167 514 1167 529 1168 752 1168 508 1168 751 1169 515 1169 514 1169 511 1170 753 1170 510 1170 510 1171 753 1171 754 1171 510 1172 754 1172 506 1172 507 1173 754 1173 517 1173 517 1174 754 1174 753 1174 517 1175 753 1175 516 1175 506 1176 754 1176 507 1176 753 1177 511 1177 516 1177 526 1178 755 1178 524 1178 524 1179 755 1179 756 1179 524 1180 756 1180 523 1180 522 1181 756 1181 531 1181 531 1182 756 1182 755 1182 531 1183 755 1183 532 1183 523 1184 756 1184 522 1184 755 1185 526 1185 532 1185 528 1186 757 1186 533 1186 533 1187 757 1187 758 1187 533 1188 758 1188 504 1188 505 1189 758 1189 525 1189 525 1190 758 1190 757 1190 525 1191 757 1191 527 1191 504 1192 758 1192 505 1192 757 1193 528 1193 527 1193 452 1194 759 1194 453 1194 453 1195 759 1195 760 1195 453 1196 760 1196 455 1196 457 1197 760 1197 490 1197 490 1198 760 1198 759 1198 490 1199 759 1199 486 1199 455 1200 760 1200 457 1200 759 1201 452 1201 486 1201 513 1202 761 1202 518 1202 518 1203 761 1203 762 1203 518 1204 762 1204 519 1204 520 1205 762 1205 521 1205 521 1206 762 1206 761 1206 521 1207 761 1207 512 1207 519 1208 762 1208 520 1208 761 1209 513 1209 512 1209 491 1210 763 1210 489 1210 489 1211 763 1211 764 1211 489 1212 764 1212 488 1212 487 1213 764 1213 493 1213 493 1214 764 1214 763 1214 493 1215 763 1215 492 1215 488 1216 764 1216 487 1216 763 1217 491 1217 492 1217 481 1218 765 1218 494 1218 494 1219 765 1219 766 1219 494 1220 766 1220 495 1220 485 1221 766 1221 483 1221 483 1222 766 1222 765 1222 483 1223 765 1223 480 1223 495 1224 766 1224 485 1224 765 1225 481 1225 480 1225 479 1226 767 1226 484 1226 484 1227 767 1227 768 1227 484 1228 768 1228 458 1228 459 1229 768 1229 477 1229 477 1230 768 1230 767 1230 477 1231 767 1231 478 1231 458 1232 768 1232 459 1232 767 1233 479 1233 478 1233 470 1234 769 1234 476 1234 476 1235 769 1235 770 1235 476 1236 770 1236 475 1236 474 1237 770 1237 472 1237 472 1238 770 1238 769 1238 472 1239 769 1239 471 1239 475 1240 770 1240 474 1240 769 1241 470 1241 471 1241 469 1242 771 1242 473 1242 473 1243 771 1243 772 1243 473 1244 772 1244 460 1244 463 1245 772 1245 466 1245 466 1246 772 1246 771 1246 466 1247 771 1247 467 1247 460 1248 772 1248 462 1248 462 1249 772 1249 463 1249 467 1250 771 1250 468 1250 468 1251 771 1251 469 1251 447 1252 773 1252 465 1252 465 1253 773 1253 774 1253 465 1254 774 1254 464 1254 421 1255 774 1255 422 1255 422 1256 774 1256 773 1256 422 1257 773 1257 446 1257 464 1258 774 1258 421 1258 773 1259 447 1259 446 1259 404 1260 775 1260 402 1260 402 1261 775 1261 776 1261 402 1262 776 1262 401 1262 400 1263 776 1263 414 1263 414 1264 776 1264 775 1264 414 1265 775 1265 415 1265 401 1266 776 1266 400 1266 775 1267 404 1267 415 1267 411 1268 777 1268 416 1268 416 1269 777 1269 778 1269 416 1270 778 1270 386 1270 383 1271 778 1271 403 1271 403 1272 778 1272 777 1272 403 1273 777 1273 410 1273 386 1274 778 1274 383 1274 777 1275 411 1275 410 1275 341 1276 779 1276 379 1276 379 1277 779 1277 780 1277 379 1278 780 1278 380 1278 382 1279 780 1279 417 1279 417 1280 780 1280 779 1280 417 1281 779 1281 338 1281 380 1282 780 1282 381 1282 381 1283 780 1283 382 1283 338 1284 779 1284 339 1284 339 1285 779 1285 341 1285 373 1286 781 1286 371 1286 371 1287 781 1287 782 1287 371 1288 782 1288 369 1288 376 1289 782 1289 378 1289 378 1290 782 1290 781 1290 378 1291 781 1291 377 1291 369 1292 782 1292 376 1292 781 1293 373 1293 377 1293 343 1294 783 1294 366 1294 366 1295 783 1295 784 1295 366 1296 784 1296 368 1296 370 1297 784 1297 372 1297 372 1298 784 1298 783 1298 372 1299 783 1299 342 1299 368 1300 784 1300 370 1300 783 1301 343 1301 342 1301 346 1302 785 1302 347 1302 347 1303 785 1303 786 1303 347 1304 786 1304 363 1304 367 1305 786 1305 365 1305 365 1306 786 1306 785 1306 365 1307 785 1307 364 1307 363 1308 786 1308 367 1308 785 1309 346 1309 364 1309 345 1310 787 1310 361 1310 361 1311 787 1311 788 1311 361 1312 788 1312 362 1312 358 1313 788 1313 348 1313 348 1314 788 1314 787 1314 348 1315 787 1315 344 1315 362 1316 788 1316 358 1316 787 1317 345 1317 344 1317 357 1318 789 1318 355 1318 355 1319 789 1319 790 1319 355 1320 790 1320 354 1320 353 1321 790 1321 360 1321 360 1322 790 1322 789 1322 360 1323 789 1323 359 1323 354 1324 790 1324 353 1324 789 1325 357 1325 359 1325 336 1326 791 1326 337 1326 337 1327 791 1327 792 1327 337 1328 792 1328 301 1328 302 1329 792 1329 334 1329 334 1330 792 1330 791 1330 334 1331 791 1331 335 1331 301 1332 792 1332 302 1332 791 1333 336 1333 335 1333 327 1334 793 1334 333 1334 333 1335 793 1335 794 1335 333 1336 794 1336 332 1336 303 1337 794 1337 304 1337 304 1338 794 1338 793 1338 304 1339 793 1339 326 1339 332 1340 794 1340 303 1340 793 1341 327 1341 326 1341 87 1342 795 1342 79 1342 79 1343 795 1343 796 1343 79 1344 796 1344 80 1344 70 1345 796 1345 71 1345 71 1346 796 1346 795 1346 71 1347 795 1347 86 1347 80 1348 796 1348 70 1348 795 1349 87 1349 86 1349 89 1350 797 1350 95 1350 95 1351 797 1351 798 1351 95 1352 798 1352 82 1352 81 1353 798 1353 91 1353 91 1354 798 1354 797 1354 91 1355 797 1355 88 1355 82 1356 798 1356 81 1356 797 1357 89 1357 88 1357 320 1358 799 1358 330 1358 330 1359 799 1359 800 1359 330 1360 800 1360 331 1360 324 1361 800 1361 322 1361 322 1362 800 1362 799 1362 322 1363 799 1363 321 1363 331 1364 800 1364 324 1364 799 1365 320 1365 321 1365 325 1366 801 1366 305 1366 305 1367 801 1367 802 1367 305 1368 802 1368 306 1368 307 1369 802 1369 329 1369 329 1370 802 1370 801 1370 329 1371 801 1371 328 1371 306 1372 802 1372 307 1372 801 1373 325 1373 328 1373 318 1374 803 1374 323 1374 323 1375 803 1375 804 1375 323 1376 804 1376 309 1376 312 1377 804 1377 319 1377 319 1378 804 1378 803 1378 319 1379 803 1379 317 1379 309 1380 804 1380 312 1380 803 1381 318 1381 317 1381 316 1382 805 1382 310 1382 310 1383 805 1383 806 1383 310 1384 806 1384 311 1384 352 1385 806 1385 356 1385 356 1386 806 1386 805 1386 356 1387 805 1387 313 1387 311 1388 806 1388 350 1388 350 1389 806 1389 352 1389 313 1390 805 1390 314 1390 314 1391 805 1391 316 1391 290 1392 807 1392 555 1392 555 1393 807 1393 808 1393 555 1394 808 1394 553 1394 293 1395 808 1395 295 1395 295 1396 808 1396 807 1396 295 1397 807 1397 289 1397 553 1398 808 1398 293 1398 807 1399 290 1399 289 1399 296 1400 809 1400 294 1400 294 1401 809 1401 810 1401 294 1402 810 1402 292 1402 291 1403 810 1403 298 1403 298 1404 810 1404 809 1404 298 1405 809 1405 297 1405 292 1406 810 1406 291 1406 809 1407 296 1407 297 1407 284 1408 811 1408 299 1408 299 1409 811 1409 812 1409 299 1410 812 1410 300 1410 267 1411 812 1411 268 1411 268 1412 812 1412 811 1412 268 1413 811 1413 283 1413 300 1414 812 1414 267 1414 811 1415 284 1415 283 1415 282 1416 813 1416 269 1416 269 1417 813 1417 814 1417 269 1418 814 1418 265 1418 266 1419 814 1419 286 1419 286 1420 814 1420 813 1420 286 1421 813 1421 285 1421 265 1422 814 1422 266 1422 813 1423 282 1423 285 1423 280 1424 815 1424 287 1424 287 1425 815 1425 816 1425 287 1426 816 1426 288 1426 270 1427 816 1427 271 1427 271 1428 816 1428 815 1428 271 1429 815 1429 279 1429 288 1430 816 1430 270 1430 815 1431 280 1431 279 1431 278 1432 817 1432 272 1432 272 1433 817 1433 818 1433 272 1434 818 1434 221 1434 224 1435 818 1435 275 1435 275 1436 818 1436 817 1436 275 1437 817 1437 276 1437 221 1438 818 1438 222 1438 222 1439 818 1439 224 1439 276 1440 817 1440 277 1440 277 1441 817 1441 278 1441 240 1442 819 1442 274 1442 274 1443 819 1443 820 1443 274 1444 820 1444 273 1444 228 1445 820 1445 229 1445 229 1446 820 1446 819 1446 229 1447 819 1447 239 1447 273 1448 820 1448 228 1448 819 1449 240 1449 239 1449 260 1450 821 1450 230 1450 230 1451 821 1451 822 1451 230 1452 822 1452 231 1452 232 1453 822 1453 262 1453 262 1454 822 1454 821 1454 262 1455 821 1455 261 1455 231 1456 822 1456 232 1456 821 1457 260 1457 261 1457 254 1458 823 1458 263 1458 263 1459 823 1459 824 1459 263 1460 824 1460 264 1460 225 1461 824 1461 226 1461 226 1462 824 1462 823 1462 226 1463 823 1463 253 1463 264 1464 824 1464 225 1464 823 1465 254 1465 253 1465 255 1466 825 1466 227 1466 227 1467 825 1467 826 1467 227 1468 826 1468 233 1468 234 1469 826 1469 257 1469 257 1470 826 1470 825 1470 257 1471 825 1471 256 1471 233 1472 826 1472 234 1472 825 1473 255 1473 256 1473 249 1474 827 1474 258 1474 258 1475 827 1475 828 1475 258 1476 828 1476 259 1476 250 1477 828 1477 251 1477 251 1478 828 1478 827 1478 251 1479 827 1479 248 1479 259 1480 828 1480 250 1480 827 1481 249 1481 248 1481 247 1482 829 1482 252 1482 252 1483 829 1483 830 1483 252 1484 830 1484 235 1484 238 1485 830 1485 244 1485 244 1486 830 1486 829 1486 244 1487 829 1487 245 1487 235 1488 830 1488 237 1488 237 1489 830 1489 238 1489 245 1490 829 1490 246 1490 246 1491 829 1491 247 1491 209 1492 831 1492 219 1492 219 1493 831 1493 832 1493 219 1494 832 1494 220 1494 213 1495 832 1495 211 1495 211 1496 832 1496 831 1496 211 1497 831 1497 210 1497 220 1498 832 1498 213 1498 831 1499 209 1499 210 1499 206 1500 833 1500 212 1500 212 1501 833 1501 834 1501 212 1502 834 1502 199 1502 198 1503 834 1503 208 1503 208 1504 834 1504 833 1504 208 1505 833 1505 205 1505 199 1506 834 1506 198 1506 833 1507 206 1507 205 1507 214 1508 835 1508 192 1508 192 1509 835 1509 836 1509 192 1510 836 1510 194 1510 195 1511 836 1511 218 1511 218 1512 836 1512 835 1512 218 1513 835 1513 217 1513 194 1514 836 1514 195 1514 835 1515 214 1515 217 1515 216 1516 837 1516 243 1516 243 1517 837 1517 838 1517 243 1518 838 1518 242 1518 190 1519 838 1519 191 1519 191 1520 838 1520 837 1520 191 1521 837 1521 215 1521 242 1522 838 1522 190 1522 837 1523 216 1523 215 1523 188 1524 839 1524 189 1524 189 1525 839 1525 840 1525 189 1526 840 1526 149 1526 151 1527 840 1527 186 1527 186 1528 840 1528 839 1528 186 1529 839 1529 187 1529 149 1530 840 1530 151 1530 839 1531 188 1531 187 1531 204 1532 841 1532 196 1532 196 1533 841 1533 842 1533 196 1534 842 1534 197 1534 201 1535 842 1535 202 1535 202 1536 842 1536 841 1536 202 1537 841 1537 203 1537 197 1538 842 1538 201 1538 841 1539 204 1539 203 1539 180 1540 843 1540 185 1540 185 1541 843 1541 844 1541 185 1542 844 1542 184 1542 145 1543 844 1543 146 1543 146 1544 844 1544 843 1544 146 1545 843 1545 179 1545 184 1546 844 1546 145 1546 843 1547 180 1547 179 1547 178 1548 845 1548 147 1548 147 1549 845 1549 846 1549 147 1550 846 1550 152 1550 153 1551 846 1551 182 1551 182 1552 846 1552 845 1552 182 1553 845 1553 181 1553 152 1554 846 1554 153 1554 845 1555 178 1555 181 1555 159 1556 847 1556 183 1556 183 1557 847 1557 848 1557 183 1558 848 1558 157 1558 155 1559 848 1559 171 1559 171 1560 848 1560 847 1560 171 1561 847 1561 158 1561 157 1562 848 1562 155 1562 847 1563 159 1563 158 1563 172 1564 849 1564 170 1564 170 1565 849 1565 850 1565 170 1566 850 1566 169 1566 168 1567 850 1567 174 1567 174 1568 850 1568 849 1568 174 1569 849 1569 173 1569 169 1570 850 1570 168 1570 849 1571 172 1571 173 1571 161 1572 851 1572 175 1572 175 1573 851 1573 852 1573 175 1574 852 1574 176 1574 163 1575 852 1575 165 1575 165 1576 852 1576 851 1576 165 1577 851 1577 166 1577 176 1578 852 1578 177 1578 177 1579 852 1579 163 1579 166 1580 851 1580 167 1580 167 1581 851 1581 161 1581 139 1582 853 1582 164 1582 164 1583 853 1583 854 1583 164 1584 854 1584 162 1584 107 1585 854 1585 108 1585 108 1586 854 1586 853 1586 108 1587 853 1587 138 1587 162 1588 854 1588 107 1588 853 1589 139 1589 138 1589 140 1590 855 1590 109 1590 109 1591 855 1591 856 1591 109 1592 856 1592 111 1592 113 1593 856 1593 142 1593 142 1594 856 1594 855 1594 142 1595 855 1595 141 1595 111 1596 856 1596 113 1596 855 1597 140 1597 141 1597 133 1598 857 1598 143 1598 143 1599 857 1599 858 1599 143 1600 858 1600 144 1600 114 1601 858 1601 115 1601 115 1602 858 1602 857 1602 115 1603 857 1603 132 1603 144 1604 858 1604 114 1604 857 1605 133 1605 132 1605 131 1606 859 1606 116 1606 116 1607 859 1607 860 1607 116 1608 860 1608 117 1608 118 1609 860 1609 135 1609 135 1610 860 1610 859 1610 135 1611 859 1611 134 1611 117 1612 860 1612 118 1612 859 1613 131 1613 134 1613 126 1614 861 1614 136 1614 136 1615 861 1615 862 1615 136 1616 862 1616 137 1616 128 1617 862 1617 129 1617 129 1618 862 1618 861 1618 129 1619 861 1619 125 1619 137 1620 862 1620 128 1620 861 1621 126 1621 125 1621 124 1622 863 1622 130 1622 130 1623 863 1623 864 1623 130 1624 864 1624 73 1624 76 1625 864 1625 121 1625 121 1626 864 1626 863 1626 121 1627 863 1627 122 1627 73 1628 864 1628 74 1628 74 1629 864 1629 76 1629 122 1630 863 1630 123 1630 123 1631 863 1631 124 1631 102 1632 865 1632 120 1632 120 1633 865 1633 866 1633 120 1634 866 1634 119 1634 106 1635 866 1635 104 1635 104 1636 866 1636 865 1636 104 1637 865 1637 103 1637 119 1638 866 1638 106 1638 865 1639 102 1639 103 1639 97 1640 867 1640 105 1640 105 1641 867 1641 868 1641 105 1642 868 1642 77 1642 78 1643 868 1643 99 1643 99 1644 868 1644 867 1644 99 1645 867 1645 98 1645 77 1646 868 1646 78 1646 867 1647 97 1647 98 1647 92 1648 869 1648 100 1648 100 1649 869 1649 870 1649 100 1650 870 1650 101 1650 96 1651 870 1651 94 1651 94 1652 870 1652 869 1652 94 1653 869 1653 93 1653 101 1654 870 1654 96 1654 869 1655 92 1655 93 1655 871 1656 872 1656 873 1656 874 1657 875 1657 876 1657 873 1658 877 1658 878 1658 878 1659 877 1659 874 1659 878 1660 874 1660 879 1660 879 1661 874 1661 876 1661 880 1662 871 1662 881 1662 881 1663 871 1663 873 1663 881 1664 873 1664 882 1664 882 1665 873 1665 878 1665 883 1666 877 1666 884 1666 884 1667 877 1667 873 1667 884 1668 873 1668 885 1668 886 1669 887 1669 872 1669 872 1670 887 1670 888 1670 872 1671 888 1671 873 1671 873 1672 888 1672 889 1672 873 1673 889 1673 885 1673 886 1674 872 1674 890 1674 890 1675 872 1675 871 1675 890 1676 871 1676 891 1676 880 1677 892 1677 871 1677 871 1678 892 1678 893 1678 871 1679 893 1679 891 1679 894 1680 895 1680 881 1680 881 1681 895 1681 896 1681 881 1682 896 1682 880 1682 880 1683 896 1683 897 1683 880 1684 897 1684 892 1684 894 1685 881 1685 898 1685 898 1686 881 1686 882 1686 898 1687 882 1687 899 1687 900 1688 901 1688 878 1688 878 1689 901 1689 902 1689 878 1690 902 1690 882 1690 882 1691 902 1691 903 1691 882 1692 903 1692 899 1692 900 1693 878 1693 904 1693 904 1694 878 1694 879 1694 904 1695 879 1695 905 1695 906 1696 907 1696 876 1696 876 1697 907 1697 908 1697 876 1698 908 1698 879 1698 879 1699 908 1699 909 1699 879 1700 909 1700 905 1700 906 1701 876 1701 910 1701 910 1702 876 1702 875 1702 910 1703 875 1703 911 1703 911 1704 875 1704 912 1704 912 1705 875 1705 874 1705 912 1706 874 1706 913 1706 883 1707 914 1707 877 1707 877 1708 914 1708 915 1708 877 1709 915 1709 874 1709 874 1710 915 1710 916 1710 874 1711 916 1711 913 1711 917 1712 918 1712 905 1712 905 1713 918 1713 919 1713 905 1714 919 1714 904 1714 904 1715 919 1715 920 1715 904 1716 920 1716 900 1716 900 1717 920 1717 921 1717 900 1718 921 1718 901 1718 901 1719 921 1719 922 1719 901 1720 922 1720 902 1720 902 1721 922 1721 923 1721 902 1722 923 1722 903 1722 903 1723 923 1723 924 1723 903 1724 924 1724 899 1724 899 1725 924 1725 925 1725 899 1726 925 1726 898 1726 898 1727 925 1727 926 1727 898 1728 926 1728 894 1728 894 1729 926 1729 927 1729 894 1730 927 1730 895 1730 895 1731 927 1731 928 1731 895 1732 928 1732 896 1732 896 1733 928 1733 929 1733 896 1734 929 1734 897 1734 897 1735 929 1735 930 1735 897 1736 930 1736 892 1736 892 1737 930 1737 931 1737 892 1738 931 1738 893 1738 893 1739 931 1739 932 1739 893 1740 932 1740 891 1740 891 1741 932 1741 933 1741 891 1742 933 1742 890 1742 890 1743 933 1743 934 1743 890 1744 934 1744 886 1744 886 1745 934 1745 887 1745 934 1746 935 1746 887 1746 887 1747 935 1747 936 1747 887 1748 936 1748 888 1748 888 1749 936 1749 937 1749 888 1750 937 1750 889 1750 889 1751 937 1751 938 1751 889 1752 938 1752 885 1752 885 1753 938 1753 939 1753 885 1754 939 1754 884 1754 884 1755 939 1755 940 1755 884 1756 940 1756 883 1756 883 1757 940 1757 941 1757 883 1758 941 1758 914 1758 914 1759 941 1759 942 1759 914 1760 942 1760 915 1760 915 1761 942 1761 943 1761 915 1762 943 1762 916 1762 916 1763 943 1763 944 1763 916 1764 944 1764 913 1764 913 1765 944 1765 945 1765 913 1766 945 1766 912 1766 912 1767 945 1767 946 1767 912 1768 946 1768 911 1768 911 1769 946 1769 947 1769 911 1770 947 1770 910 1770 910 1771 947 1771 948 1771 910 1772 948 1772 906 1772 906 1773 948 1773 949 1773 906 1774 949 1774 907 1774 907 1775 949 1775 950 1775 907 1776 950 1776 908 1776 908 1777 950 1777 917 1777 908 1778 917 1778 909 1778 909 1779 917 1779 905 1779 943 1780 942 1780 951 1780 951 1781 942 1781 952 1781 951 1782 953 1782 943 1782 943 1783 953 1783 954 1783 943 1784 954 1784 944 1784 944 1785 954 1785 945 1785 955 1786 956 1786 920 1786 955 1787 920 1787 957 1787 957 1788 920 1788 919 1788 957 1789 919 1789 958 1789 954 1790 959 1790 945 1790 945 1791 959 1791 960 1791 945 1792 960 1792 946 1792 946 1793 960 1793 961 1793 946 1794 961 1794 947 1794 947 1795 961 1795 962 1795 947 1796 962 1796 948 1796 948 1797 962 1797 963 1797 948 1798 963 1798 949 1798 949 1799 963 1799 964 1799 949 1800 964 1800 950 1800 950 1801 964 1801 965 1801 950 1802 965 1802 917 1802 917 1803 965 1803 958 1803 917 1804 958 1804 918 1804 918 1805 958 1805 919 1805 966 1806 967 1806 923 1806 966 1807 923 1807 968 1807 968 1808 923 1808 922 1808 968 1809 922 1809 956 1809 956 1810 922 1810 921 1810 956 1811 921 1811 920 1811 926 1812 925 1812 969 1812 969 1813 925 1813 967 1813 967 1814 925 1814 924 1814 967 1815 924 1815 923 1815 969 1816 970 1816 926 1816 926 1817 970 1817 971 1817 926 1818 971 1818 927 1818 927 1819 971 1819 928 1819 972 1820 973 1820 937 1820 972 1821 937 1821 974 1821 974 1822 937 1822 936 1822 974 1823 936 1823 975 1823 971 1824 976 1824 928 1824 928 1825 976 1825 977 1825 928 1826 977 1826 929 1826 929 1827 977 1827 978 1827 929 1828 978 1828 930 1828 930 1829 978 1829 979 1829 930 1830 979 1830 931 1830 931 1831 979 1831 980 1831 931 1832 980 1832 932 1832 932 1833 980 1833 981 1833 932 1834 981 1834 933 1834 933 1835 981 1835 982 1835 933 1836 982 1836 934 1836 934 1837 982 1837 975 1837 934 1838 975 1838 935 1838 935 1839 975 1839 936 1839 942 1840 941 1840 952 1840 952 1841 941 1841 940 1841 952 1842 940 1842 983 1842 983 1843 940 1843 984 1843 984 1844 940 1844 939 1844 984 1845 939 1845 973 1845 973 1846 939 1846 938 1846 973 1847 938 1847 937 1847 956 1848 985 1848 968 1848 968 1849 985 1849 986 1849 968 1850 986 1850 966 1850 974 1851 987 1851 972 1851 972 1852 987 1852 988 1852 972 1853 988 1853 973 1853 989 1854 990 1854 965 1854 978 1855 977 1855 991 1855 966 1856 986 1856 967 1856 967 1857 986 1857 992 1857 967 1858 992 1858 969 1858 956 1859 955 1859 985 1859 985 1860 955 1860 957 1860 985 1861 957 1861 990 1861 990 1862 957 1862 958 1862 990 1863 958 1863 965 1863 951 1864 993 1864 953 1864 953 1865 993 1865 994 1865 951 1866 952 1866 993 1866 993 1867 952 1867 983 1867 993 1868 983 1868 988 1868 988 1869 983 1869 984 1869 988 1870 984 1870 973 1870 991 1871 977 1871 995 1871 974 1872 975 1872 987 1872 987 1873 975 1873 982 1873 987 1874 982 1874 996 1874 996 1875 982 1875 981 1875 996 1876 981 1876 997 1876 997 1877 981 1877 980 1877 997 1878 980 1878 991 1878 991 1879 980 1879 979 1879 991 1880 979 1880 978 1880 965 1881 964 1881 989 1881 989 1882 964 1882 963 1882 989 1883 963 1883 998 1883 998 1884 963 1884 962 1884 998 1885 962 1885 999 1885 999 1886 962 1886 961 1886 977 1887 976 1887 995 1887 995 1888 976 1888 971 1888 995 1889 971 1889 992 1889 992 1890 971 1890 970 1890 992 1891 970 1891 969 1891 961 1892 960 1892 999 1892 999 1893 960 1893 959 1893 999 1894 959 1894 994 1894 994 1895 959 1895 954 1895 994 1896 954 1896 953 1896 1000 1897 993 1897 1001 1897 1001 1898 993 1898 988 1898 1001 1899 988 1899 1002 1899 987 1900 1003 1900 1004 1900 987 1901 1004 1901 988 1901 988 1902 1004 1902 1005 1902 988 1903 1005 1903 1002 1903 996 1904 1006 1904 987 1904 987 1905 1006 1905 1007 1905 987 1906 1007 1906 1003 1906 991 1907 1008 1907 1009 1907 991 1908 1009 1908 997 1908 1009 1909 1010 1909 997 1909 997 1910 1010 1910 1011 1910 997 1911 1011 1911 996 1911 996 1912 1011 1912 1012 1912 996 1913 1012 1913 1006 1913 995 1914 1013 1914 1014 1914 995 1915 1014 1915 991 1915 991 1916 1014 1916 1015 1916 991 1917 1015 1917 1008 1917 992 1918 1016 1918 1017 1918 992 1919 1017 1919 995 1919 995 1920 1017 1920 1018 1920 995 1921 1018 1921 1013 1921 986 1922 1019 1922 1020 1922 986 1923 1020 1923 992 1923 992 1924 1020 1924 1021 1924 992 1925 1021 1925 1016 1925 985 1926 1022 1926 1023 1926 985 1927 1023 1927 986 1927 986 1928 1023 1928 1024 1928 986 1929 1024 1929 1019 1929 990 1930 1025 1930 1026 1930 990 1931 1026 1931 985 1931 985 1932 1026 1932 1027 1932 985 1933 1027 1933 1022 1933 989 1934 1028 1934 990 1934 990 1935 1028 1935 1029 1935 990 1936 1029 1936 1025 1936 999 1937 1030 1937 1031 1937 999 1938 1031 1938 998 1938 1031 1939 1032 1939 998 1939 998 1940 1032 1940 1033 1940 998 1941 1033 1941 989 1941 989 1942 1033 1942 1034 1942 989 1943 1034 1943 1028 1943 994 1944 1035 1944 1036 1944 994 1945 1036 1945 999 1945 999 1946 1036 1946 1037 1946 999 1947 1037 1947 1030 1947 1000 1948 1038 1948 993 1948 993 1949 1038 1949 1039 1949 993 1950 1039 1950 994 1950 994 1951 1039 1951 1040 1951 994 1952 1040 1952 1035 1952 1041 1953 1010 1953 1042 1953 1042 1954 1010 1954 1009 1954 1042 1955 1009 1955 1043 1955 1043 1956 1009 1956 1008 1956 1043 1957 1008 1957 1044 1957 1044 1958 1008 1958 1015 1958 1044 1959 1015 1959 1045 1959 1045 1960 1015 1960 1014 1960 1045 1961 1014 1961 1046 1961 1046 1962 1014 1962 1013 1962 1046 1963 1013 1963 1047 1963 1047 1964 1013 1964 1018 1964 1047 1965 1018 1965 1048 1965 1048 1966 1018 1966 1017 1966 1048 1967 1017 1967 1049 1967 1049 1968 1017 1968 1016 1968 1049 1969 1016 1969 1050 1969 1050 1970 1016 1970 1021 1970 1050 1971 1021 1971 1051 1971 1051 1972 1021 1972 1020 1972 1051 1973 1020 1973 1052 1973 1052 1974 1020 1974 1019 1974 1052 1975 1019 1975 1053 1975 1053 1976 1019 1976 1024 1976 1053 1977 1024 1977 1054 1977 1054 1978 1024 1978 1023 1978 1054 1979 1023 1979 1055 1979 1055 1980 1023 1980 1022 1980 1055 1981 1022 1981 1056 1981 1056 1982 1022 1982 1027 1982 1056 1983 1027 1983 1057 1983 1057 1984 1027 1984 1026 1984 1057 1985 1026 1985 1058 1985 1058 1986 1026 1986 1025 1986 1058 1987 1025 1987 1059 1987 1059 1988 1025 1988 1029 1988 1059 1989 1029 1989 1060 1989 1029 1990 1028 1990 1060 1990 1060 1991 1028 1991 1034 1991 1060 1992 1034 1992 1061 1992 1061 1993 1034 1993 1033 1993 1061 1994 1033 1994 1062 1994 1062 1995 1033 1995 1032 1995 1062 1996 1032 1996 1063 1996 1063 1997 1032 1997 1031 1997 1063 1998 1031 1998 1064 1998 1064 1999 1031 1999 1030 1999 1064 2000 1030 2000 1065 2000 1065 2001 1030 2001 1037 2001 1065 2002 1037 2002 1066 2002 1066 2003 1037 2003 1036 2003 1066 2004 1036 2004 1067 2004 1067 2005 1036 2005 1035 2005 1067 2006 1035 2006 1068 2006 1068 2007 1035 2007 1040 2007 1068 2008 1040 2008 1069 2008 1069 2009 1040 2009 1039 2009 1069 2010 1039 2010 1070 2010 1070 2011 1039 2011 1038 2011 1070 2012 1038 2012 1071 2012 1071 2013 1038 2013 1000 2013 1071 2014 1000 2014 1072 2014 1072 2015 1000 2015 1001 2015 1072 2016 1001 2016 1073 2016 1073 2017 1001 2017 1002 2017 1073 2018 1002 2018 1074 2018 1074 2019 1002 2019 1005 2019 1074 2020 1005 2020 1075 2020 1075 2021 1005 2021 1004 2021 1075 2022 1004 2022 1076 2022 1076 2023 1004 2023 1003 2023 1076 2024 1003 2024 1077 2024 1077 2025 1003 2025 1007 2025 1077 2026 1007 2026 1078 2026 1078 2027 1007 2027 1006 2027 1078 2028 1006 2028 1079 2028 1079 2029 1006 2029 1012 2029 1079 2030 1012 2030 1041 2030 1041 2031 1012 2031 1011 2031 1041 2032 1011 2032 1010 2032 1072 2033 1080 2033 1071 2033 1071 2034 1080 2034 1081 2034 1071 2035 1081 2035 1070 2035 1070 2036 1081 2036 1082 2036 1070 2037 1082 2037 1069 2037 1069 2038 1082 2038 1083 2038 1069 2039 1083 2039 1068 2039 1068 2040 1083 2040 1084 2040 1068 2041 1084 2041 1067 2041 1067 2042 1084 2042 1085 2042 1067 2043 1085 2043 1066 2043 1066 2044 1085 2044 1086 2044 1066 2045 1086 2045 1065 2045 1065 2046 1086 2046 1087 2046 1065 2047 1087 2047 1064 2047 1064 2048 1087 2048 1088 2048 1064 2049 1088 2049 1063 2049 1063 2050 1088 2050 1089 2050 1063 2051 1089 2051 1062 2051 1062 2052 1089 2052 1090 2052 1062 2053 1090 2053 1061 2053 1061 2054 1090 2054 1091 2054 1061 2055 1091 2055 1060 2055 1060 2056 1091 2056 1092 2056 1060 2057 1092 2057 1059 2057 1059 2058 1092 2058 1093 2058 1059 2059 1093 2059 1058 2059 1058 2060 1093 2060 1094 2060 1058 2061 1094 2061 1057 2061 1057 2062 1094 2062 1095 2062 1057 2063 1095 2063 1056 2063 1056 2064 1095 2064 1096 2064 1056 2065 1096 2065 1055 2065 1055 2066 1096 2066 1097 2066 1055 2067 1097 2067 1054 2067 1054 2068 1097 2068 1098 2068 1054 2069 1098 2069 1053 2069 1053 2070 1098 2070 1099 2070 1053 2071 1099 2071 1052 2071 1052 2072 1099 2072 1100 2072 1052 2073 1100 2073 1051 2073 1051 2074 1100 2074 1101 2074 1051 2075 1101 2075 1050 2075 1050 2076 1101 2076 1102 2076 1050 2077 1102 2077 1049 2077 1049 2078 1102 2078 1103 2078 1049 2079 1103 2079 1048 2079 1048 2080 1103 2080 1104 2080 1048 2081 1104 2081 1047 2081 1047 2082 1104 2082 1105 2082 1047 2083 1105 2083 1046 2083 1046 2084 1105 2084 1106 2084 1046 2085 1106 2085 1045 2085 1045 2086 1106 2086 1107 2086 1045 2087 1107 2087 1044 2087 1044 2088 1107 2088 1108 2088 1044 2089 1108 2089 1043 2089 1043 2090 1108 2090 1109 2090 1043 2091 1109 2091 1042 2091 1042 2092 1109 2092 1110 2092 1042 2093 1110 2093 1041 2093 1041 2094 1110 2094 1111 2094 1041 2095 1111 2095 1079 2095 1079 2096 1111 2096 1112 2096 1079 2097 1112 2097 1078 2097 1078 2098 1112 2098 1113 2098 1078 2099 1113 2099 1077 2099 1077 2100 1113 2100 1114 2100 1077 2101 1114 2101 1076 2101 1076 2102 1114 2102 1115 2102 1076 2103 1115 2103 1075 2103 1075 2104 1115 2104 1116 2104 1075 2105 1116 2105 1074 2105 1074 2106 1116 2106 1117 2106 1074 2107 1117 2107 1073 2107 1073 2108 1117 2108 1118 2108 1073 2109 1118 2109 1072 2109 1072 2110 1118 2110 1080 2110 1088 2111 1087 2111 1119 2111 1120 2112 1081 2112 1080 2112 1121 2113 1122 2113 1101 2113 1119 2114 1087 2114 1123 2114 1120 2115 1080 2115 1124 2115 1106 2116 1105 2116 1125 2116 1098 2117 1126 2117 1099 2117 1099 2118 1126 2118 1121 2118 1099 2119 1121 2119 1100 2119 1100 2120 1121 2120 1101 2120 1080 2121 1118 2121 1124 2121 1124 2122 1118 2122 1117 2122 1124 2123 1117 2123 1127 2123 1127 2124 1117 2124 1116 2124 1098 2125 1097 2125 1126 2125 1126 2126 1097 2126 1096 2126 1126 2127 1096 2127 1128 2127 1125 2128 1105 2128 1129 2128 1081 2129 1120 2129 1082 2129 1082 2130 1120 2130 1130 2130 1082 2131 1130 2131 1083 2131 1116 2132 1115 2132 1127 2132 1127 2133 1115 2133 1114 2133 1127 2134 1114 2134 1131 2134 1131 2135 1114 2135 1113 2135 1131 2136 1113 2136 1132 2136 1096 2137 1095 2137 1128 2137 1128 2138 1095 2138 1094 2138 1128 2139 1094 2139 1133 2139 1133 2140 1094 2140 1093 2140 1133 2141 1093 2141 1134 2141 1087 2142 1086 2142 1123 2142 1123 2143 1086 2143 1085 2143 1123 2144 1085 2144 1130 2144 1130 2145 1085 2145 1084 2145 1130 2146 1084 2146 1083 2146 1105 2147 1104 2147 1129 2147 1129 2148 1104 2148 1103 2148 1129 2149 1103 2149 1122 2149 1122 2150 1103 2150 1102 2150 1122 2151 1102 2151 1101 2151 1093 2152 1092 2152 1134 2152 1134 2153 1092 2153 1091 2153 1134 2154 1091 2154 1135 2154 1135 2155 1091 2155 1090 2155 1135 2156 1090 2156 1119 2156 1119 2157 1090 2157 1089 2157 1119 2158 1089 2158 1088 2158 1136 2159 1108 2159 1125 2159 1125 2160 1108 2160 1107 2160 1125 2161 1107 2161 1106 2161 1113 2162 1112 2162 1132 2162 1132 2163 1112 2163 1111 2163 1132 2164 1111 2164 1137 2164 1137 2165 1111 2165 1110 2165 1137 2166 1110 2166 1136 2166 1136 2167 1110 2167 1109 2167 1136 2168 1109 2168 1108 2168 1138 2169 1139 2169 1120 2169 1138 2170 1120 2170 1140 2170 1140 2171 1120 2171 1141 2171 1141 2172 1120 2172 1142 2172 1141 2173 1142 2173 1143 2173 1139 2174 1144 2174 1120 2174 1120 2175 1144 2175 1145 2175 1120 2176 1145 2176 1130 2176 1145 2177 1146 2177 1130 2177 1130 2178 1146 2178 1147 2178 1130 2179 1147 2179 1148 2179 1148 2180 1149 2180 1130 2180 1130 2181 1149 2181 1150 2181 1130 2182 1150 2182 1151 2182 1151 2183 1150 2183 1152 2183 1129 2184 1153 2184 1154 2184 1155 2185 1156 2185 1157 2185 1157 2186 1156 2186 1129 2186 1157 2187 1129 2187 1158 2187 1158 2188 1129 2188 1154 2188 1159 2189 1160 2189 1121 2189 1159 2190 1121 2190 1161 2190 1161 2191 1121 2191 1162 2191 1161 2192 1162 2192 1163 2192 1160 2193 1164 2193 1121 2193 1121 2194 1164 2194 1165 2194 1121 2195 1165 2195 1122 2195 1122 2196 1165 2196 1166 2196 1122 2197 1166 2197 1129 2197 1129 2198 1166 2198 1167 2198 1129 2199 1167 2199 1153 2199 1156 2200 1168 2200 1129 2200 1129 2201 1168 2201 1169 2201 1129 2202 1169 2202 1125 2202 1170 2203 1136 2203 1171 2203 1171 2204 1136 2204 1125 2204 1171 2205 1125 2205 1172 2205 1172 2206 1125 2206 1169 2206 1173 2207 1131 2207 1132 2207 1170 2208 1174 2208 1136 2208 1136 2209 1174 2209 1175 2209 1136 2210 1175 2210 1137 2210 1137 2211 1175 2211 1176 2211 1137 2212 1176 2212 1132 2212 1132 2213 1176 2213 1177 2213 1132 2214 1177 2214 1173 2214 1173 2215 1178 2215 1131 2215 1131 2216 1178 2216 1179 2216 1131 2217 1179 2217 1127 2217 1179 2218 1180 2218 1127 2218 1127 2219 1180 2219 1181 2219 1127 2220 1181 2220 1124 2220 1181 2221 1182 2221 1124 2221 1124 2222 1182 2222 1183 2222 1124 2223 1183 2223 1120 2223 1120 2224 1183 2224 1184 2224 1120 2225 1184 2225 1142 2225 1151 2226 1185 2226 1130 2226 1130 2227 1185 2227 1186 2227 1130 2228 1186 2228 1123 2228 1186 2229 1187 2229 1123 2229 1123 2230 1187 2230 1188 2230 1123 2231 1188 2231 1119 2231 1188 2232 1189 2232 1119 2232 1119 2233 1189 2233 1190 2233 1119 2234 1190 2234 1135 2234 1190 2235 1191 2235 1135 2235 1135 2236 1191 2236 1192 2236 1135 2237 1192 2237 1134 2237 1134 2238 1192 2238 1193 2238 1134 2239 1193 2239 1133 2239 1194 2240 1128 2240 1195 2240 1195 2241 1128 2241 1133 2241 1195 2242 1133 2242 1196 2242 1196 2243 1133 2243 1193 2243 1194 2244 1197 2244 1128 2244 1128 2245 1197 2245 1198 2245 1128 2246 1198 2246 1126 2246 1198 2247 1199 2247 1126 2247 1126 2248 1199 2248 1200 2248 1126 2249 1200 2249 1121 2249 1121 2250 1200 2250 1201 2250 1121 2251 1201 2251 1162 2251 1202 2252 1203 2252 1204 2252 1205 2253 1206 2253 1207 2253 1201 2254 1200 2254 1208 2254 1199 2255 1198 2255 1202 2255 1187 2256 1186 2256 1209 2256 1182 2257 1181 2257 1210 2257 1180 2258 1179 2258 1205 2258 1142 2259 1184 2259 1211 2259 1163 2260 1162 2260 1212 2260 1212 2261 1162 2261 1213 2261 1214 2262 1215 2262 1216 2262 1215 2263 1214 2263 1217 2263 1217 2264 1214 2264 1218 2264 1217 2265 1218 2265 1219 2265 1220 2266 1221 2266 1222 2266 1221 2267 1220 2267 1223 2267 1223 2268 1220 2268 1224 2268 1223 2269 1224 2269 1225 2269 1152 2270 1226 2270 1151 2270 1151 2271 1226 2271 1225 2271 1151 2272 1225 2272 1227 2272 1227 2273 1225 2273 1224 2273 1227 2274 1224 2274 1209 2274 1205 2275 1179 2275 1206 2275 1206 2276 1179 2276 1178 2276 1206 2277 1178 2277 1173 2277 1184 2278 1183 2278 1228 2278 1209 2279 1186 2279 1227 2279 1227 2280 1186 2280 1185 2280 1227 2281 1185 2281 1151 2281 1188 2282 1229 2282 1189 2282 1189 2283 1229 2283 1230 2283 1193 2284 1192 2284 1231 2284 1231 2285 1192 2285 1191 2285 1231 2286 1191 2286 1230 2286 1230 2287 1191 2287 1190 2287 1230 2288 1190 2288 1189 2288 1194 2289 1195 2289 1232 2289 1232 2290 1195 2290 1196 2290 1232 2291 1196 2291 1233 2291 1202 2292 1198 2292 1203 2292 1203 2293 1198 2293 1197 2293 1203 2294 1197 2294 1194 2294 1155 2295 1234 2295 1156 2295 1156 2296 1234 2296 1235 2296 1156 2297 1235 2297 1168 2297 1168 2298 1235 2298 1236 2298 1170 2299 1171 2299 1237 2299 1237 2300 1171 2300 1172 2300 1237 2301 1172 2301 1236 2301 1236 2302 1172 2302 1169 2302 1236 2303 1169 2303 1168 2303 1176 2304 1175 2304 1238 2304 1238 2305 1175 2305 1174 2305 1238 2306 1174 2306 1239 2306 1173 2307 1177 2307 1240 2307 1240 2308 1177 2308 1176 2308 1241 2309 1242 2309 1228 2309 1243 2310 1244 2310 1229 2310 1229 2311 1244 2311 1230 2311 1230 2312 1244 2312 1245 2312 1230 2313 1245 2313 1231 2313 1246 2314 1232 2314 1247 2314 1247 2315 1232 2315 1233 2315 1247 2316 1233 2316 1248 2316 1249 2317 1250 2317 1213 2317 1234 2318 1219 2318 1235 2318 1235 2319 1219 2319 1218 2319 1235 2320 1218 2320 1236 2320 1236 2321 1218 2321 1251 2321 1236 2322 1251 2322 1237 2322 1252 2323 1238 2323 1253 2323 1253 2324 1238 2324 1239 2324 1253 2325 1239 2325 1254 2325 1255 2326 1256 2326 1257 2326 1173 2327 1240 2327 1206 2327 1206 2328 1240 2328 1255 2328 1206 2329 1255 2329 1207 2329 1207 2330 1255 2330 1257 2330 1207 2331 1257 2331 1258 2331 1181 2332 1180 2332 1210 2332 1210 2333 1180 2333 1205 2333 1210 2334 1205 2334 1259 2334 1259 2335 1205 2335 1207 2335 1259 2336 1207 2336 1260 2336 1260 2337 1207 2337 1258 2337 1260 2338 1261 2338 1259 2338 1259 2339 1261 2339 1241 2339 1259 2340 1241 2340 1210 2340 1210 2341 1241 2341 1228 2341 1210 2342 1228 2342 1182 2342 1182 2343 1228 2343 1183 2343 1184 2344 1228 2344 1211 2344 1211 2345 1228 2345 1242 2345 1211 2346 1242 2346 1262 2346 1262 2347 1242 2347 1263 2347 1262 2348 1263 2348 1264 2348 1261 2349 1265 2349 1241 2349 1241 2350 1265 2350 1266 2350 1241 2351 1266 2351 1242 2351 1242 2352 1266 2352 1267 2352 1242 2353 1267 2353 1263 2353 1264 2354 1220 2354 1262 2354 1262 2355 1220 2355 1222 2355 1262 2356 1222 2356 1211 2356 1211 2357 1222 2357 1268 2357 1211 2358 1268 2358 1142 2358 1142 2359 1268 2359 1269 2359 1142 2360 1269 2360 1143 2360 1270 2361 1224 2361 1271 2361 1271 2362 1224 2362 1220 2362 1271 2363 1220 2363 1272 2363 1272 2364 1220 2364 1264 2364 1270 2365 1273 2365 1224 2365 1224 2366 1273 2366 1243 2366 1224 2367 1243 2367 1209 2367 1209 2368 1243 2368 1229 2368 1209 2369 1229 2369 1187 2369 1187 2370 1229 2370 1188 2370 1274 2371 1245 2371 1275 2371 1275 2372 1245 2372 1244 2372 1275 2373 1244 2373 1276 2373 1276 2374 1244 2374 1243 2374 1276 2375 1243 2375 1277 2375 1277 2376 1243 2376 1273 2376 1274 2377 1278 2377 1245 2377 1245 2378 1278 2378 1248 2378 1245 2379 1248 2379 1231 2379 1231 2380 1248 2380 1233 2380 1231 2381 1233 2381 1193 2381 1193 2382 1233 2382 1196 2382 1278 2383 1279 2383 1248 2383 1248 2384 1279 2384 1280 2384 1248 2385 1280 2385 1247 2385 1247 2386 1280 2386 1281 2386 1247 2387 1281 2387 1246 2387 1246 2388 1281 2388 1282 2388 1246 2389 1282 2389 1283 2389 1194 2390 1232 2390 1203 2390 1203 2391 1232 2391 1246 2391 1203 2392 1246 2392 1204 2392 1204 2393 1246 2393 1283 2393 1204 2394 1283 2394 1284 2394 1284 2395 1285 2395 1204 2395 1204 2396 1285 2396 1286 2396 1204 2397 1286 2397 1202 2397 1202 2398 1286 2398 1208 2398 1202 2399 1208 2399 1199 2399 1199 2400 1208 2400 1200 2400 1285 2401 1287 2401 1286 2401 1286 2402 1287 2402 1249 2402 1286 2403 1249 2403 1208 2403 1208 2404 1249 2404 1213 2404 1208 2405 1213 2405 1201 2405 1201 2406 1213 2406 1162 2406 1287 2407 1288 2407 1249 2407 1249 2408 1288 2408 1289 2408 1249 2409 1289 2409 1250 2409 1250 2410 1289 2410 1290 2410 1250 2411 1290 2411 1291 2411 1291 2412 1214 2412 1250 2412 1250 2413 1214 2413 1216 2413 1250 2414 1216 2414 1213 2414 1213 2415 1216 2415 1292 2415 1213 2416 1292 2416 1212 2416 1293 2417 1251 2417 1294 2417 1294 2418 1251 2418 1218 2418 1294 2419 1218 2419 1295 2419 1295 2420 1218 2420 1214 2420 1295 2421 1214 2421 1296 2421 1296 2422 1214 2422 1291 2422 1293 2423 1297 2423 1251 2423 1251 2424 1297 2424 1254 2424 1251 2425 1254 2425 1237 2425 1237 2426 1254 2426 1239 2426 1237 2427 1239 2427 1170 2427 1170 2428 1239 2428 1174 2428 1297 2429 1298 2429 1254 2429 1254 2430 1298 2430 1299 2430 1254 2431 1299 2431 1253 2431 1253 2432 1299 2432 1300 2432 1253 2433 1300 2433 1252 2433 1252 2434 1300 2434 1301 2434 1252 2435 1301 2435 1302 2435 1176 2436 1238 2436 1240 2436 1240 2437 1238 2437 1252 2437 1240 2438 1252 2438 1255 2438 1255 2439 1252 2439 1302 2439 1255 2440 1302 2440 1256 2440 1303 2441 1272 2441 1304 2441 1304 2442 1272 2442 1264 2442 1264 2443 1263 2443 1304 2443 1304 2444 1263 2444 1267 2444 1304 2445 1267 2445 1305 2445 1267 2446 1266 2446 1305 2446 1305 2447 1266 2447 1265 2447 1305 2448 1265 2448 1306 2448 1306 2449 1265 2449 1261 2449 1261 2450 1260 2450 1306 2450 1306 2451 1260 2451 1258 2451 1306 2452 1258 2452 1307 2452 1307 2453 1258 2453 1257 2453 1307 2454 1257 2454 1308 2454 1300 2455 1309 2455 1310 2455 1257 2456 1256 2456 1308 2456 1308 2457 1256 2457 1302 2457 1308 2458 1302 2458 1310 2458 1310 2459 1302 2459 1301 2459 1310 2460 1301 2460 1300 2460 1300 2461 1299 2461 1309 2461 1309 2462 1299 2462 1298 2462 1309 2463 1298 2463 1311 2463 1298 2464 1297 2464 1311 2464 1311 2465 1297 2465 1293 2465 1311 2466 1293 2466 1312 2466 1312 2467 1293 2467 1294 2467 1294 2468 1295 2468 1312 2468 1312 2469 1295 2469 1296 2469 1312 2470 1296 2470 1313 2470 1296 2471 1291 2471 1313 2471 1313 2472 1291 2472 1290 2472 1313 2473 1290 2473 1314 2473 1314 2474 1290 2474 1289 2474 1289 2475 1288 2475 1314 2475 1314 2476 1288 2476 1287 2476 1314 2477 1287 2477 1315 2477 1287 2478 1285 2478 1315 2478 1315 2479 1285 2479 1284 2479 1315 2480 1284 2480 1316 2480 1284 2481 1283 2481 1316 2481 1316 2482 1283 2482 1282 2482 1316 2483 1282 2483 1317 2483 1317 2484 1282 2484 1281 2484 1317 2485 1281 2485 1318 2485 1281 2486 1280 2486 1318 2486 1318 2487 1280 2487 1279 2487 1318 2488 1279 2488 1319 2488 1279 2489 1278 2489 1319 2489 1319 2490 1278 2490 1274 2490 1319 2491 1274 2491 1320 2491 1320 2492 1274 2492 1275 2492 1275 2493 1276 2493 1320 2493 1320 2494 1276 2494 1277 2494 1320 2495 1277 2495 1321 2495 1277 2496 1273 2496 1321 2496 1321 2497 1273 2497 1270 2497 1321 2498 1270 2498 1303 2498 1303 2499 1270 2499 1271 2499 1303 2500 1271 2500 1272 2500 1322 2501 1217 2501 1219 2501 1157 2502 1322 2502 1155 2502 1155 2503 1322 2503 1219 2503 1155 2504 1219 2504 1234 2504 1165 2505 1323 2505 1166 2505 1166 2506 1323 2506 1324 2506 1166 2507 1324 2507 1167 2507 1325 2508 1161 2508 1163 2508 1163 2509 1212 2509 1325 2509 1325 2510 1212 2510 1292 2510 1325 2511 1292 2511 1216 2511 1325 2512 1216 2512 1215 2512 1326 2513 1327 2513 1328 2513 1328 2514 1327 2514 1325 2514 1328 2515 1325 2515 1323 2515 1323 2516 1325 2516 1215 2516 1329 2517 1330 2517 1331 2517 1331 2518 1330 2518 1324 2518 1331 2519 1324 2519 1322 2519 1322 2520 1324 2520 1323 2520 1322 2521 1323 2521 1217 2521 1217 2522 1323 2522 1215 2522 1332 2523 1223 2523 1225 2523 1150 2524 1332 2524 1152 2524 1152 2525 1332 2525 1225 2525 1152 2526 1225 2526 1226 2526 1144 2527 1333 2527 1145 2527 1145 2528 1333 2528 1334 2528 1145 2529 1334 2529 1146 2529 1335 2530 1141 2530 1143 2530 1143 2531 1269 2531 1335 2531 1335 2532 1269 2532 1268 2532 1335 2533 1268 2533 1222 2533 1333 2534 1336 2534 1337 2534 1221 2535 1223 2535 1333 2535 1333 2536 1223 2536 1332 2536 1333 2537 1332 2537 1334 2537 1222 2538 1221 2538 1335 2538 1335 2539 1221 2539 1333 2539 1335 2540 1333 2540 1338 2540 1338 2541 1333 2541 1337 2541 1339 2542 1340 2542 1332 2542 1332 2543 1340 2543 1341 2543 1332 2544 1341 2544 1334 2544 1146 2545 1334 2545 1341 2545 1146 2546 1341 2546 1147 2546 1147 2547 1341 2547 1340 2547 1147 2548 1340 2548 1148 2548 1148 2549 1340 2549 1339 2549 1148 2550 1339 2550 1149 2550 1149 2551 1339 2551 1332 2551 1149 2552 1332 2552 1150 2552 1141 2553 1335 2553 1338 2553 1141 2554 1338 2554 1140 2554 1140 2555 1338 2555 1337 2555 1140 2556 1337 2556 1138 2556 1138 2557 1337 2557 1336 2557 1138 2558 1336 2558 1139 2558 1139 2559 1336 2559 1333 2559 1139 2560 1333 2560 1144 2560 1161 2561 1325 2561 1327 2561 1161 2562 1327 2562 1159 2562 1159 2563 1327 2563 1326 2563 1159 2564 1326 2564 1160 2564 1160 2565 1326 2565 1328 2565 1160 2566 1328 2566 1164 2566 1164 2567 1328 2567 1323 2567 1164 2568 1323 2568 1165 2568 1167 2569 1324 2569 1330 2569 1167 2570 1330 2570 1153 2570 1153 2571 1330 2571 1329 2571 1153 2572 1329 2572 1154 2572 1154 2573 1329 2573 1331 2573 1154 2574 1331 2574 1158 2574 1158 2575 1331 2575 1322 2575 1158 2576 1322 2576 1157 2576 1342 2577 1343 2577 1344 2577 1344 2578 1343 2578 1345 2578 1345 2579 1343 2579 1346 2579 1345 2580 1346 2580 1347 2580 1346 2581 1348 2581 1347 2581 1347 2582 1348 2582 1349 2582 1347 2583 1349 2583 1350 2583 1350 2584 1349 2584 1351 2584 1350 2585 1351 2585 1352 2585 1352 2586 1351 2586 1353 2586 1352 2587 1353 2587 1354 2587 1354 2588 1353 2588 1355 2588 1354 2589 1355 2589 1356 2589 1356 2590 1355 2590 1357 2590 1356 2591 1357 2591 1358 2591 1358 2592 1357 2592 1359 2592 1358 2593 1359 2593 1360 2593 1360 2594 1359 2594 1361 2594 1360 2595 1361 2595 1362 2595 1362 2596 1361 2596 1363 2596 1362 2597 1363 2597 1364 2597 1364 2598 1363 2598 1365 2598 1364 2599 1365 2599 1366 2599 1344 2600 1367 2600 1342 2600 1342 2601 1367 2601 1368 2601 1342 2602 1368 2602 1369 2602 1369 2603 1368 2603 1370 2603 1369 2604 1370 2604 1371 2604 1371 2605 1370 2605 1372 2605 1371 2606 1372 2606 1373 2606 1373 2607 1372 2607 1374 2607 1373 2608 1374 2608 1375 2608 1375 2609 1374 2609 1376 2609 1375 2610 1376 2610 1377 2610 1377 2611 1376 2611 1366 2611 1377 2612 1366 2612 1378 2612 1378 2613 1366 2613 1365 2613 1379 2614 1380 2614 1381 2614 1381 2615 1380 2615 1382 2615 1381 2616 1382 2616 1383 2616 1383 2617 1382 2617 1384 2617 1383 2618 1384 2618 1385 2618 1385 2619 1384 2619 1386 2619 1385 2620 1386 2620 1387 2620 1387 2621 1386 2621 1388 2621 1387 2622 1388 2622 1389 2622 1389 2623 1388 2623 1390 2623 1389 2624 1390 2624 1391 2624 1391 2625 1390 2625 1392 2625 1391 2626 1392 2626 1393 2626 1393 2627 1392 2627 1394 2627 1393 2628 1394 2628 1395 2628 1395 2629 1394 2629 1396 2629 1395 2630 1396 2630 1397 2630 1397 2631 1396 2631 1398 2631 1397 2632 1398 2632 1399 2632 1399 2633 1398 2633 1400 2633 1399 2634 1400 2634 1401 2634 1401 2635 1400 2635 1402 2635 1401 2636 1402 2636 1379 2636 1379 2637 1402 2637 1380 2637 1403 2638 1404 2638 1405 2638 1405 2639 1404 2639 1406 2639 1405 2640 1406 2640 1407 2640 1407 2641 1406 2641 1408 2641 1407 2642 1408 2642 1409 2642 1409 2643 1408 2643 1410 2643 1409 2644 1410 2644 1411 2644 1411 2645 1410 2645 1412 2645 1411 2646 1412 2646 1413 2646 1413 2647 1412 2647 1414 2647 1413 2648 1414 2648 1415 2648 1415 2649 1414 2649 1416 2649 1415 2650 1416 2650 1417 2650 1417 2651 1416 2651 1418 2651 1417 2652 1418 2652 1419 2652 1419 2653 1418 2653 1420 2653 1419 2654 1420 2654 1421 2654 1421 2655 1420 2655 1422 2655 1421 2656 1422 2656 1423 2656 1423 2657 1422 2657 1424 2657 1423 2658 1424 2658 1425 2658 1425 2659 1424 2659 1426 2659 1425 2660 1426 2660 1403 2660 1403 2661 1426 2661 1404 2661 1427 2662 1428 2662 1429 2662 1429 2663 1428 2663 1430 2663 1429 2664 1430 2664 1431 2664 1431 2665 1430 2665 1432 2665 1431 2666 1432 2666 1433 2666 1433 2667 1432 2667 1434 2667 1433 2668 1434 2668 1435 2668 1435 2669 1434 2669 1436 2669 1435 2670 1436 2670 1437 2670 1437 2671 1436 2671 1438 2671 1437 2672 1438 2672 1439 2672 1439 2673 1438 2673 1440 2673 1439 2674 1440 2674 1441 2674 1441 2675 1440 2675 1442 2675 1441 2676 1442 2676 1443 2676 1443 2677 1442 2677 1444 2677 1443 2678 1444 2678 1445 2678 1445 2679 1444 2679 1446 2679 1445 2680 1446 2680 1447 2680 1447 2681 1446 2681 1448 2681 1447 2682 1448 2682 1449 2682 1449 2683 1448 2683 1450 2683 1449 2684 1450 2684 1427 2684 1427 2685 1450 2685 1428 2685 1451 2686 1452 2686 1453 2686 1453 2687 1452 2687 1454 2687 1453 2688 1454 2688 1455 2688 1455 2689 1454 2689 1456 2689 1455 2690 1456 2690 1457 2690 1457 2691 1456 2691 1458 2691 1457 2692 1458 2692 1459 2692 1459 2693 1458 2693 1460 2693 1459 2694 1460 2694 1461 2694 1461 2695 1460 2695 1462 2695 1461 2696 1462 2696 1463 2696 1463 2697 1462 2697 1464 2697 1463 2698 1464 2698 1465 2698 1465 2699 1464 2699 1466 2699 1465 2700 1466 2700 1467 2700 1467 2701 1466 2701 1468 2701 1467 2702 1468 2702 1469 2702 1469 2703 1468 2703 1470 2703 1469 2704 1470 2704 1471 2704 1471 2705 1470 2705 1472 2705 1471 2706 1472 2706 1473 2706 1473 2707 1472 2707 1474 2707 1473 2708 1474 2708 1451 2708 1451 2709 1474 2709 1452 2709 1475 2710 1476 2710 1477 2710 1478 2711 1479 2711 1480 2711 1478 2712 1480 2712 1481 2712 1481 2713 1480 2713 1482 2713 1481 2714 1482 2714 1483 2714 1483 2715 1484 2715 1481 2715 1481 2716 1484 2716 1485 2716 1481 2717 1485 2717 1486 2717 1486 2718 1487 2718 1481 2718 1481 2719 1487 2719 1488 2719 1481 2720 1488 2720 1489 2720 1490 2721 1491 2721 1492 2721 1492 2722 1491 2722 1493 2722 1493 2723 1494 2723 1492 2723 1492 2724 1494 2724 1495 2724 1492 2725 1495 2725 1496 2725 1496 2726 1497 2726 1492 2726 1492 2727 1497 2727 1498 2727 1492 2728 1498 2728 1499 2728 1499 2729 1498 2729 1500 2729 1479 2730 1478 2730 1501 2730 1501 2731 1478 2731 1502 2731 1501 2732 1502 2732 1503 2732 1503 2733 1502 2733 1504 2733 1504 2734 1502 2734 1505 2734 1504 2735 1505 2735 1506 2735 1506 2736 1505 2736 1507 2736 1507 2737 1505 2737 1508 2737 1507 2738 1508 2738 1509 2738 1509 2739 1508 2739 1510 2739 1510 2740 1508 2740 1511 2740 1510 2741 1511 2741 1512 2741 1513 2742 1514 2742 1515 2742 1513 2743 1515 2743 1516 2743 1516 2744 1515 2744 1517 2744 1516 2745 1517 2745 1518 2745 1518 2746 1519 2746 1516 2746 1516 2747 1519 2747 1520 2747 1516 2748 1520 2748 1521 2748 1521 2749 1522 2749 1516 2749 1516 2750 1522 2750 1523 2750 1516 2751 1523 2751 1524 2751 1524 2752 1525 2752 1526 2752 1526 2753 1525 2753 1527 2753 1526 2754 1527 2754 1528 2754 1528 2755 1529 2755 1526 2755 1526 2756 1529 2756 1530 2756 1526 2757 1530 2757 1531 2757 1531 2758 1532 2758 1526 2758 1526 2759 1532 2759 1533 2759 1526 2760 1533 2760 1511 2760 1511 2761 1533 2761 1534 2761 1511 2762 1534 2762 1512 2762 1535 2763 1536 2763 1537 2763 1537 2764 1536 2764 1538 2764 1537 2765 1538 2765 1513 2765 1513 2766 1538 2766 1539 2766 1513 2767 1539 2767 1514 2767 1540 2768 1541 2768 1535 2768 1535 2769 1541 2769 1542 2769 1535 2770 1542 2770 1536 2770 1500 2771 1543 2771 1499 2771 1499 2772 1543 2772 1544 2772 1499 2773 1544 2773 1540 2773 1540 2774 1544 2774 1545 2774 1540 2775 1545 2775 1541 2775 1546 2776 1547 2776 1548 2776 1548 2777 1549 2777 1546 2777 1546 2778 1549 2778 1550 2778 1546 2779 1550 2779 1551 2779 1551 2780 1552 2780 1546 2780 1546 2781 1552 2781 1553 2781 1546 2782 1553 2782 1554 2782 1554 2783 1555 2783 1546 2783 1546 2784 1555 2784 1556 2784 1546 2785 1556 2785 1557 2785 1557 2786 1556 2786 1558 2786 1557 2787 1558 2787 1559 2787 1560 2788 1561 2788 1562 2788 1562 2789 1563 2789 1560 2789 1560 2790 1563 2790 1564 2790 1560 2791 1564 2791 1565 2791 1565 2792 1566 2792 1560 2792 1560 2793 1566 2793 1567 2793 1560 2794 1567 2794 1568 2794 1569 2795 1570 2795 1571 2795 1571 2796 1570 2796 1572 2796 1569 2797 1573 2797 1570 2797 1570 2798 1573 2798 1574 2798 1570 2799 1574 2799 1575 2799 1575 2800 1576 2800 1570 2800 1570 2801 1576 2801 1577 2801 1570 2802 1577 2802 1546 2802 1546 2803 1577 2803 1578 2803 1546 2804 1578 2804 1547 2804 1579 2805 1580 2805 1581 2805 1581 2806 1580 2806 1582 2806 1581 2807 1582 2807 1560 2807 1560 2808 1582 2808 1583 2808 1560 2809 1583 2809 1561 2809 1581 2810 1584 2810 1585 2810 1585 2811 1586 2811 1581 2811 1581 2812 1586 2812 1587 2812 1581 2813 1587 2813 1588 2813 1588 2814 1589 2814 1581 2814 1581 2815 1589 2815 1590 2815 1581 2816 1590 2816 1591 2816 1591 2817 1592 2817 1581 2817 1581 2818 1592 2818 1593 2818 1581 2819 1593 2819 1579 2819 1594 2820 1595 2820 1596 2820 1596 2821 1597 2821 1594 2821 1594 2822 1597 2822 1598 2822 1594 2823 1598 2823 1599 2823 1599 2824 1600 2824 1594 2824 1594 2825 1600 2825 1601 2825 1594 2826 1601 2826 1602 2826 1602 2827 1603 2827 1594 2827 1594 2828 1603 2828 1604 2828 1594 2829 1604 2829 1584 2829 1584 2830 1604 2830 1605 2830 1584 2831 1605 2831 1606 2831 1606 2832 1607 2832 1584 2832 1584 2833 1607 2833 1585 2833 1608 2834 1609 2834 1610 2834 1610 2835 1609 2835 1611 2835 1611 2836 1612 2836 1610 2836 1610 2837 1612 2837 1613 2837 1610 2838 1613 2838 1614 2838 1614 2839 1615 2839 1610 2839 1610 2840 1615 2840 1616 2840 1610 2841 1616 2841 1617 2841 1617 2842 1618 2842 1610 2842 1610 2843 1618 2843 1619 2843 1610 2844 1619 2844 1620 2844 1620 2845 1621 2845 1622 2845 1621 2846 1623 2846 1622 2846 1622 2847 1623 2847 1624 2847 1622 2848 1624 2848 1625 2848 1625 2849 1626 2849 1622 2849 1622 2850 1626 2850 1627 2850 1622 2851 1627 2851 1628 2851 1628 2852 1629 2852 1622 2852 1622 2853 1629 2853 1630 2853 1622 2854 1630 2854 1594 2854 1594 2855 1630 2855 1631 2855 1594 2856 1631 2856 1595 2856 1559 2857 1632 2857 1557 2857 1557 2858 1632 2858 1633 2858 1557 2859 1633 2859 1608 2859 1608 2860 1633 2860 1634 2860 1634 2861 1635 2861 1608 2861 1608 2862 1635 2862 1636 2862 1608 2863 1636 2863 1637 2863 1637 2864 1638 2864 1608 2864 1608 2865 1638 2865 1639 2865 1608 2866 1639 2866 1640 2866 1640 2867 1641 2867 1608 2867 1608 2868 1641 2868 1642 2868 1608 2869 1642 2869 1609 2869 1643 2870 1644 2870 1645 2870 1645 2871 1646 2871 1643 2871 1643 2872 1646 2872 1647 2872 1643 2873 1647 2873 1648 2873 1648 2874 1649 2874 1643 2874 1643 2875 1649 2875 1650 2875 1643 2876 1650 2876 1651 2876 1651 2877 1652 2877 1643 2877 1643 2878 1652 2878 1653 2878 1643 2879 1653 2879 1654 2879 1654 2880 1653 2880 1655 2880 1654 2881 1655 2881 1656 2881 1657 2882 1658 2882 1659 2882 1477 2883 1476 2883 1660 2883 1476 2884 1661 2884 1660 2884 1660 2885 1661 2885 1662 2885 1660 2886 1662 2886 1663 2886 1663 2887 1664 2887 1660 2887 1660 2888 1664 2888 1665 2888 1660 2889 1665 2889 1666 2889 1666 2890 1667 2890 1660 2890 1660 2891 1667 2891 1668 2891 1660 2892 1668 2892 1657 2892 1658 2893 1669 2893 1659 2893 1659 2894 1669 2894 1670 2894 1659 2895 1670 2895 1671 2895 1671 2896 1672 2896 1659 2896 1659 2897 1672 2897 1673 2897 1659 2898 1673 2898 1674 2898 1674 2899 1675 2899 1659 2899 1659 2900 1675 2900 1676 2900 1659 2901 1676 2901 1643 2901 1643 2902 1676 2902 1677 2902 1643 2903 1677 2903 1644 2903 1678 2904 1679 2904 1680 2904 1680 2905 1681 2905 1678 2905 1678 2906 1681 2906 1682 2906 1678 2907 1682 2907 1477 2907 1682 2908 1683 2908 1477 2908 1477 2909 1683 2909 1684 2909 1477 2910 1684 2910 1685 2910 1685 2911 1686 2911 1477 2911 1477 2912 1686 2912 1687 2912 1477 2913 1687 2913 1688 2913 1688 2914 1689 2914 1477 2914 1477 2915 1689 2915 1690 2915 1477 2916 1690 2916 1475 2916 1691 2917 1692 2917 1693 2917 1693 2918 1694 2918 1691 2918 1691 2919 1694 2919 1695 2919 1691 2920 1695 2920 1696 2920 1696 2921 1697 2921 1691 2921 1691 2922 1697 2922 1698 2922 1691 2923 1698 2923 1699 2923 1699 2924 1700 2924 1691 2924 1691 2925 1700 2925 1701 2925 1691 2926 1701 2926 1678 2926 1678 2927 1701 2927 1702 2927 1678 2928 1702 2928 1679 2928 1703 2929 1704 2929 1705 2929 1705 2930 1704 2930 1706 2930 1705 2931 1706 2931 1707 2931 1707 2932 1708 2932 1705 2932 1705 2933 1708 2933 1709 2933 1705 2934 1709 2934 1710 2934 1710 2935 1711 2935 1705 2935 1705 2936 1711 2936 1712 2936 1705 2937 1712 2937 1713 2937 1714 2938 1715 2938 1716 2938 1715 2939 1717 2939 1716 2939 1716 2940 1717 2940 1718 2940 1716 2941 1718 2941 1719 2941 1719 2942 1720 2942 1716 2942 1716 2943 1720 2943 1721 2943 1716 2944 1721 2944 1722 2944 1722 2945 1723 2945 1716 2945 1716 2946 1723 2946 1724 2946 1716 2947 1724 2947 1691 2947 1691 2948 1724 2948 1725 2948 1691 2949 1725 2949 1692 2949 1656 2950 1726 2950 1654 2950 1654 2951 1726 2951 1727 2951 1654 2952 1727 2952 1703 2952 1703 2953 1727 2953 1728 2953 1703 2954 1728 2954 1729 2954 1729 2955 1730 2955 1703 2955 1703 2956 1730 2956 1731 2956 1703 2957 1731 2957 1732 2957 1732 2958 1733 2958 1703 2958 1703 2959 1733 2959 1734 2959 1703 2960 1734 2960 1735 2960 1735 2961 1736 2961 1703 2961 1703 2962 1736 2962 1737 2962 1703 2963 1737 2963 1704 2963 1657 2964 1659 2964 1660 2964 1660 2965 1659 2965 1738 2965 1660 2966 1738 2966 1739 2966 1739 2967 1738 2967 1740 2967 1739 2968 1740 2968 1741 2968 1741 2969 1740 2969 1742 2969 1741 2970 1742 2970 1743 2970 1743 2971 1742 2971 1744 2971 1743 2972 1744 2972 1745 2972 1745 2973 1744 2973 1746 2973 1745 2974 1746 2974 1747 2974 1747 2975 1746 2975 1748 2975 1747 2976 1748 2976 1749 2976 1749 2977 1748 2977 1750 2977 1749 2978 1750 2978 1751 2978 1751 2979 1750 2979 1752 2979 1751 2980 1752 2980 1753 2980 1753 2981 1752 2981 1754 2981 1753 2982 1754 2982 1755 2982 1755 2983 1754 2983 1756 2983 1755 2984 1756 2984 1757 2984 1757 2985 1756 2985 1758 2985 1757 2986 1758 2986 1759 2986 1759 2987 1758 2987 1760 2987 1759 2988 1760 2988 1761 2988 1761 2989 1760 2989 1762 2989 1761 2990 1762 2990 1763 2990 1763 2991 1762 2991 1560 2991 1763 2992 1560 2992 1570 2992 1570 2993 1560 2993 1568 2993 1570 2994 1568 2994 1572 2994 1524 2995 1526 2995 1516 2995 1516 2996 1526 2996 1764 2996 1516 2997 1764 2997 1765 2997 1765 2998 1764 2998 1766 2998 1765 2999 1766 2999 1767 2999 1767 3000 1766 3000 1768 3000 1767 3001 1768 3001 1769 3001 1769 3002 1768 3002 1705 3002 1769 3003 1705 3003 1716 3003 1716 3004 1705 3004 1713 3004 1716 3005 1713 3005 1714 3005 1620 3006 1622 3006 1610 3006 1610 3007 1622 3007 1770 3007 1610 3008 1770 3008 1771 3008 1771 3009 1770 3009 1772 3009 1771 3010 1772 3010 1773 3010 1773 3011 1772 3011 1774 3011 1773 3012 1774 3012 1775 3012 1775 3013 1774 3013 1481 3013 1775 3014 1481 3014 1492 3014 1492 3015 1481 3015 1489 3015 1492 3016 1489 3016 1490 3016 1776 3017 1777 3017 1778 3017 1778 3018 1777 3018 1779 3018 1778 3019 1779 3019 1780 3019 1781 3020 1782 3020 1778 3020 1778 3021 1782 3021 1783 3021 1778 3022 1783 3022 1776 3022 1784 3023 1785 3023 1778 3023 1778 3024 1785 3024 1786 3024 1778 3025 1786 3025 1781 3025 1787 3026 1788 3026 1778 3026 1778 3027 1788 3027 1789 3027 1778 3028 1789 3028 1784 3028 1790 3029 1791 3029 1778 3029 1778 3030 1791 3030 1792 3030 1778 3031 1792 3031 1787 3031 1793 3032 1794 3032 1778 3032 1778 3033 1794 3033 1795 3033 1778 3034 1795 3034 1790 3034 1796 3035 1797 3035 1778 3035 1778 3036 1797 3036 1798 3036 1778 3037 1798 3037 1793 3037 1799 3038 1800 3038 1778 3038 1778 3039 1800 3039 1801 3039 1778 3040 1801 3040 1796 3040 1802 3041 1803 3041 1778 3041 1778 3042 1803 3042 1804 3042 1778 3043 1804 3043 1799 3043 1805 3044 1806 3044 1778 3044 1778 3045 1806 3045 1807 3045 1778 3046 1807 3046 1802 3046 1808 3047 1809 3047 1778 3047 1778 3048 1809 3048 1810 3048 1778 3049 1810 3049 1805 3049 1811 3050 1812 3050 1778 3050 1778 3051 1812 3051 1813 3051 1778 3052 1813 3052 1808 3052 1814 3053 1815 3053 1778 3053 1778 3054 1815 3054 1816 3054 1778 3055 1816 3055 1811 3055 1817 3056 1818 3056 1778 3056 1778 3057 1818 3057 1819 3057 1778 3058 1819 3058 1814 3058 1820 3059 1821 3059 1778 3059 1778 3060 1821 3060 1822 3060 1778 3061 1822 3061 1817 3061 1780 3062 1823 3062 1778 3062 1778 3063 1823 3063 1824 3063 1778 3064 1824 3064 1820 3064 1825 3065 1826 3065 1827 3065 1828 3066 1829 3066 1826 3066 1826 3067 1829 3067 1830 3067 1826 3068 1830 3068 1827 3068 1831 3069 1832 3069 1828 3069 1828 3070 1832 3070 1833 3070 1828 3071 1833 3071 1829 3071 1834 3072 1835 3072 1831 3072 1831 3073 1835 3073 1836 3073 1831 3074 1836 3074 1832 3074 1837 3075 1838 3075 1834 3075 1834 3076 1838 3076 1839 3076 1834 3077 1839 3077 1835 3077 1840 3078 1841 3078 1837 3078 1837 3079 1841 3079 1842 3079 1837 3080 1842 3080 1838 3080 1843 3081 1844 3081 1840 3081 1840 3082 1844 3082 1845 3082 1840 3083 1845 3083 1841 3083 1846 3084 1847 3084 1843 3084 1843 3085 1847 3085 1848 3085 1843 3086 1848 3086 1844 3086 1849 3087 1850 3087 1846 3087 1846 3088 1850 3088 1851 3088 1846 3089 1851 3089 1847 3089 1852 3090 1853 3090 1849 3090 1849 3091 1853 3091 1854 3091 1849 3092 1854 3092 1850 3092 1855 3093 1856 3093 1852 3093 1852 3094 1856 3094 1857 3094 1852 3095 1857 3095 1853 3095 1858 3096 1859 3096 1855 3096 1855 3097 1859 3097 1860 3097 1855 3098 1860 3098 1856 3098 1861 3099 1862 3099 1858 3099 1858 3100 1862 3100 1863 3100 1858 3101 1863 3101 1859 3101 1864 3102 1865 3102 1861 3102 1861 3103 1865 3103 1866 3103 1861 3104 1866 3104 1862 3104 1867 3105 1868 3105 1864 3105 1864 3106 1868 3106 1869 3106 1864 3107 1869 3107 1865 3107 1870 3108 1871 3108 1867 3108 1867 3109 1871 3109 1872 3109 1867 3110 1872 3110 1868 3110 1873 3111 1874 3111 1870 3111 1870 3112 1874 3112 1875 3112 1870 3113 1875 3113 1871 3113 1876 3114 1877 3114 1873 3114 1873 3115 1877 3115 1878 3115 1873 3116 1878 3116 1874 3116 1879 3117 1880 3117 1876 3117 1876 3118 1880 3118 1881 3118 1876 3119 1881 3119 1877 3119 1882 3120 1883 3120 1879 3120 1879 3121 1883 3121 1884 3121 1879 3122 1884 3122 1880 3122 1885 3123 1886 3123 1882 3123 1882 3124 1886 3124 1887 3124 1882 3125 1887 3125 1883 3125 1888 3126 1889 3126 1885 3126 1885 3127 1889 3127 1890 3127 1885 3128 1890 3128 1886 3128 1891 3129 1892 3129 1888 3129 1888 3130 1892 3130 1893 3130 1888 3131 1893 3131 1889 3131 1827 3132 1894 3132 1825 3132 1825 3133 1894 3133 1895 3133 1825 3134 1895 3134 1891 3134 1891 3135 1895 3135 1896 3135 1891 3136 1896 3136 1892 3136 1897 3137 1898 3137 1899 3137 1900 3138 1901 3138 1902 3138 1903 3139 1904 3139 1905 3139 1906 3140 1907 3140 1908 3140 1909 3141 1910 3141 1911 3141 1911 3142 1910 3142 1912 3142 1913 3143 1914 3143 1915 3143 1915 3144 1914 3144 1916 3144 1917 3145 1918 3145 1919 3145 1919 3146 1918 3146 1920 3146 1919 3147 1920 3147 1916 3147 1916 3148 1920 3148 1921 3148 1916 3149 1921 3149 1915 3149 1922 3150 1923 3150 1924 3150 1907 3151 1925 3151 1922 3151 1926 3152 1927 3152 1928 3152 1925 3153 1907 3153 1929 3153 1929 3154 1907 3154 1906 3154 1929 3155 1906 3155 1930 3155 1930 3156 1906 3156 1931 3156 1930 3157 1931 3157 1932 3157 1932 3158 1931 3158 1933 3158 1932 3159 1933 3159 1934 3159 1934 3160 1933 3160 1935 3160 1934 3161 1935 3161 1936 3161 1936 3162 1935 3162 1937 3162 1936 3163 1937 3163 1927 3163 1927 3164 1937 3164 1938 3164 1927 3165 1938 3165 1928 3165 1939 3166 1940 3166 1941 3166 1941 3167 1940 3167 1942 3167 1941 3168 1942 3168 1943 3168 1944 3169 1945 3169 1946 3169 1946 3170 1945 3170 1947 3170 1946 3171 1947 3171 1948 3171 1948 3172 1947 3172 1949 3172 1948 3173 1949 3173 1950 3173 1950 3174 1949 3174 1943 3174 1950 3175 1943 3175 1951 3175 1951 3176 1943 3176 1942 3176 1905 3177 1952 3177 1953 3177 1953 3178 1952 3178 1954 3178 1953 3179 1954 3179 1944 3179 1944 3180 1954 3180 1955 3180 1944 3181 1955 3181 1945 3181 1956 3182 1957 3182 1905 3182 1905 3183 1957 3183 1958 3183 1905 3184 1958 3184 1952 3184 1959 3185 1960 3185 1961 3185 1962 3186 1963 3186 1964 3186 1964 3187 1963 3187 1965 3187 1964 3188 1965 3188 1960 3188 1960 3189 1965 3189 1966 3189 1960 3190 1966 3190 1961 3190 1967 3191 1899 3191 1962 3191 1962 3192 1899 3192 1898 3192 1962 3193 1898 3193 1963 3193 1968 3194 1940 3194 1969 3194 1969 3195 1940 3195 1939 3195 1969 3196 1939 3196 1970 3196 1971 3197 1972 3197 1973 3197 1973 3198 1972 3198 1974 3198 1973 3199 1974 3199 1968 3199 1968 3200 1974 3200 1975 3200 1968 3201 1975 3201 1940 3201 1976 3202 1977 3202 1978 3202 1979 3203 1980 3203 1981 3203 1981 3204 1980 3204 1982 3204 1941 3205 1959 3205 1939 3205 1939 3206 1959 3206 1961 3206 1939 3207 1961 3207 1970 3207 1970 3208 1961 3208 1983 3208 1970 3209 1983 3209 1982 3209 1982 3210 1983 3210 1984 3210 1982 3211 1984 3211 1981 3211 1985 3212 1986 3212 1987 3212 1987 3213 1986 3213 1988 3213 1977 3214 1976 3214 1989 3214 1989 3215 1976 3215 1990 3215 1989 3216 1990 3216 1988 3216 1988 3217 1990 3217 1991 3217 1988 3218 1991 3218 1987 3218 1973 3219 1992 3219 1971 3219 1971 3220 1992 3220 1993 3220 1971 3221 1993 3221 1994 3221 1994 3222 1993 3222 1995 3222 1994 3223 1995 3223 1996 3223 1996 3224 1995 3224 1997 3224 1996 3225 1997 3225 1985 3225 1985 3226 1997 3226 1998 3226 1985 3227 1998 3227 1986 3227 1999 3228 1918 3228 2000 3228 2000 3229 1918 3229 1917 3229 2000 3230 1917 3230 2001 3230 1902 3231 1901 3231 2002 3231 2002 3232 1901 3232 2003 3232 2002 3233 2003 3233 2004 3233 2004 3234 2003 3234 2005 3234 2004 3235 2005 3235 1999 3235 1999 3236 2005 3236 2006 3236 1999 3237 2006 3237 1918 3237 1919 3238 1926 3238 1917 3238 1917 3239 1926 3239 1928 3239 1917 3240 1928 3240 2001 3240 2001 3241 1928 3241 2007 3241 2001 3242 2007 3242 2008 3242 2008 3243 2007 3243 2009 3243 2008 3244 2009 3244 2010 3244 2010 3245 2009 3245 2011 3245 2010 3246 2011 3246 2012 3246 2012 3247 2011 3247 2013 3247 2012 3248 2013 3248 2014 3248 2014 3249 2013 3249 2015 3249 2014 3250 2015 3250 2016 3250 2016 3251 2015 3251 2017 3251 2002 3252 2018 3252 1902 3252 1902 3253 2018 3253 2019 3253 1902 3254 2019 3254 2020 3254 2020 3255 2019 3255 2021 3255 2020 3256 2021 3256 2022 3256 2022 3257 2021 3257 2023 3257 2022 3258 2023 3258 2024 3258 2024 3259 2023 3259 2025 3259 2024 3260 2025 3260 2017 3260 2017 3261 2025 3261 2026 3261 2017 3262 2026 3262 2016 3262 1922 3263 1924 3263 1907 3263 1907 3264 1924 3264 2027 3264 1907 3265 2027 3265 1908 3265 2028 3266 2029 3266 1924 3266 2030 3267 2031 3267 1905 3267 1905 3268 2031 3268 2032 3268 1905 3269 2032 3269 1924 3269 1924 3270 2032 3270 2033 3270 1924 3271 2033 3271 2028 3271 2034 3272 2035 3272 2036 3272 2036 3273 2035 3273 2029 3273 2029 3274 2035 3274 2037 3274 2029 3275 2037 3275 1924 3275 1924 3276 2037 3276 2038 3276 1924 3277 2038 3277 2027 3277 2036 3278 2039 3278 2034 3278 2034 3279 2039 3279 2040 3279 2034 3280 2040 3280 2041 3280 2041 3281 2040 3281 2042 3281 2041 3282 2042 3282 1904 3282 1904 3283 2042 3283 2043 3283 1904 3284 2043 3284 1905 3284 1905 3285 2043 3285 2044 3285 1905 3286 2044 3286 2030 3286 1944 3287 2045 3287 1953 3287 1953 3288 2045 3288 2046 3288 1953 3289 2046 3289 1905 3289 1905 3290 2046 3290 2047 3290 1905 3291 2047 3291 1903 3291 2020 3292 2048 3292 1902 3292 1902 3293 2048 3293 2049 3293 1902 3294 2049 3294 1976 3294 1976 3295 2049 3295 2050 3295 1976 3296 2050 3296 1990 3296 2051 3297 1976 3297 1979 3297 1979 3298 1976 3298 1978 3298 1979 3299 1978 3299 1980 3299 2051 3300 2052 3300 1976 3300 1976 3301 2052 3301 2053 3301 1976 3302 2053 3302 1902 3302 1902 3303 2053 3303 2054 3303 1902 3304 2054 3304 1900 3304 2055 3305 1911 3305 1913 3305 1913 3306 1911 3306 1912 3306 1913 3307 1912 3307 1914 3307 2055 3308 2056 3308 1911 3308 1911 3309 2056 3309 2057 3309 1911 3310 2057 3310 1899 3310 1899 3311 2057 3311 2058 3311 1899 3312 2058 3312 1897 3312 1967 3313 1956 3313 1899 3313 1899 3314 1956 3314 1905 3314 1899 3315 1905 3315 1911 3315 1911 3316 1905 3316 1924 3316 1911 3317 1924 3317 1909 3317 1909 3318 1924 3318 1923 3318 2059 3319 2060 3319 2061 3319 2061 3320 2060 3320 2062 3320 2061 3321 2062 3321 2063 3321 2063 3322 2062 3322 2064 3322 2063 3323 2064 3323 2065 3323 2065 3324 2064 3324 2066 3324 2065 3325 2066 3325 2067 3325 2068 3326 2069 3326 2070 3326 2070 3327 2069 3327 2071 3327 2070 3328 2071 3328 2072 3328 2072 3329 2071 3329 2073 3329 2072 3330 2073 3330 2074 3330 2074 3331 2073 3331 2075 3331 2074 3332 2075 3332 2059 3332 2059 3333 2075 3333 2076 3333 2059 3334 2076 3334 2060 3334 2077 3335 2078 3335 2079 3335 2079 3336 2078 3336 2080 3336 2079 3337 2080 3337 2081 3337 2081 3338 2080 3338 2082 3338 2081 3339 2082 3339 2083 3339 2083 3340 2082 3340 2084 3340 2083 3341 2084 3341 2085 3341 2085 3342 2084 3342 2086 3342 2085 3343 2086 3343 2087 3343 2087 3344 2086 3344 2088 3344 2087 3345 2088 3345 2068 3345 2068 3346 2088 3346 2089 3346 2068 3347 2089 3347 2069 3347 2090 3348 2091 3348 2092 3348 2092 3349 2091 3349 2093 3349 2092 3350 2093 3350 2094 3350 2094 3351 2093 3351 2095 3351 2094 3352 2095 3352 2096 3352 2096 3353 2095 3353 2097 3353 2096 3354 2097 3354 2077 3354 2077 3355 2097 3355 2098 3355 2077 3356 2098 3356 2078 3356 2099 3357 2100 3357 2101 3357 2101 3358 2100 3358 2102 3358 2101 3359 2102 3359 2103 3359 2103 3360 2102 3360 2104 3360 2103 3361 2104 3361 2105 3361 2105 3362 2104 3362 2106 3362 2105 3363 2106 3363 2090 3363 2090 3364 2106 3364 2107 3364 2090 3365 2107 3365 2091 3365 2108 3366 2109 3366 2110 3366 2110 3367 2109 3367 2111 3367 2110 3368 2111 3368 2112 3368 2112 3369 2111 3369 2113 3369 2112 3370 2113 3370 2114 3370 2114 3371 2113 3371 2115 3371 2114 3372 2115 3372 2116 3372 2116 3373 2115 3373 2117 3373 2116 3374 2117 3374 2118 3374 2118 3375 2117 3375 2119 3375 2118 3376 2119 3376 2099 3376 2099 3377 2119 3377 2120 3377 2099 3378 2120 3378 2100 3378 2121 3379 2122 3379 2123 3379 2123 3380 2122 3380 2124 3380 2123 3381 2124 3381 2125 3381 2125 3382 2124 3382 2126 3382 2125 3383 2126 3383 2127 3383 2127 3384 2126 3384 2128 3384 2127 3385 2128 3385 2108 3385 2108 3386 2128 3386 2129 3386 2108 3387 2129 3387 2109 3387 2130 3388 2131 3388 2132 3388 2132 3389 2131 3389 2133 3389 2132 3390 2133 3390 2134 3390 2134 3391 2133 3391 2135 3391 2134 3392 2135 3392 2136 3392 2136 3393 2135 3393 2137 3393 2136 3394 2137 3394 2138 3394 2138 3395 2137 3395 2139 3395 2138 3396 2139 3396 2121 3396 2121 3397 2139 3397 2140 3397 2121 3398 2140 3398 2122 3398 2141 3399 2142 3399 2143 3399 2143 3400 2142 3400 2144 3400 2143 3401 2144 3401 2145 3401 2145 3402 2144 3402 2146 3402 2145 3403 2146 3403 2147 3403 2147 3404 2146 3404 2148 3404 2147 3405 2148 3405 2149 3405 2149 3406 2148 3406 2150 3406 2149 3407 2150 3407 2130 3407 2130 3408 2150 3408 2151 3408 2130 3409 2151 3409 2131 3409 2152 3410 2153 3410 2154 3410 2154 3411 2153 3411 2155 3411 2154 3412 2155 3412 2156 3412 2156 3413 2155 3413 2157 3413 2156 3414 2157 3414 2158 3414 2158 3415 2157 3415 2159 3415 2158 3416 2159 3416 2141 3416 2141 3417 2159 3417 2160 3417 2141 3418 2160 3418 2142 3418 2161 3419 2162 3419 2163 3419 2163 3420 2162 3420 2164 3420 2163 3421 2164 3421 2165 3421 2165 3422 2164 3422 2166 3422 2165 3423 2166 3423 2167 3423 2167 3424 2166 3424 2168 3424 2167 3425 2168 3425 2169 3425 2169 3426 2168 3426 2170 3426 2169 3427 2170 3427 2152 3427 2152 3428 2170 3428 2171 3428 2152 3429 2171 3429 2153 3429 2172 3430 2173 3430 2174 3430 2174 3431 2173 3431 2175 3431 2174 3432 2175 3432 2176 3432 2176 3433 2175 3433 2177 3433 2176 3434 2177 3434 2178 3434 2178 3435 2177 3435 2179 3435 2178 3436 2179 3436 2180 3436 2180 3437 2179 3437 2181 3437 2180 3438 2181 3438 2161 3438 2161 3439 2181 3439 2182 3439 2161 3440 2182 3440 2162 3440 2183 3441 2184 3441 2185 3441 2185 3442 2184 3442 2186 3442 2185 3443 2186 3443 2187 3443 2187 3444 2186 3444 2188 3444 2187 3445 2188 3445 2189 3445 2189 3446 2188 3446 2190 3446 2189 3447 2190 3447 2172 3447 2172 3448 2190 3448 2191 3448 2172 3449 2191 3449 2173 3449 2066 3450 2192 3450 2067 3450 2067 3451 2192 3451 2193 3451 2067 3452 2193 3452 2194 3452 2194 3453 2193 3453 2195 3453 2194 3454 2195 3454 2196 3454 2196 3455 2195 3455 2197 3455 2196 3456 2197 3456 2198 3456 2198 3457 2197 3457 2199 3457 2198 3458 2199 3458 2200 3458 2200 3459 2199 3459 2201 3459 2200 3460 2201 3460 2202 3460 2202 3461 2201 3461 2203 3461 2202 3462 2203 3462 2183 3462 2183 3463 2203 3463 2204 3463 2183 3464 2204 3464 2184 3464 2205 3465 2206 3465 2207 3465 2207 3466 2206 3466 2208 3466 2207 3467 2208 3467 2209 3467 2209 3468 2208 3468 2210 3468 2209 3469 2210 3469 2211 3469 2212 3470 2213 3470 2214 3470 2214 3471 2213 3471 2215 3471 2214 3472 2215 3472 2216 3472 2216 3473 2215 3473 2217 3473 2216 3474 2217 3474 2218 3474 2217 3475 2219 3475 2218 3475 2218 3476 2219 3476 2220 3476 2218 3477 2220 3477 2221 3477 2221 3478 2220 3478 2222 3478 2221 3479 2222 3479 2223 3479 2223 3480 2222 3480 2224 3480 2223 3481 2224 3481 2225 3481 2226 3482 2227 3482 2228 3482 2228 3483 2227 3483 2229 3483 2228 3484 2229 3484 2230 3484 2230 3485 2229 3485 2231 3485 2230 3486 2231 3486 2232 3486 2224 3487 2233 3487 2225 3487 2225 3488 2233 3488 2234 3488 2225 3489 2234 3489 2235 3489 2235 3490 2234 3490 2236 3490 2235 3491 2236 3491 2237 3491 2237 3492 2236 3492 2238 3492 2237 3493 2238 3493 2239 3493 2239 3494 2238 3494 2240 3494 2239 3495 2240 3495 2205 3495 2205 3496 2240 3496 2241 3496 2205 3497 2241 3497 2206 3497 2210 3498 2242 3498 2211 3498 2211 3499 2242 3499 2243 3499 2211 3500 2243 3500 2244 3500 2244 3501 2243 3501 2245 3501 2244 3502 2245 3502 2246 3502 2246 3503 2245 3503 2247 3503 2246 3504 2247 3504 2248 3504 2247 3505 2249 3505 2248 3505 2248 3506 2249 3506 2250 3506 2248 3507 2250 3507 2251 3507 2251 3508 2250 3508 2252 3508 2251 3509 2252 3509 2253 3509 2253 3510 2252 3510 2254 3510 2253 3511 2254 3511 2255 3511 2256 3512 2257 3512 2258 3512 2258 3513 2257 3513 2259 3513 2258 3514 2259 3514 2260 3514 2260 3515 2259 3515 2261 3515 2260 3516 2261 3516 2262 3516 2231 3517 2263 3517 2232 3517 2232 3518 2263 3518 2264 3518 2232 3519 2264 3519 2265 3519 2265 3520 2264 3520 2266 3520 2265 3521 2266 3521 2267 3521 2267 3522 2266 3522 2268 3522 2267 3523 2268 3523 2269 3523 2269 3524 2268 3524 2270 3524 2269 3525 2270 3525 2212 3525 2212 3526 2270 3526 2271 3526 2212 3527 2271 3527 2213 3527 2254 3528 2272 3528 2255 3528 2255 3529 2272 3529 2273 3529 2255 3530 2273 3530 2274 3530 2274 3531 2273 3531 2275 3531 2274 3532 2275 3532 2276 3532 2276 3533 2275 3533 2277 3533 2276 3534 2277 3534 2278 3534 2278 3535 2277 3535 2279 3535 2278 3536 2279 3536 2256 3536 2256 3537 2279 3537 2280 3537 2256 3538 2280 3538 2257 3538 2261 3539 2281 3539 2262 3539 2262 3540 2281 3540 2282 3540 2262 3541 2282 3541 2283 3541 2283 3542 2282 3542 2284 3542 2283 3543 2284 3543 2285 3543 2285 3544 2284 3544 2286 3544 2285 3545 2286 3545 2226 3545 2226 3546 2286 3546 2287 3546 2226 3547 2287 3547 2227 3547 2288 3548 2289 3548 2290 3548 2290 3549 2289 3549 2291 3549 2290 3550 2291 3550 2292 3550 2293 3551 2294 3551 2290 3551 2290 3552 2294 3552 2295 3552 2290 3553 2295 3553 2288 3553 2296 3554 2297 3554 2290 3554 2290 3555 2297 3555 2298 3555 2290 3556 2298 3556 2293 3556 2292 3557 2299 3557 2290 3557 2290 3558 2299 3558 2300 3558 2290 3559 2300 3559 2296 3559 2291 3560 2301 3560 2292 3560 2292 3561 2301 3561 2302 3561 2292 3562 2302 3562 2299 3562 2299 3563 2302 3563 2303 3563 2299 3564 2303 3564 2300 3564 2300 3565 2303 3565 2304 3565 2300 3566 2304 3566 2296 3566 2296 3567 2304 3567 2305 3567 2296 3568 2305 3568 2297 3568 2297 3569 2305 3569 2306 3569 2297 3570 2306 3570 2298 3570 2298 3571 2306 3571 2307 3571 2298 3572 2307 3572 2293 3572 2293 3573 2307 3573 2308 3573 2293 3574 2308 3574 2294 3574 2294 3575 2308 3575 2309 3575 2294 3576 2309 3576 2295 3576 2295 3577 2309 3577 2310 3577 2295 3578 2310 3578 2288 3578 2288 3579 2310 3579 2311 3579 2288 3580 2311 3580 2289 3580 2289 3581 2311 3581 2312 3581 2289 3582 2312 3582 2291 3582 2291 3583 2312 3583 2301 3583 1396 3584 1926 3584 1398 3584 1398 3585 1926 3585 1919 3585 1398 3586 1919 3586 1400 3586 1400 3587 1919 3587 1916 3587 1400 3588 1916 3588 1402 3588 1402 3589 1916 3589 1914 3589 1402 3590 1914 3590 1380 3590 1390 3591 1932 3591 1392 3591 1392 3592 1932 3592 1934 3592 1392 3593 1934 3593 1394 3593 1394 3594 1934 3594 1936 3594 1394 3595 1936 3595 1396 3595 1396 3596 1936 3596 1927 3596 1396 3597 1927 3597 1926 3597 1386 3598 1925 3598 1388 3598 1388 3599 1925 3599 1929 3599 1388 3600 1929 3600 1390 3600 1390 3601 1929 3601 1930 3601 1390 3602 1930 3602 1932 3602 1914 3603 1912 3603 1380 3603 1380 3604 1912 3604 1910 3604 1380 3605 1910 3605 1382 3605 1382 3606 1910 3606 1909 3606 1382 3607 1909 3607 1384 3607 1384 3608 1909 3608 1923 3608 1384 3609 1923 3609 1386 3609 1386 3610 1923 3610 1922 3610 1386 3611 1922 3611 1925 3611 1422 3612 1959 3612 1424 3612 1424 3613 1959 3613 1941 3613 1424 3614 1941 3614 1426 3614 1426 3615 1941 3615 1943 3615 1426 3616 1943 3616 1404 3616 1414 3617 1956 3617 1416 3617 1416 3618 1956 3618 1967 3618 1416 3619 1967 3619 1418 3619 1418 3620 1967 3620 1962 3620 1418 3621 1962 3621 1420 3621 1420 3622 1962 3622 1964 3622 1420 3623 1964 3623 1422 3623 1422 3624 1964 3624 1960 3624 1422 3625 1960 3625 1959 3625 1408 3626 1954 3626 1410 3626 1410 3627 1954 3627 1952 3627 1410 3628 1952 3628 1412 3628 1412 3629 1952 3629 1958 3629 1412 3630 1958 3630 1414 3630 1414 3631 1958 3631 1957 3631 1414 3632 1957 3632 1956 3632 1943 3633 1949 3633 1404 3633 1404 3634 1949 3634 1947 3634 1404 3635 1947 3635 1406 3635 1406 3636 1947 3636 1945 3636 1406 3637 1945 3637 1408 3637 1408 3638 1945 3638 1955 3638 1408 3639 1955 3639 1954 3639 1446 3640 1998 3640 1448 3640 1448 3641 1998 3641 1997 3641 1448 3642 1997 3642 1450 3642 1440 3643 1977 3643 1442 3643 1442 3644 1977 3644 1989 3644 1442 3645 1989 3645 1444 3645 1444 3646 1989 3646 1988 3646 1444 3647 1988 3647 1446 3647 1446 3648 1988 3648 1986 3648 1446 3649 1986 3649 1998 3649 1432 3650 1969 3650 1434 3650 1434 3651 1969 3651 1970 3651 1434 3652 1970 3652 1436 3652 1436 3653 1970 3653 1982 3653 1436 3654 1982 3654 1438 3654 1438 3655 1982 3655 1980 3655 1438 3656 1980 3656 1440 3656 1440 3657 1980 3657 1978 3657 1440 3658 1978 3658 1977 3658 1997 3659 1995 3659 1450 3659 1450 3660 1995 3660 1993 3660 1450 3661 1993 3661 1428 3661 1428 3662 1993 3662 1992 3662 1428 3663 1992 3663 1430 3663 1430 3664 1992 3664 1973 3664 1430 3665 1973 3665 1432 3665 1432 3666 1973 3666 1968 3666 1432 3667 1968 3667 1969 3667 1468 3668 2026 3668 1470 3668 1470 3669 2026 3669 2025 3669 1470 3670 2025 3670 1472 3670 1472 3671 2025 3671 2023 3671 1472 3672 2023 3672 1474 3672 1464 3673 2012 3673 1466 3673 1466 3674 2012 3674 2014 3674 1466 3675 2014 3675 1468 3675 1468 3676 2014 3676 2016 3676 1468 3677 2016 3677 2026 3677 1458 3678 2000 3678 1460 3678 1460 3679 2000 3679 2001 3679 1460 3680 2001 3680 1462 3680 1462 3681 2001 3681 2008 3681 1462 3682 2008 3682 1464 3682 1464 3683 2008 3683 2010 3683 1464 3684 2010 3684 2012 3684 2023 3685 2021 3685 1474 3685 1474 3686 2021 3686 2019 3686 1474 3687 2019 3687 1452 3687 1452 3688 2019 3688 2018 3688 1452 3689 2018 3689 1454 3689 1454 3690 2018 3690 2002 3690 1454 3691 2002 3691 1456 3691 1456 3692 2002 3692 2004 3692 1456 3693 2004 3693 1458 3693 1458 3694 2004 3694 1999 3694 1458 3695 1999 3695 2000 3695 2302 3696 2043 3696 2303 3696 2303 3697 2043 3697 2042 3697 2303 3698 2042 3698 2304 3698 2304 3699 2042 3699 2040 3699 2304 3700 2040 3700 2305 3700 2305 3701 2040 3701 2039 3701 2305 3702 2039 3702 2306 3702 2306 3703 2039 3703 2036 3703 2306 3704 2036 3704 2307 3704 2307 3705 2036 3705 2029 3705 2307 3706 2029 3706 2308 3706 2308 3707 2029 3707 2028 3707 2308 3708 2028 3708 2309 3708 2309 3709 2028 3709 2033 3709 2309 3710 2033 3710 2310 3710 2310 3711 2033 3711 2032 3711 2310 3712 2032 3712 2311 3712 2311 3713 2032 3713 2031 3713 2311 3714 2031 3714 2312 3714 2312 3715 2031 3715 2030 3715 2312 3716 2030 3716 2301 3716 2301 3717 2030 3717 2044 3717 2301 3718 2044 3718 2302 3718 2302 3719 2044 3719 2043 3719 1867 3720 1901 3720 1870 3720 1870 3721 1901 3721 1900 3721 1870 3722 1900 3722 1873 3722 1873 3723 1900 3723 2054 3723 1873 3724 2054 3724 1876 3724 1876 3725 2054 3725 2053 3725 1876 3726 2053 3726 1879 3726 1879 3727 2053 3727 2052 3727 1879 3728 2052 3728 1882 3728 1846 3729 1913 3729 1849 3729 1849 3730 1913 3730 1915 3730 1849 3731 1915 3731 1852 3731 1852 3732 1915 3732 1921 3732 1852 3733 1921 3733 1855 3733 1855 3734 1921 3734 1920 3734 1855 3735 1920 3735 1858 3735 1858 3736 1920 3736 1918 3736 1858 3737 1918 3737 1861 3737 1861 3738 1918 3738 2006 3738 1861 3739 2006 3739 1864 3739 1864 3740 2006 3740 2005 3740 1864 3741 2005 3741 1867 3741 1867 3742 2005 3742 2003 3742 1867 3743 2003 3743 1901 3743 1831 3744 1898 3744 1834 3744 1834 3745 1898 3745 1897 3745 1834 3746 1897 3746 1837 3746 1837 3747 1897 3747 2058 3747 1837 3748 2058 3748 1840 3748 1840 3749 2058 3749 2057 3749 1840 3750 2057 3750 1843 3750 1843 3751 2057 3751 2056 3751 1843 3752 2056 3752 1846 3752 1846 3753 2056 3753 2055 3753 1846 3754 2055 3754 1913 3754 2052 3755 2051 3755 1882 3755 1882 3756 2051 3756 1979 3756 1882 3757 1979 3757 1885 3757 1885 3758 1979 3758 1981 3758 1885 3759 1981 3759 1888 3759 1888 3760 1981 3760 1984 3760 1888 3761 1984 3761 1891 3761 1891 3762 1984 3762 1983 3762 1891 3763 1983 3763 1825 3763 1825 3764 1983 3764 1961 3764 1825 3765 1961 3765 1826 3765 1826 3766 1961 3766 1966 3766 1826 3767 1966 3767 1828 3767 1828 3768 1966 3768 1965 3768 1828 3769 1965 3769 1831 3769 1831 3770 1965 3770 1963 3770 1831 3771 1963 3771 1898 3771 2007 3772 1928 3772 2108 3772 2108 3773 2110 3773 2007 3773 2007 3774 2110 3774 2112 3774 2007 3775 2112 3775 2009 3775 2112 3776 2114 3776 2009 3776 2009 3777 2114 3777 2116 3777 2009 3778 2116 3778 2011 3778 2011 3779 2116 3779 2118 3779 2011 3780 2118 3780 2013 3780 2013 3781 2118 3781 2099 3781 2013 3782 2099 3782 2015 3782 2015 3783 2099 3783 2101 3783 2015 3784 2101 3784 2017 3784 2017 3785 2101 3785 2103 3785 2017 3786 2103 3786 2024 3786 2103 3787 2105 3787 2024 3787 2024 3788 2105 3788 2090 3788 2024 3789 2090 3789 2022 3789 2022 3790 2090 3790 2092 3790 2022 3791 2092 3791 2020 3791 2020 3792 2092 3792 2094 3792 2020 3793 2094 3793 2048 3793 2094 3794 2096 3794 2048 3794 2048 3795 2096 3795 2077 3795 2048 3796 2077 3796 2049 3796 2077 3797 2079 3797 2049 3797 2049 3798 2079 3798 2081 3798 2049 3799 2081 3799 2050 3799 2050 3800 2081 3800 2083 3800 2050 3801 2083 3801 1990 3801 2083 3802 2085 3802 1990 3802 1990 3803 2085 3803 2087 3803 1990 3804 2087 3804 1991 3804 1991 3805 2087 3805 2068 3805 1991 3806 2068 3806 1987 3806 1987 3807 2068 3807 2070 3807 1987 3808 2070 3808 1985 3808 1985 3809 2070 3809 2072 3809 1985 3810 2072 3810 1996 3810 2072 3811 2074 3811 1996 3811 1996 3812 2074 3812 2059 3812 1996 3813 2059 3813 1994 3813 1994 3814 2059 3814 2061 3814 1994 3815 2061 3815 1971 3815 1971 3816 2061 3816 2063 3816 1971 3817 2063 3817 1972 3817 2063 3818 2065 3818 1972 3818 1972 3819 2065 3819 2067 3819 1972 3820 2067 3820 1974 3820 2067 3821 2194 3821 1974 3821 1974 3822 2194 3822 2196 3822 1974 3823 2196 3823 1975 3823 1975 3824 2196 3824 2198 3824 1975 3825 2198 3825 1940 3825 1940 3826 2198 3826 2200 3826 1940 3827 2200 3827 1942 3827 2200 3828 2202 3828 1942 3828 1942 3829 2202 3829 2183 3829 1942 3830 2183 3830 1951 3830 2174 3831 1946 3831 1948 3831 2183 3832 2185 3832 1951 3832 1951 3833 2185 3833 2187 3833 1951 3834 2187 3834 1950 3834 1950 3835 2187 3835 2189 3835 1950 3836 2189 3836 1948 3836 1948 3837 2189 3837 2172 3837 1948 3838 2172 3838 2174 3838 1946 3839 2174 3839 1944 3839 1944 3840 2174 3840 2176 3840 1944 3841 2176 3841 2045 3841 2045 3842 2176 3842 2178 3842 2045 3843 2178 3843 2046 3843 2046 3844 2178 3844 2180 3844 2046 3845 2180 3845 2047 3845 2180 3846 2161 3846 2047 3846 2047 3847 2161 3847 2163 3847 2047 3848 2163 3848 1903 3848 1903 3849 2163 3849 2165 3849 1903 3850 2165 3850 1904 3850 1904 3851 2165 3851 2167 3851 1904 3852 2167 3852 2041 3852 2167 3853 2169 3853 2041 3853 2041 3854 2169 3854 2152 3854 2041 3855 2152 3855 2034 3855 2152 3856 2154 3856 2034 3856 2034 3857 2154 3857 2156 3857 2034 3858 2156 3858 2035 3858 2035 3859 2156 3859 2158 3859 2035 3860 2158 3860 2037 3860 2037 3861 2158 3861 2141 3861 2037 3862 2141 3862 2038 3862 2141 3863 2143 3863 2038 3863 2038 3864 2143 3864 2145 3864 2038 3865 2145 3865 2027 3865 2027 3866 2145 3866 2147 3866 2027 3867 2147 3867 1908 3867 1908 3868 2147 3868 2149 3868 1908 3869 2149 3869 1906 3869 1906 3870 2149 3870 2130 3870 1906 3871 2130 3871 1931 3871 1931 3872 2130 3872 1933 3872 1933 3873 2130 3873 2132 3873 1933 3874 2132 3874 1935 3874 2132 3875 2134 3875 1935 3875 1935 3876 2134 3876 2136 3876 1935 3877 2136 3877 1937 3877 2136 3878 2138 3878 1937 3878 1937 3879 2138 3879 2121 3879 1937 3880 2121 3880 1938 3880 2121 3881 2123 3881 1938 3881 1938 3882 2123 3882 2125 3882 1938 3883 2125 3883 1928 3883 1928 3884 2125 3884 2127 3884 1928 3885 2127 3885 2108 3885 1678 3886 2278 3886 1691 3886 1691 3887 2278 3887 2256 3887 1691 3888 2256 3888 1716 3888 1716 3889 2256 3889 2258 3889 1716 3890 2258 3890 1769 3890 1769 3891 2258 3891 2260 3891 1769 3892 2260 3892 1767 3892 1767 3893 2260 3893 2262 3893 1767 3894 2262 3894 1765 3894 1765 3895 2262 3895 2283 3895 1765 3896 2283 3896 1516 3896 1516 3897 2283 3897 2285 3897 1516 3898 2285 3898 1513 3898 1513 3899 2285 3899 2226 3899 1513 3900 2226 3900 1537 3900 1537 3901 2226 3901 2228 3901 1537 3902 2228 3902 1535 3902 1535 3903 2228 3903 2230 3903 1535 3904 2230 3904 1540 3904 1540 3905 2230 3905 2232 3905 1540 3906 2232 3906 1499 3906 1499 3907 2232 3907 2265 3907 1499 3908 2265 3908 1492 3908 1492 3909 2265 3909 2267 3909 1492 3910 2267 3910 1775 3910 1775 3911 2267 3911 2269 3911 1775 3912 2269 3912 1773 3912 1773 3913 2269 3913 2212 3913 1773 3914 2212 3914 1771 3914 1771 3915 2212 3915 2214 3915 1771 3916 2214 3916 1610 3916 1610 3917 2214 3917 2216 3917 1610 3918 2216 3918 1608 3918 1608 3919 2216 3919 2218 3919 1608 3920 2218 3920 1557 3920 1557 3921 2218 3921 2221 3921 1557 3922 2221 3922 1546 3922 1546 3923 2221 3923 2223 3923 1546 3924 2223 3924 1570 3924 1570 3925 2223 3925 2225 3925 1570 3926 2225 3926 1763 3926 1763 3927 2225 3927 2235 3927 1763 3928 2235 3928 1761 3928 1761 3929 2235 3929 2237 3929 1761 3930 2237 3930 1759 3930 1759 3931 2237 3931 2239 3931 1759 3932 2239 3932 1757 3932 1757 3933 2239 3933 2205 3933 1757 3934 2205 3934 1755 3934 1755 3935 2205 3935 2207 3935 1755 3936 2207 3936 1753 3936 1753 3937 2207 3937 2209 3937 1753 3938 2209 3938 1751 3938 1751 3939 2209 3939 2211 3939 1751 3940 2211 3940 1749 3940 1749 3941 2211 3941 2244 3941 1749 3942 2244 3942 1747 3942 1747 3943 2244 3943 2246 3943 1747 3944 2246 3944 1745 3944 1745 3945 2246 3945 2248 3945 1745 3946 2248 3946 1743 3946 1743 3947 2248 3947 2251 3947 1743 3948 2251 3948 1741 3948 1741 3949 2251 3949 2253 3949 1741 3950 2253 3950 1739 3950 1739 3951 2253 3951 2255 3951 1739 3952 2255 3952 1660 3952 1660 3953 2255 3953 2274 3953 1660 3954 2274 3954 1477 3954 1477 3955 2274 3955 2276 3955 1477 3956 2276 3956 1678 3956 1678 3957 2276 3957 2278 3957 2313 3958 2314 3958 2315 3958 2315 3959 2314 3959 2316 3959 2316 3960 2317 3960 2315 3960 2315 3961 2317 3961 2318 3961 2315 3962 2318 3962 2319 3962 2320 3963 2321 3963 2322 3963 2322 3964 2321 3964 2323 3964 2322 3965 2323 3965 2324 3965 2324 3966 2323 3966 2325 3966 2320 3967 2326 3967 2321 3967 2321 3968 2326 3968 2327 3968 2321 3969 2327 3969 2328 3969 2328 3970 2327 3970 2329 3970 2328 3971 2329 3971 2330 3971 2331 3972 2332 3972 2333 3972 2333 3973 2332 3973 2328 3973 2333 3974 2328 3974 2334 3974 2334 3975 2328 3975 2330 3975 2331 3976 2335 3976 2332 3976 2332 3977 2335 3977 2336 3977 2332 3978 2336 3978 2323 3978 2323 3979 2336 3979 2337 3979 2323 3980 2337 3980 2325 3980 2338 3981 2339 3981 2340 3981 2340 3982 2339 3982 2341 3982 2342 3983 2343 3983 2340 3983 2340 3984 2343 3984 2344 3984 2340 3985 2344 3985 2338 3985 2146 3986 2144 3986 2345 3986 2164 3987 2162 3987 2346 3987 2082 3988 2080 3988 2347 3988 2113 3989 2111 3989 2348 3989 2349 3990 2350 3990 2351 3990 2352 3991 2353 3991 2354 3991 2355 3992 2356 3992 2357 3992 2358 3993 2359 3993 2360 3993 2361 3994 2362 3994 2363 3994 2364 3995 2365 3995 2366 3995 2367 3996 2368 3996 2369 3996 2284 3997 2282 3997 2370 3997 2286 3998 2284 3998 2371 3998 2287 3999 2286 3999 2372 3999 2264 4000 2263 4000 2373 4000 2266 4001 2264 4001 2374 4001 2268 4002 2266 4002 2375 4002 2217 4003 2215 4003 2376 4003 2219 4004 2217 4004 2377 4004 2241 4005 2240 4005 2378 4005 2206 4006 2241 4006 2379 4006 2243 4007 2242 4007 2380 4007 2252 4008 2250 4008 2381 4008 2254 4009 2252 4009 2382 4009 2275 4010 2368 4010 2277 4010 2277 4011 2368 4011 2367 4011 2277 4012 2367 4012 2279 4012 2254 4013 2383 4013 2272 4013 2272 4014 2383 4014 2384 4014 2272 4015 2384 4015 2273 4015 2273 4016 2384 4016 2385 4016 2273 4017 2385 4017 2275 4017 2243 4018 2365 4018 2245 4018 2245 4019 2365 4019 2364 4019 2245 4020 2364 4020 2247 4020 2206 4021 2386 4021 2208 4021 2208 4022 2386 4022 2387 4022 2208 4023 2387 4023 2210 4023 2210 4024 2387 4024 2388 4024 2210 4025 2388 4025 2242 4025 2233 4026 2362 4026 2234 4026 2234 4027 2362 4027 2361 4027 2234 4028 2361 4028 2236 4028 2219 4029 2359 4029 2220 4029 2220 4030 2359 4030 2358 4030 2220 4031 2358 4031 2222 4031 2268 4032 2356 4032 2270 4032 2270 4033 2356 4033 2355 4033 2270 4034 2355 4034 2271 4034 2287 4035 2353 4035 2227 4035 2227 4036 2353 4036 2352 4036 2227 4037 2352 4037 2229 4037 2257 4038 2350 4038 2259 4038 2259 4039 2350 4039 2349 4039 2259 4040 2349 4040 2261 4040 2383 4041 2389 4041 2384 4041 2384 4042 2389 4042 2390 4042 2384 4043 2390 4043 2385 4043 2385 4044 2390 4044 2348 4044 2391 4045 2392 4045 2393 4045 2250 4046 2249 4046 2393 4046 2393 4047 2249 4047 2394 4047 2393 4048 2394 4048 2391 4048 2391 4049 2394 4049 2395 4049 2391 4050 2395 4050 2093 4050 2093 4051 2395 4051 2095 4051 2386 4052 2396 4052 2387 4052 2387 4053 2396 4053 2397 4053 2387 4054 2397 4054 2388 4054 2388 4055 2397 4055 2347 4055 2398 4056 2399 4056 2400 4056 2240 4057 2238 4057 2400 4057 2400 4058 2238 4058 2401 4058 2400 4059 2401 4059 2398 4059 2398 4060 2401 4060 2402 4060 2398 4061 2402 4061 2062 4061 2062 4062 2402 4062 2064 4062 2403 4063 2404 4063 2405 4063 2406 4064 2407 4064 2408 4064 2215 4065 2213 4065 2408 4065 2408 4066 2213 4066 2409 4066 2408 4067 2409 4067 2406 4067 2406 4068 2409 4068 2410 4068 2406 4069 2410 4069 2175 4069 2175 4070 2410 4070 2177 4070 2411 4071 2412 4071 2413 4071 2263 4072 2231 4072 2413 4072 2413 4073 2231 4073 2414 4073 2413 4074 2414 4074 2411 4074 2411 4075 2414 4075 2415 4075 2411 4076 2415 4076 2155 4076 2155 4077 2415 4077 2157 4077 2416 4078 2417 4078 2418 4078 2282 4079 2281 4079 2418 4079 2418 4080 2281 4080 2419 4080 2418 4081 2419 4081 2416 4081 2416 4082 2419 4082 2420 4082 2421 4083 2422 4083 2423 4083 2257 4084 2280 4084 2423 4084 2423 4085 2280 4085 2424 4085 2423 4086 2424 4086 2421 4086 2421 4087 2424 4087 2425 4087 2109 4088 2129 4088 2369 4088 2369 4089 2129 4089 2425 4089 2369 4090 2425 4090 2367 4090 2367 4091 2425 4091 2424 4091 2367 4092 2424 4092 2279 4092 2279 4093 2424 4093 2280 4093 2275 4094 2385 4094 2368 4094 2368 4095 2385 4095 2348 4095 2368 4096 2348 4096 2369 4096 2369 4097 2348 4097 2111 4097 2369 4098 2111 4098 2109 4098 2113 4099 2348 4099 2115 4099 2115 4100 2348 4100 2390 4100 2115 4101 2390 4101 2117 4101 2117 4102 2390 4102 2389 4102 2117 4103 2389 4103 2119 4103 2426 4104 2100 4104 2120 4104 2254 4105 2382 4105 2383 4105 2383 4106 2382 4106 2426 4106 2383 4107 2426 4107 2389 4107 2389 4108 2426 4108 2120 4108 2389 4109 2120 4109 2119 4109 2252 4110 2381 4110 2382 4110 2382 4111 2381 4111 2427 4111 2382 4112 2427 4112 2426 4112 2426 4113 2427 4113 2102 4113 2426 4114 2102 4114 2100 4114 2250 4115 2393 4115 2381 4115 2381 4116 2393 4116 2392 4116 2381 4117 2392 4117 2427 4117 2427 4118 2392 4118 2104 4118 2427 4119 2104 4119 2102 4119 2093 4120 2091 4120 2391 4120 2391 4121 2091 4121 2107 4121 2391 4122 2107 4122 2392 4122 2392 4123 2107 4123 2106 4123 2392 4124 2106 4124 2104 4124 2249 4125 2247 4125 2394 4125 2394 4126 2247 4126 2364 4126 2394 4127 2364 4127 2395 4127 2395 4128 2364 4128 2366 4128 2395 4129 2366 4129 2095 4129 2095 4130 2366 4130 2097 4130 2428 4131 2078 4131 2098 4131 2243 4132 2380 4132 2365 4132 2365 4133 2380 4133 2428 4133 2365 4134 2428 4134 2366 4134 2366 4135 2428 4135 2098 4135 2366 4136 2098 4136 2097 4136 2242 4137 2388 4137 2380 4137 2380 4138 2388 4138 2347 4138 2380 4139 2347 4139 2428 4139 2428 4140 2347 4140 2080 4140 2428 4141 2080 4141 2078 4141 2082 4142 2347 4142 2084 4142 2084 4143 2347 4143 2397 4143 2084 4144 2397 4144 2086 4144 2086 4145 2397 4145 2396 4145 2086 4146 2396 4146 2088 4146 2429 4147 2069 4147 2089 4147 2206 4148 2379 4148 2386 4148 2386 4149 2379 4149 2429 4149 2386 4150 2429 4150 2396 4150 2396 4151 2429 4151 2089 4151 2396 4152 2089 4152 2088 4152 2241 4153 2378 4153 2379 4153 2379 4154 2378 4154 2430 4154 2379 4155 2430 4155 2429 4155 2429 4156 2430 4156 2071 4156 2429 4157 2071 4157 2069 4157 2240 4158 2400 4158 2378 4158 2378 4159 2400 4159 2399 4159 2378 4160 2399 4160 2430 4160 2430 4161 2399 4161 2073 4161 2430 4162 2073 4162 2071 4162 2062 4163 2060 4163 2398 4163 2398 4164 2060 4164 2076 4164 2398 4165 2076 4165 2399 4165 2399 4166 2076 4166 2075 4166 2399 4167 2075 4167 2073 4167 2238 4168 2236 4168 2401 4168 2401 4169 2236 4169 2361 4169 2401 4170 2361 4170 2402 4170 2402 4171 2361 4171 2363 4171 2402 4172 2363 4172 2064 4172 2064 4173 2363 4173 2066 4173 2233 4174 2405 4174 2362 4174 2362 4175 2405 4175 2404 4175 2362 4176 2404 4176 2363 4176 2363 4177 2404 4177 2192 4177 2363 4178 2192 4178 2066 4178 2201 4179 2199 4179 2431 4179 2431 4180 2199 4180 2403 4180 2431 4181 2403 4181 2432 4181 2432 4182 2403 4182 2405 4182 2432 4183 2405 4183 2224 4183 2224 4184 2405 4184 2233 4184 2199 4185 2197 4185 2403 4185 2403 4186 2197 4186 2195 4186 2403 4187 2195 4187 2404 4187 2404 4188 2195 4188 2193 4188 2404 4189 2193 4189 2192 4189 2224 4190 2222 4190 2432 4190 2432 4191 2222 4191 2358 4191 2432 4192 2358 4192 2431 4192 2431 4193 2358 4193 2360 4193 2431 4194 2360 4194 2201 4194 2201 4195 2360 4195 2203 4195 2433 4196 2184 4196 2204 4196 2219 4197 2377 4197 2359 4197 2359 4198 2377 4198 2433 4198 2359 4199 2433 4199 2360 4199 2360 4200 2433 4200 2204 4200 2360 4201 2204 4201 2203 4201 2217 4202 2376 4202 2377 4202 2377 4203 2376 4203 2434 4203 2377 4204 2434 4204 2433 4204 2433 4205 2434 4205 2186 4205 2433 4206 2186 4206 2184 4206 2215 4207 2408 4207 2376 4207 2376 4208 2408 4208 2407 4208 2376 4209 2407 4209 2434 4209 2434 4210 2407 4210 2188 4210 2434 4211 2188 4211 2186 4211 2175 4212 2173 4212 2406 4212 2406 4213 2173 4213 2191 4213 2406 4214 2191 4214 2407 4214 2407 4215 2191 4215 2190 4215 2407 4216 2190 4216 2188 4216 2213 4217 2271 4217 2409 4217 2409 4218 2271 4218 2355 4218 2409 4219 2355 4219 2410 4219 2410 4220 2355 4220 2357 4220 2410 4221 2357 4221 2177 4221 2177 4222 2357 4222 2179 4222 2435 4223 2182 4223 2181 4223 2268 4224 2375 4224 2356 4224 2356 4225 2375 4225 2435 4225 2356 4226 2435 4226 2357 4226 2357 4227 2435 4227 2181 4227 2357 4228 2181 4228 2179 4228 2266 4229 2374 4229 2375 4229 2375 4230 2374 4230 2346 4230 2375 4231 2346 4231 2435 4231 2435 4232 2346 4232 2162 4232 2435 4233 2162 4233 2182 4233 2264 4234 2373 4234 2374 4234 2374 4235 2373 4235 2436 4235 2374 4236 2436 4236 2346 4236 2346 4237 2436 4237 2166 4237 2346 4238 2166 4238 2164 4238 2263 4239 2413 4239 2373 4239 2373 4240 2413 4240 2412 4240 2373 4241 2412 4241 2436 4241 2436 4242 2412 4242 2168 4242 2436 4243 2168 4243 2166 4243 2155 4244 2153 4244 2411 4244 2411 4245 2153 4245 2171 4245 2411 4246 2171 4246 2412 4246 2412 4247 2171 4247 2170 4247 2412 4248 2170 4248 2168 4248 2231 4249 2229 4249 2414 4249 2414 4250 2229 4250 2352 4250 2414 4251 2352 4251 2415 4251 2415 4252 2352 4252 2354 4252 2415 4253 2354 4253 2157 4253 2157 4254 2354 4254 2159 4254 2437 4255 2142 4255 2160 4255 2287 4256 2372 4256 2353 4256 2353 4257 2372 4257 2437 4257 2353 4258 2437 4258 2354 4258 2354 4259 2437 4259 2160 4259 2354 4260 2160 4260 2159 4260 2286 4261 2371 4261 2372 4261 2372 4262 2371 4262 2345 4262 2372 4263 2345 4263 2437 4263 2437 4264 2345 4264 2144 4264 2437 4265 2144 4265 2142 4265 2284 4266 2370 4266 2371 4266 2371 4267 2370 4267 2438 4267 2371 4268 2438 4268 2345 4268 2345 4269 2438 4269 2148 4269 2345 4270 2148 4270 2146 4270 2282 4271 2418 4271 2370 4271 2370 4272 2418 4272 2417 4272 2370 4273 2417 4273 2438 4273 2438 4274 2417 4274 2150 4274 2438 4275 2150 4275 2148 4275 2137 4276 2135 4276 2420 4276 2420 4277 2135 4277 2133 4277 2420 4278 2133 4278 2416 4278 2416 4279 2133 4279 2131 4279 2416 4280 2131 4280 2417 4280 2417 4281 2131 4281 2151 4281 2417 4282 2151 4282 2150 4282 2281 4283 2261 4283 2419 4283 2419 4284 2261 4284 2349 4284 2419 4285 2349 4285 2420 4285 2420 4286 2349 4286 2351 4286 2420 4287 2351 4287 2137 4287 2137 4288 2351 4288 2139 4288 2257 4289 2423 4289 2350 4289 2350 4290 2423 4290 2422 4290 2350 4291 2422 4291 2351 4291 2351 4292 2422 4292 2140 4292 2351 4293 2140 4293 2139 4293 2129 4294 2128 4294 2425 4294 2425 4295 2128 4295 2126 4295 2425 4296 2126 4296 2421 4296 2421 4297 2126 4297 2124 4297 2421 4298 2124 4298 2422 4298 2422 4299 2124 4299 2122 4299 2422 4300 2122 4300 2140 4300 2439 4301 1779 4301 2440 4301 2440 4302 1779 4302 1777 4302 2440 4303 1777 4303 2441 4303 2441 4304 1777 4304 1776 4304 2441 4305 1776 4305 2442 4305 2442 4306 1776 4306 1783 4306 2442 4307 1783 4307 2443 4307 2443 4308 1783 4308 1782 4308 2443 4309 1782 4309 2444 4309 2444 4310 1782 4310 1781 4310 2444 4311 1781 4311 2445 4311 2445 4312 1781 4312 1786 4312 2445 4313 1786 4313 2446 4313 2446 4314 1786 4314 1785 4314 2446 4315 1785 4315 2447 4315 2447 4316 1785 4316 1784 4316 2447 4317 1784 4317 2448 4317 2448 4318 1784 4318 1789 4318 2448 4319 1789 4319 2449 4319 2449 4320 1789 4320 1788 4320 2449 4321 1788 4321 2450 4321 2450 4322 1788 4322 1787 4322 2450 4323 1787 4323 2451 4323 2451 4324 1787 4324 1792 4324 2451 4325 1792 4325 2452 4325 2452 4326 1792 4326 1791 4326 2452 4327 1791 4327 2453 4327 2453 4328 1791 4328 1790 4328 2453 4329 1790 4329 2454 4329 2454 4330 1790 4330 1795 4330 2454 4331 1795 4331 2455 4331 2455 4332 1795 4332 1794 4332 2455 4333 1794 4333 2456 4333 2456 4334 1794 4334 1793 4334 2456 4335 1793 4335 2457 4335 2457 4336 1793 4336 1798 4336 2457 4337 1798 4337 2458 4337 2458 4338 1798 4338 1797 4338 2458 4339 1797 4339 2459 4339 2459 4340 1797 4340 1796 4340 2459 4341 1796 4341 2460 4341 2460 4342 1796 4342 1801 4342 2460 4343 1801 4343 2461 4343 2461 4344 1801 4344 1800 4344 2461 4345 1800 4345 2462 4345 2462 4346 1800 4346 1799 4346 2462 4347 1799 4347 2463 4347 2463 4348 1799 4348 1804 4348 2463 4349 1804 4349 2464 4349 2464 4350 1804 4350 1803 4350 2464 4351 1803 4351 2465 4351 2465 4352 1803 4352 1802 4352 2465 4353 1802 4353 2466 4353 2466 4354 1802 4354 1807 4354 2466 4355 1807 4355 2467 4355 2467 4356 1807 4356 1806 4356 2467 4357 1806 4357 2468 4357 2468 4358 1806 4358 1805 4358 2468 4359 1805 4359 2469 4359 2469 4360 1805 4360 1810 4360 2469 4361 1810 4361 2470 4361 2470 4362 1810 4362 1809 4362 2470 4363 1809 4363 2471 4363 2471 4364 1809 4364 1808 4364 2471 4365 1808 4365 2472 4365 2472 4366 1808 4366 1813 4366 2472 4367 1813 4367 2473 4367 2473 4368 1813 4368 1812 4368 2473 4369 1812 4369 2474 4369 2474 4370 1812 4370 1811 4370 2474 4371 1811 4371 2475 4371 2475 4372 1811 4372 1816 4372 2475 4373 1816 4373 2476 4373 2476 4374 1816 4374 1815 4374 2476 4375 1815 4375 2477 4375 2477 4376 1815 4376 1814 4376 2477 4377 1814 4377 2478 4377 2478 4378 1814 4378 1819 4378 2478 4379 1819 4379 2479 4379 2479 4380 1819 4380 1818 4380 2479 4381 1818 4381 2480 4381 2480 4382 1818 4382 1817 4382 2480 4383 1817 4383 2481 4383 2481 4384 1817 4384 1822 4384 2481 4385 1822 4385 2482 4385 2482 4386 1822 4386 1821 4386 2482 4387 1821 4387 2483 4387 2483 4388 1821 4388 1820 4388 2483 4389 1820 4389 2484 4389 2484 4390 1820 4390 1824 4390 2484 4391 1824 4391 2485 4391 2485 4392 1824 4392 1823 4392 2485 4393 1823 4393 2486 4393 2486 4394 1823 4394 1780 4394 2486 4395 1780 4395 2439 4395 2439 4396 1780 4396 1779 4396 2487 4397 2439 4397 2488 4397 2488 4398 2439 4398 2440 4398 2488 4399 2440 4399 2489 4399 2489 4400 2440 4400 2441 4400 2489 4401 2441 4401 2490 4401 2490 4402 2441 4402 2442 4402 2490 4403 2442 4403 2491 4403 2491 4404 2442 4404 2443 4404 2491 4405 2443 4405 2492 4405 2492 4406 2443 4406 2444 4406 2492 4407 2444 4407 2493 4407 2493 4408 2444 4408 2445 4408 2493 4409 2445 4409 2494 4409 2494 4410 2445 4410 2446 4410 2494 4411 2446 4411 2495 4411 2495 4412 2446 4412 2447 4412 2495 4413 2447 4413 2496 4413 2496 4414 2447 4414 2448 4414 2496 4415 2448 4415 2497 4415 2497 4416 2448 4416 2449 4416 2497 4417 2449 4417 2498 4417 2498 4418 2449 4418 2450 4418 2498 4419 2450 4419 2499 4419 2499 4420 2450 4420 2451 4420 2499 4421 2451 4421 2500 4421 2500 4422 2451 4422 2452 4422 2500 4423 2452 4423 2501 4423 2501 4424 2452 4424 2453 4424 2501 4425 2453 4425 2502 4425 2502 4426 2453 4426 2454 4426 2502 4427 2454 4427 2503 4427 2503 4428 2454 4428 2455 4428 2503 4429 2455 4429 2504 4429 2504 4430 2455 4430 2456 4430 2504 4431 2456 4431 2505 4431 2505 4432 2456 4432 2457 4432 2505 4433 2457 4433 2506 4433 2506 4434 2457 4434 2458 4434 2506 4435 2458 4435 2507 4435 2507 4436 2458 4436 2459 4436 2507 4437 2459 4437 2508 4437 2508 4438 2459 4438 2460 4438 2508 4439 2460 4439 2509 4439 2509 4440 2460 4440 2461 4440 2509 4441 2461 4441 2510 4441 2510 4442 2461 4442 2462 4442 2510 4443 2462 4443 2511 4443 2511 4444 2462 4444 2463 4444 2511 4445 2463 4445 2512 4445 2512 4446 2463 4446 2464 4446 2512 4447 2464 4447 2513 4447 2513 4448 2464 4448 2465 4448 2513 4449 2465 4449 2514 4449 2514 4450 2465 4450 2466 4450 2514 4451 2466 4451 2515 4451 2515 4452 2466 4452 2467 4452 2515 4453 2467 4453 2516 4453 2516 4454 2467 4454 2468 4454 2516 4455 2468 4455 2517 4455 2517 4456 2468 4456 2469 4456 2517 4457 2469 4457 2518 4457 2518 4458 2469 4458 2470 4458 2518 4459 2470 4459 2519 4459 2519 4460 2470 4460 2471 4460 2519 4461 2471 4461 2520 4461 2520 4462 2471 4462 2472 4462 2520 4463 2472 4463 2521 4463 2521 4464 2472 4464 2473 4464 2521 4465 2473 4465 2522 4465 2522 4466 2473 4466 2474 4466 2522 4467 2474 4467 2523 4467 2523 4468 2474 4468 2475 4468 2523 4469 2475 4469 2524 4469 2524 4470 2475 4470 2476 4470 2524 4471 2476 4471 2525 4471 2525 4472 2476 4472 2477 4472 2525 4473 2477 4473 2526 4473 2526 4474 2477 4474 2478 4474 2526 4475 2478 4475 2527 4475 2527 4476 2478 4476 2479 4476 2527 4477 2479 4477 2528 4477 2528 4478 2479 4478 2480 4478 2528 4479 2480 4479 2529 4479 2529 4480 2480 4480 2481 4480 2529 4481 2481 4481 2530 4481 2530 4482 2481 4482 2482 4482 2530 4483 2482 4483 2531 4483 2531 4484 2482 4484 2483 4484 2531 4485 2483 4485 2532 4485 2532 4486 2483 4486 2484 4486 2532 4487 2484 4487 2533 4487 2533 4488 2484 4488 2485 4488 2533 4489 2485 4489 2534 4489 2534 4490 2485 4490 2486 4490 2534 4491 2486 4491 2487 4491 2487 4492 2486 4492 2439 4492 1863 4493 2487 4493 1859 4493 1859 4494 2487 4494 2488 4494 1859 4495 2488 4495 1860 4495 1860 4496 2488 4496 2489 4496 1860 4497 2489 4497 1856 4497 1856 4498 2489 4498 2490 4498 1856 4499 2490 4499 1857 4499 1857 4500 2490 4500 2491 4500 1857 4501 2491 4501 1853 4501 1853 4502 2491 4502 2492 4502 1853 4503 2492 4503 1854 4503 1854 4504 2492 4504 2493 4504 1854 4505 2493 4505 1850 4505 1850 4506 2493 4506 2494 4506 1850 4507 2494 4507 1851 4507 1851 4508 2494 4508 2495 4508 1851 4509 2495 4509 1847 4509 1847 4510 2495 4510 2496 4510 1847 4511 2496 4511 1848 4511 1848 4512 2496 4512 2497 4512 1848 4513 2497 4513 1844 4513 1844 4514 2497 4514 2498 4514 1844 4515 2498 4515 1845 4515 1845 4516 2498 4516 2499 4516 1845 4517 2499 4517 1841 4517 1841 4518 2499 4518 2500 4518 1841 4519 2500 4519 1842 4519 1842 4520 2500 4520 2501 4520 1842 4521 2501 4521 1838 4521 1838 4522 2501 4522 2502 4522 1838 4523 2502 4523 1839 4523 1839 4524 2502 4524 2503 4524 1839 4525 2503 4525 1835 4525 1835 4526 2503 4526 2504 4526 1835 4527 2504 4527 1836 4527 1836 4528 2504 4528 2505 4528 1836 4529 2505 4529 1832 4529 1832 4530 2505 4530 2506 4530 1832 4531 2506 4531 1833 4531 1833 4532 2506 4532 2507 4532 1833 4533 2507 4533 1829 4533 1829 4534 2507 4534 2508 4534 1829 4535 2508 4535 1830 4535 1830 4536 2508 4536 2509 4536 1830 4537 2509 4537 1827 4537 1827 4538 2509 4538 2510 4538 1827 4539 2510 4539 1894 4539 1894 4540 2510 4540 2511 4540 1894 4541 2511 4541 1895 4541 1895 4542 2511 4542 2512 4542 1895 4543 2512 4543 1896 4543 1896 4544 2512 4544 2513 4544 1896 4545 2513 4545 1892 4545 1892 4546 2513 4546 2514 4546 1892 4547 2514 4547 1893 4547 1893 4548 2514 4548 2515 4548 1893 4549 2515 4549 1889 4549 1889 4550 2515 4550 2516 4550 1889 4551 2516 4551 1890 4551 1890 4552 2516 4552 2517 4552 1890 4553 2517 4553 1886 4553 1886 4554 2517 4554 2518 4554 1886 4555 2518 4555 1887 4555 1887 4556 2518 4556 2519 4556 1887 4557 2519 4557 1883 4557 1883 4558 2519 4558 2520 4558 1883 4559 2520 4559 1884 4559 1884 4560 2520 4560 2521 4560 1884 4561 2521 4561 1880 4561 1880 4562 2521 4562 2522 4562 1880 4563 2522 4563 1881 4563 1881 4564 2522 4564 2523 4564 1881 4565 2523 4565 1877 4565 1877 4566 2523 4566 2524 4566 1877 4567 2524 4567 1878 4567 1878 4568 2524 4568 2525 4568 1878 4569 2525 4569 1874 4569 1874 4570 2525 4570 2526 4570 1874 4571 2526 4571 1875 4571 1875 4572 2526 4572 2527 4572 1875 4573 2527 4573 1871 4573 1871 4574 2527 4574 2528 4574 1871 4575 2528 4575 1872 4575 1872 4576 2528 4576 2529 4576 1872 4577 2529 4577 1868 4577 1868 4578 2529 4578 2530 4578 1868 4579 2530 4579 1869 4579 1869 4580 2530 4580 2531 4580 1869 4581 2531 4581 1865 4581 1865 4582 2531 4582 2532 4582 1865 4583 2532 4583 1866 4583 1866 4584 2532 4584 2533 4584 1866 4585 2533 4585 1862 4585 1862 4586 2533 4586 2534 4586 1862 4587 2534 4587 1863 4587 1863 4588 2534 4588 2487 4588 2535 4589 627 4589 2536 4589 2536 4590 627 4590 628 4590 2536 4591 628 4591 2537 4591 2537 4592 628 4592 629 4592 2537 4593 629 4593 2538 4593 2538 4594 629 4594 630 4594 2538 4595 630 4595 2539 4595 2539 4596 630 4596 631 4596 2539 4597 631 4597 2540 4597 2540 4598 631 4598 632 4598 2540 4599 632 4599 2541 4599 2541 4600 632 4600 633 4600 2541 4601 633 4601 2542 4601 2542 4602 633 4602 620 4602 2542 4603 620 4603 2543 4603 2543 4604 620 4604 621 4604 2543 4605 621 4605 2544 4605 2544 4606 621 4606 622 4606 2544 4607 622 4607 2545 4607 2545 4608 622 4608 623 4608 2545 4609 623 4609 2546 4609 2546 4610 623 4610 624 4610 2546 4611 624 4611 2547 4611 2547 4612 624 4612 625 4612 2547 4613 625 4613 2548 4613 2548 4614 625 4614 626 4614 2548 4615 626 4615 2535 4615 2535 4616 626 4616 627 4616 2541 4617 2337 4617 2540 4617 2540 4618 2337 4618 2336 4618 2540 4619 2336 4619 2539 4619 2539 4620 2336 4620 2335 4620 2539 4621 2335 4621 2538 4621 2538 4622 2335 4622 2331 4622 2538 4623 2331 4623 2537 4623 2537 4624 2331 4624 2333 4624 2537 4625 2333 4625 2536 4625 2536 4626 2333 4626 2334 4626 2536 4627 2334 4627 2535 4627 2535 4628 2334 4628 2330 4628 2535 4629 2330 4629 2548 4629 2548 4630 2330 4630 2329 4630 2548 4631 2329 4631 2547 4631 2547 4632 2329 4632 2327 4632 2547 4633 2327 4633 2546 4633 2546 4634 2327 4634 2326 4634 2546 4635 2326 4635 2545 4635 2545 4636 2326 4636 2320 4636 2545 4637 2320 4637 2544 4637 2544 4638 2320 4638 2322 4638 2544 4639 2322 4639 2543 4639 2543 4640 2322 4640 2324 4640 2543 4641 2324 4641 2542 4641 2542 4642 2324 4642 2325 4642 2542 4643 2325 4643 2541 4643 2541 4644 2325 4644 2337 4644 2314 4645 2313 4645 2549 4645 2550 4646 2551 4646 2549 4646 2549 4647 2551 4647 2552 4647 2549 4648 2552 4648 2314 4648 2550 4649 2549 4649 2553 4649 2553 4650 2549 4650 2554 4650 2553 4651 2554 4651 2555 4651 2556 4652 2557 4652 2558 4652 2558 4653 2557 4653 2559 4653 2558 4654 2559 4654 2560 4654 2557 4655 2561 4655 2559 4655 2559 4656 2561 4656 2553 4656 2559 4657 2553 4657 2560 4657 2560 4658 2553 4658 2555 4658 2562 4659 2332 4659 2563 4659 2556 4660 2562 4660 2564 4660 2564 4661 2562 4661 2563 4661 2564 4662 2563 4662 2565 4662 2566 4663 2328 4663 2332 4663 2558 4664 2567 4664 2556 4664 2556 4665 2567 4665 2568 4665 2556 4666 2568 4666 2562 4666 2562 4667 2568 4667 2569 4667 2562 4668 2569 4668 2332 4668 2332 4669 2569 4669 2570 4669 2332 4670 2570 4670 2566 4670 2571 4671 2323 4671 2321 4671 2572 4672 2321 4672 2573 4672 2574 4673 2572 4673 2575 4673 2575 4674 2572 4674 2573 4674 2575 4675 2573 4675 2576 4675 2577 4676 2578 4676 2579 4676 2579 4677 2578 4677 2580 4677 2581 4678 2582 4678 2574 4678 2574 4679 2582 4679 2583 4679 2574 4680 2583 4680 2572 4680 2572 4681 2583 4681 2584 4681 2572 4682 2584 4682 2321 4682 2321 4683 2584 4683 2585 4683 2321 4684 2585 4684 2571 4684 2586 4685 2580 4685 2587 4685 2587 4686 2580 4686 2588 4686 2587 4687 2588 4687 2589 4687 2574 4688 2577 4688 2581 4688 2581 4689 2577 4689 2579 4689 2581 4690 2579 4690 2590 4690 2590 4691 2579 4691 2580 4691 2590 4692 2580 4692 2591 4692 2591 4693 2580 4693 2586 4693 2589 4694 2592 4694 2587 4694 2587 4695 2592 4695 2341 4695 2587 4696 2341 4696 2339 4696 1503 4697 2317 4697 1501 4697 1501 4698 2317 4698 2316 4698 1501 4699 2316 4699 1479 4699 1479 4700 2316 4700 2314 4700 1479 4701 2314 4701 1480 4701 1503 4702 1504 4702 2317 4702 2317 4703 1504 4703 1506 4703 2317 4704 1506 4704 2318 4704 2318 4705 1506 4705 1507 4705 2318 4706 1507 4706 2319 4706 2319 4707 1507 4707 1509 4707 2319 4708 1509 4708 2315 4708 2315 4709 1509 4709 1510 4709 2315 4710 1510 4710 2313 4710 2313 4711 1510 4711 1512 4711 2313 4712 1512 4712 1534 4712 1483 4713 2553 4713 1484 4713 1484 4714 2553 4714 2561 4714 1484 4715 2561 4715 1485 4715 2332 4716 1489 4716 2563 4716 2563 4717 1489 4717 1488 4717 2563 4718 1488 4718 2565 4718 2565 4719 1488 4719 1487 4719 2565 4720 1487 4720 2564 4720 2564 4721 1487 4721 1486 4721 2564 4722 1486 4722 2556 4722 2556 4723 1486 4723 1485 4723 2556 4724 1485 4724 2557 4724 2557 4725 1485 4725 2561 4725 1482 4726 1480 4726 2314 4726 2314 4727 2552 4727 1482 4727 1482 4728 2552 4728 2551 4728 1482 4729 2551 4729 1483 4729 1483 4730 2551 4730 2550 4730 1483 4731 2550 4731 2553 4731 1525 4732 2328 4732 1527 4732 1527 4733 2328 4733 2566 4733 1527 4734 2566 4734 1528 4734 2566 4735 2570 4735 1528 4735 1528 4736 2570 4736 2569 4736 1528 4737 2569 4737 1529 4737 1529 4738 2569 4738 2568 4738 1529 4739 2568 4739 1530 4739 2313 4740 1534 4740 2549 4740 2549 4741 1534 4741 1533 4741 2549 4742 1533 4742 2554 4742 2554 4743 1533 4743 1532 4743 2568 4744 2567 4744 1530 4744 1530 4745 2567 4745 2558 4745 1530 4746 2558 4746 1531 4746 1531 4747 2558 4747 2560 4747 1531 4748 2560 4748 1532 4748 1532 4749 2560 4749 2555 4749 1532 4750 2555 4750 2554 4750 2323 4751 1490 4751 2332 4751 2332 4752 1490 4752 1489 4752 1524 4753 2321 4753 1525 4753 1525 4754 2321 4754 2328 4754 1490 4755 2323 4755 1491 4755 1491 4756 2323 4756 2571 4756 1491 4757 2571 4757 1493 4757 2571 4758 2585 4758 1493 4758 1493 4759 2585 4759 2584 4759 1493 4760 2584 4760 1494 4760 1494 4761 2584 4761 2583 4761 1494 4762 2583 4762 1495 4762 2339 4763 1500 4763 2587 4763 2587 4764 1500 4764 1498 4764 2587 4765 1498 4765 2586 4765 2586 4766 1498 4766 1497 4766 2583 4767 2582 4767 1495 4767 1495 4768 2582 4768 2581 4768 1495 4769 2581 4769 1496 4769 1496 4770 2581 4770 2590 4770 1496 4771 2590 4771 1497 4771 1497 4772 2590 4772 2591 4772 1497 4773 2591 4773 2586 4773 1518 4774 2580 4774 1519 4774 1519 4775 2580 4775 2578 4775 1519 4776 2578 4776 1520 4776 2321 4777 1524 4777 2573 4777 2573 4778 1524 4778 1523 4778 2573 4779 1523 4779 2576 4779 2576 4780 1523 4780 1522 4780 2576 4781 1522 4781 2575 4781 2575 4782 1522 4782 1521 4782 2575 4783 1521 4783 2574 4783 2574 4784 1521 4784 1520 4784 2574 4785 1520 4785 2577 4785 2577 4786 1520 4786 2578 4786 1517 4787 1515 4787 2341 4787 2341 4788 2592 4788 1517 4788 1517 4789 2592 4789 2589 4789 1517 4790 2589 4790 1518 4790 1518 4791 2589 4791 2588 4791 1518 4792 2588 4792 2580 4792 1538 4793 2342 4793 1539 4793 1539 4794 2342 4794 2340 4794 1539 4795 2340 4795 1514 4795 1514 4796 2340 4796 2341 4796 1514 4797 2341 4797 1515 4797 1538 4798 1536 4798 2342 4798 2342 4799 1536 4799 1542 4799 2342 4800 1542 4800 2343 4800 2343 4801 1542 4801 1541 4801 2343 4802 1541 4802 2344 4802 2344 4803 1541 4803 1545 4803 2344 4804 1545 4804 2338 4804 2338 4805 1545 4805 1544 4805 2338 4806 1544 4806 2339 4806 2339 4807 1544 4807 1543 4807 2339 4808 1543 4808 1500 4808 2593 4809 1584 4809 2594 4809 2594 4810 1584 4810 1581 4810 2594 4811 1581 4811 2595 4811 2596 4812 2597 4812 1560 4812 1560 4813 2597 4813 2598 4813 1560 4814 2598 4814 1581 4814 1581 4815 2598 4815 2599 4815 1581 4816 2599 4816 2595 4816 2596 4817 1560 4817 2600 4817 2600 4818 1560 4818 1762 4818 2600 4819 1762 4819 2601 4819 2602 4820 2603 4820 1760 4820 1760 4821 2603 4821 2604 4821 1760 4822 2604 4822 1762 4822 1762 4823 2604 4823 2605 4823 1762 4824 2605 4824 2601 4824 2602 4825 1760 4825 2606 4825 2606 4826 1760 4826 1758 4826 2606 4827 1758 4827 2607 4827 2608 4828 2609 4828 1756 4828 1756 4829 2609 4829 2610 4829 1756 4830 2610 4830 1758 4830 1758 4831 2610 4831 2611 4831 1758 4832 2611 4832 2607 4832 2608 4833 1756 4833 2612 4833 2612 4834 1756 4834 1754 4834 2612 4835 1754 4835 2613 4835 2614 4836 2615 4836 1752 4836 1752 4837 2615 4837 2616 4837 1752 4838 2616 4838 1754 4838 1754 4839 2616 4839 2617 4839 1754 4840 2617 4840 2613 4840 2614 4841 1752 4841 2618 4841 2618 4842 1752 4842 1750 4842 2618 4843 1750 4843 2619 4843 2620 4844 2621 4844 1748 4844 1748 4845 2621 4845 2622 4845 1748 4846 2622 4846 1750 4846 1750 4847 2622 4847 2623 4847 1750 4848 2623 4848 2619 4848 2620 4849 1748 4849 2624 4849 2624 4850 1748 4850 1746 4850 2624 4851 1746 4851 2625 4851 2626 4852 2627 4852 1744 4852 1744 4853 2627 4853 2628 4853 1744 4854 2628 4854 1746 4854 1746 4855 2628 4855 2629 4855 1746 4856 2629 4856 2625 4856 2626 4857 1744 4857 2630 4857 2630 4858 1744 4858 1742 4858 2630 4859 1742 4859 2631 4859 2632 4860 2633 4860 1740 4860 1740 4861 2633 4861 2634 4861 1740 4862 2634 4862 1742 4862 1742 4863 2634 4863 2635 4863 1742 4864 2635 4864 2631 4864 2632 4865 1740 4865 2636 4865 2636 4866 1740 4866 1738 4866 2636 4867 1738 4867 2637 4867 2638 4868 2639 4868 1659 4868 1659 4869 2639 4869 2640 4869 1659 4870 2640 4870 1738 4870 1738 4871 2640 4871 2641 4871 1738 4872 2641 4872 2637 4872 2638 4873 1659 4873 2642 4873 2642 4874 1659 4874 1643 4874 2642 4875 1643 4875 2643 4875 2644 4876 2645 4876 1654 4876 1654 4877 2645 4877 2646 4877 1654 4878 2646 4878 1643 4878 1643 4879 2646 4879 2647 4879 1643 4880 2647 4880 2643 4880 2644 4881 1654 4881 2648 4881 2648 4882 1654 4882 1703 4882 2648 4883 1703 4883 2649 4883 2650 4884 2651 4884 1705 4884 1705 4885 2651 4885 2652 4885 1705 4886 2652 4886 1703 4886 1703 4887 2652 4887 2653 4887 1703 4888 2653 4888 2649 4888 2650 4889 1705 4889 2654 4889 2654 4890 1705 4890 1768 4890 2654 4891 1768 4891 2655 4891 2656 4892 2657 4892 1766 4892 1766 4893 2657 4893 2658 4893 1766 4894 2658 4894 1768 4894 1768 4895 2658 4895 2659 4895 1768 4896 2659 4896 2655 4896 2656 4897 1766 4897 2660 4897 2660 4898 1766 4898 1764 4898 2660 4899 1764 4899 2661 4899 2662 4900 2663 4900 1526 4900 1526 4901 2663 4901 2664 4901 1526 4902 2664 4902 1764 4902 1764 4903 2664 4903 2665 4903 1764 4904 2665 4904 2661 4904 2662 4905 1526 4905 2666 4905 2666 4906 1526 4906 1511 4906 2666 4907 1511 4907 2667 4907 2668 4908 2669 4908 1508 4908 1508 4909 2669 4909 2670 4909 1508 4910 2670 4910 1511 4910 1511 4911 2670 4911 2671 4911 1511 4912 2671 4912 2667 4912 2668 4913 1508 4913 2672 4913 2672 4914 1508 4914 1505 4914 2672 4915 1505 4915 2673 4915 2674 4916 2675 4916 1502 4916 1502 4917 2675 4917 2676 4917 1502 4918 2676 4918 1505 4918 1505 4919 2676 4919 2677 4919 1505 4920 2677 4920 2673 4920 2674 4921 1502 4921 2678 4921 2678 4922 1502 4922 1478 4922 2678 4923 1478 4923 2679 4923 2680 4924 2681 4924 1481 4924 1481 4925 2681 4925 2682 4925 1481 4926 2682 4926 1478 4926 1478 4927 2682 4927 2683 4927 1478 4928 2683 4928 2679 4928 2680 4929 1481 4929 2684 4929 2684 4930 1481 4930 1774 4930 2684 4931 1774 4931 2685 4931 2686 4932 2687 4932 1772 4932 1772 4933 2687 4933 2688 4933 1772 4934 2688 4934 1774 4934 1774 4935 2688 4935 2689 4935 1774 4936 2689 4936 2685 4936 2686 4937 1772 4937 2690 4937 2690 4938 1772 4938 1770 4938 2690 4939 1770 4939 2691 4939 2692 4940 2693 4940 1622 4940 1622 4941 2693 4941 2694 4941 1622 4942 2694 4942 1770 4942 1770 4943 2694 4943 2695 4943 1770 4944 2695 4944 2691 4944 2692 4945 1622 4945 2696 4945 2696 4946 1622 4946 1594 4946 2696 4947 1594 4947 2697 4947 2593 4948 2698 4948 1584 4948 1584 4949 2698 4949 2699 4949 1584 4950 2699 4950 1594 4950 1594 4951 2699 4951 2700 4951 1594 4952 2700 4952 2697 4952 2701 4953 2702 4953 1352 4953 2703 4954 2704 4954 1347 4954 2705 4955 2706 4955 1376 4955 2707 4956 2708 4956 1360 4956 1360 4957 2708 4957 1358 4957 1358 4958 2708 4958 2709 4958 1358 4959 2709 4959 2710 4959 2711 4960 2712 4960 1362 4960 1362 4961 2712 4961 2713 4961 1362 4962 2713 4962 1360 4962 1360 4963 2713 4963 2714 4963 1360 4964 2714 4964 2715 4964 2715 4965 2716 4965 1360 4965 1360 4966 2716 4966 2717 4966 1360 4967 2717 4967 2707 4967 2718 4968 2719 4968 1364 4968 1364 4969 2719 4969 1362 4969 1362 4970 2719 4970 2720 4970 1362 4971 2720 4971 2721 4971 2721 4972 2722 4972 1362 4972 1362 4973 2722 4973 2723 4973 1362 4974 2723 4974 2711 4974 2724 4975 2725 4975 1366 4975 1366 4976 2725 4976 2726 4976 1366 4977 2726 4977 1364 4977 1364 4978 2726 4978 2727 4978 1364 4979 2727 4979 2728 4979 2728 4980 2729 4980 1364 4980 1364 4981 2729 4981 2730 4981 1364 4982 2730 4982 2718 4982 2706 4983 2731 4983 1376 4983 1376 4984 2731 4984 2732 4984 1376 4985 2732 4985 1366 4985 1366 4986 2732 4986 2733 4986 1366 4987 2733 4987 2724 4987 2734 4988 2735 4988 1374 4988 1374 4989 2735 4989 2736 4989 2736 4990 2737 4990 1374 4990 1374 4991 2737 4991 2738 4991 1374 4992 2738 4992 1376 4992 1376 4993 2738 4993 2739 4993 1376 4994 2739 4994 2705 4994 2740 4995 2741 4995 1372 4995 1372 4996 2741 4996 2742 4996 2742 4997 2743 4997 1372 4997 1372 4998 2743 4998 2744 4998 1372 4999 2744 4999 1374 4999 1374 5000 2744 5000 2745 5000 1374 5001 2745 5001 2734 5001 2746 5002 2747 5002 1370 5002 1370 5003 2747 5003 1372 5003 1372 5004 2747 5004 2748 5004 1372 5005 2748 5005 2740 5005 2749 5006 2750 5006 1370 5006 1370 5007 2750 5007 2751 5007 1370 5008 2751 5008 2746 5008 1367 5009 2752 5009 1368 5009 1368 5010 2752 5010 2753 5010 1368 5011 2753 5011 1370 5011 1370 5012 2753 5012 2754 5012 1370 5013 2754 5013 2749 5013 1344 5014 2755 5014 2756 5014 2757 5015 2758 5015 1367 5015 1367 5016 2758 5016 2759 5016 1367 5017 2759 5017 2752 5017 1344 5018 2756 5018 1367 5018 1367 5019 2756 5019 2760 5019 1367 5020 2760 5020 2757 5020 2761 5021 2762 5021 1345 5021 1345 5022 2762 5022 2763 5022 2764 5023 2765 5023 1344 5023 1344 5024 2765 5024 2766 5024 1344 5025 2766 5025 2755 5025 2763 5026 2767 5026 1345 5026 1345 5027 2767 5027 2768 5027 1345 5028 2768 5028 1344 5028 1344 5029 2768 5029 2769 5029 1344 5030 2769 5030 2764 5030 2704 5031 2770 5031 1347 5031 1347 5032 2770 5032 2771 5032 1347 5033 2771 5033 1345 5033 1345 5034 2771 5034 2772 5034 1345 5035 2772 5035 2761 5035 2773 5036 2774 5036 1350 5036 1350 5037 2774 5037 2775 5037 1350 5038 2775 5038 1347 5038 1347 5039 2775 5039 2776 5039 1347 5040 2776 5040 2703 5040 2702 5041 2777 5041 1352 5041 1352 5042 2777 5042 2778 5042 1352 5043 2778 5043 1350 5043 1350 5044 2778 5044 2779 5044 1350 5045 2779 5045 2773 5045 2780 5046 2781 5046 1354 5046 1354 5047 2781 5047 2782 5047 1354 5048 2782 5048 2783 5048 2783 5049 2784 5049 1354 5049 1354 5050 2784 5050 2785 5050 1354 5051 2785 5051 1352 5051 1352 5052 2785 5052 2786 5052 1352 5053 2786 5053 2701 5053 2787 5054 2788 5054 1356 5054 1356 5055 2788 5055 2789 5055 2789 5056 2790 5056 1356 5056 1356 5057 2790 5057 2791 5057 1356 5058 2791 5058 1354 5058 1354 5059 2791 5059 2792 5059 1354 5060 2792 5060 2780 5060 2710 5061 2793 5061 1358 5061 1358 5062 2793 5062 2794 5062 1358 5063 2794 5063 1356 5063 1356 5064 2794 5064 2795 5064 1356 5065 2795 5065 2787 5065 2757 5066 2760 5066 1588 5066 2721 5067 2720 5067 1612 5067 1606 5068 1605 5068 2754 5068 1612 5069 2720 5069 1613 5069 1613 5070 2720 5070 2719 5070 1613 5071 2719 5071 1614 5071 1619 5072 2724 5072 1620 5072 1620 5073 2724 5073 2733 5073 1620 5074 2733 5074 1621 5074 1588 5075 2760 5075 1589 5075 1589 5076 2760 5076 2756 5076 1589 5077 2756 5077 1590 5077 1635 5078 2717 5078 1636 5078 1636 5079 2717 5079 2716 5079 1636 5080 2716 5080 1637 5080 1637 5081 2716 5081 2715 5081 1637 5082 2715 5082 1638 5082 1638 5083 2715 5083 2714 5083 1638 5084 2714 5084 1639 5084 1639 5085 2714 5085 2713 5085 1639 5086 2713 5086 1640 5086 2713 5087 2712 5087 1640 5087 1640 5088 2712 5088 2711 5088 1640 5089 2711 5089 1641 5089 1641 5090 2711 5090 2723 5090 1641 5091 2723 5091 1642 5091 1642 5092 2723 5092 2722 5092 1642 5093 2722 5093 1609 5093 1609 5094 2722 5094 2721 5094 1609 5095 2721 5095 1611 5095 1611 5096 2721 5096 1612 5096 2719 5097 2718 5097 1614 5097 1614 5098 2718 5098 2730 5098 1614 5099 2730 5099 1615 5099 1615 5100 2730 5100 2729 5100 1615 5101 2729 5101 1616 5101 1616 5102 2729 5102 2728 5102 1616 5103 2728 5103 1617 5103 1617 5104 2728 5104 2727 5104 1617 5105 2727 5105 1618 5105 1618 5106 2727 5106 2726 5106 1618 5107 2726 5107 1619 5107 1619 5108 2726 5108 2725 5108 1619 5109 2725 5109 2724 5109 1621 5110 2733 5110 1623 5110 1623 5111 2733 5111 2732 5111 1623 5112 2732 5112 1624 5112 2732 5113 2731 5113 1624 5113 1624 5114 2731 5114 2706 5114 1624 5115 2706 5115 1625 5115 1625 5116 2706 5116 2705 5116 1625 5117 2705 5117 1626 5117 1626 5118 2705 5118 2739 5118 1626 5119 2739 5119 1627 5119 1627 5120 2739 5120 2738 5120 1627 5121 2738 5121 1628 5121 1628 5122 2738 5122 2737 5122 1628 5123 2737 5123 1629 5123 1629 5124 2737 5124 2736 5124 1629 5125 2736 5125 1630 5125 1630 5126 2736 5126 2735 5126 1630 5127 2735 5127 1631 5127 1631 5128 2735 5128 2734 5128 1631 5129 2734 5129 1595 5129 1595 5130 2734 5130 2745 5130 1595 5131 2745 5131 1596 5131 1596 5132 2745 5132 2744 5132 1596 5133 2744 5133 1597 5133 1597 5134 2744 5134 2743 5134 1597 5135 2743 5135 1598 5135 1598 5136 2743 5136 2742 5136 1598 5137 2742 5137 1599 5137 1599 5138 2742 5138 2741 5138 1599 5139 2741 5139 1600 5139 2741 5140 2740 5140 1600 5140 1600 5141 2740 5141 2748 5141 1600 5142 2748 5142 1601 5142 1601 5143 2748 5143 2747 5143 1601 5144 2747 5144 1602 5144 1602 5145 2747 5145 2746 5145 1602 5146 2746 5146 1603 5146 1603 5147 2746 5147 2751 5147 1603 5148 2751 5148 1604 5148 1604 5149 2751 5149 2750 5149 1604 5150 2750 5150 1605 5150 1605 5151 2750 5151 2749 5151 1605 5152 2749 5152 2754 5152 1606 5153 2754 5153 1607 5153 1607 5154 2754 5154 2753 5154 1607 5155 2753 5155 1585 5155 1585 5156 2753 5156 2752 5156 1585 5157 2752 5157 1586 5157 1586 5158 2752 5158 2759 5158 1586 5159 2759 5159 2758 5159 2757 5160 1588 5160 2758 5160 2758 5161 1588 5161 1587 5161 2758 5162 1587 5162 1586 5162 2756 5163 2755 5163 1590 5163 1590 5164 2755 5164 2766 5164 1590 5165 2766 5165 1591 5165 1591 5166 2766 5166 2765 5166 1591 5167 2765 5167 1592 5167 1592 5168 2765 5168 2764 5168 1592 5169 2764 5169 1593 5169 1593 5170 2764 5170 2769 5170 1593 5171 2769 5171 1579 5171 1579 5172 2769 5172 2768 5172 1579 5173 2768 5173 1580 5173 1580 5174 2768 5174 2767 5174 1580 5175 2767 5175 1582 5175 1582 5176 2767 5176 1583 5176 2767 5177 2763 5177 1583 5177 1583 5178 2763 5178 2762 5178 1583 5179 2762 5179 1561 5179 1561 5180 2762 5180 2761 5180 1561 5181 2761 5181 1562 5181 1562 5182 2761 5182 2772 5182 1562 5183 2772 5183 1563 5183 1563 5184 2772 5184 2771 5184 1563 5185 2771 5185 1564 5185 1564 5186 2771 5186 2770 5186 1564 5187 2770 5187 1565 5187 2770 5188 2704 5188 1565 5188 1565 5189 2704 5189 2703 5189 1565 5190 2703 5190 1566 5190 1566 5191 2703 5191 1567 5191 1567 5192 2703 5192 2776 5192 1567 5193 2776 5193 1568 5193 1575 5194 1574 5194 2777 5194 2777 5195 1574 5195 1573 5195 2777 5196 1573 5196 2778 5196 2778 5197 1573 5197 2779 5197 2776 5198 2775 5198 1568 5198 1568 5199 2775 5199 2774 5199 1568 5200 2774 5200 1572 5200 1572 5201 2774 5201 2773 5201 1572 5202 2773 5202 1571 5202 1571 5203 2773 5203 2779 5203 1571 5204 2779 5204 1569 5204 1569 5205 2779 5205 1573 5205 2777 5206 2702 5206 1575 5206 1575 5207 2702 5207 2701 5207 1575 5208 2701 5208 2786 5208 1549 5209 1548 5209 2783 5209 2783 5210 1548 5210 1547 5210 2783 5211 1547 5211 2784 5211 2784 5212 1547 5212 1578 5212 2784 5213 1578 5213 2785 5213 2785 5214 1578 5214 1577 5214 2785 5215 1577 5215 2786 5215 2786 5216 1577 5216 1576 5216 2786 5217 1576 5217 1575 5217 2783 5218 2782 5218 1549 5218 1549 5219 2782 5219 2781 5219 1549 5220 2781 5220 1550 5220 1550 5221 2781 5221 2780 5221 1550 5222 2780 5222 1551 5222 1551 5223 2780 5223 2792 5223 1551 5224 2792 5224 1552 5224 2792 5225 2791 5225 1552 5225 1552 5226 2791 5226 2790 5226 1552 5227 2790 5227 1553 5227 1553 5228 2790 5228 2789 5228 1553 5229 2789 5229 1554 5229 1554 5230 2789 5230 2788 5230 1554 5231 2788 5231 1555 5231 1555 5232 2788 5232 2787 5232 1555 5233 2787 5233 1556 5233 1556 5234 2787 5234 2795 5234 1556 5235 2795 5235 1558 5235 1558 5236 2795 5236 2794 5236 1558 5237 2794 5237 1559 5237 1559 5238 2794 5238 2793 5238 1559 5239 2793 5239 1632 5239 1632 5240 2793 5240 2710 5240 1632 5241 2710 5241 1633 5241 1633 5242 2710 5242 2709 5242 1633 5243 2709 5243 1634 5243 1634 5244 2709 5244 2708 5244 1634 5245 2708 5245 1635 5245 1635 5246 2708 5246 2707 5246 1635 5247 2707 5247 2717 5247 2796 5248 2797 5248 2798 5248 2799 5249 2800 5249 2801 5249 2802 5250 2803 5250 2804 5250 2804 5251 2803 5251 2805 5251 2805 5252 2803 5252 2806 5252 2805 5253 2806 5253 2807 5253 2808 5254 2809 5254 2810 5254 2811 5255 2812 5255 2804 5255 2804 5256 2812 5256 2813 5256 2804 5257 2813 5257 2802 5257 2810 5258 2809 5258 2804 5258 2804 5259 2809 5259 2814 5259 2804 5260 2814 5260 2811 5260 2815 5261 2816 5261 2817 5261 2817 5262 2816 5262 2810 5262 2816 5263 2818 5263 2810 5263 2810 5264 2818 5264 2819 5264 2810 5265 2819 5265 2820 5265 2820 5266 2821 5266 2810 5266 2810 5267 2821 5267 2822 5267 2810 5268 2822 5268 2808 5268 2823 5269 2824 5269 2825 5269 2823 5270 2825 5270 2817 5270 2817 5271 2825 5271 2826 5271 2817 5272 2826 5272 2827 5272 2827 5273 2828 5273 2817 5273 2817 5274 2828 5274 2829 5274 2817 5275 2829 5275 2815 5275 2830 5276 2831 5276 2832 5276 2832 5277 2831 5277 2833 5277 2833 5278 2834 5278 2832 5278 2832 5279 2834 5279 2835 5279 2832 5280 2835 5280 2823 5280 2823 5281 2835 5281 2836 5281 2823 5282 2836 5282 2824 5282 2837 5283 2838 5283 2839 5283 2839 5284 2838 5284 2832 5284 2832 5285 2838 5285 2840 5285 2832 5286 2840 5286 2830 5286 2841 5287 2842 5287 2843 5287 2843 5288 2842 5288 2844 5288 2844 5289 2845 5289 2843 5289 2843 5290 2845 5290 2846 5290 2843 5291 2846 5291 2839 5291 2839 5292 2846 5292 2847 5292 2839 5293 2847 5293 2848 5293 2848 5294 2849 5294 2839 5294 2839 5295 2849 5295 2850 5295 2839 5296 2850 5296 2837 5296 2851 5297 2852 5297 2853 5297 2853 5298 2854 5298 2851 5298 2851 5299 2854 5299 2855 5299 2851 5300 2855 5300 2843 5300 2843 5301 2855 5301 2856 5301 2843 5302 2856 5302 2841 5302 2857 5303 2858 5303 2859 5303 2859 5304 2858 5304 2860 5304 2859 5305 2860 5305 2851 5305 2851 5306 2860 5306 2861 5306 2851 5307 2861 5307 2852 5307 2862 5308 2863 5308 2859 5308 2859 5309 2863 5309 2864 5309 2859 5310 2864 5310 2857 5310 2800 5311 2865 5311 2801 5311 2801 5312 2865 5312 2866 5312 2801 5313 2866 5313 2859 5313 2859 5314 2866 5314 2867 5314 2859 5315 2867 5315 2862 5315 2868 5316 2869 5316 2870 5316 2870 5317 2869 5317 2871 5317 2871 5318 2872 5318 2870 5318 2870 5319 2872 5319 2873 5319 2870 5320 2873 5320 2801 5320 2801 5321 2873 5321 2874 5321 2801 5322 2874 5322 2799 5322 2797 5323 2875 5323 2798 5323 2798 5324 2875 5324 2876 5324 2798 5325 2876 5325 2870 5325 2870 5326 2876 5326 2877 5326 2870 5327 2877 5327 2868 5327 2878 5328 2879 5328 2880 5328 2880 5329 2879 5329 2881 5329 2880 5330 2881 5330 2798 5330 2798 5331 2881 5331 2882 5331 2798 5332 2882 5332 2796 5332 2883 5333 2884 5333 2885 5333 2885 5334 2884 5334 2886 5334 2886 5335 2887 5335 2885 5335 2885 5336 2887 5336 2888 5336 2885 5337 2888 5337 2880 5337 2880 5338 2888 5338 2889 5338 2880 5339 2889 5339 2878 5339 2890 5340 2891 5340 2892 5340 2892 5341 2891 5341 2893 5341 2892 5342 2893 5342 2894 5342 2894 5343 2895 5343 2892 5343 2892 5344 2895 5344 2896 5344 2892 5345 2896 5345 2885 5345 2885 5346 2896 5346 2897 5346 2885 5347 2897 5347 2883 5347 2898 5348 2899 5348 2900 5348 2900 5349 2899 5349 2901 5349 2901 5350 2902 5350 2900 5350 2900 5351 2902 5351 2903 5351 2900 5352 2903 5352 2892 5352 2892 5353 2903 5353 2904 5353 2892 5354 2904 5354 2890 5354 2807 5355 2905 5355 2805 5355 2805 5356 2905 5356 2906 5356 2805 5357 2906 5357 2900 5357 2900 5358 2906 5358 2907 5358 2900 5359 2907 5359 2898 5359 2823 5360 1308 5360 2832 5360 2832 5361 1308 5361 1310 5361 2832 5362 1310 5362 2839 5362 2839 5363 1310 5363 1309 5363 2839 5364 1309 5364 2843 5364 2843 5365 1309 5365 1311 5365 2843 5366 1311 5366 2851 5366 2851 5367 1311 5367 1312 5367 2851 5368 1312 5368 2859 5368 2859 5369 1312 5369 1313 5369 2859 5370 1313 5370 2801 5370 2801 5371 1313 5371 1314 5371 2801 5372 1314 5372 2870 5372 2870 5373 1314 5373 1315 5373 2870 5374 1315 5374 2798 5374 1315 5375 1316 5375 2798 5375 2798 5376 1316 5376 1317 5376 2798 5377 1317 5377 2880 5377 2880 5378 1317 5378 1318 5378 2880 5379 1318 5379 2885 5379 2885 5380 1318 5380 1319 5380 2885 5381 1319 5381 2892 5381 2892 5382 1319 5382 1320 5382 2892 5383 1320 5383 2900 5383 2900 5384 1320 5384 1321 5384 2900 5385 1321 5385 2805 5385 2805 5386 1321 5386 1303 5386 2805 5387 1303 5387 2804 5387 2804 5388 1303 5388 1304 5388 2804 5389 1304 5389 2810 5389 2810 5390 1304 5390 1305 5390 2810 5391 1305 5391 2817 5391 2817 5392 1305 5392 1306 5392 2817 5393 1306 5393 2823 5393 2823 5394 1306 5394 1307 5394 2823 5395 1307 5395 1308 5395 2868 5396 2877 5396 1663 5396 2887 5397 2886 5397 1672 5397 1649 5398 2902 5398 1650 5398 1650 5399 2902 5399 2901 5399 1650 5400 2901 5400 1651 5400 2887 5401 1672 5401 2888 5401 1680 5402 2860 5402 1681 5402 1681 5403 2860 5403 2858 5403 1681 5404 2858 5404 1682 5404 1718 5405 2833 5405 2831 5405 2901 5406 2899 5406 1651 5406 1651 5407 2899 5407 2898 5407 1651 5408 2898 5408 1652 5408 1652 5409 2898 5409 2907 5409 2894 5410 2893 5410 1646 5410 1646 5411 2893 5411 2891 5411 1646 5412 2891 5412 1647 5412 1647 5413 2891 5413 2890 5413 1647 5414 2890 5414 1648 5414 1648 5415 2890 5415 2904 5415 1648 5416 2904 5416 1649 5416 1649 5417 2904 5417 2903 5417 1649 5418 2903 5418 2902 5418 1646 5419 1645 5419 2894 5419 2894 5420 1645 5420 1644 5420 2894 5421 1644 5421 2895 5421 2895 5422 1644 5422 1677 5422 2895 5423 1677 5423 2896 5423 1677 5424 1676 5424 2896 5424 2896 5425 1676 5425 1675 5425 2896 5426 1675 5426 2897 5426 2897 5427 1675 5427 1674 5427 2897 5428 1674 5428 2883 5428 2883 5429 1674 5429 2884 5429 2884 5430 1674 5430 2886 5430 2886 5431 1674 5431 1673 5431 2886 5432 1673 5432 1672 5432 1672 5433 1671 5433 2888 5433 2888 5434 1671 5434 1670 5434 2888 5435 1670 5435 2889 5435 2889 5436 1670 5436 1669 5436 2889 5437 1669 5437 2878 5437 1666 5438 2796 5438 1667 5438 1667 5439 2796 5439 2882 5439 2878 5440 1669 5440 2879 5440 2879 5441 1669 5441 1658 5441 2879 5442 1658 5442 2881 5442 2881 5443 1658 5443 1657 5443 2881 5444 1657 5444 2882 5444 2882 5445 1657 5445 1668 5445 2882 5446 1668 5446 1667 5446 1663 5447 2877 5447 1664 5447 1664 5448 2877 5448 2876 5448 1664 5449 2876 5449 1665 5449 1665 5450 2876 5450 2875 5450 1665 5451 2875 5451 1666 5451 1666 5452 2875 5452 2797 5452 1666 5453 2797 5453 2796 5453 2872 5454 2871 5454 1661 5454 1661 5455 2871 5455 2869 5455 2868 5456 1663 5456 2869 5456 2869 5457 1663 5457 1662 5457 2869 5458 1662 5458 1661 5458 1661 5459 1476 5459 2872 5459 2872 5460 1476 5460 1475 5460 2872 5461 1475 5461 2873 5461 2873 5462 1475 5462 1690 5462 2873 5463 1690 5463 2874 5463 2874 5464 1690 5464 1689 5464 2874 5465 1689 5465 2799 5465 2799 5466 1689 5466 1688 5466 2799 5467 1688 5467 2800 5467 2800 5468 1688 5468 1687 5468 2858 5469 2857 5469 1682 5469 1682 5470 2857 5470 2864 5470 1682 5471 2864 5471 1683 5471 1683 5472 2864 5472 2863 5472 1683 5473 2863 5473 1684 5473 1684 5474 2863 5474 2862 5474 1684 5475 2862 5475 1685 5475 1685 5476 2862 5476 2867 5476 1685 5477 2867 5477 1686 5477 1686 5478 2867 5478 2866 5478 1686 5479 2866 5479 1687 5479 1687 5480 2866 5480 2865 5480 1687 5481 2865 5481 2800 5481 1701 5482 2861 5482 1702 5482 1702 5483 2861 5483 2860 5483 1702 5484 2860 5484 1679 5484 1679 5485 2860 5485 1680 5485 1697 5486 2856 5486 1698 5486 1698 5487 2856 5487 2855 5487 1698 5488 2855 5488 1699 5488 1699 5489 2855 5489 2854 5489 1699 5490 2854 5490 1700 5490 1700 5491 2854 5491 2853 5491 1700 5492 2853 5492 1701 5492 1701 5493 2853 5493 2852 5493 1701 5494 2852 5494 2861 5494 1718 5495 2831 5495 1719 5495 1719 5496 2831 5496 2830 5496 1719 5497 2830 5497 1720 5497 1720 5498 2830 5498 2840 5498 1720 5499 2840 5499 1721 5499 1721 5500 2840 5500 2838 5500 1721 5501 2838 5501 1722 5501 1722 5502 2838 5502 2837 5502 1722 5503 2837 5503 1723 5503 1723 5504 2837 5504 2850 5504 1723 5505 2850 5505 1724 5505 1724 5506 2850 5506 2849 5506 1724 5507 2849 5507 1725 5507 1725 5508 2849 5508 2848 5508 1725 5509 2848 5509 1692 5509 1692 5510 2848 5510 2847 5510 1692 5511 2847 5511 1693 5511 1693 5512 2847 5512 2846 5512 1693 5513 2846 5513 1694 5513 1694 5514 2846 5514 2845 5514 1694 5515 2845 5515 1695 5515 1695 5516 2845 5516 2844 5516 1695 5517 2844 5517 1696 5517 1696 5518 2844 5518 2842 5518 1696 5519 2842 5519 1697 5519 1697 5520 2842 5520 2841 5520 1697 5521 2841 5521 2856 5521 2833 5522 1718 5522 2834 5522 2834 5523 1718 5523 1717 5523 2834 5524 1717 5524 2835 5524 2835 5525 1717 5525 1715 5525 2835 5526 1715 5526 2836 5526 2836 5527 1715 5527 1714 5527 2836 5528 1714 5528 2824 5528 2824 5529 1714 5529 1713 5529 2824 5530 1713 5530 2825 5530 2825 5531 1713 5531 1712 5531 2825 5532 1712 5532 2826 5532 2826 5533 1712 5533 1711 5533 2826 5534 1711 5534 2827 5534 2827 5535 1711 5535 1710 5535 2827 5536 1710 5536 2828 5536 2828 5537 1710 5537 1709 5537 2828 5538 1709 5538 2829 5538 2829 5539 1709 5539 1708 5539 2829 5540 1708 5540 2815 5540 2815 5541 1708 5541 2816 5541 2816 5542 1708 5542 1707 5542 2816 5543 1707 5543 2818 5543 2818 5544 1707 5544 1706 5544 2818 5545 1706 5545 2819 5545 1706 5546 1704 5546 2819 5546 2819 5547 1704 5547 1737 5547 2819 5548 1737 5548 2820 5548 2820 5549 1737 5549 1736 5549 2820 5550 1736 5550 2821 5550 2821 5551 1736 5551 1735 5551 2821 5552 1735 5552 2822 5552 2822 5553 1735 5553 2808 5553 2808 5554 1735 5554 1734 5554 2808 5555 1734 5555 2809 5555 2809 5556 1734 5556 1733 5556 2809 5557 1733 5557 2814 5557 2814 5558 1733 5558 1732 5558 2814 5559 1732 5559 2811 5559 2811 5560 1732 5560 1731 5560 2811 5561 1731 5561 2812 5561 2812 5562 1731 5562 1730 5562 2812 5563 1730 5563 2813 5563 2813 5564 1730 5564 1729 5564 2813 5565 1729 5565 2802 5565 2802 5566 1729 5566 2803 5566 2803 5567 1729 5567 1728 5567 2803 5568 1728 5568 2806 5568 2806 5569 1728 5569 1727 5569 2806 5570 1727 5570 2807 5570 2807 5571 1727 5571 1726 5571 2807 5572 1726 5572 2905 5572 2905 5573 1726 5573 1656 5573 2905 5574 1656 5574 2906 5574 2906 5575 1656 5575 1655 5575 2906 5576 1655 5576 2907 5576 2907 5577 1655 5577 1653 5577 2907 5578 1653 5578 1652 5578 1459 5579 1461 5579 2908 5579 2908 5580 1461 5580 1463 5580 2908 5581 1463 5581 1465 5581 1453 5582 1455 5582 2908 5582 2908 5583 1455 5583 1457 5583 2908 5584 1457 5584 1459 5584 1471 5585 1473 5585 2908 5585 2908 5586 1473 5586 1451 5586 2908 5587 1451 5587 1453 5587 1465 5588 1467 5588 2908 5588 2908 5589 1467 5589 1469 5589 2908 5590 1469 5590 1471 5590 1435 5591 1437 5591 2909 5591 2909 5592 1437 5592 1439 5592 2909 5593 1439 5593 1441 5593 1429 5594 1431 5594 2909 5594 2909 5595 1431 5595 1433 5595 2909 5596 1433 5596 1435 5596 1447 5597 1449 5597 2909 5597 2909 5598 1449 5598 1427 5598 2909 5599 1427 5599 1429 5599 1441 5600 1443 5600 2909 5600 2909 5601 1443 5601 1445 5601 2909 5602 1445 5602 1447 5602 1411 5603 1413 5603 2910 5603 2910 5604 1413 5604 1415 5604 2910 5605 1415 5605 1417 5605 1405 5606 1407 5606 2910 5606 2910 5607 1407 5607 1409 5607 2910 5608 1409 5608 1411 5608 1423 5609 1425 5609 2910 5609 2910 5610 1425 5610 1403 5610 2910 5611 1403 5611 1405 5611 1417 5612 1419 5612 2910 5612 2910 5613 1419 5613 1421 5613 2910 5614 1421 5614 1423 5614 1387 5615 1389 5615 2911 5615 2911 5616 1389 5616 1391 5616 2911 5617 1391 5617 1393 5617 1381 5618 1383 5618 2911 5618 2911 5619 1383 5619 1385 5619 2911 5620 1385 5620 1387 5620 1399 5621 1401 5621 2911 5621 2911 5622 1401 5622 1379 5622 2911 5623 1379 5623 1381 5623 1393 5624 1395 5624 2911 5624 2911 5625 1395 5625 1397 5625 2911 5626 1397 5626 1399 5626 2912 5627 2913 5627 2914 5627 2915 5628 2916 5628 2917 5628 2918 5629 2919 5629 2912 5629 2920 5630 2915 5630 2921 5630 2921 5631 2915 5631 2917 5631 2921 5632 2917 5632 2922 5632 2922 5633 2917 5633 2914 5633 2914 5634 2917 5634 2912 5634 2912 5635 2917 5635 2923 5635 2912 5636 2923 5636 2918 5636 2924 5637 2920 5637 2925 5637 2925 5638 2920 5638 2921 5638 2925 5639 2921 5639 2926 5639 2927 5640 2928 5640 2922 5640 2922 5641 2928 5641 2929 5641 2922 5642 2929 5642 2921 5642 2921 5643 2929 5643 2930 5643 2921 5644 2930 5644 2926 5644 2927 5645 2922 5645 2931 5645 2931 5646 2922 5646 2914 5646 2931 5647 2914 5647 2932 5647 2913 5648 2933 5648 2914 5648 2914 5649 2933 5649 2934 5649 2914 5650 2934 5650 2932 5650 2935 5651 2936 5651 2912 5651 2912 5652 2936 5652 2937 5652 2912 5653 2937 5653 2913 5653 2913 5654 2937 5654 2938 5654 2913 5655 2938 5655 2933 5655 2935 5656 2912 5656 2939 5656 2939 5657 2912 5657 2919 5657 2939 5658 2919 5658 2940 5658 2941 5659 2942 5659 2918 5659 2918 5660 2942 5660 2943 5660 2918 5661 2943 5661 2919 5661 2919 5662 2943 5662 2944 5662 2919 5663 2944 5663 2940 5663 2941 5664 2918 5664 2945 5664 2945 5665 2918 5665 2923 5665 2945 5666 2923 5666 2946 5666 2947 5667 2948 5667 2917 5667 2917 5668 2948 5668 2949 5668 2917 5669 2949 5669 2923 5669 2923 5670 2949 5670 2950 5670 2923 5671 2950 5671 2946 5671 2947 5672 2917 5672 2951 5672 2951 5673 2917 5673 2916 5673 2951 5674 2916 5674 2952 5674 2952 5675 2916 5675 2953 5675 2953 5676 2916 5676 2915 5676 2953 5677 2915 5677 2954 5677 2924 5678 2955 5678 2920 5678 2920 5679 2955 5679 2956 5679 2920 5680 2956 5680 2915 5680 2915 5681 2956 5681 2957 5681 2915 5682 2957 5682 2954 5682 2958 5683 2959 5683 2946 5683 2946 5684 2959 5684 2960 5684 2946 5685 2960 5685 2945 5685 2945 5686 2960 5686 2961 5686 2945 5687 2961 5687 2941 5687 2941 5688 2961 5688 2962 5688 2941 5689 2962 5689 2942 5689 2942 5690 2962 5690 2963 5690 2942 5691 2963 5691 2943 5691 2943 5692 2963 5692 2964 5692 2943 5693 2964 5693 2944 5693 2944 5694 2964 5694 2965 5694 2944 5695 2965 5695 2940 5695 2940 5696 2965 5696 2966 5696 2940 5697 2966 5697 2939 5697 2939 5698 2966 5698 2967 5698 2939 5699 2967 5699 2935 5699 2935 5700 2967 5700 2968 5700 2935 5701 2968 5701 2936 5701 2936 5702 2968 5702 2969 5702 2936 5703 2969 5703 2937 5703 2937 5704 2969 5704 2970 5704 2937 5705 2970 5705 2938 5705 2938 5706 2970 5706 2971 5706 2938 5707 2971 5707 2933 5707 2933 5708 2971 5708 2972 5708 2933 5709 2972 5709 2934 5709 2934 5710 2972 5710 2973 5710 2934 5711 2973 5711 2932 5711 2932 5712 2973 5712 2974 5712 2932 5713 2974 5713 2931 5713 2931 5714 2974 5714 2975 5714 2931 5715 2975 5715 2927 5715 2927 5716 2975 5716 2928 5716 2975 5717 2976 5717 2928 5717 2928 5718 2976 5718 2977 5718 2928 5719 2977 5719 2929 5719 2929 5720 2977 5720 2978 5720 2929 5721 2978 5721 2930 5721 2930 5722 2978 5722 2979 5722 2930 5723 2979 5723 2926 5723 2926 5724 2979 5724 2980 5724 2926 5725 2980 5725 2925 5725 2925 5726 2980 5726 2981 5726 2925 5727 2981 5727 2924 5727 2924 5728 2981 5728 2982 5728 2924 5729 2982 5729 2955 5729 2955 5730 2982 5730 2983 5730 2955 5731 2983 5731 2956 5731 2956 5732 2983 5732 2984 5732 2956 5733 2984 5733 2957 5733 2957 5734 2984 5734 2985 5734 2957 5735 2985 5735 2954 5735 2954 5736 2985 5736 2986 5736 2954 5737 2986 5737 2953 5737 2953 5738 2986 5738 2987 5738 2953 5739 2987 5739 2952 5739 2952 5740 2987 5740 2988 5740 2952 5741 2988 5741 2951 5741 2951 5742 2988 5742 2989 5742 2951 5743 2989 5743 2947 5743 2947 5744 2989 5744 2990 5744 2947 5745 2990 5745 2948 5745 2948 5746 2990 5746 2991 5746 2948 5747 2991 5747 2949 5747 2949 5748 2991 5748 2958 5748 2949 5749 2958 5749 2950 5749 2950 5750 2958 5750 2946 5750 2984 5751 2983 5751 2992 5751 2992 5752 2983 5752 2993 5752 2992 5753 2994 5753 2984 5753 2984 5754 2994 5754 2995 5754 2984 5755 2995 5755 2985 5755 2985 5756 2995 5756 2986 5756 2996 5757 2997 5757 2961 5757 2996 5758 2961 5758 2998 5758 2998 5759 2961 5759 2960 5759 2998 5760 2960 5760 2999 5760 2995 5761 3000 5761 2986 5761 2986 5762 3000 5762 3001 5762 2986 5763 3001 5763 2987 5763 2987 5764 3001 5764 3002 5764 2987 5765 3002 5765 2988 5765 2988 5766 3002 5766 3003 5766 2988 5767 3003 5767 2989 5767 2989 5768 3003 5768 3004 5768 2989 5769 3004 5769 2990 5769 2990 5770 3004 5770 3005 5770 2990 5771 3005 5771 2991 5771 2991 5772 3005 5772 3006 5772 2991 5773 3006 5773 2958 5773 2958 5774 3006 5774 2999 5774 2958 5775 2999 5775 2959 5775 2959 5776 2999 5776 2960 5776 3007 5777 3008 5777 2964 5777 3007 5778 2964 5778 3009 5778 3009 5779 2964 5779 2963 5779 3009 5780 2963 5780 2997 5780 2997 5781 2963 5781 2962 5781 2997 5782 2962 5782 2961 5782 2967 5783 2966 5783 3010 5783 3010 5784 2966 5784 3008 5784 3008 5785 2966 5785 2965 5785 3008 5786 2965 5786 2964 5786 3010 5787 3011 5787 2967 5787 2967 5788 3011 5788 3012 5788 2967 5789 3012 5789 2968 5789 2968 5790 3012 5790 2969 5790 3013 5791 3014 5791 2978 5791 3013 5792 2978 5792 3015 5792 3015 5793 2978 5793 2977 5793 3015 5794 2977 5794 3016 5794 3012 5795 3017 5795 2969 5795 2969 5796 3017 5796 3018 5796 2969 5797 3018 5797 2970 5797 2970 5798 3018 5798 3019 5798 2970 5799 3019 5799 2971 5799 2971 5800 3019 5800 3020 5800 2971 5801 3020 5801 2972 5801 2972 5802 3020 5802 3021 5802 2972 5803 3021 5803 2973 5803 2973 5804 3021 5804 3022 5804 2973 5805 3022 5805 2974 5805 2974 5806 3022 5806 3023 5806 2974 5807 3023 5807 2975 5807 2975 5808 3023 5808 3016 5808 2975 5809 3016 5809 2976 5809 2976 5810 3016 5810 2977 5810 2983 5811 2982 5811 2993 5811 2993 5812 2982 5812 2981 5812 2993 5813 2981 5813 3024 5813 3024 5814 2981 5814 3025 5814 3025 5815 2981 5815 2980 5815 3025 5816 2980 5816 3014 5816 3014 5817 2980 5817 2979 5817 3014 5818 2979 5818 2978 5818 3015 5819 3026 5819 3013 5819 3013 5820 3026 5820 3027 5820 3013 5821 3027 5821 3014 5821 2997 5822 3028 5822 3009 5822 3009 5823 3028 5823 3029 5823 3009 5824 3029 5824 3007 5824 3019 5825 3018 5825 3030 5825 3007 5826 3029 5826 3008 5826 3008 5827 3029 5827 3031 5827 3008 5828 3031 5828 3010 5828 3032 5829 3033 5829 3006 5829 3030 5830 3018 5830 3034 5830 2997 5831 2996 5831 3028 5831 3028 5832 2996 5832 2998 5832 3028 5833 2998 5833 3033 5833 3033 5834 2998 5834 2999 5834 3033 5835 2999 5835 3006 5835 2992 5836 3035 5836 2994 5836 2994 5837 3035 5837 3036 5837 2992 5838 2993 5838 3035 5838 3035 5839 2993 5839 3024 5839 3035 5840 3024 5840 3027 5840 3027 5841 3024 5841 3025 5841 3027 5842 3025 5842 3014 5842 3015 5843 3016 5843 3026 5843 3026 5844 3016 5844 3023 5844 3026 5845 3023 5845 3037 5845 3037 5846 3023 5846 3022 5846 3037 5847 3022 5847 3038 5847 3038 5848 3022 5848 3021 5848 3038 5849 3021 5849 3030 5849 3030 5850 3021 5850 3020 5850 3030 5851 3020 5851 3019 5851 3018 5852 3017 5852 3034 5852 3034 5853 3017 5853 3012 5853 3034 5854 3012 5854 3031 5854 3031 5855 3012 5855 3011 5855 3031 5856 3011 5856 3010 5856 3006 5857 3005 5857 3032 5857 3032 5858 3005 5858 3004 5858 3032 5859 3004 5859 3039 5859 3039 5860 3004 5860 3003 5860 3039 5861 3003 5861 3040 5861 3040 5862 3003 5862 3002 5862 3002 5863 3001 5863 3040 5863 3040 5864 3001 5864 3000 5864 3040 5865 3000 5865 3036 5865 3036 5866 3000 5866 2995 5866 3036 5867 2995 5867 2994 5867 3041 5868 3035 5868 3042 5868 3042 5869 3035 5869 3027 5869 3042 5870 3027 5870 3043 5870 3026 5871 3044 5871 3045 5871 3026 5872 3045 5872 3027 5872 3027 5873 3045 5873 3046 5873 3027 5874 3046 5874 3043 5874 3037 5875 3047 5875 3026 5875 3026 5876 3047 5876 3048 5876 3026 5877 3048 5877 3044 5877 3030 5878 3049 5878 3050 5878 3030 5879 3050 5879 3038 5879 3050 5880 3051 5880 3038 5880 3038 5881 3051 5881 3052 5881 3038 5882 3052 5882 3037 5882 3037 5883 3052 5883 3053 5883 3037 5884 3053 5884 3047 5884 3034 5885 3054 5885 3055 5885 3034 5886 3055 5886 3030 5886 3030 5887 3055 5887 3056 5887 3030 5888 3056 5888 3049 5888 3031 5889 3057 5889 3058 5889 3031 5890 3058 5890 3034 5890 3034 5891 3058 5891 3059 5891 3034 5892 3059 5892 3054 5892 3029 5893 3060 5893 3061 5893 3029 5894 3061 5894 3031 5894 3031 5895 3061 5895 3062 5895 3031 5896 3062 5896 3057 5896 3028 5897 3063 5897 3064 5897 3028 5898 3064 5898 3029 5898 3029 5899 3064 5899 3065 5899 3029 5900 3065 5900 3060 5900 3033 5901 3066 5901 3067 5901 3033 5902 3067 5902 3028 5902 3028 5903 3067 5903 3068 5903 3028 5904 3068 5904 3063 5904 3032 5905 3069 5905 3033 5905 3033 5906 3069 5906 3070 5906 3033 5907 3070 5907 3066 5907 3040 5908 3071 5908 3072 5908 3040 5909 3072 5909 3039 5909 3072 5910 3073 5910 3039 5910 3039 5911 3073 5911 3074 5911 3039 5912 3074 5912 3032 5912 3032 5913 3074 5913 3075 5913 3032 5914 3075 5914 3069 5914 3036 5915 3076 5915 3077 5915 3036 5916 3077 5916 3040 5916 3040 5917 3077 5917 3078 5917 3040 5918 3078 5918 3071 5918 3041 5919 3079 5919 3035 5919 3035 5920 3079 5920 3080 5920 3035 5921 3080 5921 3036 5921 3036 5922 3080 5922 3081 5922 3036 5923 3081 5923 3076 5923 3082 5924 3051 5924 3083 5924 3083 5925 3051 5925 3050 5925 3083 5926 3050 5926 3084 5926 3084 5927 3050 5927 3049 5927 3084 5928 3049 5928 3085 5928 3085 5929 3049 5929 3056 5929 3085 5930 3056 5930 3086 5930 3086 5931 3056 5931 3055 5931 3086 5932 3055 5932 3087 5932 3087 5933 3055 5933 3054 5933 3087 5934 3054 5934 3088 5934 3088 5935 3054 5935 3059 5935 3088 5936 3059 5936 3089 5936 3089 5937 3059 5937 3058 5937 3089 5938 3058 5938 3090 5938 3090 5939 3058 5939 3057 5939 3090 5940 3057 5940 3091 5940 3091 5941 3057 5941 3062 5941 3091 5942 3062 5942 3092 5942 3092 5943 3062 5943 3061 5943 3092 5944 3061 5944 3093 5944 3093 5945 3061 5945 3060 5945 3093 5946 3060 5946 3094 5946 3094 5947 3060 5947 3065 5947 3094 5948 3065 5948 3095 5948 3095 5949 3065 5949 3064 5949 3095 5950 3064 5950 3096 5950 3096 5951 3064 5951 3063 5951 3096 5952 3063 5952 3097 5952 3097 5953 3063 5953 3068 5953 3097 5954 3068 5954 3098 5954 3098 5955 3068 5955 3067 5955 3098 5956 3067 5956 3099 5956 3099 5957 3067 5957 3066 5957 3099 5958 3066 5958 3100 5958 3100 5959 3066 5959 3070 5959 3100 5960 3070 5960 3101 5960 3070 5961 3069 5961 3101 5961 3101 5962 3069 5962 3075 5962 3101 5963 3075 5963 3102 5963 3102 5964 3075 5964 3074 5964 3102 5965 3074 5965 3103 5965 3103 5966 3074 5966 3073 5966 3103 5967 3073 5967 3104 5967 3104 5968 3073 5968 3072 5968 3104 5969 3072 5969 3105 5969 3105 5970 3072 5970 3071 5970 3105 5971 3071 5971 3106 5971 3106 5972 3071 5972 3078 5972 3106 5973 3078 5973 3107 5973 3107 5974 3078 5974 3077 5974 3107 5975 3077 5975 3108 5975 3108 5976 3077 5976 3076 5976 3108 5977 3076 5977 3109 5977 3109 5978 3076 5978 3081 5978 3109 5979 3081 5979 3110 5979 3110 5980 3081 5980 3080 5980 3110 5981 3080 5981 3111 5981 3111 5982 3080 5982 3079 5982 3111 5983 3079 5983 3112 5983 3112 5984 3079 5984 3041 5984 3112 5985 3041 5985 3113 5985 3113 5986 3041 5986 3042 5986 3113 5987 3042 5987 3114 5987 3114 5988 3042 5988 3043 5988 3114 5989 3043 5989 3115 5989 3115 5990 3043 5990 3046 5990 3115 5991 3046 5991 3116 5991 3116 5992 3046 5992 3045 5992 3116 5993 3045 5993 3117 5993 3117 5994 3045 5994 3044 5994 3117 5995 3044 5995 3118 5995 3118 5996 3044 5996 3048 5996 3118 5997 3048 5997 3119 5997 3119 5998 3048 5998 3047 5998 3119 5999 3047 5999 3120 5999 3120 6000 3047 6000 3053 6000 3120 6001 3053 6001 3082 6001 3082 6002 3053 6002 3052 6002 3082 6003 3052 6003 3051 6003 3113 6004 3121 6004 3112 6004 3112 6005 3121 6005 3122 6005 3112 6006 3122 6006 3111 6006 3111 6007 3122 6007 3123 6007 3111 6008 3123 6008 3110 6008 3110 6009 3123 6009 3124 6009 3110 6010 3124 6010 3109 6010 3109 6011 3124 6011 3125 6011 3109 6012 3125 6012 3108 6012 3108 6013 3125 6013 3126 6013 3108 6014 3126 6014 3107 6014 3107 6015 3126 6015 3127 6015 3107 6016 3127 6016 3106 6016 3106 6017 3127 6017 3128 6017 3106 6018 3128 6018 3105 6018 3105 6019 3128 6019 3129 6019 3105 6020 3129 6020 3104 6020 3104 6021 3129 6021 3130 6021 3104 6022 3130 6022 3103 6022 3103 6023 3130 6023 3131 6023 3103 6024 3131 6024 3102 6024 3102 6025 3131 6025 3132 6025 3102 6026 3132 6026 3101 6026 3101 6027 3132 6027 3133 6027 3101 6028 3133 6028 3100 6028 3100 6029 3133 6029 3134 6029 3100 6030 3134 6030 3099 6030 3099 6031 3134 6031 3135 6031 3099 6032 3135 6032 3098 6032 3098 6033 3135 6033 3136 6033 3098 6034 3136 6034 3097 6034 3097 6035 3136 6035 3137 6035 3097 6036 3137 6036 3096 6036 3096 6037 3137 6037 3138 6037 3096 6038 3138 6038 3095 6038 3095 6039 3138 6039 3139 6039 3095 6040 3139 6040 3094 6040 3094 6041 3139 6041 3140 6041 3094 6042 3140 6042 3093 6042 3093 6043 3140 6043 3141 6043 3093 6044 3141 6044 3092 6044 3092 6045 3141 6045 3142 6045 3092 6046 3142 6046 3091 6046 3091 6047 3142 6047 3143 6047 3091 6048 3143 6048 3090 6048 3090 6049 3143 6049 3144 6049 3090 6050 3144 6050 3089 6050 3089 6051 3144 6051 3145 6051 3089 6052 3145 6052 3088 6052 3088 6053 3145 6053 3146 6053 3088 6054 3146 6054 3087 6054 3087 6055 3146 6055 3147 6055 3087 6056 3147 6056 3086 6056 3086 6057 3147 6057 3148 6057 3086 6058 3148 6058 3085 6058 3085 6059 3148 6059 3149 6059 3085 6060 3149 6060 3084 6060 3084 6061 3149 6061 3150 6061 3084 6062 3150 6062 3083 6062 3083 6063 3150 6063 3151 6063 3083 6064 3151 6064 3082 6064 3082 6065 3151 6065 3152 6065 3082 6066 3152 6066 3120 6066 3120 6067 3152 6067 3153 6067 3120 6068 3153 6068 3119 6068 3119 6069 3153 6069 3154 6069 3119 6070 3154 6070 3118 6070 3118 6071 3154 6071 3155 6071 3118 6072 3155 6072 3117 6072 3117 6073 3155 6073 3156 6073 3117 6074 3156 6074 3116 6074 3116 6075 3156 6075 3157 6075 3116 6076 3157 6076 3115 6076 3115 6077 3157 6077 3158 6077 3115 6078 3158 6078 3114 6078 3114 6079 3158 6079 3159 6079 3114 6080 3159 6080 3113 6080 3113 6081 3159 6081 3121 6081 3129 6082 3128 6082 3160 6082 3161 6083 3122 6083 3121 6083 3162 6084 3163 6084 3142 6084 3160 6085 3128 6085 3164 6085 3161 6086 3121 6086 3165 6086 3147 6087 3146 6087 3166 6087 3139 6088 3167 6088 3140 6088 3140 6089 3167 6089 3162 6089 3140 6090 3162 6090 3141 6090 3141 6091 3162 6091 3142 6091 3121 6092 3159 6092 3165 6092 3165 6093 3159 6093 3158 6093 3165 6094 3158 6094 3168 6094 3168 6095 3158 6095 3157 6095 3139 6096 3138 6096 3167 6096 3167 6097 3138 6097 3137 6097 3167 6098 3137 6098 3169 6098 3166 6099 3146 6099 3170 6099 3122 6100 3161 6100 3123 6100 3123 6101 3161 6101 3171 6101 3123 6102 3171 6102 3124 6102 3157 6103 3156 6103 3168 6103 3168 6104 3156 6104 3155 6104 3168 6105 3155 6105 3172 6105 3172 6106 3155 6106 3154 6106 3172 6107 3154 6107 3173 6107 3137 6108 3136 6108 3169 6108 3169 6109 3136 6109 3135 6109 3169 6110 3135 6110 3174 6110 3174 6111 3135 6111 3134 6111 3174 6112 3134 6112 3175 6112 3128 6113 3127 6113 3164 6113 3164 6114 3127 6114 3126 6114 3164 6115 3126 6115 3171 6115 3171 6116 3126 6116 3125 6116 3171 6117 3125 6117 3124 6117 3146 6118 3145 6118 3170 6118 3170 6119 3145 6119 3144 6119 3170 6120 3144 6120 3163 6120 3163 6121 3144 6121 3143 6121 3163 6122 3143 6122 3142 6122 3134 6123 3133 6123 3175 6123 3175 6124 3133 6124 3132 6124 3175 6125 3132 6125 3176 6125 3176 6126 3132 6126 3131 6126 3176 6127 3131 6127 3160 6127 3160 6128 3131 6128 3130 6128 3160 6129 3130 6129 3129 6129 3177 6130 3149 6130 3166 6130 3166 6131 3149 6131 3148 6131 3166 6132 3148 6132 3147 6132 3154 6133 3153 6133 3173 6133 3173 6134 3153 6134 3152 6134 3173 6135 3152 6135 3178 6135 3178 6136 3152 6136 3151 6136 3178 6137 3151 6137 3177 6137 3177 6138 3151 6138 3150 6138 3177 6139 3150 6139 3149 6139 3179 6140 3180 6140 3181 6140 3179 6141 3181 6141 3161 6141 3181 6142 3182 6142 3161 6142 3161 6143 3182 6143 3183 6143 3161 6144 3183 6144 3184 6144 3184 6145 3185 6145 3161 6145 3161 6146 3185 6146 3186 6146 3161 6147 3186 6147 3171 6147 3186 6148 3187 6148 3171 6148 3171 6149 3187 6149 3188 6149 3171 6150 3188 6150 3189 6150 3189 6151 3190 6151 3171 6151 3171 6152 3190 6152 3191 6152 3171 6153 3191 6153 3192 6153 3192 6154 3191 6154 3193 6154 3170 6155 3194 6155 3195 6155 3196 6156 3197 6156 3198 6156 3198 6157 3197 6157 3170 6157 3198 6158 3170 6158 3199 6158 3199 6159 3170 6159 3195 6159 3200 6160 3201 6160 3202 6160 3200 6161 3202 6161 3162 6161 3162 6162 3202 6162 3203 6162 3162 6163 3203 6163 3204 6163 3204 6164 3205 6164 3162 6164 3162 6165 3205 6165 3206 6165 3162 6166 3206 6166 3163 6166 3163 6167 3206 6167 3207 6167 3163 6168 3207 6168 3170 6168 3170 6169 3207 6169 3208 6169 3170 6170 3208 6170 3194 6170 3197 6171 3209 6171 3170 6171 3170 6172 3209 6172 3210 6172 3170 6173 3210 6173 3166 6173 3211 6174 3177 6174 3212 6174 3212 6175 3177 6175 3166 6175 3212 6176 3166 6176 3213 6176 3213 6177 3166 6177 3210 6177 3214 6178 3172 6178 3173 6178 3211 6179 3215 6179 3177 6179 3177 6180 3215 6180 3216 6180 3177 6181 3216 6181 3178 6181 3178 6182 3216 6182 3217 6182 3178 6183 3217 6183 3173 6183 3173 6184 3217 6184 3218 6184 3173 6185 3218 6185 3214 6185 3214 6186 3219 6186 3172 6186 3172 6187 3219 6187 3220 6187 3172 6188 3220 6188 3168 6188 3220 6189 3221 6189 3168 6189 3168 6190 3221 6190 3222 6190 3168 6191 3222 6191 3165 6191 3222 6192 3223 6192 3165 6192 3165 6193 3223 6193 3224 6193 3165 6194 3224 6194 3161 6194 3161 6195 3224 6195 3225 6195 3161 6196 3225 6196 3179 6196 3192 6197 3226 6197 3171 6197 3171 6198 3226 6198 3227 6198 3171 6199 3227 6199 3164 6199 3227 6200 3228 6200 3164 6200 3164 6201 3228 6201 3229 6201 3164 6202 3229 6202 3160 6202 3229 6203 3230 6203 3160 6203 3160 6204 3230 6204 3231 6204 3160 6205 3231 6205 3176 6205 3231 6206 3232 6206 3176 6206 3176 6207 3232 6207 3233 6207 3176 6208 3233 6208 3175 6208 3175 6209 3233 6209 3234 6209 3175 6210 3234 6210 3174 6210 3235 6211 3169 6211 3236 6211 3236 6212 3169 6212 3174 6212 3236 6213 3174 6213 3237 6213 3237 6214 3174 6214 3234 6214 3235 6215 3238 6215 3169 6215 3169 6216 3238 6216 3239 6216 3169 6217 3239 6217 3167 6217 3239 6218 3240 6218 3167 6218 3167 6219 3240 6219 3241 6219 3167 6220 3241 6220 3162 6220 3162 6221 3241 6221 3242 6221 3162 6222 3242 6222 3200 6222 3243 6223 3244 6223 3245 6223 3246 6224 3247 6224 3248 6224 3242 6225 3241 6225 3249 6225 3240 6226 3239 6226 3243 6226 3228 6227 3227 6227 3250 6227 3223 6228 3222 6228 3251 6228 3221 6229 3220 6229 3246 6229 3179 6230 3225 6230 3252 6230 3201 6231 3200 6231 3253 6231 3253 6232 3200 6232 3254 6232 3255 6233 3256 6233 3257 6233 3256 6234 3255 6234 3258 6234 3258 6235 3255 6235 3259 6235 3258 6236 3259 6236 3260 6236 3261 6237 3262 6237 3263 6237 3262 6238 3261 6238 3264 6238 3264 6239 3261 6239 3265 6239 3264 6240 3265 6240 3266 6240 3193 6241 3267 6241 3192 6241 3192 6242 3267 6242 3266 6242 3192 6243 3266 6243 3268 6243 3268 6244 3266 6244 3265 6244 3268 6245 3265 6245 3250 6245 3246 6246 3220 6246 3247 6246 3247 6247 3220 6247 3219 6247 3247 6248 3219 6248 3214 6248 3225 6249 3224 6249 3269 6249 3250 6250 3227 6250 3268 6250 3268 6251 3227 6251 3226 6251 3268 6252 3226 6252 3192 6252 3229 6253 3270 6253 3230 6253 3230 6254 3270 6254 3271 6254 3234 6255 3233 6255 3272 6255 3272 6256 3233 6256 3232 6256 3272 6257 3232 6257 3271 6257 3271 6258 3232 6258 3231 6258 3271 6259 3231 6259 3230 6259 3235 6260 3236 6260 3273 6260 3273 6261 3236 6261 3237 6261 3273 6262 3237 6262 3274 6262 3243 6263 3239 6263 3244 6263 3244 6264 3239 6264 3238 6264 3244 6265 3238 6265 3235 6265 3196 6266 3275 6266 3197 6266 3197 6267 3275 6267 3276 6267 3197 6268 3276 6268 3209 6268 3209 6269 3276 6269 3277 6269 3211 6270 3212 6270 3278 6270 3278 6271 3212 6271 3213 6271 3278 6272 3213 6272 3277 6272 3277 6273 3213 6273 3210 6273 3277 6274 3210 6274 3209 6274 3217 6275 3216 6275 3279 6275 3279 6276 3216 6276 3215 6276 3279 6277 3215 6277 3280 6277 3214 6278 3218 6278 3281 6278 3281 6279 3218 6279 3217 6279 3282 6280 3283 6280 3269 6280 3284 6281 3285 6281 3270 6281 3270 6282 3285 6282 3271 6282 3271 6283 3285 6283 3286 6283 3271 6284 3286 6284 3272 6284 3287 6285 3273 6285 3288 6285 3288 6286 3273 6286 3274 6286 3288 6287 3274 6287 3289 6287 3290 6288 3291 6288 3254 6288 3275 6289 3260 6289 3276 6289 3276 6290 3260 6290 3259 6290 3276 6291 3259 6291 3277 6291 3277 6292 3259 6292 3292 6292 3277 6293 3292 6293 3278 6293 3293 6294 3279 6294 3294 6294 3294 6295 3279 6295 3280 6295 3294 6296 3280 6296 3295 6296 3296 6297 3297 6297 3298 6297 3214 6298 3281 6298 3247 6298 3247 6299 3281 6299 3296 6299 3247 6300 3296 6300 3248 6300 3248 6301 3296 6301 3298 6301 3248 6302 3298 6302 3299 6302 3222 6303 3221 6303 3251 6303 3251 6304 3221 6304 3246 6304 3251 6305 3246 6305 3300 6305 3300 6306 3246 6306 3248 6306 3300 6307 3248 6307 3301 6307 3301 6308 3248 6308 3299 6308 3301 6309 3302 6309 3300 6309 3300 6310 3302 6310 3282 6310 3300 6311 3282 6311 3251 6311 3251 6312 3282 6312 3269 6312 3251 6313 3269 6313 3223 6313 3223 6314 3269 6314 3224 6314 3225 6315 3269 6315 3252 6315 3252 6316 3269 6316 3283 6316 3252 6317 3283 6317 3303 6317 3303 6318 3283 6318 3304 6318 3303 6319 3304 6319 3305 6319 3302 6320 3306 6320 3282 6320 3282 6321 3306 6321 3307 6321 3282 6322 3307 6322 3283 6322 3283 6323 3307 6323 3308 6323 3283 6324 3308 6324 3304 6324 3305 6325 3261 6325 3303 6325 3303 6326 3261 6326 3263 6326 3303 6327 3263 6327 3252 6327 3252 6328 3263 6328 3309 6328 3252 6329 3309 6329 3179 6329 3179 6330 3309 6330 3310 6330 3179 6331 3310 6331 3180 6331 3311 6332 3265 6332 3312 6332 3312 6333 3265 6333 3261 6333 3312 6334 3261 6334 3313 6334 3313 6335 3261 6335 3305 6335 3311 6336 3314 6336 3265 6336 3265 6337 3314 6337 3284 6337 3265 6338 3284 6338 3250 6338 3250 6339 3284 6339 3270 6339 3250 6340 3270 6340 3228 6340 3228 6341 3270 6341 3229 6341 3315 6342 3286 6342 3316 6342 3316 6343 3286 6343 3285 6343 3316 6344 3285 6344 3317 6344 3317 6345 3285 6345 3284 6345 3317 6346 3284 6346 3318 6346 3318 6347 3284 6347 3314 6347 3315 6348 3319 6348 3286 6348 3286 6349 3319 6349 3289 6349 3286 6350 3289 6350 3272 6350 3272 6351 3289 6351 3274 6351 3272 6352 3274 6352 3234 6352 3234 6353 3274 6353 3237 6353 3319 6354 3320 6354 3289 6354 3289 6355 3320 6355 3321 6355 3289 6356 3321 6356 3288 6356 3288 6357 3321 6357 3322 6357 3288 6358 3322 6358 3287 6358 3287 6359 3322 6359 3323 6359 3287 6360 3323 6360 3324 6360 3235 6361 3273 6361 3244 6361 3244 6362 3273 6362 3287 6362 3244 6363 3287 6363 3245 6363 3245 6364 3287 6364 3324 6364 3245 6365 3324 6365 3325 6365 3325 6366 3326 6366 3245 6366 3245 6367 3326 6367 3327 6367 3245 6368 3327 6368 3243 6368 3243 6369 3327 6369 3249 6369 3243 6370 3249 6370 3240 6370 3240 6371 3249 6371 3241 6371 3326 6372 3328 6372 3327 6372 3327 6373 3328 6373 3290 6373 3327 6374 3290 6374 3249 6374 3249 6375 3290 6375 3254 6375 3249 6376 3254 6376 3242 6376 3242 6377 3254 6377 3200 6377 3328 6378 3329 6378 3290 6378 3290 6379 3329 6379 3330 6379 3290 6380 3330 6380 3291 6380 3291 6381 3330 6381 3331 6381 3291 6382 3331 6382 3332 6382 3332 6383 3255 6383 3291 6383 3291 6384 3255 6384 3257 6384 3291 6385 3257 6385 3254 6385 3254 6386 3257 6386 3333 6386 3254 6387 3333 6387 3253 6387 3334 6388 3292 6388 3335 6388 3335 6389 3292 6389 3259 6389 3335 6390 3259 6390 3336 6390 3336 6391 3259 6391 3255 6391 3336 6392 3255 6392 3337 6392 3337 6393 3255 6393 3332 6393 3334 6394 3338 6394 3292 6394 3292 6395 3338 6395 3295 6395 3292 6396 3295 6396 3278 6396 3278 6397 3295 6397 3280 6397 3278 6398 3280 6398 3211 6398 3211 6399 3280 6399 3215 6399 3338 6400 3339 6400 3295 6400 3295 6401 3339 6401 3340 6401 3295 6402 3340 6402 3294 6402 3294 6403 3340 6403 3341 6403 3294 6404 3341 6404 3293 6404 3293 6405 3341 6405 3342 6405 3293 6406 3342 6406 3343 6406 3217 6407 3279 6407 3281 6407 3281 6408 3279 6408 3293 6408 3281 6409 3293 6409 3296 6409 3296 6410 3293 6410 3343 6410 3296 6411 3343 6411 3297 6411 1359 6412 3313 6412 1361 6412 1361 6413 3313 6413 3305 6413 3305 6414 3304 6414 1361 6414 1361 6415 3304 6415 3308 6415 1361 6416 3308 6416 1363 6416 3308 6417 3307 6417 1363 6417 1363 6418 3307 6418 3306 6418 1363 6419 3306 6419 1365 6419 1365 6420 3306 6420 3302 6420 3302 6421 3301 6421 1365 6421 1365 6422 3301 6422 3299 6422 1365 6423 3299 6423 1378 6423 1378 6424 3299 6424 3298 6424 1378 6425 3298 6425 1377 6425 3341 6426 1373 6426 1375 6426 3298 6427 3297 6427 1377 6427 1377 6428 3297 6428 3343 6428 1377 6429 3343 6429 1375 6429 1375 6430 3343 6430 3342 6430 1375 6431 3342 6431 3341 6431 3341 6432 3340 6432 1373 6432 1373 6433 3340 6433 3339 6433 1373 6434 3339 6434 1371 6434 3339 6435 3338 6435 1371 6435 1371 6436 3338 6436 3334 6436 1371 6437 3334 6437 1369 6437 1369 6438 3334 6438 3335 6438 3335 6439 3336 6439 1369 6439 1369 6440 3336 6440 3337 6440 1369 6441 3337 6441 1342 6441 3337 6442 3332 6442 1342 6442 1342 6443 3332 6443 3331 6443 1342 6444 3331 6444 1343 6444 1343 6445 3331 6445 3330 6445 3330 6446 3329 6446 1343 6446 1343 6447 3329 6447 3328 6447 1343 6448 3328 6448 1346 6448 3328 6449 3326 6449 1346 6449 1346 6450 3326 6450 3325 6450 1346 6451 3325 6451 1348 6451 3325 6452 3324 6452 1348 6452 1348 6453 3324 6453 3323 6453 1348 6454 3323 6454 1349 6454 1349 6455 3323 6455 3322 6455 1349 6456 3322 6456 1351 6456 3322 6457 3321 6457 1351 6457 1351 6458 3321 6458 3320 6458 1351 6459 3320 6459 1353 6459 3320 6460 3319 6460 1353 6460 1353 6461 3319 6461 3315 6461 1353 6462 3315 6462 1355 6462 1355 6463 3315 6463 3316 6463 3316 6464 3317 6464 1355 6464 1355 6465 3317 6465 3318 6465 1355 6466 3318 6466 1357 6466 3318 6467 3314 6467 1357 6467 1357 6468 3314 6468 3311 6468 1357 6469 3311 6469 1359 6469 1359 6470 3311 6470 3312 6470 1359 6471 3312 6471 3313 6471 3344 6472 3258 6472 3260 6472 3198 6473 3344 6473 3196 6473 3196 6474 3344 6474 3260 6474 3196 6475 3260 6475 3275 6475 3206 6476 3345 6476 3207 6476 3207 6477 3345 6477 3346 6477 3207 6478 3346 6478 3208 6478 3347 6479 3202 6479 3201 6479 3201 6480 3253 6480 3347 6480 3347 6481 3253 6481 3333 6481 3347 6482 3333 6482 3257 6482 3257 6483 3256 6483 3347 6483 3347 6484 3256 6484 3345 6484 3347 6485 3345 6485 3348 6485 3348 6486 3345 6486 3349 6486 3350 6487 3351 6487 3352 6487 3352 6488 3351 6488 3346 6488 3352 6489 3346 6489 3344 6489 3344 6490 3346 6490 3345 6490 3344 6491 3345 6491 3258 6491 3258 6492 3345 6492 3256 6492 3353 6493 3264 6493 3266 6493 3191 6494 3353 6494 3193 6494 3193 6495 3353 6495 3266 6495 3193 6496 3266 6496 3267 6496 3185 6497 3354 6497 3186 6497 3186 6498 3354 6498 3355 6498 3186 6499 3355 6499 3187 6499 3356 6500 3181 6500 3180 6500 3180 6501 3310 6501 3356 6501 3356 6502 3310 6502 3309 6502 3356 6503 3309 6503 3263 6503 3356 6504 3263 6504 3262 6504 3354 6505 3357 6505 3358 6505 3358 6506 3356 6506 3354 6506 3354 6507 3356 6507 3262 6507 3354 6508 3262 6508 3355 6508 3355 6509 3262 6509 3264 6509 3359 6510 3360 6510 3361 6510 3361 6511 3360 6511 3355 6511 3361 6512 3355 6512 3353 6512 3353 6513 3355 6513 3264 6513 3187 6514 3355 6514 3360 6514 3187 6515 3360 6515 3188 6515 3188 6516 3360 6516 3359 6516 3188 6517 3359 6517 3189 6517 3189 6518 3359 6518 3361 6518 3189 6519 3361 6519 3190 6519 3190 6520 3361 6520 3353 6520 3190 6521 3353 6521 3191 6521 3181 6522 3356 6522 3358 6522 3181 6523 3358 6523 3182 6523 3182 6524 3358 6524 3357 6524 3182 6525 3357 6525 3183 6525 3183 6526 3357 6526 3184 6526 3184 6527 3357 6527 3354 6527 3184 6528 3354 6528 3185 6528 3202 6529 3347 6529 3348 6529 3202 6530 3348 6530 3203 6530 3203 6531 3348 6531 3349 6531 3203 6532 3349 6532 3204 6532 3204 6533 3349 6533 3205 6533 3205 6534 3349 6534 3345 6534 3205 6535 3345 6535 3206 6535 3208 6536 3346 6536 3351 6536 3208 6537 3351 6537 3194 6537 3194 6538 3351 6538 3350 6538 3194 6539 3350 6539 3195 6539 3195 6540 3350 6540 3352 6540 3195 6541 3352 6541 3199 6541 3199 6542 3352 6542 3344 6542 3199 6543 3344 6543 3198 6543 3362 6544 3363 6544 3364 6544 3364 6545 3363 6545 3365 6545 3364 6546 3365 6546 3366 6546 3366 6547 3365 6547 3367 6547 3366 6548 3367 6548 3368 6548 3368 6549 3367 6549 3369 6549 3368 6550 3369 6550 3370 6550 3370 6551 3369 6551 3371 6551 3370 6552 3371 6552 3372 6552 3372 6553 3371 6553 3373 6553 3372 6554 3373 6554 3374 6554 3374 6555 3373 6555 3375 6555 3374 6556 3375 6556 3376 6556 3376 6557 3375 6557 3377 6557 3376 6558 3377 6558 3378 6558 3378 6559 3377 6559 3379 6559 3378 6560 3379 6560 3380 6560 3380 6561 3379 6561 3381 6561 3380 6562 3381 6562 3382 6562 3382 6563 3381 6563 3383 6563 3382 6564 3383 6564 3384 6564 3384 6565 3383 6565 3385 6565 3384 6566 3385 6566 3386 6566 3386 6567 3385 6567 3387 6567 3386 6568 3387 6568 3388 6568 3388 6569 3387 6569 3389 6569 3388 6570 3389 6570 3390 6570 3390 6571 3389 6571 3391 6571 3390 6572 3391 6572 3392 6572 3392 6573 3391 6573 3393 6573 3392 6574 3393 6574 3394 6574 3394 6575 3393 6575 3395 6575 3394 6576 3395 6576 3396 6576 3396 6577 3395 6577 3397 6577 3396 6578 3397 6578 3398 6578 3398 6579 3397 6579 3399 6579 3398 6580 3399 6580 3400 6580 3400 6581 3399 6581 3401 6581 3400 6582 3401 6582 3402 6582 3402 6583 3401 6583 3403 6583 3402 6584 3403 6584 3404 6584 3404 6585 3403 6585 3405 6585 3404 6586 3405 6586 3406 6586 3406 6587 3405 6587 3407 6587 3406 6588 3407 6588 3408 6588 3408 6589 3407 6589 3409 6589 3408 6590 3409 6590 3410 6590 3410 6591 3409 6591 3411 6591 3410 6592 3411 6592 3412 6592 3412 6593 3411 6593 3413 6593 3412 6594 3413 6594 3414 6594 3414 6595 3413 6595 3415 6595 3414 6596 3415 6596 3416 6596 3416 6597 3415 6597 3417 6597 3416 6598 3417 6598 3418 6598 3418 6599 3417 6599 3419 6599 3418 6600 3419 6600 3420 6600 3420 6601 3419 6601 3421 6601 3420 6602 3421 6602 3422 6602 3422 6603 3421 6603 3423 6603 3422 6604 3423 6604 3424 6604 3424 6605 3423 6605 3425 6605 3424 6606 3425 6606 3426 6606 3426 6607 3425 6607 3427 6607 3426 6608 3427 6608 3428 6608 3428 6609 3427 6609 3429 6609 3428 6610 3429 6610 3430 6610 3430 6611 3429 6611 3431 6611 3430 6612 3431 6612 3432 6612 3432 6613 3431 6613 3433 6613 3432 6614 3433 6614 3362 6614 3362 6615 3433 6615 3363 6615 3434 6616 3435 6616 3436 6616 3436 6617 3435 6617 3437 6617 3438 6618 3439 6618 3440 6618 3434 6619 3436 6619 3441 6619 3441 6620 3436 6620 3442 6620 3441 6621 3442 6621 3443 6621 3443 6622 3442 6622 3444 6622 3443 6623 3444 6623 3445 6623 3440 6624 3439 6624 3444 6624 3444 6625 3439 6625 3446 6625 3444 6626 3446 6626 3445 6626 3447 6627 3448 6627 3449 6627 3450 6628 3451 6628 3452 6628 3438 6629 3440 6629 3453 6629 3453 6630 3440 6630 3454 6630 3453 6631 3454 6631 3455 6631 3455 6632 3454 6632 3456 6632 3455 6633 3456 6633 3457 6633 3458 6634 3459 6634 3460 6634 3460 6635 3459 6635 3447 6635 3460 6636 3447 6636 3461 6636 3461 6637 3447 6637 3449 6637 3435 6638 3462 6638 3437 6638 3437 6639 3462 6639 3463 6639 3437 6640 3463 6640 3451 6640 3451 6641 3463 6641 3464 6641 3451 6642 3464 6642 3452 6642 3465 6643 3466 6643 3467 6643 3468 6644 3469 6644 3470 6644 3467 6645 3466 6645 3471 6645 3471 6646 3466 6646 3472 6646 3471 6647 3472 6647 3473 6647 3474 6648 3475 6648 3476 6648 3477 6649 3478 6649 3479 6649 3480 6650 3481 6650 3482 6650 3470 6651 3483 6651 3468 6651 3468 6652 3483 6652 3484 6652 3468 6653 3484 6653 3448 6653 3448 6654 3484 6654 3485 6654 3448 6655 3485 6655 3449 6655 3452 6656 3486 6656 3450 6656 3450 6657 3486 6657 3487 6657 3450 6658 3487 6658 3469 6658 3469 6659 3487 6659 3488 6659 3469 6660 3488 6660 3470 6660 3457 6661 3456 6661 3489 6661 3489 6662 3456 6662 3490 6662 3489 6663 3490 6663 3491 6663 3476 6664 3492 6664 3474 6664 3474 6665 3492 6665 3493 6665 3474 6666 3493 6666 3472 6666 3472 6667 3493 6667 3494 6667 3472 6668 3494 6668 3473 6668 3479 6669 3495 6669 3477 6669 3477 6670 3495 6670 3496 6670 3477 6671 3496 6671 3475 6671 3475 6672 3496 6672 3497 6672 3475 6673 3497 6673 3476 6673 3482 6674 3498 6674 3480 6674 3480 6675 3498 6675 3499 6675 3480 6676 3499 6676 3478 6676 3478 6677 3499 6677 3500 6677 3478 6678 3500 6678 3479 6678 3491 6679 3490 6679 3501 6679 3501 6680 3490 6680 3502 6680 3501 6681 3502 6681 3503 6681 3467 6682 3504 6682 3465 6682 3465 6683 3504 6683 3505 6683 3465 6684 3505 6684 3502 6684 3502 6685 3505 6685 3506 6685 3502 6686 3506 6686 3503 6686 3507 6687 3508 6687 3509 6687 3509 6688 3508 6688 3510 6688 3509 6689 3510 6689 3481 6689 3481 6690 3510 6690 3511 6690 3481 6691 3511 6691 3482 6691 3512 6692 3513 6692 3507 6692 3507 6693 3513 6693 3514 6693 3507 6694 3514 6694 3508 6694 3515 6695 3516 6695 3517 6695 3518 6696 3519 6696 3516 6696 3516 6697 3519 6697 3520 6697 3516 6698 3520 6698 3517 6698 3458 6699 3521 6699 3459 6699 3459 6700 3521 6700 3522 6700 3459 6701 3522 6701 3518 6701 3518 6702 3522 6702 3523 6702 3518 6703 3523 6703 3519 6703 3524 6704 3525 6704 3512 6704 3512 6705 3525 6705 3526 6705 3512 6706 3526 6706 3513 6706 3527 6707 3528 6707 3524 6707 3524 6708 3528 6708 3529 6708 3524 6709 3529 6709 3525 6709 3530 6710 3531 6710 3527 6710 3527 6711 3531 6711 3532 6711 3527 6712 3532 6712 3528 6712 3533 6713 3534 6713 3530 6713 3530 6714 3534 6714 3535 6714 3530 6715 3535 6715 3531 6715 3536 6716 3537 6716 3533 6716 3533 6717 3537 6717 3538 6717 3533 6718 3538 6718 3534 6718 3517 6719 3539 6719 3515 6719 3515 6720 3539 6720 3540 6720 3515 6721 3540 6721 3536 6721 3536 6722 3540 6722 3541 6722 3536 6723 3541 6723 3537 6723 3542 6724 3543 6724 3544 6724 3544 6725 3543 6725 3545 6725 3544 6726 3545 6726 3546 6726 3546 6727 3545 6727 3547 6727 3546 6728 3547 6728 3548 6728 3548 6729 3547 6729 3549 6729 3548 6730 3549 6730 3550 6730 3550 6731 3549 6731 3551 6731 3550 6732 3551 6732 3552 6732 3552 6733 3551 6733 3553 6733 3552 6734 3553 6734 3554 6734 3554 6735 3553 6735 3555 6735 3554 6736 3555 6736 3556 6736 3556 6737 3555 6737 3557 6737 3556 6738 3557 6738 3558 6738 3558 6739 3557 6739 3559 6739 3558 6740 3559 6740 3560 6740 3560 6741 3559 6741 3561 6741 3560 6742 3561 6742 3562 6742 3562 6743 3561 6743 3563 6743 3562 6744 3563 6744 3564 6744 3564 6745 3563 6745 3565 6745 3564 6746 3565 6746 3566 6746 3566 6747 3565 6747 3567 6747 3566 6748 3567 6748 3568 6748 3568 6749 3567 6749 3569 6749 3568 6750 3569 6750 3570 6750 3570 6751 3569 6751 3571 6751 3570 6752 3571 6752 3572 6752 3572 6753 3571 6753 3573 6753 3572 6754 3573 6754 3574 6754 3574 6755 3573 6755 3575 6755 3574 6756 3575 6756 3576 6756 3576 6757 3575 6757 3577 6757 3576 6758 3577 6758 3578 6758 3578 6759 3577 6759 3579 6759 3578 6760 3579 6760 3580 6760 3580 6761 3579 6761 3581 6761 3580 6762 3581 6762 3582 6762 3582 6763 3581 6763 3583 6763 3582 6764 3583 6764 3584 6764 3584 6765 3583 6765 3585 6765 3584 6766 3585 6766 3586 6766 3586 6767 3585 6767 3587 6767 3586 6768 3587 6768 3588 6768 3588 6769 3587 6769 3589 6769 3588 6770 3589 6770 3590 6770 3590 6771 3589 6771 3591 6771 3590 6772 3591 6772 3592 6772 3592 6773 3591 6773 3593 6773 3592 6774 3593 6774 3594 6774 3594 6775 3593 6775 3595 6775 3594 6776 3595 6776 3596 6776 3596 6777 3595 6777 3597 6777 3596 6778 3597 6778 3598 6778 3598 6779 3597 6779 3599 6779 3598 6780 3599 6780 3600 6780 3600 6781 3599 6781 3601 6781 3600 6782 3601 6782 3602 6782 3602 6783 3601 6783 3603 6783 3602 6784 3603 6784 3604 6784 3604 6785 3603 6785 3605 6785 3604 6786 3605 6786 3606 6786 3606 6787 3605 6787 3607 6787 3606 6788 3607 6788 3608 6788 3608 6789 3607 6789 3609 6789 3608 6790 3609 6790 3610 6790 3610 6791 3609 6791 3611 6791 3610 6792 3611 6792 3612 6792 3612 6793 3611 6793 3613 6793 3612 6794 3613 6794 3614 6794 3614 6795 3613 6795 3615 6795 3614 6796 3615 6796 3616 6796 3616 6797 3615 6797 3617 6797 3616 6798 3617 6798 3618 6798 3618 6799 3617 6799 3619 6799 3618 6800 3619 6800 3620 6800 3620 6801 3619 6801 3621 6801 3620 6802 3621 6802 3622 6802 3622 6803 3621 6803 3623 6803 3622 6804 3623 6804 3624 6804 3624 6805 3623 6805 3625 6805 3624 6806 3625 6806 3626 6806 3626 6807 3625 6807 3627 6807 3626 6808 3627 6808 3628 6808 3628 6809 3627 6809 3629 6809 3628 6810 3629 6810 3630 6810 3630 6811 3629 6811 3631 6811 3630 6812 3631 6812 3632 6812 3632 6813 3631 6813 3633 6813 3632 6814 3633 6814 3634 6814 3634 6815 3633 6815 3635 6815 3634 6816 3635 6816 3636 6816 3636 6817 3635 6817 3637 6817 3636 6818 3637 6818 3638 6818 3638 6819 3637 6819 3639 6819 3638 6820 3639 6820 3640 6820 3640 6821 3639 6821 3641 6821 3640 6822 3641 6822 3642 6822 3642 6823 3641 6823 3643 6823 3642 6824 3643 6824 3644 6824 3644 6825 3643 6825 3645 6825 3644 6826 3645 6826 3646 6826 3646 6827 3645 6827 3647 6827 3646 6828 3647 6828 3648 6828 3648 6829 3647 6829 3649 6829 3648 6830 3649 6830 3650 6830 3650 6831 3649 6831 3651 6831 3650 6832 3651 6832 3652 6832 3652 6833 3651 6833 3653 6833 3652 6834 3653 6834 3654 6834 3654 6835 3653 6835 3655 6835 3654 6836 3655 6836 3656 6836 3656 6837 3655 6837 3657 6837 3656 6838 3657 6838 3658 6838 3658 6839 3657 6839 3659 6839 3658 6840 3659 6840 3660 6840 3660 6841 3659 6841 3661 6841 3660 6842 3661 6842 3662 6842 3662 6843 3661 6843 3663 6843 3662 6844 3663 6844 3664 6844 3664 6845 3663 6845 3665 6845 3664 6846 3665 6846 3666 6846 3666 6847 3665 6847 3667 6847 3666 6848 3667 6848 3668 6848 3668 6849 3667 6849 3669 6849 3668 6850 3669 6850 3670 6850 3670 6851 3669 6851 3671 6851 3670 6852 3671 6852 3672 6852 3672 6853 3671 6853 3673 6853 3672 6854 3673 6854 3674 6854 3674 6855 3673 6855 3675 6855 3674 6856 3675 6856 3676 6856 3676 6857 3675 6857 3677 6857 3676 6858 3677 6858 3678 6858 3678 6859 3677 6859 3679 6859 3678 6860 3679 6860 3680 6860 3680 6861 3679 6861 3681 6861 3680 6862 3681 6862 3682 6862 3682 6863 3681 6863 3683 6863 3682 6864 3683 6864 3684 6864 3684 6865 3683 6865 3685 6865 3684 6866 3685 6866 3542 6866 3542 6867 3685 6867 3543 6867 3686 6868 2595 6868 3687 6868 3687 6869 2595 6869 2599 6869 3687 6870 2599 6870 3688 6870 2599 6871 2598 6871 3688 6871 3688 6872 2598 6872 2597 6872 3688 6873 2597 6873 3689 6873 3689 6874 2597 6874 2596 6874 3689 6875 2596 6875 3690 6875 2596 6876 2600 6876 3690 6876 3690 6877 2600 6877 2601 6877 3690 6878 2601 6878 3691 6878 3691 6879 2601 6879 2605 6879 3691 6880 2605 6880 3692 6880 2605 6881 2604 6881 3692 6881 3692 6882 2604 6882 2603 6882 3692 6883 2603 6883 3693 6883 3693 6884 2603 6884 2602 6884 3693 6885 2602 6885 3694 6885 2602 6886 2606 6886 3694 6886 3694 6887 2606 6887 2607 6887 3694 6888 2607 6888 3695 6888 3695 6889 2607 6889 2611 6889 3695 6890 2611 6890 3696 6890 2611 6891 2610 6891 3696 6891 3696 6892 2610 6892 2609 6892 3696 6893 2609 6893 3697 6893 3697 6894 2609 6894 2608 6894 3697 6895 2608 6895 3698 6895 2608 6896 2612 6896 3698 6896 3698 6897 2612 6897 2613 6897 3698 6898 2613 6898 3699 6898 3699 6899 2613 6899 2617 6899 3699 6900 2617 6900 3700 6900 2617 6901 2616 6901 3700 6901 3700 6902 2616 6902 2615 6902 3700 6903 2615 6903 3701 6903 3701 6904 2615 6904 2614 6904 3701 6905 2614 6905 3702 6905 2614 6906 2618 6906 3702 6906 3702 6907 2618 6907 2619 6907 3702 6908 2619 6908 3703 6908 3703 6909 2619 6909 2623 6909 3703 6910 2623 6910 3704 6910 2623 6911 2622 6911 3704 6911 3704 6912 2622 6912 2621 6912 3704 6913 2621 6913 3705 6913 3705 6914 2621 6914 2620 6914 3705 6915 2620 6915 3706 6915 2620 6916 2624 6916 3706 6916 3706 6917 2624 6917 2625 6917 3706 6918 2625 6918 3707 6918 3707 6919 2625 6919 2629 6919 3707 6920 2629 6920 3708 6920 2629 6921 2628 6921 3708 6921 3708 6922 2628 6922 2627 6922 3708 6923 2627 6923 3709 6923 3709 6924 2627 6924 2626 6924 3709 6925 2626 6925 3710 6925 2626 6926 2630 6926 3710 6926 3710 6927 2630 6927 2631 6927 3710 6928 2631 6928 3711 6928 3711 6929 2631 6929 2635 6929 3711 6930 2635 6930 3712 6930 2635 6931 2634 6931 3712 6931 3712 6932 2634 6932 2633 6932 3712 6933 2633 6933 3713 6933 3713 6934 2633 6934 2632 6934 3713 6935 2632 6935 3714 6935 2632 6936 2636 6936 3714 6936 3714 6937 2636 6937 2637 6937 3714 6938 2637 6938 3715 6938 3715 6939 2637 6939 2641 6939 3715 6940 2641 6940 3716 6940 2641 6941 2640 6941 3716 6941 3716 6942 2640 6942 2639 6942 3716 6943 2639 6943 3717 6943 3717 6944 2639 6944 2638 6944 3717 6945 2638 6945 3718 6945 2638 6946 2642 6946 3718 6946 3718 6947 2642 6947 2643 6947 3718 6948 2643 6948 3719 6948 3719 6949 2643 6949 2647 6949 3719 6950 2647 6950 3720 6950 2647 6951 2646 6951 3720 6951 3720 6952 2646 6952 2645 6952 3720 6953 2645 6953 3721 6953 3721 6954 2645 6954 2644 6954 3721 6955 2644 6955 3722 6955 2644 6956 2648 6956 3722 6956 3722 6957 2648 6957 2649 6957 3722 6958 2649 6958 3723 6958 3723 6959 2649 6959 2653 6959 3723 6960 2653 6960 3724 6960 2653 6961 2652 6961 3724 6961 3724 6962 2652 6962 2651 6962 3724 6963 2651 6963 3725 6963 3725 6964 2651 6964 2650 6964 3725 6965 2650 6965 3726 6965 2650 6966 2654 6966 3726 6966 3726 6967 2654 6967 2655 6967 3726 6968 2655 6968 3727 6968 3727 6969 2655 6969 2659 6969 3727 6970 2659 6970 3728 6970 2659 6971 2658 6971 3728 6971 3728 6972 2658 6972 2657 6972 3728 6973 2657 6973 3729 6973 3729 6974 2657 6974 2656 6974 3729 6975 2656 6975 3730 6975 2656 6976 2660 6976 3730 6976 3730 6977 2660 6977 2661 6977 3730 6978 2661 6978 3731 6978 3731 6979 2661 6979 2665 6979 3731 6980 2665 6980 3732 6980 2665 6981 2664 6981 3732 6981 3732 6982 2664 6982 2663 6982 3732 6983 2663 6983 3733 6983 3733 6984 2663 6984 2662 6984 3733 6985 2662 6985 3734 6985 2662 6986 2666 6986 3734 6986 3734 6987 2666 6987 2667 6987 3734 6988 2667 6988 3735 6988 3735 6989 2667 6989 2671 6989 3735 6990 2671 6990 3736 6990 2671 6991 2670 6991 3736 6991 3736 6992 2670 6992 2669 6992 3736 6993 2669 6993 3737 6993 3737 6994 2669 6994 2668 6994 3737 6995 2668 6995 3738 6995 2668 6996 2672 6996 3738 6996 3738 6997 2672 6997 2673 6997 3738 6998 2673 6998 3739 6998 3739 6999 2673 6999 2677 6999 3739 7000 2677 7000 3740 7000 2677 7001 2676 7001 3740 7001 3740 7002 2676 7002 2675 7002 3740 7003 2675 7003 3741 7003 3741 7004 2675 7004 2674 7004 3741 7005 2674 7005 3742 7005 2674 7006 2678 7006 3742 7006 3742 7007 2678 7007 2679 7007 3742 7008 2679 7008 3743 7008 3743 7009 2679 7009 2683 7009 3743 7010 2683 7010 3744 7010 2683 7011 2682 7011 3744 7011 3744 7012 2682 7012 2681 7012 3744 7013 2681 7013 3745 7013 3745 7014 2681 7014 2680 7014 3745 7015 2680 7015 3746 7015 2680 7016 2684 7016 3746 7016 3746 7017 2684 7017 2685 7017 3746 7018 2685 7018 3747 7018 3747 7019 2685 7019 2689 7019 3747 7020 2689 7020 3748 7020 2689 7021 2688 7021 3748 7021 3748 7022 2688 7022 2687 7022 3748 7023 2687 7023 3749 7023 3749 7024 2687 7024 2686 7024 3749 7025 2686 7025 3750 7025 2686 7026 2690 7026 3750 7026 3750 7027 2690 7027 2691 7027 3750 7028 2691 7028 3751 7028 3751 7029 2691 7029 2695 7029 3751 7030 2695 7030 3752 7030 2695 7031 2694 7031 3752 7031 3752 7032 2694 7032 2693 7032 3752 7033 2693 7033 3753 7033 3753 7034 2693 7034 2692 7034 3753 7035 2692 7035 3754 7035 2692 7036 2696 7036 3754 7036 3754 7037 2696 7037 2697 7037 3754 7038 2697 7038 3755 7038 3755 7039 2697 7039 2700 7039 3755 7040 2700 7040 3756 7040 2700 7041 2699 7041 3756 7041 3756 7042 2699 7042 2698 7042 3756 7043 2698 7043 3757 7043 3757 7044 2698 7044 2593 7044 3757 7045 2593 7045 3686 7045 3686 7046 2593 7046 2594 7046 3686 7047 2594 7047 2595 7047 3757 7048 3758 7048 3756 7048 3756 7049 3758 7049 3759 7049 3756 7050 3759 7050 3755 7050 3755 7051 3759 7051 3760 7051 3755 7052 3760 7052 3754 7052 3754 7053 3760 7053 3761 7053 3754 7054 3761 7054 3753 7054 3753 7055 3761 7055 3762 7055 3753 7056 3762 7056 3752 7056 3752 7057 3762 7057 3763 7057 3752 7058 3763 7058 3751 7058 3751 7059 3763 7059 3764 7059 3751 7060 3764 7060 3750 7060 3750 7061 3764 7061 3765 7061 3750 7062 3765 7062 3749 7062 3749 7063 3765 7063 3766 7063 3749 7064 3766 7064 3748 7064 3748 7065 3766 7065 3767 7065 3748 7066 3767 7066 3747 7066 3747 7067 3767 7067 3768 7067 3747 7068 3768 7068 3746 7068 3746 7069 3768 7069 3769 7069 3746 7070 3769 7070 3745 7070 3745 7071 3769 7071 3770 7071 3745 7072 3770 7072 3744 7072 3744 7073 3770 7073 3771 7073 3744 7074 3771 7074 3743 7074 3743 7075 3771 7075 3772 7075 3743 7076 3772 7076 3742 7076 3742 7077 3772 7077 3773 7077 3742 7078 3773 7078 3741 7078 3741 7079 3773 7079 3774 7079 3741 7080 3774 7080 3740 7080 3740 7081 3774 7081 3775 7081 3740 7082 3775 7082 3739 7082 3739 7083 3775 7083 3776 7083 3739 7084 3776 7084 3738 7084 3738 7085 3776 7085 3777 7085 3738 7086 3777 7086 3737 7086 3737 7087 3777 7087 3778 7087 3737 7088 3778 7088 3736 7088 3736 7089 3778 7089 3779 7089 3736 7090 3779 7090 3735 7090 3735 7091 3779 7091 3780 7091 3735 7092 3780 7092 3734 7092 3734 7093 3780 7093 3781 7093 3734 7094 3781 7094 3733 7094 3733 7095 3781 7095 3782 7095 3733 7096 3782 7096 3732 7096 3732 7097 3782 7097 3783 7097 3732 7098 3783 7098 3731 7098 3731 7099 3783 7099 3784 7099 3731 7100 3784 7100 3730 7100 3730 7101 3784 7101 3785 7101 3730 7102 3785 7102 3729 7102 3729 7103 3785 7103 3786 7103 3729 7104 3786 7104 3728 7104 3728 7105 3786 7105 3787 7105 3728 7106 3787 7106 3727 7106 3727 7107 3787 7107 3788 7107 3727 7108 3788 7108 3726 7108 3726 7109 3788 7109 3789 7109 3726 7110 3789 7110 3725 7110 3725 7111 3789 7111 3790 7111 3725 7112 3790 7112 3724 7112 3724 7113 3790 7113 3791 7113 3724 7114 3791 7114 3723 7114 3723 7115 3791 7115 3792 7115 3723 7116 3792 7116 3722 7116 3722 7117 3792 7117 3793 7117 3722 7118 3793 7118 3721 7118 3721 7119 3793 7119 3794 7119 3721 7120 3794 7120 3720 7120 3720 7121 3794 7121 3795 7121 3720 7122 3795 7122 3719 7122 3719 7123 3795 7123 3796 7123 3719 7124 3796 7124 3718 7124 3718 7125 3796 7125 3797 7125 3718 7126 3797 7126 3717 7126 3717 7127 3797 7127 3798 7127 3717 7128 3798 7128 3716 7128 3716 7129 3798 7129 3799 7129 3716 7130 3799 7130 3715 7130 3715 7131 3799 7131 3800 7131 3715 7132 3800 7132 3714 7132 3714 7133 3800 7133 3801 7133 3714 7134 3801 7134 3713 7134 3713 7135 3801 7135 3802 7135 3713 7136 3802 7136 3712 7136 3712 7137 3802 7137 3803 7137 3712 7138 3803 7138 3711 7138 3711 7139 3803 7139 3804 7139 3711 7140 3804 7140 3710 7140 3710 7141 3804 7141 3805 7141 3710 7142 3805 7142 3709 7142 3709 7143 3805 7143 3806 7143 3709 7144 3806 7144 3708 7144 3708 7145 3806 7145 3807 7145 3708 7146 3807 7146 3707 7146 3707 7147 3807 7147 3808 7147 3707 7148 3808 7148 3706 7148 3706 7149 3808 7149 3809 7149 3706 7150 3809 7150 3705 7150 3705 7151 3809 7151 3810 7151 3705 7152 3810 7152 3704 7152 3704 7153 3810 7153 3811 7153 3704 7154 3811 7154 3703 7154 3703 7155 3811 7155 3812 7155 3703 7156 3812 7156 3702 7156 3702 7157 3812 7157 3813 7157 3702 7158 3813 7158 3701 7158 3701 7159 3813 7159 3814 7159 3701 7160 3814 7160 3700 7160 3700 7161 3814 7161 3815 7161 3700 7162 3815 7162 3699 7162 3699 7163 3815 7163 3816 7163 3699 7164 3816 7164 3698 7164 3698 7165 3816 7165 3817 7165 3698 7166 3817 7166 3697 7166 3697 7167 3817 7167 3818 7167 3697 7168 3818 7168 3696 7168 3696 7169 3818 7169 3819 7169 3696 7170 3819 7170 3695 7170 3695 7171 3819 7171 3820 7171 3695 7172 3820 7172 3694 7172 3694 7173 3820 7173 3821 7173 3694 7174 3821 7174 3693 7174 3693 7175 3821 7175 3822 7175 3693 7176 3822 7176 3692 7176 3692 7177 3822 7177 3823 7177 3692 7178 3823 7178 3691 7178 3691 7179 3823 7179 3824 7179 3691 7180 3824 7180 3690 7180 3690 7181 3824 7181 3825 7181 3690 7182 3825 7182 3689 7182 3689 7183 3825 7183 3826 7183 3689 7184 3826 7184 3688 7184 3688 7185 3826 7185 3827 7185 3688 7186 3827 7186 3687 7186 3687 7187 3827 7187 3828 7187 3687 7188 3828 7188 3686 7188 3686 7189 3828 7189 3829 7189 3686 7190 3829 7190 3757 7190 3757 7191 3829 7191 3758 7191 3829 7192 3618 7192 3758 7192 3758 7193 3618 7193 3620 7193 3758 7194 3620 7194 3759 7194 3759 7195 3620 7195 3622 7195 3759 7196 3622 7196 3760 7196 3760 7197 3622 7197 3624 7197 3760 7198 3624 7198 3761 7198 3761 7199 3624 7199 3626 7199 3761 7200 3626 7200 3762 7200 3762 7201 3626 7201 3628 7201 3762 7202 3628 7202 3763 7202 3763 7203 3628 7203 3630 7203 3763 7204 3630 7204 3764 7204 3764 7205 3630 7205 3632 7205 3764 7206 3632 7206 3765 7206 3765 7207 3632 7207 3634 7207 3765 7208 3634 7208 3766 7208 3766 7209 3634 7209 3636 7209 3766 7210 3636 7210 3767 7210 3767 7211 3636 7211 3638 7211 3767 7212 3638 7212 3768 7212 3768 7213 3638 7213 3640 7213 3768 7214 3640 7214 3769 7214 3769 7215 3640 7215 3642 7215 3769 7216 3642 7216 3770 7216 3770 7217 3642 7217 3644 7217 3770 7218 3644 7218 3771 7218 3771 7219 3644 7219 3646 7219 3771 7220 3646 7220 3772 7220 3772 7221 3646 7221 3648 7221 3772 7222 3648 7222 3773 7222 3773 7223 3648 7223 3650 7223 3773 7224 3650 7224 3774 7224 3774 7225 3650 7225 3652 7225 3774 7226 3652 7226 3775 7226 3775 7227 3652 7227 3654 7227 3775 7228 3654 7228 3776 7228 3776 7229 3654 7229 3656 7229 3776 7230 3656 7230 3777 7230 3777 7231 3656 7231 3658 7231 3777 7232 3658 7232 3778 7232 3778 7233 3658 7233 3660 7233 3778 7234 3660 7234 3779 7234 3779 7235 3660 7235 3662 7235 3779 7236 3662 7236 3780 7236 3780 7237 3662 7237 3664 7237 3780 7238 3664 7238 3781 7238 3781 7239 3664 7239 3666 7239 3781 7240 3666 7240 3782 7240 3782 7241 3666 7241 3668 7241 3782 7242 3668 7242 3783 7242 3783 7243 3668 7243 3670 7243 3783 7244 3670 7244 3784 7244 3784 7245 3670 7245 3672 7245 3784 7246 3672 7246 3785 7246 3785 7247 3672 7247 3674 7247 3785 7248 3674 7248 3786 7248 3786 7249 3674 7249 3676 7249 3786 7250 3676 7250 3787 7250 3787 7251 3676 7251 3678 7251 3787 7252 3678 7252 3788 7252 3788 7253 3678 7253 3680 7253 3788 7254 3680 7254 3789 7254 3789 7255 3680 7255 3682 7255 3789 7256 3682 7256 3790 7256 3790 7257 3682 7257 3684 7257 3790 7258 3684 7258 3791 7258 3791 7259 3684 7259 3542 7259 3791 7260 3542 7260 3792 7260 3792 7261 3542 7261 3544 7261 3792 7262 3544 7262 3793 7262 3793 7263 3544 7263 3546 7263 3793 7264 3546 7264 3794 7264 3794 7265 3546 7265 3548 7265 3794 7266 3548 7266 3795 7266 3795 7267 3548 7267 3550 7267 3795 7268 3550 7268 3796 7268 3796 7269 3550 7269 3552 7269 3796 7270 3552 7270 3797 7270 3797 7271 3552 7271 3554 7271 3797 7272 3554 7272 3798 7272 3798 7273 3554 7273 3556 7273 3798 7274 3556 7274 3799 7274 3799 7275 3556 7275 3558 7275 3799 7276 3558 7276 3800 7276 3800 7277 3558 7277 3560 7277 3800 7278 3560 7278 3801 7278 3801 7279 3560 7279 3562 7279 3801 7280 3562 7280 3802 7280 3802 7281 3562 7281 3564 7281 3802 7282 3564 7282 3803 7282 3803 7283 3564 7283 3566 7283 3803 7284 3566 7284 3804 7284 3804 7285 3566 7285 3568 7285 3804 7286 3568 7286 3805 7286 3805 7287 3568 7287 3570 7287 3805 7288 3570 7288 3806 7288 3806 7289 3570 7289 3572 7289 3806 7290 3572 7290 3807 7290 3807 7291 3572 7291 3574 7291 3807 7292 3574 7292 3808 7292 3808 7293 3574 7293 3576 7293 3808 7294 3576 7294 3809 7294 3809 7295 3576 7295 3578 7295 3809 7296 3578 7296 3810 7296 3810 7297 3578 7297 3580 7297 3810 7298 3580 7298 3811 7298 3811 7299 3580 7299 3582 7299 3811 7300 3582 7300 3812 7300 3812 7301 3582 7301 3584 7301 3812 7302 3584 7302 3813 7302 3813 7303 3584 7303 3586 7303 3813 7304 3586 7304 3814 7304 3814 7305 3586 7305 3588 7305 3814 7306 3588 7306 3815 7306 3815 7307 3588 7307 3590 7307 3815 7308 3590 7308 3816 7308 3816 7309 3590 7309 3592 7309 3816 7310 3592 7310 3817 7310 3817 7311 3592 7311 3594 7311 3817 7312 3594 7312 3818 7312 3818 7313 3594 7313 3596 7313 3818 7314 3596 7314 3819 7314 3819 7315 3596 7315 3598 7315 3819 7316 3598 7316 3820 7316 3820 7317 3598 7317 3600 7317 3820 7318 3600 7318 3821 7318 3821 7319 3600 7319 3602 7319 3821 7320 3602 7320 3822 7320 3822 7321 3602 7321 3604 7321 3822 7322 3604 7322 3823 7322 3823 7323 3604 7323 3606 7323 3823 7324 3606 7324 3824 7324 3824 7325 3606 7325 3608 7325 3824 7326 3608 7326 3825 7326 3825 7327 3608 7327 3610 7327 3825 7328 3610 7328 3826 7328 3826 7329 3610 7329 3612 7329 3826 7330 3612 7330 3827 7330 3827 7331 3612 7331 3614 7331 3827 7332 3614 7332 3828 7332 3828 7333 3614 7333 3616 7333 3828 7334 3616 7334 3829 7334 3829 7335 3616 7335 3618 7335 3521 7336 3830 7336 3522 7336 3522 7337 3830 7337 3831 7337 3522 7338 3831 7338 3523 7338 3523 7339 3831 7339 3832 7339 3523 7340 3832 7340 3519 7340 3519 7341 3832 7341 3833 7341 3519 7342 3833 7342 3520 7342 3520 7343 3833 7343 3834 7343 3520 7344 3834 7344 3517 7344 3517 7345 3834 7345 3835 7345 3517 7346 3835 7346 3539 7346 3539 7347 3835 7347 3836 7347 3539 7348 3836 7348 3540 7348 3540 7349 3836 7349 3837 7349 3540 7350 3837 7350 3541 7350 3541 7351 3837 7351 3838 7351 3541 7352 3838 7352 3537 7352 3537 7353 3838 7353 3839 7353 3537 7354 3839 7354 3538 7354 3538 7355 3839 7355 3840 7355 3538 7356 3840 7356 3534 7356 3534 7357 3840 7357 3841 7357 3534 7358 3841 7358 3535 7358 3535 7359 3841 7359 3842 7359 3535 7360 3842 7360 3531 7360 3531 7361 3842 7361 3843 7361 3531 7362 3843 7362 3532 7362 3532 7363 3843 7363 3844 7363 3532 7364 3844 7364 3528 7364 3528 7365 3844 7365 3845 7365 3528 7366 3845 7366 3529 7366 3529 7367 3845 7367 3846 7367 3529 7368 3846 7368 3525 7368 3525 7369 3846 7369 3847 7369 3525 7370 3847 7370 3526 7370 3526 7371 3847 7371 3848 7371 3526 7372 3848 7372 3513 7372 3513 7373 3848 7373 3849 7373 3513 7374 3849 7374 3514 7374 3514 7375 3849 7375 3850 7375 3514 7376 3850 7376 3508 7376 3508 7377 3850 7377 3851 7377 3508 7378 3851 7378 3510 7378 3510 7379 3851 7379 3852 7379 3510 7380 3852 7380 3511 7380 3511 7381 3852 7381 3853 7381 3511 7382 3853 7382 3482 7382 3482 7383 3853 7383 3854 7383 3482 7384 3854 7384 3498 7384 3498 7385 3854 7385 3855 7385 3498 7386 3855 7386 3499 7386 3499 7387 3855 7387 3856 7387 3499 7388 3856 7388 3500 7388 3500 7389 3856 7389 3857 7389 3500 7390 3857 7390 3479 7390 3479 7391 3857 7391 3858 7391 3479 7392 3858 7392 3495 7392 3495 7393 3858 7393 3859 7393 3495 7394 3859 7394 3496 7394 3496 7395 3859 7395 3860 7395 3496 7396 3860 7396 3497 7396 3497 7397 3860 7397 3861 7397 3497 7398 3861 7398 3476 7398 3476 7399 3861 7399 3862 7399 3476 7400 3862 7400 3492 7400 3492 7401 3862 7401 3863 7401 3492 7402 3863 7402 3493 7402 3493 7403 3863 7403 3864 7403 3493 7404 3864 7404 3494 7404 3494 7405 3864 7405 3865 7405 3494 7406 3865 7406 3473 7406 3473 7407 3865 7407 3866 7407 3473 7408 3866 7408 3471 7408 3471 7409 3866 7409 3867 7409 3471 7410 3867 7410 3467 7410 3467 7411 3867 7411 3868 7411 3467 7412 3868 7412 3504 7412 3504 7413 3868 7413 3869 7413 3504 7414 3869 7414 3505 7414 3505 7415 3869 7415 3870 7415 3505 7416 3870 7416 3506 7416 3506 7417 3870 7417 3871 7417 3506 7418 3871 7418 3503 7418 3503 7419 3871 7419 3872 7419 3503 7420 3872 7420 3501 7420 3501 7421 3872 7421 3873 7421 3501 7422 3873 7422 3491 7422 3491 7423 3873 7423 3874 7423 3491 7424 3874 7424 3489 7424 3489 7425 3874 7425 3875 7425 3489 7426 3875 7426 3457 7426 3457 7427 3875 7427 3876 7427 3457 7428 3876 7428 3455 7428 3455 7429 3876 7429 3877 7429 3455 7430 3877 7430 3453 7430 3453 7431 3877 7431 3878 7431 3453 7432 3878 7432 3438 7432 3438 7433 3878 7433 3879 7433 3438 7434 3879 7434 3439 7434 3439 7435 3879 7435 3880 7435 3439 7436 3880 7436 3446 7436 3446 7437 3880 7437 3881 7437 3446 7438 3881 7438 3445 7438 3445 7439 3881 7439 3882 7439 3445 7440 3882 7440 3443 7440 3443 7441 3882 7441 3883 7441 3443 7442 3883 7442 3441 7442 3441 7443 3883 7443 3884 7443 3441 7444 3884 7444 3434 7444 3434 7445 3884 7445 3885 7445 3434 7446 3885 7446 3435 7446 3435 7447 3885 7447 3886 7447 3435 7448 3886 7448 3462 7448 3462 7449 3886 7449 3887 7449 3462 7450 3887 7450 3463 7450 3463 7451 3887 7451 3888 7451 3463 7452 3888 7452 3464 7452 3464 7453 3888 7453 3889 7453 3464 7454 3889 7454 3452 7454 3452 7455 3889 7455 3890 7455 3452 7456 3890 7456 3486 7456 3486 7457 3890 7457 3891 7457 3486 7458 3891 7458 3487 7458 3487 7459 3891 7459 3892 7459 3487 7460 3892 7460 3488 7460 3488 7461 3892 7461 3893 7461 3488 7462 3893 7462 3470 7462 3470 7463 3893 7463 3894 7463 3470 7464 3894 7464 3483 7464 3483 7465 3894 7465 3895 7465 3483 7466 3895 7466 3484 7466 3484 7467 3895 7467 3896 7467 3484 7468 3896 7468 3485 7468 3485 7469 3896 7469 3897 7469 3485 7470 3897 7470 3449 7470 3449 7471 3897 7471 3898 7471 3449 7472 3898 7472 3461 7472 3461 7473 3898 7473 3899 7473 3461 7474 3899 7474 3460 7474 3460 7475 3899 7475 3900 7475 3460 7476 3900 7476 3458 7476 3458 7477 3900 7477 3901 7477 3458 7478 3901 7478 3521 7478 3521 7479 3901 7479 3830 7479 3901 7480 3902 7480 3830 7480 3830 7481 3902 7481 3903 7481 3830 7482 3903 7482 3831 7482 3831 7483 3903 7483 3904 7483 3831 7484 3904 7484 3832 7484 3832 7485 3904 7485 3905 7485 3832 7486 3905 7486 3833 7486 3833 7487 3905 7487 3906 7487 3833 7488 3906 7488 3834 7488 3834 7489 3906 7489 3907 7489 3834 7490 3907 7490 3835 7490 3835 7491 3907 7491 3908 7491 3835 7492 3908 7492 3836 7492 3836 7493 3908 7493 3909 7493 3836 7494 3909 7494 3837 7494 3837 7495 3909 7495 3910 7495 3837 7496 3910 7496 3838 7496 3838 7497 3910 7497 3911 7497 3838 7498 3911 7498 3839 7498 3839 7499 3911 7499 3912 7499 3839 7500 3912 7500 3840 7500 3840 7501 3912 7501 3913 7501 3840 7502 3913 7502 3841 7502 3841 7503 3913 7503 3914 7503 3841 7504 3914 7504 3842 7504 3842 7505 3914 7505 3915 7505 3842 7506 3915 7506 3843 7506 3843 7507 3915 7507 3916 7507 3843 7508 3916 7508 3844 7508 3844 7509 3916 7509 3917 7509 3844 7510 3917 7510 3845 7510 3845 7511 3917 7511 3918 7511 3845 7512 3918 7512 3846 7512 3846 7513 3918 7513 3919 7513 3846 7514 3919 7514 3847 7514 3847 7515 3919 7515 3920 7515 3847 7516 3920 7516 3848 7516 3848 7517 3920 7517 3921 7517 3848 7518 3921 7518 3849 7518 3849 7519 3921 7519 3922 7519 3849 7520 3922 7520 3850 7520 3850 7521 3922 7521 3923 7521 3850 7522 3923 7522 3851 7522 3851 7523 3923 7523 3924 7523 3851 7524 3924 7524 3852 7524 3852 7525 3924 7525 3925 7525 3852 7526 3925 7526 3853 7526 3853 7527 3925 7527 3926 7527 3853 7528 3926 7528 3854 7528 3854 7529 3926 7529 3927 7529 3854 7530 3927 7530 3855 7530 3855 7531 3927 7531 3928 7531 3855 7532 3928 7532 3856 7532 3856 7533 3928 7533 3929 7533 3856 7534 3929 7534 3857 7534 3857 7535 3929 7535 3930 7535 3857 7536 3930 7536 3858 7536 3858 7537 3930 7537 3931 7537 3858 7538 3931 7538 3859 7538 3859 7539 3931 7539 3932 7539 3859 7540 3932 7540 3860 7540 3860 7541 3932 7541 3933 7541 3860 7542 3933 7542 3861 7542 3861 7543 3933 7543 3934 7543 3861 7544 3934 7544 3862 7544 3862 7545 3934 7545 3935 7545 3862 7546 3935 7546 3863 7546 3863 7547 3935 7547 3936 7547 3863 7548 3936 7548 3864 7548 3864 7549 3936 7549 3937 7549 3864 7550 3937 7550 3865 7550 3865 7551 3937 7551 3938 7551 3865 7552 3938 7552 3866 7552 3866 7553 3938 7553 3939 7553 3866 7554 3939 7554 3867 7554 3867 7555 3939 7555 3940 7555 3867 7556 3940 7556 3868 7556 3868 7557 3940 7557 3941 7557 3868 7558 3941 7558 3869 7558 3869 7559 3941 7559 3942 7559 3869 7560 3942 7560 3870 7560 3870 7561 3942 7561 3943 7561 3870 7562 3943 7562 3871 7562 3871 7563 3943 7563 3944 7563 3871 7564 3944 7564 3872 7564 3872 7565 3944 7565 3945 7565 3872 7566 3945 7566 3873 7566 3873 7567 3945 7567 3946 7567 3873 7568 3946 7568 3874 7568 3874 7569 3946 7569 3947 7569 3874 7570 3947 7570 3875 7570 3875 7571 3947 7571 3948 7571 3875 7572 3948 7572 3876 7572 3876 7573 3948 7573 3949 7573 3876 7574 3949 7574 3877 7574 3877 7575 3949 7575 3950 7575 3877 7576 3950 7576 3878 7576 3878 7577 3950 7577 3951 7577 3878 7578 3951 7578 3879 7578 3879 7579 3951 7579 3952 7579 3879 7580 3952 7580 3880 7580 3880 7581 3952 7581 3953 7581 3880 7582 3953 7582 3881 7582 3881 7583 3953 7583 3954 7583 3881 7584 3954 7584 3882 7584 3882 7585 3954 7585 3955 7585 3882 7586 3955 7586 3883 7586 3883 7587 3955 7587 3956 7587 3883 7588 3956 7588 3884 7588 3884 7589 3956 7589 3957 7589 3884 7590 3957 7590 3885 7590 3885 7591 3957 7591 3958 7591 3885 7592 3958 7592 3886 7592 3886 7593 3958 7593 3959 7593 3886 7594 3959 7594 3887 7594 3887 7595 3959 7595 3960 7595 3887 7596 3960 7596 3888 7596 3888 7597 3960 7597 3961 7597 3888 7598 3961 7598 3889 7598 3889 7599 3961 7599 3962 7599 3889 7600 3962 7600 3890 7600 3890 7601 3962 7601 3963 7601 3890 7602 3963 7602 3891 7602 3891 7603 3963 7603 3964 7603 3891 7604 3964 7604 3892 7604 3892 7605 3964 7605 3965 7605 3892 7606 3965 7606 3893 7606 3893 7607 3965 7607 3966 7607 3893 7608 3966 7608 3894 7608 3894 7609 3966 7609 3967 7609 3894 7610 3967 7610 3895 7610 3895 7611 3967 7611 3968 7611 3895 7612 3968 7612 3896 7612 3896 7613 3968 7613 3969 7613 3896 7614 3969 7614 3897 7614 3897 7615 3969 7615 3970 7615 3897 7616 3970 7616 3898 7616 3898 7617 3970 7617 3971 7617 3898 7618 3971 7618 3899 7618 3899 7619 3971 7619 3972 7619 3899 7620 3972 7620 3900 7620 3900 7621 3972 7621 3973 7621 3900 7622 3973 7622 3901 7622 3901 7623 3973 7623 3902 7623 3973 7624 3543 7624 3902 7624 3902 7625 3543 7625 3685 7625 3902 7626 3685 7626 3903 7626 3903 7627 3685 7627 3683 7627 3903 7628 3683 7628 3904 7628 3904 7629 3683 7629 3681 7629 3904 7630 3681 7630 3905 7630 3905 7631 3681 7631 3679 7631 3905 7632 3679 7632 3906 7632 3906 7633 3679 7633 3677 7633 3906 7634 3677 7634 3907 7634 3907 7635 3677 7635 3675 7635 3907 7636 3675 7636 3908 7636 3908 7637 3675 7637 3673 7637 3908 7638 3673 7638 3909 7638 3909 7639 3673 7639 3671 7639 3909 7640 3671 7640 3910 7640 3910 7641 3671 7641 3669 7641 3910 7642 3669 7642 3911 7642 3911 7643 3669 7643 3667 7643 3911 7644 3667 7644 3912 7644 3912 7645 3667 7645 3665 7645 3912 7646 3665 7646 3913 7646 3913 7647 3665 7647 3663 7647 3913 7648 3663 7648 3914 7648 3914 7649 3663 7649 3661 7649 3914 7650 3661 7650 3915 7650 3915 7651 3661 7651 3659 7651 3915 7652 3659 7652 3916 7652 3916 7653 3659 7653 3657 7653 3916 7654 3657 7654 3917 7654 3917 7655 3657 7655 3655 7655 3917 7656 3655 7656 3918 7656 3918 7657 3655 7657 3653 7657 3918 7658 3653 7658 3919 7658 3919 7659 3653 7659 3651 7659 3919 7660 3651 7660 3920 7660 3920 7661 3651 7661 3649 7661 3920 7662 3649 7662 3921 7662 3921 7663 3649 7663 3647 7663 3921 7664 3647 7664 3922 7664 3922 7665 3647 7665 3645 7665 3922 7666 3645 7666 3923 7666 3923 7667 3645 7667 3643 7667 3923 7668 3643 7668 3924 7668 3924 7669 3643 7669 3641 7669 3924 7670 3641 7670 3925 7670 3925 7671 3641 7671 3639 7671 3925 7672 3639 7672 3926 7672 3926 7673 3639 7673 3637 7673 3926 7674 3637 7674 3927 7674 3927 7675 3637 7675 3635 7675 3927 7676 3635 7676 3928 7676 3928 7677 3635 7677 3633 7677 3928 7678 3633 7678 3929 7678 3929 7679 3633 7679 3631 7679 3929 7680 3631 7680 3930 7680 3930 7681 3631 7681 3629 7681 3930 7682 3629 7682 3931 7682 3931 7683 3629 7683 3627 7683 3931 7684 3627 7684 3932 7684 3932 7685 3627 7685 3625 7685 3932 7686 3625 7686 3933 7686 3933 7687 3625 7687 3623 7687 3933 7688 3623 7688 3934 7688 3934 7689 3623 7689 3621 7689 3934 7690 3621 7690 3935 7690 3935 7691 3621 7691 3619 7691 3935 7692 3619 7692 3936 7692 3936 7693 3619 7693 3617 7693 3936 7694 3617 7694 3937 7694 3937 7695 3617 7695 3615 7695 3937 7696 3615 7696 3938 7696 3938 7697 3615 7697 3613 7697 3938 7698 3613 7698 3939 7698 3939 7699 3613 7699 3611 7699 3939 7700 3611 7700 3940 7700 3940 7701 3611 7701 3609 7701 3940 7702 3609 7702 3941 7702 3941 7703 3609 7703 3607 7703 3941 7704 3607 7704 3942 7704 3942 7705 3607 7705 3605 7705 3942 7706 3605 7706 3943 7706 3943 7707 3605 7707 3603 7707 3943 7708 3603 7708 3944 7708 3944 7709 3603 7709 3601 7709 3944 7710 3601 7710 3945 7710 3945 7711 3601 7711 3599 7711 3945 7712 3599 7712 3946 7712 3946 7713 3599 7713 3597 7713 3946 7714 3597 7714 3947 7714 3947 7715 3597 7715 3595 7715 3947 7716 3595 7716 3948 7716 3948 7717 3595 7717 3593 7717 3948 7718 3593 7718 3949 7718 3949 7719 3593 7719 3591 7719 3949 7720 3591 7720 3950 7720 3950 7721 3591 7721 3589 7721 3950 7722 3589 7722 3951 7722 3951 7723 3589 7723 3587 7723 3951 7724 3587 7724 3952 7724 3952 7725 3587 7725 3585 7725 3952 7726 3585 7726 3953 7726 3953 7727 3585 7727 3583 7727 3953 7728 3583 7728 3954 7728 3954 7729 3583 7729 3581 7729 3954 7730 3581 7730 3955 7730 3955 7731 3581 7731 3579 7731 3955 7732 3579 7732 3956 7732 3956 7733 3579 7733 3577 7733 3956 7734 3577 7734 3957 7734 3957 7735 3577 7735 3575 7735 3957 7736 3575 7736 3958 7736 3958 7737 3575 7737 3573 7737 3958 7738 3573 7738 3959 7738 3959 7739 3573 7739 3571 7739 3959 7740 3571 7740 3960 7740 3960 7741 3571 7741 3569 7741 3960 7742 3569 7742 3961 7742 3961 7743 3569 7743 3567 7743 3961 7744 3567 7744 3962 7744 3962 7745 3567 7745 3565 7745 3962 7746 3565 7746 3963 7746 3963 7747 3565 7747 3563 7747 3963 7748 3563 7748 3964 7748 3964 7749 3563 7749 3561 7749 3964 7750 3561 7750 3965 7750 3965 7751 3561 7751 3559 7751 3965 7752 3559 7752 3966 7752 3966 7753 3559 7753 3557 7753 3966 7754 3557 7754 3967 7754 3967 7755 3557 7755 3555 7755 3967 7756 3555 7756 3968 7756 3968 7757 3555 7757 3553 7757 3968 7758 3553 7758 3969 7758 3969 7759 3553 7759 3551 7759 3969 7760 3551 7760 3970 7760 3970 7761 3551 7761 3549 7761 3970 7762 3549 7762 3971 7762 3971 7763 3549 7763 3547 7763 3971 7764 3547 7764 3972 7764 3972 7765 3547 7765 3545 7765 3972 7766 3545 7766 3973 7766 3973 7767 3545 7767 3543 7767 3396 7768 3974 7768 3394 7768 3394 7769 3974 7769 3975 7769 3394 7770 3975 7770 3392 7770 3392 7771 3975 7771 3976 7771 3392 7772 3976 7772 3390 7772 3390 7773 3976 7773 3977 7773 3390 7774 3977 7774 3388 7774 3388 7775 3977 7775 3978 7775 3388 7776 3978 7776 3386 7776 3386 7777 3978 7777 3979 7777 3386 7778 3979 7778 3384 7778 3384 7779 3979 7779 3980 7779 3384 7780 3980 7780 3382 7780 3382 7781 3980 7781 3981 7781 3382 7782 3981 7782 3380 7782 3380 7783 3981 7783 3982 7783 3380 7784 3982 7784 3378 7784 3378 7785 3982 7785 3983 7785 3378 7786 3983 7786 3376 7786 3376 7787 3983 7787 3984 7787 3376 7788 3984 7788 3374 7788 3374 7789 3984 7789 3985 7789 3374 7790 3985 7790 3372 7790 3372 7791 3985 7791 3986 7791 3372 7792 3986 7792 3370 7792 3370 7793 3986 7793 3987 7793 3370 7794 3987 7794 3368 7794 3368 7795 3987 7795 3988 7795 3368 7796 3988 7796 3366 7796 3366 7797 3988 7797 3989 7797 3366 7798 3989 7798 3364 7798 3364 7799 3989 7799 3990 7799 3364 7800 3990 7800 3362 7800 3362 7801 3990 7801 3991 7801 3362 7802 3991 7802 3432 7802 3432 7803 3991 7803 3992 7803 3432 7804 3992 7804 3430 7804 3430 7805 3992 7805 3993 7805 3430 7806 3993 7806 3428 7806 3428 7807 3993 7807 3994 7807 3428 7808 3994 7808 3426 7808 3426 7809 3994 7809 3995 7809 3426 7810 3995 7810 3424 7810 3424 7811 3995 7811 3996 7811 3424 7812 3996 7812 3422 7812 3422 7813 3996 7813 3997 7813 3422 7814 3997 7814 3420 7814 3420 7815 3997 7815 3998 7815 3420 7816 3998 7816 3418 7816 3418 7817 3998 7817 3999 7817 3418 7818 3999 7818 3416 7818 3416 7819 3999 7819 4000 7819 3416 7820 4000 7820 3414 7820 3414 7821 4000 7821 4001 7821 3414 7822 4001 7822 3412 7822 3412 7823 4001 7823 4002 7823 3412 7824 4002 7824 3410 7824 3410 7825 4002 7825 4003 7825 3410 7826 4003 7826 3408 7826 3408 7827 4003 7827 4004 7827 3408 7828 4004 7828 3406 7828 3406 7829 4004 7829 4005 7829 3406 7830 4005 7830 3404 7830 3404 7831 4005 7831 4006 7831 3404 7832 4006 7832 3402 7832 3402 7833 4006 7833 4007 7833 3402 7834 4007 7834 3400 7834 3400 7835 4007 7835 4008 7835 3400 7836 4008 7836 3398 7836 3398 7837 4008 7837 4009 7837 3398 7838 4009 7838 3396 7838 3396 7839 4009 7839 3974 7839 3365 7840 3518 7840 3367 7840 3367 7841 3518 7841 3516 7841 3367 7842 3516 7842 3369 7842 3369 7843 3516 7843 3515 7843 3369 7844 3515 7844 3371 7844 3371 7845 3515 7845 3536 7845 3371 7846 3536 7846 3373 7846 3373 7847 3536 7847 3533 7847 3373 7848 3533 7848 3375 7848 3375 7849 3533 7849 3530 7849 3375 7850 3530 7850 3377 7850 3377 7851 3530 7851 3527 7851 3377 7852 3527 7852 3379 7852 3379 7853 3527 7853 3524 7853 3379 7854 3524 7854 3381 7854 3381 7855 3524 7855 3512 7855 3381 7856 3512 7856 3383 7856 3383 7857 3512 7857 3507 7857 3383 7858 3507 7858 3385 7858 3385 7859 3507 7859 3509 7859 3385 7860 3509 7860 3387 7860 3387 7861 3509 7861 3481 7861 3387 7862 3481 7862 3389 7862 3389 7863 3481 7863 3480 7863 3389 7864 3480 7864 3391 7864 3391 7865 3480 7865 3478 7865 3391 7866 3478 7866 3393 7866 3393 7867 3478 7867 3477 7867 3393 7868 3477 7868 3395 7868 3395 7869 3477 7869 3475 7869 3395 7870 3475 7870 3397 7870 3397 7871 3475 7871 3474 7871 3397 7872 3474 7872 3399 7872 3399 7873 3474 7873 3472 7873 3399 7874 3472 7874 3401 7874 3401 7875 3472 7875 3466 7875 3401 7876 3466 7876 3403 7876 3403 7877 3466 7877 3465 7877 3403 7878 3465 7878 3405 7878 3405 7879 3465 7879 3502 7879 3405 7880 3502 7880 3407 7880 3407 7881 3502 7881 3490 7881 3407 7882 3490 7882 3409 7882 3409 7883 3490 7883 3456 7883 3409 7884 3456 7884 3411 7884 3411 7885 3456 7885 3454 7885 3411 7886 3454 7886 3413 7886 3413 7887 3454 7887 3440 7887 3413 7888 3440 7888 3415 7888 3415 7889 3440 7889 3444 7889 3415 7890 3444 7890 3417 7890 3417 7891 3444 7891 3442 7891 3417 7892 3442 7892 3419 7892 3419 7893 3442 7893 3436 7893 3419 7894 3436 7894 3421 7894 3421 7895 3436 7895 3437 7895 3421 7896 3437 7896 3423 7896 3423 7897 3437 7897 3451 7897 3423 7898 3451 7898 3425 7898 3425 7899 3451 7899 3450 7899 3425 7900 3450 7900 3427 7900 3427 7901 3450 7901 3469 7901 3427 7902 3469 7902 3429 7902 3429 7903 3469 7903 3468 7903 3429 7904 3468 7904 3431 7904 3431 7905 3468 7905 3448 7905 3431 7906 3448 7906 3433 7906 3433 7907 3448 7907 3447 7907 3433 7908 3447 7908 3363 7908 3363 7909 3447 7909 3459 7909 3363 7910 3459 7910 3365 7910 3365 7911 3459 7911 3518 7911 5 7912 3987 7912 7 7912 7 7913 3987 7913 3986 7913 7 7914 3986 7914 9 7914 9 7915 3986 7915 3985 7915 9 7916 3985 7916 11 7916 11 7917 3985 7917 3984 7917 11 7918 3984 7918 13 7918 13 7919 3984 7919 3983 7919 13 7920 3983 7920 15 7920 15 7921 3983 7921 3982 7921 15 7922 3982 7922 17 7922 17 7923 3982 7923 3981 7923 17 7924 3981 7924 19 7924 19 7925 3981 7925 3980 7925 19 7926 3980 7926 21 7926 21 7927 3980 7927 3979 7927 21 7928 3979 7928 23 7928 23 7929 3979 7929 3978 7929 23 7930 3978 7930 25 7930 25 7931 3978 7931 3977 7931 25 7932 3977 7932 27 7932 27 7933 3977 7933 3976 7933 27 7934 3976 7934 29 7934 29 7935 3976 7935 3975 7935 29 7936 3975 7936 31 7936 31 7937 3975 7937 3974 7937 31 7938 3974 7938 33 7938 33 7939 3974 7939 4009 7939 33 7940 4009 7940 35 7940 35 7941 4009 7941 4008 7941 35 7942 4008 7942 37 7942 37 7943 4008 7943 4007 7943 37 7944 4007 7944 39 7944 39 7945 4007 7945 4006 7945 39 7946 4006 7946 41 7946 41 7947 4006 7947 4005 7947 41 7948 4005 7948 43 7948 43 7949 4005 7949 4004 7949 43 7950 4004 7950 45 7950 45 7951 4004 7951 4003 7951 45 7952 4003 7952 47 7952 47 7953 4003 7953 4002 7953 47 7954 4002 7954 49 7954 49 7955 4002 7955 4001 7955 49 7956 4001 7956 51 7956 51 7957 4001 7957 4000 7957 51 7958 4000 7958 53 7958 53 7959 4000 7959 3999 7959 53 7960 3999 7960 55 7960 55 7961 3999 7961 3998 7961 55 7962 3998 7962 57 7962 57 7963 3998 7963 3997 7963 57 7964 3997 7964 59 7964 59 7965 3997 7965 3996 7965 59 7966 3996 7966 61 7966 61 7967 3996 7967 3995 7967 61 7968 3995 7968 63 7968 63 7969 3995 7969 3994 7969 63 7970 3994 7970 65 7970 65 7971 3994 7971 3993 7971 65 7972 3993 7972 67 7972 67 7973 3993 7973 3992 7973 67 7974 3992 7974 69 7974 69 7975 3992 7975 3991 7975 69 7976 3991 7976 1 7976 1 7977 3991 7977 3990 7977 1 7978 3990 7978 3 7978 3 7979 3990 7979 3989 7979 3 7980 3989 7980 5 7980 5 7981 3989 7981 3988 7981 5 7982 3988 7982 3987 7982 4010 7983 4011 7983 2 7983 2 7984 4011 7984 4012 7984 2 7985 4012 7985 0 7985 0 7986 4012 7986 4013 7986 0 7987 4013 7987 68 7987 68 7988 4013 7988 4014 7988 68 7989 4014 7989 66 7989 66 7990 4014 7990 4015 7990 66 7991 4015 7991 64 7991 64 7992 4015 7992 4016 7992 64 7993 4016 7993 62 7993 62 7994 4016 7994 4017 7994 62 7995 4017 7995 60 7995 60 7996 4017 7996 4018 7996 60 7997 4018 7997 58 7997 58 7998 4018 7998 4019 7998 58 7999 4019 7999 56 7999 56 8000 4019 8000 4020 8000 56 8001 4020 8001 54 8001 54 8002 4020 8002 4021 8002 54 8003 4021 8003 52 8003 52 8004 4021 8004 4022 8004 52 8005 4022 8005 50 8005 50 8006 4022 8006 4023 8006 50 8007 4023 8007 48 8007 48 8008 4023 8008 4024 8008 48 8009 4024 8009 46 8009 46 8010 4024 8010 4025 8010 46 8011 4025 8011 44 8011 44 8012 4025 8012 4026 8012 44 8013 4026 8013 42 8013 42 8014 4026 8014 4027 8014 42 8015 4027 8015 40 8015 40 8016 4027 8016 4028 8016 40 8017 4028 8017 38 8017 38 8018 4028 8018 4029 8018 38 8019 4029 8019 36 8019 36 8020 4029 8020 4030 8020 36 8021 4030 8021 34 8021 34 8022 4030 8022 4031 8022 34 8023 4031 8023 32 8023 32 8024 4031 8024 4032 8024 32 8025 4032 8025 30 8025 30 8026 4032 8026 4033 8026 30 8027 4033 8027 28 8027 28 8028 4033 8028 4034 8028 28 8029 4034 8029 26 8029 26 8030 4034 8030 4035 8030 26 8031 4035 8031 24 8031 24 8032 4035 8032 4036 8032 24 8033 4036 8033 22 8033 22 8034 4036 8034 4037 8034 22 8035 4037 8035 20 8035 20 8036 4037 8036 4038 8036 20 8037 4038 8037 18 8037 18 8038 4038 8038 4039 8038 18 8039 4039 8039 16 8039 16 8040 4039 8040 4040 8040 16 8041 4040 8041 14 8041 14 8042 4040 8042 4041 8042 14 8043 4041 8043 12 8043 12 8044 4041 8044 4042 8044 12 8045 4042 8045 10 8045 10 8046 4042 8046 4043 8046 10 8047 4043 8047 8 8047 8 8048 4043 8048 4044 8048 8 8049 4044 8049 6 8049 6 8050 4044 8050 4045 8050 6 8051 4045 8051 4 8051 4 8052 4045 8052 4010 8052 4 8053 4010 8053 2 8053 4046 8054 4047 8054 4048 8054 4048 8055 4047 8055 4049 8055 4048 8056 4049 8056 4050 8056 4050 8057 4049 8057 4051 8057 4050 8058 4051 8058 4052 8058 4052 8059 4051 8059 4053 8059 4052 8060 4053 8060 4054 8060 4054 8061 4053 8061 4055 8061 4054 8062 4055 8062 4056 8062 4056 8063 4055 8063 4057 8063 4056 8064 4057 8064 4058 8064 4058 8065 4057 8065 4059 8065 4058 8066 4059 8066 4060 8066 4060 8067 4059 8067 4061 8067 4060 8068 4061 8068 4062 8068 4062 8069 4061 8069 4063 8069 4062 8070 4063 8070 4064 8070 4064 8071 4063 8071 4065 8071 4064 8072 4065 8072 4066 8072 4066 8073 4065 8073 4067 8073 4066 8074 4067 8074 4068 8074 4068 8075 4067 8075 4069 8075 4068 8076 4069 8076 4070 8076 4070 8077 4069 8077 4071 8077 4070 8078 4071 8078 4072 8078 4072 8079 4071 8079 4073 8079 4072 8080 4073 8080 4074 8080 4074 8081 4073 8081 4075 8081 4074 8082 4075 8082 4076 8082 4076 8083 4075 8083 4077 8083 4076 8084 4077 8084 4078 8084 4078 8085 4077 8085 4079 8085 4078 8086 4079 8086 4080 8086 4080 8087 4079 8087 4081 8087 4080 8088 4081 8088 4082 8088 4082 8089 4081 8089 4083 8089 4082 8090 4083 8090 4084 8090 4084 8091 4083 8091 4085 8091 4084 8092 4085 8092 4086 8092 4086 8093 4085 8093 4087 8093 4086 8094 4087 8094 4088 8094 4088 8095 4087 8095 4089 8095 4088 8096 4089 8096 4090 8096 4090 8097 4089 8097 4091 8097 4090 8098 4091 8098 4092 8098 4092 8099 4091 8099 4093 8099 4092 8100 4093 8100 4094 8100 4094 8101 4093 8101 4095 8101 4094 8102 4095 8102 4096 8102 4096 8103 4095 8103 4097 8103 4096 8104 4097 8104 4098 8104 4098 8105 4097 8105 4099 8105 4098 8106 4099 8106 4100 8106 4100 8107 4099 8107 4101 8107 4100 8108 4101 8108 4102 8108 4102 8109 4101 8109 4103 8109 4102 8110 4103 8110 4104 8110 4104 8111 4103 8111 4105 8111 4104 8112 4105 8112 4106 8112 4106 8113 4105 8113 4107 8113 4106 8114 4107 8114 4108 8114 4108 8115 4107 8115 4109 8115 4108 8116 4109 8116 4110 8116 4110 8117 4109 8117 4111 8117 4110 8118 4111 8118 4112 8118 4112 8119 4111 8119 4113 8119 4112 8120 4113 8120 4114 8120 4114 8121 4113 8121 4115 8121 4114 8122 4115 8122 4116 8122 4116 8123 4115 8123 4117 8123 4116 8124 4117 8124 4046 8124 4046 8125 4117 8125 4047 8125 4049 8126 4047 8126 4118 8126 4118 8127 4047 8127 4117 8127 4118 8128 4117 8128 4115 8128 4055 8129 4053 8129 4118 8129 4118 8130 4053 8130 4051 8130 4118 8131 4051 8131 4049 8131 4061 8132 4059 8132 4118 8132 4118 8133 4059 8133 4057 8133 4118 8134 4057 8134 4055 8134 4067 8135 4065 8135 4118 8135 4118 8136 4065 8136 4063 8136 4118 8137 4063 8137 4061 8137 4073 8138 4071 8138 4118 8138 4118 8139 4071 8139 4069 8139 4118 8140 4069 8140 4067 8140 4079 8141 4077 8141 4118 8141 4118 8142 4077 8142 4075 8142 4118 8143 4075 8143 4073 8143 4085 8144 4083 8144 4118 8144 4118 8145 4083 8145 4081 8145 4118 8146 4081 8146 4079 8146 4091 8147 4089 8147 4118 8147 4118 8148 4089 8148 4087 8148 4118 8149 4087 8149 4085 8149 4097 8150 4095 8150 4118 8150 4118 8151 4095 8151 4093 8151 4118 8152 4093 8152 4091 8152 4103 8153 4101 8153 4118 8153 4118 8154 4101 8154 4099 8154 4118 8155 4099 8155 4097 8155 4109 8156 4107 8156 4118 8156 4118 8157 4107 8157 4105 8157 4118 8158 4105 8158 4103 8158 4115 8159 4113 8159 4118 8159 4118 8160 4113 8160 4111 8160 4118 8161 4111 8161 4109 8161 4119 8162 4048 8162 4120 8162 4120 8163 4048 8163 4050 8163 4120 8164 4050 8164 4121 8164 4121 8165 4050 8165 4052 8165 4121 8166 4052 8166 4122 8166 4122 8167 4052 8167 4054 8167 4122 8168 4054 8168 4123 8168 4123 8169 4054 8169 4056 8169 4123 8170 4056 8170 4124 8170 4124 8171 4056 8171 4058 8171 4124 8172 4058 8172 4125 8172 4125 8173 4058 8173 4060 8173 4125 8174 4060 8174 4126 8174 4126 8175 4060 8175 4062 8175 4126 8176 4062 8176 4127 8176 4127 8177 4062 8177 4064 8177 4127 8178 4064 8178 4128 8178 4128 8179 4064 8179 4066 8179 4128 8180 4066 8180 4129 8180 4129 8181 4066 8181 4068 8181 4129 8182 4068 8182 4130 8182 4130 8183 4068 8183 4070 8183 4130 8184 4070 8184 4131 8184 4131 8185 4070 8185 4072 8185 4131 8186 4072 8186 4132 8186 4132 8187 4072 8187 4074 8187 4132 8188 4074 8188 4133 8188 4133 8189 4074 8189 4076 8189 4133 8190 4076 8190 4134 8190 4134 8191 4076 8191 4078 8191 4134 8192 4078 8192 4135 8192 4135 8193 4078 8193 4080 8193 4135 8194 4080 8194 4136 8194 4136 8195 4080 8195 4082 8195 4136 8196 4082 8196 4137 8196 4137 8197 4082 8197 4084 8197 4137 8198 4084 8198 4138 8198 4138 8199 4084 8199 4086 8199 4138 8200 4086 8200 4139 8200 4139 8201 4086 8201 4088 8201 4139 8202 4088 8202 4140 8202 4140 8203 4088 8203 4090 8203 4140 8204 4090 8204 4141 8204 4141 8205 4090 8205 4092 8205 4141 8206 4092 8206 4142 8206 4142 8207 4092 8207 4094 8207 4142 8208 4094 8208 4143 8208 4143 8209 4094 8209 4096 8209 4143 8210 4096 8210 4144 8210 4144 8211 4096 8211 4098 8211 4144 8212 4098 8212 4145 8212 4145 8213 4098 8213 4100 8213 4145 8214 4100 8214 4146 8214 4146 8215 4100 8215 4102 8215 4146 8216 4102 8216 4147 8216 4147 8217 4102 8217 4104 8217 4147 8218 4104 8218 4148 8218 4148 8219 4104 8219 4106 8219 4148 8220 4106 8220 4149 8220 4149 8221 4106 8221 4108 8221 4149 8222 4108 8222 4150 8222 4150 8223 4108 8223 4110 8223 4150 8224 4110 8224 4151 8224 4151 8225 4110 8225 4112 8225 4151 8226 4112 8226 4152 8226 4152 8227 4112 8227 4114 8227 4152 8228 4114 8228 4153 8228 4153 8229 4114 8229 4116 8229 4153 8230 4116 8230 4154 8230 4154 8231 4116 8231 4046 8231 4154 8232 4046 8232 4119 8232 4119 8233 4046 8233 4048 8233 4137 8234 4045 8234 4136 8234 4136 8235 4045 8235 4044 8235 4136 8236 4044 8236 4135 8236 4135 8237 4044 8237 4043 8237 4135 8238 4043 8238 4134 8238 4134 8239 4043 8239 4042 8239 4134 8240 4042 8240 4133 8240 4133 8241 4042 8241 4041 8241 4133 8242 4041 8242 4132 8242 4132 8243 4041 8243 4040 8243 4132 8244 4040 8244 4131 8244 4131 8245 4040 8245 4039 8245 4131 8246 4039 8246 4130 8246 4130 8247 4039 8247 4038 8247 4130 8248 4038 8248 4129 8248 4129 8249 4038 8249 4037 8249 4129 8250 4037 8250 4128 8250 4128 8251 4037 8251 4036 8251 4128 8252 4036 8252 4127 8252 4127 8253 4036 8253 4035 8253 4127 8254 4035 8254 4126 8254 4126 8255 4035 8255 4034 8255 4126 8256 4034 8256 4125 8256 4125 8257 4034 8257 4033 8257 4125 8258 4033 8258 4124 8258 4124 8259 4033 8259 4032 8259 4124 8260 4032 8260 4123 8260 4123 8261 4032 8261 4031 8261 4123 8262 4031 8262 4122 8262 4122 8263 4031 8263 4030 8263 4122 8264 4030 8264 4121 8264 4121 8265 4030 8265 4029 8265 4121 8266 4029 8266 4120 8266 4120 8267 4029 8267 4028 8267 4120 8268 4028 8268 4119 8268 4119 8269 4028 8269 4027 8269 4119 8270 4027 8270 4154 8270 4154 8271 4027 8271 4026 8271 4154 8272 4026 8272 4153 8272 4153 8273 4026 8273 4025 8273 4153 8274 4025 8274 4152 8274 4152 8275 4025 8275 4024 8275 4152 8276 4024 8276 4151 8276 4151 8277 4024 8277 4023 8277 4151 8278 4023 8278 4150 8278 4150 8279 4023 8279 4022 8279 4150 8280 4022 8280 4149 8280 4149 8281 4022 8281 4021 8281 4149 8282 4021 8282 4148 8282 4148 8283 4021 8283 4020 8283 4148 8284 4020 8284 4147 8284 4147 8285 4020 8285 4019 8285 4147 8286 4019 8286 4146 8286 4146 8287 4019 8287 4018 8287 4146 8288 4018 8288 4145 8288 4145 8289 4018 8289 4017 8289 4145 8290 4017 8290 4144 8290 4144 8291 4017 8291 4016 8291 4144 8292 4016 8292 4143 8292 4143 8293 4016 8293 4015 8293 4143 8294 4015 8294 4142 8294 4142 8295 4015 8295 4014 8295 4142 8296 4014 8296 4141 8296 4141 8297 4014 8297 4013 8297 4141 8298 4013 8298 4140 8298 4140 8299 4013 8299 4012 8299 4140 8300 4012 8300 4139 8300 4139 8301 4012 8301 4011 8301 4139 8302 4011 8302 4138 8302 4138 8303 4011 8303 4010 8303 4138 8304 4010 8304 4137 8304 4137 8305 4010 8305 4045 8305</p>
        </triangles>
      </mesh>
    </geometry>
  </library_geometries>
  <library_visual_scenes>
    <visual_scene id="Scene" name="Scene">
      <node id="wrist3" name="wrist3" type="NODE">
        <matrix sid="transform">1 0 0 0 0 1 0 0 0 0 1 0 0 0 0 1</matrix>
        <instance_geometry url="#wrist3-mesh" name="wrist3"/>
      </node>
    </visual_scene>
  </library_visual_scenes>
  <scene>
    <instance_visual_scene url="#Scene"/>
  </scene>
</COLLADA>