<?xml version="1.0" encoding="utf-8"?>
<COLLADA xmlns="http://www.collada.org/2005/11/COLLADASchema" version="1.4.1" xmlns:xsi="http://www.w3.org/2001/XMLSchema-instance">
  <asset>
    <contributor>
      <author>Blender User</author>
      <authoring_tool>Blender 4.4.3 commit date:2025-04-29, commit time:14:09, hash:802179c51ccc</authoring_tool>
    </contributor>
    <created>2026-07-29T17:39:32</created>
    <modified>2026-07-29T17:39:32</modified>
    <unit name="meter" meter="1"/>
    <up_axis>Z_UP</up_axis>
  </asset>
  <library_images/>
  <library_geometries>
    <geometry id="base-mesh" name="base">
      <mesh>
        <source id="base-mesh-positions">
          <float_array id="base-mesh-positions-array" count="18354">-0.04611164 0.07762122 0.07870221 -0.04569423 0.07783657 0.07870221 -0.04550445 0.07751613 0.07935231 -0.07628369 0.04806172 0.07890254 -0.07638782 0.04812729 0.07870221 -0.07175195 0.05462807 0.07870221 -0.07572239 0.04770803 0.07962071 -0.07605004 0.0479145 0.07935231 -0.07151901 0.05444663 0.07935231 -0.0762633 0.04804885 0.07894188 -0.07094252 0.05400776 0.07985448 -0.075437 0.04752826 0.07985448 -0.07560014 0.04763102 0.07972085 -0.07480341 0.04712903 0.07999998 -0.07033067 0.05354303 0.07999998 -0.07007968 0.05390298 0.07999998 -0.06465977 0.06029766 0.07999998 -0.06335771 0.06273341 0.07985448 -0.06276595 0.06214541 0.07999998 -0.05868577 0.06612622 0.07999998 -0.05470758 0.07040423 0.07985448 -0.05419605 0.0697484 0.07999998 -0.05221885 0.07134348 0.07999998 -0.04513764 0.0768913 0.07985448 -0.04532128 0.07591235 0.07999998 -0.03480875 0.08208554 0.07985448 -0.03805786 0.07980167 0.07999998 -0.04474532 0.07622081 0.07999998 -0.02270436 0.08544713 0.07999998 -0.0236814 0.08513855 0.07999998 -0.02389454 0.08589953 0.07985448 -0.03049588 0.08298617 0.07999998 -0.03447955 0.0813086 0.07999998 -0.01607507 0.08693838 0.07999998 -0.01620328 0.08763158 0.07986301 -0.01621127 0.08767485 0.07985448 -0.01633429 0.08834016 0.07938557 -0.02408874 0.08659762 0.07935231 -0.01634299 0.08838731 0.07935231 -0.02417099 0.08688116 0.07870221 -0.01641559 0.08877986 0.07870221 -0.03509157 0.08275258 0.07935231 -0.03654241 0.08255898 0.07870221 -0.03522187 0.08305156 0.07870221 -0.02645343 0.08632236 0.07870221 -0.05502486 0.07157927 0.07870221 -0.05515217 0.07097637 0.07935231 -0.0553795 0.07127135 0.07870221 -0.06315541 0.06451916 0.07870221 -0.06387257 0.06324321 0.07935231 -0.06410205 0.06347495 0.07870221 -0.0703876 0.05654126 0.07870221 0.05555438 0.07116913 0.07870221 0.05624711 0.07055991 0.07870221 0.0560308 0.07028484 0.07935231 0.07560014 0.04763102 0.07972085 0.075437 0.04752826 0.07985448 0.07134437 0.05347579 0.07985448 0.07480341 0.04712903 0.07999998 0.07073885 0.05302232 0.07999998 0.07625961 0.04804652 0.07894897 0.07605004 0.0479145 0.07935231 0.07192414 0.05391037 0.07935231 0.07570791 0.04769891 0.07963258 0.07215213 0.05408477 0.07870221 0.07638782 0.04812729 0.07870221 0.07628369 0.04806172 0.07890254 0.07054758 0.05634158 0.07870221 0.06449919 0.06260401 0.07935231 0.06471937 0.0628224 0.07870221 0.06348538 0.06419456 0.07870221 0.04686319 0.07716977 0.07870221 0.04665601 0.07682853 0.07935231 0.03753072 0.08211439 0.07870221 0.03652638 0.08212935 0.07935231 0.03667074 0.08244818 0.07870221 0.02768468 0.08593541 0.07870221 0.02580577 0.08610153 0.07935231 0.02589809 0.08639758 0.07870221 0.0174598 0.08858042 0.07870221 0.01466774 0.08868068 0.07935231 0.0147174 0.08896344 0.07870221 0.007444798 0.08957672 0.07935231 0.007477879 0.08997452 0.07870221 0.01454949 0.08796584 0.07985448 0.007384777 0.08885467 0.07985448 0.007439911 0.0895183 0.07939296 0.007380425 0.08880239 0.07986468 0.01442158 0.08718287 0.07999998 0.007322728 0.0881083 0.07999998 0.02559781 0.08540749 0.07985448 0.02536225 0.08462786 0.07999998 0.02369546 0.08517765 0.07999998 0.01551145 0.08704078 0.07999998 0.03163665 0.08255809 0.07999998 0.03623193 0.08146733 0.07985448 0.03588873 0.08069443 0.07999998 0.03926569 0.07921433 0.07999998 0.0462799 0.07620924 0.07985448 0.04587584 0.07554155 0.07999998 0.05557918 0.06971824 0.07985448 0.0533325 0.07051485 0.07999998 0.04651987 0.07518374 0.07999998 0.06397932 0.06209933 0.07985448 0.05964571 0.06526178 0.07999998 0.05506378 0.06907427 0.07999998 0.07063138 0.05317813 0.07999998 0.06542748 0.05946391 0.07999998 0.06338053 0.06151658 0.07999998 0.08960658 -0.01104503 0.07870221 0.08942973 -0.01199573 0.07870221 0.0890873 -0.01195251 0.07935231 0.07821667 -0.04121708 0.07999998 0.07961338 -0.03845018 0.07999998 0.07887923 -0.04156625 0.07985448 0.08211886 -0.03473001 0.07985448 0.07914263 -0.04170507 0.07964813 0.07978975 -0.04204607 0.07885611 0.07952022 -0.04190403 0.07935231 0.0827862 -0.03501224 0.07935231 0.07925111 -0.04176223 0.07956314 0.07987338 -0.04209011 0.07870221 0.08304166 -0.03511673 0.07870221 0.08424234 -0.03247404 0.07870221 0.08670675 -0.02369278 0.07935231 0.08699846 -0.02376848 0.07870221 0.08758234 -0.02192419 0.07870221 0.09028476 0 0.07870221 0.08988553 0 0.07935231 0.08960658 0.01104503 0.07870221 0.0890873 0.01195251 0.07935231 0.08942973 0.01199573 0.07870221 0.08758234 0.02192419 0.07870221 0.08670675 0.02369278 0.07935231 0.08699846 0.02376848 0.07870221 0.07926768 0.04177093 0.07955014 0.07952022 0.04190403 0.07935231 0.0827862 0.03501224 0.07935231 0.07979351 0.04204803 0.07884913 0.08424234 0.03247404 0.07870221 0.08304166 0.03511673 0.07870221 0.07987338 0.04209011 0.07870221 0.08211886 0.03473001 0.07985448 0.07887923 0.04156625 0.07985448 0.07914263 0.04170507 0.07964813 0.07821667 0.04121708 0.07999998 0.08140003 0.03442466 0.07999998 0.08172112 0.03373962 0.07999998 0.08455342 0.02583491 0.07999998 0.08600783 0.02350181 0.07985448 0.08520269 0.02328336 0.07999998 0.08661729 0.01772451 0.07999998 0.08836919 0.01185619 0.07985448 0.08754956 0.01174455 0.07999998 0.08790189 0.009484767 0.07999998 0.08916097 0 0.07985448 0.08840411 0.001188814 0.07999998 0.08836919 -0.01185619 0.07985448 0.08812934 -0.007066309 0.07999998 0.0883646 1.58037e-6 0.07999998 0.08600783 -0.02350181 0.07985448 0.08709067 -0.01522946 0.07999998 0.08753407 -0.01174479 0.07999998 0.08134454 -0.03440213 0.07999998 0.08279651 -0.03100693 0.07999998 0.0853033 -0.02323895 0.07999998 0.07628369 -0.04806172 0.07890254 0.07638782 -0.04812729 0.07870221 0.07215213 -0.05408477 0.07870221 0.03753072 -0.08211439 0.07870221 0.03667074 -0.08244818 0.07870221 0.03652638 -0.08212935 0.07935231 0.007322728 -0.0881083 0.07999998 0.01442635 -0.08721947 0.07999998 0.007379233 -0.08878821 0.07986742 0.01454949 -0.08796584 0.07985448 0.007384777 -0.08885467 0.07985448 0.007439315 -0.08951067 0.07939827 0.01466774 -0.08868068 0.07935231 0.007444798 -0.08957672 0.07935231 0.007477879 -0.08997452 0.07870221 0.0147174 -0.08896344 0.07870221 0.0174598 -0.08858042 0.07870221 0.02580577 -0.08610153 0.07935231 0.02589809 -0.08639758 0.07870221 0.02768468 -0.08593541 0.07870221 0.04686319 -0.07716977 0.07870221 0.04665601 -0.07682853 0.07935231 0.05555438 -0.07116913 0.07870221 0.0560308 -0.07028484 0.07935231 0.05624711 -0.07055991 0.07870221 0.06348538 -0.06419456 0.07870221 0.06449919 -0.06260401 0.07935231 0.06471937 -0.0628224 0.07870221 0.07570791 -0.04769891 0.07963258 0.07605004 -0.0479145 0.07935231 0.07192414 -0.05391037 0.07935231 0.07625961 -0.04804652 0.07894897 0.07054758 -0.05634158 0.07870221 0.07560014 -0.04763102 0.07972085 0.07134437 -0.05347579 0.07985448 0.075437 -0.04752826 0.07985448 0.07070857 -0.05300116 0.07999998 0.07480341 -0.04712903 0.07999998 0.06397932 -0.06209933 0.07985448 0.06339615 -0.06153082 0.07999998 0.06465268 -0.06030541 0.07999998 0.07007992 -0.05390274 0.07999998 0.05866616 -0.06614375 0.07999998 0.05557918 -0.06971824 0.07985448 0.05505162 -0.06905734 0.07999998 0.052181 -0.07137119 0.07999998 0.0462799 -0.07620924 0.07985448 0.04587376 -0.07554286 0.07999998 0.03623193 -0.08146733 0.07985448 0.03797477 -0.07984119 0.07999998 0.04525929 -0.07594931 0.07999998 0.02559781 -0.08540749 0.07985448 0.0304023 -0.08302056 0.07999998 0.0358982 -0.08071303 0.07999998 0.01461416 -0.08719593 0.07999998 0.02259147 -0.08547711 0.07999998 0.02535676 -0.08460742 0.07999998 -0.07560014 -0.04763102 0.07972085 -0.075437 -0.04752826 0.07985448 -0.07094252 -0.05400776 0.07985448 -0.02408874 -0.08659762 0.07935231 -0.01634299 -0.08838731 0.07935231 -0.01641559 -0.08877986 0.07870221 -0.02389454 -0.08589953 0.07985448 -0.01621127 -0.08767485 0.07985448 -0.01633286 -0.08833265 0.07939088 -0.01620066 -0.08761745 0.07986581 -0.02368944 -0.08515912 0.07999998 -0.01607507 -0.08693838 0.07999998 -0.03480875 -0.08208554 0.07985448 -0.03206396 -0.08239293 0.07999998 -0.02411675 -0.08505922 0.07999998 -0.04513764 -0.0768913 0.07985448 -0.03969055 -0.07900226 0.07999998 -0.0344817 -0.08131808 0.07999998 -0.05423003 -0.06979149 0.07999998 -0.05373024 -0.0702123 0.07999998 -0.05470758 -0.07040423 0.07985448 -0.04693174 -0.07492738 0.07999998 -0.04471784 -0.07617324 0.07999998 -0.06003296 -0.0649057 0.07999998 -0.06335771 -0.06273341 0.07985448 -0.0627579 -0.06213986 0.07999998 -0.06579154 -0.05906081 0.07999998 -0.07031458 -0.05352795 0.07999998 -0.07480341 -0.04712903 0.07999998 -0.07096308 -0.05273467 0.07999998 -0.07151901 -0.05444663 0.07935231 -0.07570791 -0.04769891 0.07963258 -0.07638782 -0.04812729 0.07870221 -0.07628369 -0.04806172 0.07890254 -0.07175195 -0.05462807 0.07870221 -0.07625961 -0.04804652 0.07894897 -0.07605004 -0.0479145 0.07935231 -0.06387257 -0.06324321 0.07935231 -0.05515217 -0.07097637 0.07935231 -0.0553795 -0.07127135 0.07870221 -0.06315541 -0.06451916 0.07870221 -0.06410205 -0.06347495 0.07870221 -0.0703876 -0.05654126 0.07870221 -0.04550445 -0.07751613 0.07935231 -0.04611164 -0.07762122 0.07870221 -0.05502486 -0.07157927 0.07870221 -0.03509157 -0.08275258 0.07935231 -0.03654241 -0.08255898 0.07870221 -0.04569423 -0.07783657 0.07870221 -0.02417099 -0.08688116 0.07870221 -0.02645343 -0.08632236 0.07870221 -0.03522187 -0.08305156 0.07870221 -0.08960658 0.01104503 0.07870221 -0.08942973 0.01199573 0.07870221 -0.0890873 0.01195251 0.07935231 -0.07914263 0.04170507 0.07964813 -0.07887923 0.04156625 0.07985448 -0.08211886 0.03473001 0.07985448 -0.08841204 0 0.07999998 -0.08916097 0 0.07985448 -0.08802646 0.008248925 0.07999998 -0.08836919 0.01185619 0.07985448 -0.08494234 0.02452588 0.07999998 -0.08523654 0.02329277 0.07999998 -0.08600783 0.02350181 0.07985448 -0.08686429 0.01647156 0.07999998 -0.08753257 0.01174324 0.07999998 -0.08228456 0.03234106 0.07999998 -0.08136403 0.03440934 0.07999998 -0.07910281 0.0394898 0.07999998 -0.07821667 0.04121708 0.07999998 -0.07978975 0.04204607 0.07885611 -0.07952022 0.04190403 0.07935231 -0.0827862 0.03501224 0.07935231 -0.07925111 0.04176223 0.07956314 -0.07987338 0.04209011 0.07870221 -0.08304166 0.03511673 0.07870221 -0.08424234 0.03247404 0.07870221 -0.08670675 0.02369278 0.07935231 -0.08699846 0.02376848 0.07870221 -0.08758234 0.02192419 0.07870221 -0.09028476 0 0.07870221 -0.08988553 0 0.07935231 -0.08960658 -0.01104503 0.07870221 -0.0890873 -0.01195251 0.07935231 -0.08942973 -0.01199573 0.07870221 -0.08758234 -0.02192419 0.07870221 -0.08670675 -0.02369278 0.07935231 -0.08699846 -0.02376848 0.07870221 -0.07925111 -0.04176223 0.07956314 -0.07952022 -0.04190403 0.07935231 -0.0827862 -0.03501224 0.07935231 -0.07978975 -0.04204607 0.07885611 -0.08424234 -0.03247404 0.07870221 -0.08304166 -0.03511673 0.07870221 -0.07987338 -0.04209011 0.07870221 -0.07914263 -0.04170507 0.07964813 -0.08211886 -0.03473001 0.07985448 -0.07887923 -0.04156625 0.07985448 -0.08140003 -0.03442466 0.07999998 -0.07821667 -0.04121708 0.07999998 -0.08600783 -0.02350181 0.07985448 -0.0845263 -0.02592343 0.07999998 -0.08172112 -0.03373962 0.07999998 -0.08836919 -0.01185619 0.07985448 -0.08658081 -0.01790189 0.07999998 -0.08520251 -0.02328318 0.07999998 -0.08839082 -0.001941204 0.07999998 -0.08787298 -0.009748876 0.07999998 -0.08755654 -0.01174545 0.07999998 -0.07653433 0.04795581 0.07837361 -0.07670092 0.0477609 0.078 -0.0765444 0.04794412 0.07835108 -0.07665884 0.04774689 0.07824832 -0.07659566 0.04772585 0.07862126 -0.07620137 0.04759454 0.07932168 -0.07627135 0.04761785 0.07920646 -0.07658368 0.04772186 0.07869219 -0.07614517 0.04757583 0.07941418 -0.07559633 0.04739308 0.07978445 -0.07546019 0.04734772 0.07987636 -0.07982999 0.04234313 0.0783593 -0.07971262 0.04254448 0.078 -0.07964968 0.04248863 0.0784713 -0.07890635 0.04182904 0.07972925 -0.07915455 0.04181987 0.07966041 -0.07915246 0.04204744 0.07951861 -0.07873445 0.04167652 0.07987636 -0.07927447 0.04215568 0.07941418 -0.07942402 0.04228836 0.07910192 -0.07962018 0.04246246 0.07869219 -0.07983469 0.04231572 0.07839649 0.006603181 0.08993238 0.07839351 0.006613254 0.08993285 0.07839703 0.006613016 0.08986723 0.07863432 0.005946218 0.08943665 0.07848763 0.005883574 0.08949708 0.078 0.006238341 0.08971172 0.07819396 0.005972564 0.08941125 0.07869219 0.006613016 0.08943665 0.0793159 0.006616413 0.08878993 0.07969111 0.006305098 0.08909034 0.07941418 0.006172776 0.08921808 0.07912683 0.006669104 0.08873903 0.07973802 0.006824612 0.08858901 0.07987636 0.007397174 0.08997064 0.07867372 0.007046639 0.08995378 0.07854998 -0.04422086 0.09990656 0.0322175 -0.03201192 0.1044607 0.0322175 -0.03075593 0.1003623 0.04351425 -0.05916166 0.09491133 0.02271866 -0.0571807 0.09625411 0.02271866 -0.05580073 0.09393125 0.0322175 -0.06850528 0.08852952 0.02271866 -0.0682336 0.08876186 0.02271866 -0.06658691 0.08661979 0.0322175 -0.07823079 0.07992291 0.02325391 -0.07781511 0.08044511 0.02288538 -0.07642585 0.07807618 0.0322175 -0.07710641 0.08117324 0.02271866 -0.08103984 0.07323259 0.03222042 -0.08077567 0.07493847 0.02938038 -0.08055549 0.07552659 0.02853298 -0.07982194 0.07748568 0.02571046 -0.07943779 0.07813227 0.02497857 -0.07879531 0.07921379 0.02375441 -0.07850289 0.07958108 0.02349519 -0.08038079 0.06704074 0.04421824 -0.08047455 0.06737118 0.04351192 -0.07342737 0.07501292 0.04351425 -0.08103376 0.06934213 0.03929954 -0.08112728 0.07097476 0.03623872 -0.08119809 0.07221043 0.03392213 -0.08104962 0.07316911 0.0323261 -0.07706481 0.06088995 0.05940717 -0.07747435 0.0618422 0.05728912 -0.07563424 0.06075578 0.06220382 -0.07798737 0.06265246 0.05518108 -0.06786298 0.06932836 0.06220382 -0.0786885 0.06376004 0.05229973 -0.08023452 0.06652516 0.04532021 -0.07548099 0.05345791 0.0730288 -0.07557868 0.05593377 0.06927829 -0.07578301 0.05037403 0.07682597 -0.07570469 0.05101287 0.07607185 -0.07546252 0.05298888 0.07373929 -0.07593274 0.05751281 0.0663467 -0.0762816 0.05906891 0.06345772 -0.07652372 0.05963188 0.06220549 -0.02842521 0.09275674 0.06220382 -0.02030462 0.09338235 0.06560665 -0.01962262 0.09244805 0.06816101 -0.01813662 0.09041213 0.07372736 -0.02255296 0.09862864 0.05254137 -0.02173608 0.09664458 0.0574541 -0.0209015 0.09474271 0.0622071 -0.02420228 0.1010965 0.0459789 -0.02367496 0.1003075 0.04807704 -0.02855288 0.1044552 0.03496575 -0.02681791 0.1033917 0.03884357 -0.02626478 0.1030526 0.04007989 -0.02506494 0.1019147 0.04351156 -0.03151708 0.1054567 0.02973067 -0.03130519 0.1054285 0.0300315 -0.03008437 0.1049968 0.03222012 -0.0289489 0.1045953 0.03425574 -0.04925155 0.1003456 0.02271866 -0.04531443 0.1023772 0.02271866 -0.03893363 0.1049698 0.02271866 -0.03770011 0.1053499 0.02302008 -0.03753942 0.1053994 0.0230593 -0.0366078 0.1055701 0.02369827 -0.03595715 0.1056893 0.02414458 -0.03468257 0.1057443 0.02550435 -0.03392368 0.1057769 0.02631396 -0.03237706 0.1055712 0.02850979 -0.04248589 0.09598678 0.04351425 -0.05361145 0.0902459 0.04351425 -0.06397444 0.08322131 0.04351425 -0.05912637 0.07691472 0.06220382 -0.04954874 0.08340698 0.06220382 -0.03926628 0.08871281 0.06220382 -0.01482498 0.0884993 0.078027 -0.01478165 0.08846384 0.078 -0.01484292 0.0883916 0.07853049 -0.01555079 0.08755677 0.07980048 -0.01554912 0.08761012 0.07980889 -0.01552534 0.0875867 0.07977539 -0.01562738 0.08746635 0.07987636 -0.01631665 0.08878499 0.07866728 -0.01554912 0.08830922 0.07935798 -0.0151605 0.08801704 0.07941418 -0.01506984 0.08812397 0.0791952 -0.01486158 0.08836954 0.07869219 -0.01554912 0.08875358 0.07865458 -0.01554918 0.08882474 0.07839637 -0.01554107 0.08882516 0.07839351 -0.01515197 0.08864814 0.07819437 -0.01598447 0.08880221 0.07854998 0.076595 0.04772561 0.07862538 0.07658523 0.0479632 0.0783593 0.0766586 0.04774677 0.07825005 0.07660293 0.04793226 0.07830429 0.07670092 0.0477609 0.078 0.07658368 0.04772186 0.07869219 0.07627135 0.04761785 0.07920646 0.07619303 0.0475918 0.07933533 0.07614517 0.04757583 0.07941418 0.07559633 0.04739308 0.07978445 0.07546019 0.04734772 0.07987636 0.07915455 0.04183202 0.07965594 0.07873445 0.04167652 0.07987636 0.07891798 0.04183936 0.0797193 0.07971262 0.04254448 0.078 0.07979303 0.04231733 0.07835108 0.0796501 0.04248899 0.07846832 0.07979798 0.0423032 0.07837295 0.07962018 0.04246246 0.07869219 0.07942748 0.04229146 0.07909458 0.07927447 0.04215568 0.07941418 0.07915246 0.04204744 0.07951861 0.07589703 0.04984509 0.07733792 0.02134126 0.1082224 0.02894997 0.0215885 0.1083145 0.02853113 0.03350192 0.1039924 0.0322175 0.0239529 0.1087123 0.02542614 0.02584916 0.1087209 0.02365696 0.02586907 0.108721 0.02363836 0.02702301 0.1085714 0.02304869 0.02743965 0.1085174 0.02283585 0.02826863 0.10833 0.02271866 0.02112853 0.1071932 0.0322175 0.02087658 0.1080493 0.02973717 0.01941132 0.1075034 0.0322194 0.01637941 0.1055731 0.03879725 0.01666831 0.1058589 0.03797793 0.02029955 0.1029876 0.04351425 0.01841878 0.1069647 0.03420251 0.01907056 0.1073764 0.03279674 0.01122093 0.09574145 0.06364834 0.0113995 0.09634476 0.06220501 0.01876121 0.09518307 0.06220382 0.01198726 0.09833079 0.0574541 0.01301473 0.1013258 0.0502395 0.01355117 0.1021682 0.04807329 0.0145961 0.103809 0.04385429 0.0147162 0.1039278 0.04351377 0.009675204 0.0927031 0.07126748 0.0103051 0.09394121 0.06816262 0.07580608 0.06054121 0.06220382 0.07654231 0.05960851 0.0622071 0.07591593 0.05777746 0.0659914 0.07588088 0.05754321 0.06639468 0.07547569 0.05483269 0.07106101 0.07549548 0.05345207 0.07300621 0.07551276 0.0522471 0.07470393 0.07571244 0.05099892 0.07607263 0.07770609 0.06207484 0.05652481 0.07703042 0.06091588 0.05943053 0.07693171 0.06074661 0.05985498 0.07991075 0.06579691 0.04703301 0.0786885 0.06376004 0.05229973 0.06821745 0.06897956 0.06220382 0.08121079 0.07119506 0.03575211 0.08117753 0.07093286 0.03626328 0.07381093 0.0746355 0.04351425 0.08087414 0.0685392 0.04093015 0.08046668 0.06737941 0.04351121 0.08035361 0.06705749 0.0442276 0.07913583 0.07870382 0.02426409 0.07942569 0.07814902 0.02495634 0.07682514 0.07768332 0.0322175 0.08017104 0.07672226 0.02673649 0.08052986 0.07554745 0.02851784 0.08095878 0.07414305 0.03064721 0.08103638 0.07323533 0.03221911 0.08104234 0.07316535 0.03234028 0.07710641 0.08117324 0.02271866 0.07809489 0.08012372 0.0230515 0.07847899 0.07959979 0.02349895 0.06889021 0.0882532 0.02271866 0.06722766 0.0861234 0.0322175 0.07857936 0.07946294 0.02361583 0.0685243 0.08850586 0.02271866 0.05671024 0.09338492 0.0322175 0.05923306 0.09492075 0.02271866 0.04541683 0.09936857 0.0322175 0.04934012 0.1003423 0.02271866 0.05811268 0.0956943 0.02271866 0.03433036 0.1065641 0.02271866 0.03897047 0.1047635 0.02271866 0.04653996 0.101826 0.02271866 0.06459003 0.08274441 0.04351425 0.05448526 0.08972102 0.04351425 0.04363495 0.09546989 0.04351425 0.03218746 0.09991234 0.04351425 0.05969536 0.07647395 0.06220382 0.05035632 0.08292192 0.06220382 0.0403282 0.08823513 0.06220382 0.02974826 0.09234088 0.06220382 0.07890635 -0.04182904 0.07972925 0.07915455 -0.04181987 0.07966041 0.07915246 -0.04204744 0.07951861 0.07971262 -0.04254448 0.078 0.07964968 -0.04248863 0.0784713 0.07982999 -0.04234313 0.0783593 0.07983469 -0.04231572 0.07839649 0.07962018 -0.04246246 0.07869219 0.07942402 -0.04228836 0.07910192 0.07927447 -0.04215568 0.07941418 0.07873445 -0.04167652 0.07987636 0.07653319 -0.04795718 0.07837617 0.07670092 -0.0477609 0.078 0.0765444 -0.04794412 0.07835108 0.0766586 -0.04774677 0.07825005 0.076595 -0.04772561 0.07862538 0.07619303 -0.0475918 0.07933533 0.07627135 -0.04761785 0.07920646 0.07658368 -0.04772186 0.07869219 0.07614517 -0.04757583 0.07941418 0.07559633 -0.04739308 0.07978445 0.07546019 -0.04734772 0.07987636 0.08111566 -0.04080617 0.07733792 0.1085708 0.02717816 0.02289187 0.1085751 0.0271672 0.02288538 0.1059854 0.02653104 0.0322175 0.1088513 0.02618944 0.02271866 0.1039412 0.03356629 0.03222054 0.1052866 0.03248441 0.02938002 0.1056857 0.03199976 0.02853298 0.1070156 0.03038483 0.02571034 0.1073834 0.029729 0.02497857 0.1079989 0.02863174 0.02375435 0.1081707 0.02819496 0.02349519 0.09824937 0.03609144 0.04421824 0.09858244 0.0360074 0.04351198 0.1018272 0.0254901 0.04351425 0.1005691 0.03550612 0.03929901 0.1020296 0.0347709 0.03623872 0.1031353 0.03421425 0.03392177 0.1038911 0.03360646 0.0323261 0.09126466 0.03629511 0.05940717 0.09229445 0.03617364 0.05728834 0.09052163 0.03489458 0.06220382 0.09403443 0.03624469 0.05346059 0.0941106 0.02355843 0.06220382 0.09456211 0.0362662 0.05229973 0.0977301 0.03622251 0.04531949 0.0840364 0.03863948 0.0730288 0.0862295 0.03748613 0.06927818 0.08151674 0.04044294 0.07682597 0.08203077 0.04005575 0.07607185 0.08362102 0.03885793 0.07373917 0.08777391 0.03700321 0.0663467 0.08929604 0.03652733 0.0634576 0.0899046 0.03645551 0.06220549 0.09052163 -0.03489458 0.06220382 0.08989363 -0.03648334 0.06220716 0.08799481 -0.03685635 0.06599128 0.08777433 -0.03694313 0.06639468 0.08522444 -0.03794747 0.07106095 0.08403861 -0.03865492 0.07300621 0.08300369 -0.03927236 0.07470393 0.0820226 -0.0400694 0.07607263 0.09409207 -0.03626424 0.05331778 0.09126991 -0.03625231 0.05943053 0.09107404 -0.03625148 0.0598548 0.09693723 -0.03630626 0.04703283 0.09456211 -0.0362662 0.05229973 0.0941106 -0.02355843 0.06220382 0.1022621 -0.03473305 0.03575205 0.1020185 -0.03483533 0.03626328 0.1018272 -0.0254901 0.04351425 0.09979367 -0.03576946 0.04093033 0.0985856 -0.03599649 0.04351121 0.09825032 -0.03605949 0.0442276 0.1085556 -0.02717417 0.02295607 0.1084367 -0.0275703 0.0230515 0.1059854 -0.02653104 0.0322175 0.108175 -0.02816492 0.02349895 0.1077274 -0.02918171 0.02426409 0.1073919 -0.02971011 0.02495634 0.1065289 -0.03106898 0.02673649 0.1056909 -0.03196716 0.02851784 0.1046892 -0.03304082 0.03064721 0.1039418 -0.03356188 0.03221917 0.1038842 -0.03360205 0.03234028 0.1088513 -0.02618944 0.02271866 0.108435 -0.01336586 0.0322175 0.1111166 -0.01369643 0.02271866 0.111148 -0.01318466 0.02271866 0.1092557 0 0.0322175 0.1119576 0 0.02271866 0.111148 0.01318466 0.02271866 0.108435 0.01336586 0.0322175 0.1111166 0.01369643 0.02271866 0.1041806 -0.01284146 0.04351425 0.1049691 0 0.04351425 0.1041806 0.01284146 0.04351425 0.09628576 -0.01186835 0.06220382 0.09701448 0 0.06220382 0.09628576 0.01186835 0.06220382 -0.01554107 -0.08882516 0.07839351 -0.01554918 -0.0888248 0.07839637 -0.01554912 -0.08875215 0.07865846 -0.01484328 -0.08839112 0.07853376 -0.01478165 -0.08846384 0.078 -0.01515603 -0.088642 0.07819396 -0.01486158 -0.08836954 0.07869219 -0.01554912 -0.08830285 0.07936441 -0.01555079 -0.08755677 0.07980048 -0.01553457 -0.08757585 0.07978445 -0.01554912 -0.08759689 0.07981377 -0.0151605 -0.08801704 0.07941418 -0.01507294 -0.08812034 0.07920265 -0.01562738 -0.08746635 0.07987636 -0.01639264 -0.08878636 0.07869577 -0.01632815 -0.08878934 0.07867288 -0.01598459 -0.08880496 0.07855093 0.03350192 -0.1039924 0.0322175 0.02112853 -0.1071932 0.0322175 0.02029955 -0.1029876 0.04351425 0.05923306 -0.09492075 0.02271866 0.05811268 -0.0956943 0.02271866 0.05671024 -0.09338492 0.0322175 0.04934012 -0.1003423 0.02271866 0.04653996 -0.101826 0.02271866 0.04541683 -0.09936857 0.0322175 0.06722766 -0.0861234 0.0322175 0.07850289 -0.07958108 0.02349519 0.07781505 -0.08044517 0.02288538 0.08103984 -0.07323253 0.03222048 0.08077567 -0.07493859 0.02938014 0.07682514 -0.07768332 0.0322175 0.08055549 -0.07552659 0.02853298 0.07982188 -0.07748574 0.0257104 0.07943779 -0.07813227 0.02497857 0.07879525 -0.07921385 0.02375435 0.07859081 -0.07947069 0.0235731 0.08038085 -0.06704074 0.04421824 0.08047461 -0.06737118 0.04351198 0.07381093 -0.0746355 0.04351425 0.08103382 -0.06934231 0.03929919 0.08112728 -0.07097476 0.03623872 0.08119809 -0.0722106 0.03392189 0.08104962 -0.07316911 0.0323261 0.07706481 -0.06088995 0.05940717 0.07747447 -0.06184238 0.05728858 0.07580608 -0.06054121 0.06220382 0.07751554 -0.06190723 0.05711984 0.06821745 -0.06897956 0.06220382 0.0786885 -0.06376004 0.05229973 0.08023464 -0.06652534 0.04531973 0.07548099 -0.05345791 0.0730288 0.07557868 -0.05593383 0.06927818 0.07578301 -0.05037403 0.07682597 0.07570469 -0.05101287 0.07607185 0.07546252 -0.05298894 0.07373923 0.07593274 -0.05751281 0.0663467 0.0762816 -0.05906891 0.06345766 0.07652372 -0.05963188 0.06220549 0.01876121 -0.09518307 0.06220382 0.01088845 -0.09494215 0.06560629 0.01030302 -0.09394437 0.06816101 0.009027481 -0.09177041 0.07372725 0.01260417 -0.1003916 0.05252867 0.01198726 -0.09833079 0.0574541 0.01134663 -0.09635508 0.0622071 0.01398402 -0.1029887 0.04602557 0.01354879 -0.1021695 0.0480768 0.01799094 -0.1067824 0.03496581 0.01637119 -0.1055509 0.03884363 0.01584947 -0.1051542 0.0400927 0.0147745 -0.1039063 0.04351156 0.02084052 -0.1080746 0.02973067 0.02063256 -0.1080254 0.03003144 0.01946079 -0.107474 0.03222018 0.01837104 -0.1069613 0.03425574 0.03897047 -0.1047635 0.02271866 0.03433036 -0.1065641 0.02271866 0.02826863 -0.10833 0.02271866 0.02700334 -0.1085851 0.02302008 0.02523529 -0.1087489 0.02414453 0.02589458 -0.1086952 0.02369827 0.02683854 -0.1086183 0.0230593 0.02396154 -0.1086764 0.02550435 0.02320325 -0.1086333 0.02631384 0.02134567 -0.1081941 0.02900016 0.0685243 -0.08850586 0.02271866 0.07710641 -0.08117324 0.02271866 0.06889021 -0.0882532 0.02271866 0.03218746 -0.09991234 0.04351425 0.04363495 -0.09546989 0.04351425 0.05448526 -0.08972102 0.04351425 0.05035632 -0.08292192 0.06220382 0.0403282 -0.08823513 0.06220382 0.02974826 -0.09234088 0.06220382 0.06459003 -0.08274441 0.04351425 0.05969536 -0.07647395 0.06220382 0.006613016 -0.08943045 0.07932215 0.006613016 -0.08986586 0.07863807 0.006613254 -0.08993285 0.07839703 0.006603181 -0.08993238 0.07839351 0.005883574 -0.08949708 0.078 0.005946636 -0.08943623 0.07849067 0.005923509 -0.08953708 0.07802724 0.006233632 -0.08971744 0.07819437 0.007409691 -0.08997124 0.07867813 0.007046639 -0.08995378 0.07854998 0.006616413 -0.08878993 0.07969111 0.006680011 -0.08872854 0.07974767 0.006824612 -0.08858901 0.07987636 0.006305098 -0.08909034 0.07941418 0.006176114 -0.0892148 0.07913422 0.005972564 -0.08941125 0.07869219 -0.008826434 0.08339357 0.07999998 -0.00616002 0.08291417 0.07999998 -0.005815207 -0.08289426 0.07999998 -0.008833765 -0.08335942 0.07999998 -0.009371697 -0.08344227 0.07999998 -0.01266652 -0.08468687 0.07999998 -0.002141416 -0.08311516 0.07999998 -0.00986284 0.08357989 0.07999998 0.004510343 -0.08575856 0.07999998 0.001476466 -0.08414685 0.07999998 0.07630509 0.04383766 0.07999998 -0.004150688 -0.08299434 0.07999998 -0.004148721 0.08299446 0.07999998 -0.002482473 0.08306092 0.07999998 4.746e-4 0.08382481 0.07999998 -0.01321774 -0.08503651 0.07999998 -0.01558464 -0.08653783 0.07999998 0.07611709 -0.04416328 0.07999998 0.004687547 -0.08590656 0.07999998 -0.07622563 0.04401099 0.07999998 -0.07611709 0.04416328 0.07999998 0.07622748 0.04400783 0.07999998 0.001001536 0.08396095 0.07999998 0.004155814 0.08552801 0.07999998 0.004669368 0.08593088 0.07999998 0.00687474 0.08766078 0.07999998 -0.07622748 -0.04400783 0.07999998 -0.07630509 -0.04383766 0.07999998 -0.01304233 0.08488094 0.07999998 -0.01323342 0.08501052 0.07999998 0.07622563 -0.04401099 0.07999998 4.6386e-4 -0.08385807 0.07999998 -0.07915455 -0.04181987 0.07966041 -0.07873445 -0.04167652 0.07987636 -0.07890635 -0.04182904 0.07972925 -0.07971262 -0.04254448 0.078 -0.07979303 -0.04231733 0.07835108 -0.07964968 -0.04248863 0.0784713 -0.07979851 -0.04230171 0.07837516 -0.07962018 -0.04246246 0.07869219 -0.07942402 -0.04228836 0.07910192 -0.07927447 -0.04215568 0.07941418 -0.07915246 -0.04204744 0.07951861 -0.076595 -0.04772561 0.07862538 -0.07658523 -0.0479632 0.0783593 -0.0766586 -0.04774677 0.07825005 -0.07660293 -0.04793226 0.07830429 -0.07670092 -0.0477609 0.078 -0.07658368 -0.04772186 0.07869219 -0.07627135 -0.04761785 0.07920646 -0.07619303 -0.0475918 0.07933533 -0.07614517 -0.04757583 0.07941418 -0.07559633 -0.04739308 0.07978445 -0.07546019 -0.04734772 0.07987636 -0.0808742 -0.06853944 0.04092967 -0.08046668 -0.06737941 0.04351121 -0.07342737 -0.07501292 0.04351425 -0.07693159 -0.06074625 0.05985569 -0.07654219 -0.05960869 0.0622071 -0.07563424 -0.06075578 0.06220382 -0.07589584 -0.0498501 0.07733333 -0.03237414 -0.1056123 0.02843892 -0.0326085 -0.1056678 0.02806442 -0.04422086 -0.09990656 0.0322175 -0.03465598 -0.105762 0.02549004 -0.03490781 -0.1057735 0.02517336 -0.03658038 -0.1055871 0.02367568 -0.03827661 -0.1051936 0.0227971 -0.03771966 -0.105331 0.02306008 -0.03676384 -0.1055666 0.0235114 -0.03201192 -0.1044607 0.0322175 -0.03155863 -0.1054192 0.02974224 -0.03000968 -0.1050525 0.03221762 -0.02368724 -0.1003005 0.04807502 -0.02501374 -0.1019413 0.04351335 -0.03075593 -0.1003623 0.04351425 -0.02512007 -0.1020729 0.04314756 -0.02684718 -0.1033992 0.03880101 -0.02742618 -0.1038439 0.03734374 -0.02900546 -0.1045854 0.03420591 -0.02999144 -0.1050482 0.0322467 -0.02071487 -0.09414386 0.06365019 -0.02095305 -0.09472715 0.06220501 -0.02842521 -0.09275674 0.06220382 -0.02173608 -0.09664458 0.0574541 -0.02305662 -0.09952044 0.05024373 -0.01887387 -0.09127533 0.07126837 -0.01962441 -0.09244477 0.06816262 -0.07591688 -0.05778163 0.06598353 -0.07588517 -0.05756998 0.06634807 -0.0754761 -0.05483895 0.07105123 -0.07549554 -0.05345159 0.0730068 -0.07551234 -0.05225187 0.07469791 -0.07571095 -0.0510081 0.07606267 -0.08035355 -0.06705749 0.0442276 -0.07991063 -0.06579673 0.04703348 -0.06786298 -0.06932836 0.06220382 -0.0786885 -0.06376004 0.05229973 -0.07810109 -0.06275236 0.05482614 -0.07703423 -0.06092238 0.05941414 -0.07642585 -0.07807618 0.0322175 -0.08104234 -0.07316535 0.03234028 -0.08121079 -0.071195 0.03575223 -0.08117753 -0.07093286 0.03626328 -0.07847899 -0.07959979 0.02349895 -0.07913583 -0.07870382 0.02426409 -0.07942569 -0.07814902 0.02495634 -0.08017104 -0.07672226 0.02673649 -0.08052986 -0.07554745 0.02851784 -0.08095878 -0.07414305 0.03064721 -0.08103638 -0.07323533 0.03221911 -0.06658691 -0.08661979 0.0322175 -0.0682336 -0.08876186 0.02271866 -0.06850528 -0.08852952 0.02271866 -0.07710641 -0.08117324 0.02271866 -0.07823729 -0.07992953 0.02321738 -0.07809489 -0.08012372 0.0230515 -0.04925155 -0.1003456 0.02271866 -0.0571807 -0.09625411 0.02271866 -0.05580073 -0.09393125 0.0322175 -0.05916166 -0.09491133 0.02271866 -0.03893363 -0.1049698 0.02271866 -0.04531443 -0.1023772 0.02271866 -0.05361145 -0.0902459 0.04351425 -0.04248589 -0.09598678 0.04351425 -0.04954874 -0.08340698 0.06220382 -0.03926628 -0.08871281 0.06220382 -0.06397444 -0.08322131 0.04351425 -0.05912637 -0.07691472 0.06220382 -0.08139783 0.0405485 0.07698065 -0.1034789 -0.02590352 0.03925001 -0.103494 -0.0258544 0.03924423 -0.1022763 -0.02560251 0.04237437 -0.1036548 -0.02473765 0.03951013 -0.1037884 -0.02380871 0.03973132 -0.1026597 -0.02829253 0.03971338 -0.1019222 -0.02978962 0.04048776 -0.1007515 -0.03144508 0.0420953 -0.1028853 -0.02783441 0.03947639 -0.103277 -0.02656012 0.03932696 -0.09837961 -0.03361475 0.04593229 -0.09410583 -0.02355724 0.0622152 -0.09698736 -0.03457915 0.04833096 -0.0948829 -0.03548729 0.05223441 -0.09909766 -0.03311729 0.04469501 -0.1001605 -0.03204274 0.04302442 -0.1005733 -0.03162527 0.04237544 -0.08990389 -0.03644436 0.06221657 -0.09154534 -0.03621083 0.05887311 -0.0905171 -0.03489285 0.0622152 -0.09316754 -0.03590053 0.05562043 -0.09452843 -0.03564023 0.05289179 -0.0815171 -0.04044276 0.07682532 -0.08154493 -0.04042172 0.07678467 -0.08312761 -0.0392245 0.07446914 -0.08356118 -0.0388965 0.07383489 -0.08610528 -0.03754734 0.0694949 -0.08618485 -0.03750514 0.06935918 -0.08887755 -0.03665471 0.06425476 -0.08924812 -0.03653764 0.06355226 -0.08608716 0.03759759 0.06949144 -0.08540934 0.03785663 0.07073891 -0.0905171 0.03489285 0.0622152 -0.08987921 0.03650641 0.06221938 -0.08886271 0.03668677 0.06426084 -0.08813124 0.03681659 0.06572997 -0.08313989 0.03917902 0.07449352 -0.08312863 0.03918564 0.07451218 -0.08155053 0.04042822 0.07676285 -0.0932337 0.03593254 0.05545407 -0.09266644 0.03608101 0.05656361 -0.09154534 0.03621083 0.05887311 -0.09963661 0.03263527 0.04381793 -0.09833872 0.03364634 0.04600089 -0.09410583 0.02355724 0.0622152 -0.09764391 0.03418767 0.04716956 -0.09511286 0.03544068 0.05177855 -0.09485912 0.03550708 0.05227482 -0.1022763 0.02560251 0.04237437 -0.1032738 0.02659821 0.03931313 -0.1031499 0.02710324 0.03930407 -0.1026424 0.02831631 0.03973788 -0.102343 0.02903223 0.03999394 -0.1018653 0.02979755 0.04060369 -0.1011646 0.03092002 0.04149806 -0.1005857 0.03156989 0.04237699 -0.1001328 0.03207826 0.04306453 -0.1038169 0.02296417 0.04013305 -0.1036683 0.02475821 0.03946924 -0.1034461 0.02589541 0.03932577 -0.1036393 0.02510762 0.03933995 -0.09628087 0.01186776 0.0622152 -0.1038276 0.01752769 0.04266649 -0.1038264 0.01824688 0.04241037 -0.1038262 0.01832091 0.04237461 -0.103837 0.0118699 0.04458296 -0.1038361 0.01260852 0.04441851 -0.1038358 0.01279979 0.04435038 -0.1038457 3.93943e-6 0.04618018 -0.1038459 0.001014113 0.04622471 -0.09700953 0 0.0622152 -0.1038435 0.005966305 0.04578125 -0.103843 0.006836652 0.04570329 -0.1038286 -0.01708197 0.04288756 -0.1038355 -0.01280474 0.04426908 -0.09628087 -0.01186776 0.0622152 -0.103837 -0.01185882 0.04457467 -0.1038385 -0.01097208 0.04486107 -0.1038434 -0.005954563 0.04577016 -0.1038445 -0.004878878 0.04596507 -0.1038457 0 0.04618 -0.1038169 -0.02296417 0.04013305 -0.1038264 -0.01816916 0.04237842 -0.1038277 -0.01752793 0.04267871 -0.01349973 0.09245622 0.009499967 -0.01349997 0.09249997 0.009499967 -0.006776988 0.09136366 0.009499967 -0.007844448 0.1002581 0.009499967 -0.007674455 0.1000536 0.009499967 -0.01322293 0.09863626 0.009499967 -0.006499946 0.09249997 0.009499967 -0.01349997 0.09749996 0.009499967 -0.006499946 0.09749996 0.009499967 -0.006500244 0.09754371 0.009499967 -0.00779128 0.08978432 0.009499967 -0.009024739 0.08913826 0.009499967 -0.009146034 0.08913248 0.009499967 -0.01220864 0.1002157 0.009499967 -0.01097518 0.1008617 0.009499967 -0.01085388 0.1008675 0.009499967 -0.006774425 0.09863638 0.009499967 -0.006894588 0.09911537 0.009499967 -0.006893157 0.09088724 0.009499967 -0.01215553 0.08974188 0.009499967 -0.01232546 0.08994632 0.009499967 -0.01310676 0.09911274 0.009499967 -0.01322555 0.0913636 0.009499967 -0.01310533 0.09088456 0.009499967 -0.009345471 0.1009388 0.009499967 -0.01065444 0.08906114 0.009499967 -0.006990551 -0.09673231 0.009499967 -0.00779128 -0.09771567 0.009499967 -0.01300936 -0.09326761 0.009499967 -0.008280873 -0.09797209 0.009499967 -0.009995639 -0.09159189 0.009499967 -0.009345471 -0.09156113 0.009499967 -0.008283495 -0.09204274 0.009499967 -0.006991088 -0.09326845 0.009499967 -0.006894588 -0.09338456 0.009499967 -0.01065444 -0.09843879 0.009499967 -0.01171648 -0.09795719 0.009499967 -0.01000434 -0.09840804 0.009499967 -0.009024739 -0.09836173 0.009499967 -0.01215553 -0.09775811 0.009499967 -0.01300883 -0.09673148 0.009499967 -0.01310533 -0.09661537 0.009499967 -0.01220864 -0.09228432 0.009499967 -0.0117191 -0.09202784 0.009499967 -0.01349973 -0.09504371 0.009499967 -0.01349997 -0.09499996 0.009499967 -0.01310676 -0.09338724 0.009499967 -0.007844448 -0.09224188 0.009499967 -0.01097518 -0.09163826 0.009499967 -0.006893157 -0.09661275 0.009499967 -0.006499946 -0.09499996 0.009499967 -0.006500244 -0.09495621 0.009499967 -0.08884364 0.04446709 0.01499998 -0.08651125 0.04547566 0.01499998 -0.08820766 0.04778015 0.01499998 -0.08910191 0.06051146 0.01499998 -0.09047287 0.06078726 0.01499998 -0.09093266 0.05794996 0.01499998 -0.09276336 0.04448848 0.01499998 -0.09139239 0.04421269 0.01499998 -0.09093266 0.04704999 0.01499998 -0.09923267 0.05249994 0.01499998 -0.09883058 0.04994785 0.01499998 -0.09638267 0.05249994 0.01499998 -0.09565246 0.049775 0.01499998 -0.09302163 0.06053286 0.01499998 -0.09535408 0.05952429 0.01499998 -0.09365767 0.0572198 0.01499998 -0.08581644 0.0460785 0.01499998 -0.08460098 0.0471332 0.01499998 -0.08621281 0.049775 0.01499998 -0.08908915 0.04444259 0.01499998 -0.08263266 0.05249994 0.01499998 -0.08303469 0.0550521 0.01499998 -0.08548265 0.05249994 0.01499998 -0.08621281 0.05522495 0.01499998 -0.08350002 0.04892665 0.01499998 -0.08328181 0.04928207 0.01499998 -0.08267235 0.05168819 0.01499998 -0.09604883 0.05892145 0.01499998 -0.09726428 0.05786675 0.01499998 -0.09565246 0.05522495 0.01499998 -0.09277611 0.06055736 0.01499998 -0.09371364 0.0446797 0.01499998 -0.09365767 0.04778015 0.01499998 -0.09591954 0.04586505 0.01499998 -0.09832388 0.0489425 0.01499998 -0.09768229 0.04766952 0.01499998 -0.09608423 0.04603362 0.01499998 -0.09836524 0.0560733 0.01499998 -0.09858345 0.05571788 0.01499998 -0.09919291 0.05331176 0.01499998 -0.08815163 0.06032025 0.01499998 -0.08820766 0.0572198 0.01499998 -0.08594578 0.0591349 0.01499998 -0.08354139 0.05605745 0.01499998 -0.08418297 0.05733042 0.01499998 -0.08578109 0.05896633 0.01499998 -0.08884364 -0.06053286 0.01499998 -0.08651125 -0.05952429 0.01499998 -0.08820766 -0.0572198 0.01499998 -0.08910191 -0.04448848 0.01499998 -0.09047287 -0.04421269 0.01499998 -0.09093266 -0.04704999 0.01499998 -0.09276336 -0.06051146 0.01499998 -0.09139239 -0.06078726 0.01499998 -0.09093266 -0.05794996 0.01499998 -0.09923267 -0.05249994 0.01499998 -0.09883058 -0.0550521 0.01499998 -0.09638267 -0.05249994 0.01499998 -0.09565246 -0.05522495 0.01499998 -0.09302163 -0.04446709 0.01499998 -0.09535408 -0.04547566 0.01499998 -0.09365767 -0.04778015 0.01499998 -0.08581644 -0.05892145 0.01499998 -0.08460098 -0.05786675 0.01499998 -0.08621281 -0.05522495 0.01499998 -0.08908915 -0.06055736 0.01499998 -0.08263266 -0.05249994 0.01499998 -0.08303469 -0.04994785 0.01499998 -0.08548265 -0.05249994 0.01499998 -0.08621281 -0.049775 0.01499998 -0.08350002 -0.0560733 0.01499998 -0.08328181 -0.05571788 0.01499998 -0.08267235 -0.05331176 0.01499998 -0.09604883 -0.0460785 0.01499998 -0.09726428 -0.0471332 0.01499998 -0.09565246 -0.049775 0.01499998 -0.09277611 -0.04444259 0.01499998 -0.09371364 -0.06032025 0.01499998 -0.09365767 -0.0572198 0.01499998 -0.09591954 -0.0591349 0.01499998 -0.09832388 -0.05605745 0.01499998 -0.09768229 -0.05733042 0.01499998 -0.09608423 -0.05896633 0.01499998 -0.09836524 -0.04892665 0.01499998 -0.09858345 -0.04928207 0.01499998 -0.09919291 -0.05168819 0.01499998 -0.08815163 -0.0446797 0.01499998 -0.08820766 -0.04778015 0.01499998 -0.08594578 -0.04586505 0.01499998 -0.08354139 -0.0489425 0.01499998 -0.08418297 -0.04766952 0.01499998 -0.08578109 -0.04603362 0.01499998 -0.1027204 0.02852636 0.0393061 -0.100049 0.03258901 0.04266619 -0.09064042 0.03733766 0.05840802 -0.0909174 0.03710603 0.0585469 -0.09445917 0.03631764 0.0519244 -0.09119439 0.03687447 0.05868583 -0.1038146 0.02466773 0.03906518 -0.1033947 0.02665585 0.03888994 -0.1018884 0.03013861 0.04018115 -0.0997883 0.0327602 0.04240423 -0.09797471 0.03454518 0.04540795 -0.1034045 0.02668017 0.03855627 -0.1031305 0.02754426 0.03866004 -0.1026543 0.02858316 0.03905868 -0.1030156 0.02790677 0.03870356 -0.1017513 0.03027439 0.03994661 -0.1012372 0.03123718 0.04045206 -0.09983092 0.03271543 0.04234683 -0.0960347 0.03576648 0.04851001 -0.09575152 0.03586804 0.04832023 -0.09482532 0.03618615 0.04985308 -0.09413737 0.03660255 0.05170595 -0.09379959 0.03653842 0.05155074 -0.09136122 0.03737586 0.05558621 -0.09046167 0.03738898 0.05832141 -0.08996629 0.03753113 0.05808138 -0.09827488 0.03435111 0.04444336 -0.09775924 0.03469264 0.04522103 -0.09623622 0.03570157 0.04751807 -0.1039084 0.02276325 0.0397666 -0.09128749 0.03669846 0.05873548 -0.09470385 0.03594964 0.05211704 -0.0981484 0.03430211 0.04561144 -0.09628242 0.03549575 0.04872113 -0.104 0.02256226 0.0394001 -0.1037422 0.02461498 0.03890585 -0.1035343 0.02627074 0.03850716 -0.0791803 0.06216508 0.05186116 -0.07914817 0.06258332 0.05200165 -0.07751524 0.05996584 0.05910056 -0.07733458 0.06049042 0.05929088 -0.07613849 0.05722612 0.06622171 -0.0763179 0.05682456 0.06603157 -0.07900053 0.06320643 0.0521847 -0.07911598 0.06300157 0.05214214 -0.07627487 0.05568581 0.06624776 -0.07638728 0.05640214 0.0658164 -0.07593899 0.05293548 0.0714606 -0.07590067 0.05271327 0.07250416 -0.07596516 0.0523945 0.07228142 -0.07627367 0.04953956 0.07618165 -0.07612156 0.05027705 0.07535767 -0.07595247 0.05070656 0.0757637 -0.07605099 0.05061924 0.07497531 -0.07580602 0.05299466 0.07270133 -0.0788688 0.06141424 0.05151182 -0.07909613 0.0619623 0.05176681 -0.07740795 0.05891352 0.05862408 -0.07752937 0.05942684 0.05886965 -0.07636851 0.05597072 0.06558799 -0.07654643 0.05651205 0.06433457 -0.07724273 0.0586307 0.05942851 -0.07652097 0.04834014 0.07752174 -0.0768097 0.04434609 0.07987636 -0.0778352 0.04493814 0.07869219 -0.07743495 0.04470705 0.07941418 -0.07794225 0.04499995 0.078 -0.07923084 0.04321277 0.078 -0.08308464 0.03971683 0.07283335 -0.08255827 0.04009902 0.07372665 -0.08293306 0.03967869 0.07414633 -0.08596438 0.03790032 0.06935304 -0.0857554 0.03821867 0.06916481 -0.08803367 0.0377134 0.06371998 -0.08853095 0.0376935 0.06143414 -0.08760017 0.0379461 0.06347352 -0.08548557 0.03847318 0.06895774 -0.08840453 0.03743553 0.06394022 -0.08118152 0.04110527 0.07605308 -0.08142417 0.04079943 0.07642984 -0.0812081 0.04107922 0.07601779 -0.08869475 0.03705781 0.06413096 -0.0855202 0.0385105 0.06803047 -0.08516472 0.03868657 0.06873154 -0.08472073 0.03890645 0.06960707 -0.08146059 0.07065844 0.03607821 -0.08165258 0.07032889 0.03590661 -0.08151316 0.07267695 0.03200191 -0.08003109 0.07730549 0.02497088 -0.07969313 0.07794505 0.02469319 -0.08061075 0.07619363 0.02617067 -0.08092898 0.07518583 0.02822643 -0.08105301 0.07481497 0.02796018 -0.08144754 0.07358527 0.02955633 -0.08160537 0.07214736 0.03168678 -0.08180499 0.07032847 0.0343818 -0.08166235 0.07162815 0.03245609 -0.08176314 0.06997215 0.03571838 -0.08082199 0.06517308 0.04346126 -0.08100867 0.06576716 0.04233914 -0.08097672 0.06561034 0.0436781 -0.08150678 0.06735241 0.0393449 -0.08173561 0.06963568 0.03553712 -0.08056634 0.06435948 0.04499793 -0.07712101 0.08118861 0.02251374 -0.07866019 0.07949131 0.0232262 -0.0807361 0.06660258 0.04407978 -0.08093035 0.06611746 0.04389601 -0.07838559 0.07986211 0.02270966 -0.07713562 0.08120399 0.02230888 -0.07979601 0.07775634 0.02448433 -0.07951819 0.07828927 0.02390927 -0.07871711 0.07940173 0.02306079 -0.06854301 0.08857679 0.02230888 -0.04935127 0.1005408 0.02230888 -0.03894835 0.1050096 0.02230888 -0.03894096 0.1049897 0.02251374 -0.06544589 0.09073227 0.02230888 -0.05924987 0.09504443 0.02230888 -0.05265021 0.09870898 0.02230888 -0.03762429 0.1054188 0.02278047 -0.02173149 0.09991377 0.0474143 -0.02194046 0.1000917 0.04753589 -0.02355003 0.1018776 0.04290705 -0.02090311 0.09871923 0.04957813 -0.01942557 0.09545415 0.0566619 -0.01959913 0.0957216 0.05679494 -0.02303588 0.1004266 0.04795193 -0.02245348 0.1003448 0.04776638 -0.02401721 0.1020458 0.04312229 -0.02636182 0.1035317 0.03869146 -0.02593314 0.1035409 0.03851449 -0.01992058 0.09621715 0.0570414 -0.0203396 0.09643304 0.05718505 -0.02075856 0.09664893 0.0573287 -0.02102762 0.09664773 0.05736321 -0.02824622 0.1047688 0.03393334 -0.03437119 0.1058979 0.02521866 -0.03643178 0.1056824 0.0234245 -0.03101754 0.10562 0.02943301 -0.03378194 0.1059458 0.02526247 -0.03359299 0.1059179 0.02549821 -0.03063493 0.1054813 0.02918958 -0.02935111 0.1052918 0.03079169 -0.01978439 0.0960071 0.05693691 -0.02172017 0.09962689 0.04731756 -0.02724218 0.1042124 0.03456592 -0.02524703 0.1031912 0.03813648 -0.02552467 0.1034466 0.03831577 -0.02465677 0.1028891 0.03919285 -0.02338463 0.1014759 0.0427125 -0.02215105 0.1001055 0.04612547 -0.03755939 0.1054185 0.02266371 -0.03696501 0.1055934 0.02281552 -0.03634262 0.1056623 0.02329397 -0.03411674 0.1059087 0.0250051 -0.02776926 0.1044822 0.03362256 0.01101428 0.09823757 0.0573287 0.01128208 0.0982632 0.05736321 0.009799897 0.0939303 0.06805324 0.01061892 0.09798097 0.05718505 0.009807109 0.09691578 0.0566619 0.01010894 0.09750181 0.05693691 0.009167313 0.09493899 0.06204771 0.009548783 0.09544509 0.06231164 0.00706017 0.09087228 0.07367384 0.008294701 0.09295874 0.06760305 0.008738934 0.09344202 0.06763958 0.008337557 0.09303122 0.06739217 0.008806169 0.09382319 0.06508797 0.00922209 0.09376925 0.0678696 0.0102235 0.09772431 0.0570414 0.00431019 0.08645921 0.07987636 -0.01291304 0.08559805 0.07987636 -0.01312571 0.08732402 0.078 -0.01234287 0.08663582 0.07869219 -0.01256543 0.08623081 0.07941418 -0.008685886 0.08398604 0.07987636 -0.004179358 0.08358782 0.07987636 2.64955e-4 0.08443355 0.07987636 0.003901183 0.08705413 0.07941418 0.00363928 0.08743494 0.07869219 0.004349648 0.08819782 0.078 0.003569245 0.08753681 0.078 -1.1444e-4 0.08555525 0.07869219 -1.54047e-4 0.08567237 0.078 -0.01228332 0.08674418 0.078 -0.008392572 0.08526045 0.078 -0.008420288 0.08513998 0.07869219 -0.007351696 0.08516848 0.078 -0.004238486 0.08477044 0.07869219 -0.004244685 0.08489394 0.078 -0.001180529 0.08547705 0.078 -0.008523941 0.08468961 0.07941418 -0.004215419 0.08430886 0.07941418 3.36367e-5 0.08511745 0.07941418 -0.01880115 0.09381204 0.06123453 -0.01902192 0.09401655 0.06231164 -0.01801621 0.09210425 0.06763958 -0.01852965 0.09238165 0.0678696 -0.01912063 0.09248429 0.06805324 -0.01716011 0.09100586 0.06953221 -0.0175386 0.09165304 0.0676186 -0.01758289 0.0917288 0.06739449 -0.01864016 0.09353673 0.06204867 0.01078152 0.09970498 0.05221259 0.02691912 0.1086463 0.02278119 0.02827399 0.1083505 0.02251374 0.02569377 0.1087905 0.02343422 0.01768404 0.1070798 0.03387778 0.0203303 0.1081882 0.0294283 0.02362823 0.1087977 0.02522718 0.01290464 0.1022256 0.04794675 0.01233339 0.1020862 0.04776114 0.01422727 0.1040218 0.0432859 0.01372492 0.1039401 0.04310274 0.0159204 0.1056591 0.0386489 0.01549363 0.1056259 0.03847199 0.01074445 0.09912145 0.05197328 0.01184821 0.1017833 0.04753071 0.01167863 0.1013198 0.04730033 0.02684187 0.1086609 0.02260464 0.02827936 0.108371 0.02230888 0.02286738 0.1086746 0.02561771 0.02340763 0.1087558 0.02502351 0.0240345 0.1088501 0.02433395 0.02560067 0.1087621 0.02331566 0.02662581 0.1087045 0.0226491 0.02052038 0.1083218 0.02819919 0.01661705 0.1065428 0.03443402 0.01716488 0.1067925 0.03355896 0.01992785 0.1080517 0.02914565 0.01618045 0.1063438 0.03513139 0.01509714 0.1054921 0.03827345 0.01327699 0.1037265 0.04288756 0.01193296 0.1019183 0.04602807 0.01209771 0.102306 0.04520404 0.01311284 0.1033099 0.04269951 0.01497411 0.1051507 0.03810763 0.03905057 0.1049717 0.02230888 0.06856453 0.0885601 0.02230888 0.07713562 0.08120399 0.02230888 0.07712101 0.08118861 0.02251374 0.04596734 0.1019934 0.02230888 0.0494247 0.1005047 0.02230888 0.05929619 0.09501558 0.02230888 0.06238502 0.09286415 0.02230888 0.080253 0.07697319 0.02526694 0.08093166 0.0748645 0.02799594 0.08092427 0.07520008 0.02820622 0.08073508 0.06659966 0.04408603 0.0791803 0.06216508 0.05186116 0.07914817 0.06258332 0.05200165 0.08092939 0.06611448 0.04390227 0.07911598 0.06300157 0.05214214 0.07900053 0.06320643 0.0521847 0.07865178 0.07950228 0.02321797 0.07968389 0.07796096 0.0246756 0.08151441 0.07266783 0.03201639 0.08145999 0.07063841 0.03611433 0.0816521 0.0703082 0.03594261 0.08160406 0.07277524 0.03069978 0.0788688 0.06141424 0.05151182 0.07909613 0.0619623 0.05176681 0.07949322 0.0623275 0.04936039 0.08097565 0.06560719 0.04368436 0.08065474 0.06528615 0.04349052 0.08159166 0.0716353 0.03250956 0.08157026 0.06967854 0.03561609 0.08176249 0.06995075 0.0357542 0.08154714 0.0675593 0.03898066 0.08086621 0.06582492 0.04242169 0.07853186 0.07968157 0.02281492 0.07869881 0.07941889 0.02305275 0.07973617 0.07778656 0.02453058 0.08004075 0.07730722 0.02496457 0.0815972 0.07214665 0.03169775 0.0934267 0.03748959 0.05186116 0.09377282 0.0372526 0.05200165 0.09068959 0.03714722 0.05910056 0.0910536 0.0367285 0.05929088 0.08762854 0.03732478 0.06622171 0.08737051 0.03768092 0.06603157 0.09423863 0.03681325 0.0521847 0.09411901 0.03701567 0.05214214 0.08188939 0.04042345 0.0757637 0.08160197 0.04078471 0.07535767 0.08186304 0.04055249 0.07497531 0.08636277 0.03821307 0.06624776 0.08703929 0.03795224 0.0658164 0.08381295 0.03929734 0.0714606 0.08360135 0.03937524 0.07250416 0.08335757 0.03959047 0.07228142 0.08220869 0.04032999 0.07435232 0.08379775 0.03915256 0.07270133 0.09262067 0.03759527 0.05151182 0.09320902 0.03751814 0.05176681 0.0897246 0.03758049 0.05862408 0.09022986 0.03742891 0.05886965 0.08665639 0.03815168 0.06558799 0.08801943 0.03786677 0.06252461 0.08939701 0.03757876 0.05942851 0.08012431 0.04209899 0.07752174 0.07794225 0.04499995 0.078 0.0768097 0.04434609 0.07987636 0.07743495 0.04470705 0.07941418 0.0778352 0.04493814 0.07869219 0.07860344 0.06104338 0.0526725 0.0774194 0.05889195 0.05863434 0.07752662 0.05942147 0.05888336 0.07751238 0.05996024 0.05911427 0.07595366 0.05069774 0.07577401 0.07580608 0.05300152 0.07269108 0.07613462 0.0572105 0.06625157 0.07733172 0.06048464 0.05930459 0.07711821 0.05834478 0.06015056 0.07679796 0.05729657 0.06252968 0.07638353 0.0563876 0.06584638 0.07613176 0.05025786 0.07536697 0.07617962 0.04978919 0.07601708 0.07638305 0.05593854 0.06561207 0.07621055 0.0553739 0.06689351 0.07590073 0.05271989 0.07249391 0.07593262 0.05249994 0.07218527 0.07593339 0.05243283 0.07229316 0.07593619 0.05217242 0.0727114 0.07631397 0.05680948 0.06606149 0.0760526 0.05103302 0.07429176 0.1019223 0.0352177 0.03607821 0.1017329 0.03554874 0.03590661 0.1036967 0.03425395 0.03200191 0.1085199 0.02749091 0.02252632 0.1088925 0.0261994 0.02230888 0.1088719 0.02619445 0.02251374 0.1081716 0.02837604 0.0232262 0.107349 0.03004372 0.02469319 0.1055774 0.03249359 0.02822643 0.09804755 0.03661817 0.04407978 0.09772461 0.03702896 0.04389601 0.09687525 0.03724151 0.04347544 0.09730857 0.0373227 0.0436781 0.1081117 0.02843326 0.023117 0.1075316 0.02977269 0.02395665 0.1072369 0.03022646 0.02448385 0.1032904 0.03464257 0.03167897 0.1053021 0.03271025 0.02798575 0.1061579 0.03188824 0.02641457 0.1069599 0.03065311 0.02497959 0.09745943 0.03719294 0.04237198 0.0984354 0.03711175 0.04052847 0.1014792 0.03582286 0.03571838 0.1011556 0.03580015 0.03557223 0.1029032 0.03495752 0.03238826 0.1030223 0.03490006 0.03217113 0.1112204 0.01319152 0.02230888 0.1114802 0.00879544 0.02230888 0.1112204 -0.01319152 0.02230888 0.1088925 -0.0261994 0.02230888 0.1088719 -0.02619445 0.02251374 0.112 0 0.02230888 0.1114802 -0.00879544 0.02230888 0.1067873 -0.0310145 0.02526694 0.1053004 -0.03265661 0.02799594 0.1055873 -0.03248238 0.02820622 0.09804457 -0.03661876 0.04408603 0.0934267 -0.03748959 0.05186116 0.09377282 -0.0372526 0.05200165 0.09772151 -0.03702962 0.04390227 0.09411901 -0.03701567 0.05214214 0.09423863 -0.03681325 0.0521847 0.1073581 -0.0300278 0.0246756 0.1036894 -0.03425961 0.03201639 0.1019047 -0.03522717 0.03611433 0.1017147 -0.0355587 0.03594261 0.1038272 -0.03428357 0.03069978 0.09262067 -0.03759527 0.05151182 0.09320902 -0.03751814 0.05176681 0.09372383 -0.03767937 0.04936039 0.09730535 -0.03732335 0.04368436 0.09686684 -0.03720593 0.04349052 0.1028338 -0.03484278 0.03250956 0.1011285 -0.03580266 0.03561609 0.1014603 -0.035833 0.0357542 0.09928166 -0.03684222 0.03898066 0.09743916 -0.03711974 0.04242169 0.1081769 -0.02836328 0.02321797 0.1082722 -0.02816981 0.02281492 0.1081282 -0.02844572 0.02305275 0.1072332 -0.03016024 0.02453058 0.1069704 -0.03066372 0.02496457 0.1032794 -0.03459191 0.03169775 0.07610517 -0.05023133 0.07547742 0.07610017 -0.05029726 0.07538175 0.07595247 -0.05070656 0.0757637 0.0791803 -0.06216508 0.05186116 0.07914817 -0.06258332 0.05200165 0.07751524 -0.05996584 0.05910056 0.07911598 -0.06300157 0.05214214 0.07900053 -0.06320643 0.0521847 0.07733458 -0.06049042 0.05929088 0.07613849 -0.05722612 0.06622171 0.0763179 -0.05682456 0.06603157 0.07631951 -0.05588465 0.06582921 0.07638728 -0.05640214 0.0658164 0.07594585 -0.05312889 0.07112956 0.07590067 -0.05271327 0.07250416 0.07604432 -0.05103141 0.07431644 0.07593864 -0.05242127 0.07229954 0.07593262 -0.05249994 0.07218527 0.07580602 -0.05299466 0.07270133 0.0788688 -0.06141424 0.05151182 0.07909613 -0.0619623 0.05176681 0.07740807 -0.05891275 0.05862385 0.07752937 -0.05942684 0.05886965 0.0763536 -0.05598616 0.06559258 0.07679384 -0.05729639 0.06253844 0.07724058 -0.05862599 0.05943918 0.07655894 -0.04821079 0.07763504 0.0778352 -0.04493814 0.07869219 0.0768097 -0.04434609 0.07987636 0.07743495 -0.04470705 0.07941418 0.07794225 -0.04499995 0.078 0.0917319 -0.0375213 0.05376982 0.08970576 -0.0376212 0.05863076 0.09022384 -0.03742927 0.05888336 0.09068334 -0.03714758 0.05911427 0.08380371 -0.03914916 0.07269108 0.08188241 -0.04042893 0.07577401 0.0910471 -0.03672891 0.05930459 0.08761304 -0.03732925 0.06625157 0.08866328 -0.03767263 0.06113177 0.08801585 -0.03784048 0.0625571 0.08702486 -0.03795623 0.06584638 0.08159023 -0.04080384 0.07536661 0.08120852 -0.04107886 0.07601702 0.0866307 -0.03819972 0.06560665 0.085711 -0.0384382 0.0676313 0.08360713 -0.03937196 0.07249391 0.08336794 -0.03956848 0.07228374 0.08317714 -0.03966051 0.07266259 0.08735549 -0.03768503 0.06606149 0.08222293 -0.04034799 0.07428854 0.08146059 -0.07065844 0.03607821 0.08165258 -0.07032889 0.03590661 0.08151316 -0.07267695 0.03200191 0.07806777 -0.08023548 0.02252632 0.07713562 -0.08120399 0.02230888 0.07712101 -0.08118861 0.02251374 0.07866019 -0.07949131 0.0232262 0.07969313 -0.07794505 0.02469319 0.08092898 -0.07518583 0.02822643 0.0807361 -0.06660258 0.04407978 0.08093035 -0.06611746 0.04389601 0.08068972 -0.06527566 0.04347544 0.08097672 -0.06561034 0.0436781 0.0786798 -0.07941085 0.023117 0.07954972 -0.07823872 0.02395665 0.07979536 -0.07775664 0.02448385 0.08164662 -0.07213085 0.03167897 0.08097898 -0.07483917 0.02798575 0.08069497 -0.07599133 0.02641457 0.08002632 -0.0773034 0.02497959 0.08093971 -0.06580585 0.04237198 0.08135741 -0.06669163 0.04052847 0.08176314 -0.06997215 0.03571838 0.08158171 -0.06970328 0.03557223 0.08172577 -0.07163804 0.03238826 0.08173555 -0.07176995 0.03217113 0.06856453 -0.0885601 0.02230888 0.06238502 -0.09286415 0.02230888 0.05929619 -0.09501558 0.02230888 0.0494247 -0.1005047 0.02230888 0.03905057 -0.1049717 0.02230888 0.02827936 -0.108371 0.02230888 0.02827399 -0.1083505 0.02251374 0.04596734 -0.1019934 0.02230888 0.02692103 -0.108646 0.02278047 0.01165664 -0.1015832 0.0474143 0.01184684 -0.1017811 0.04753589 0.01327019 -0.1037186 0.04290705 0.01095151 -0.100312 0.04957813 0.009807109 -0.09691578 0.0566619 0.009953081 -0.0971992 0.05679494 0.01290333 -0.1022236 0.04795193 0.01233202 -0.1020841 0.04776638 0.0137183 -0.1039326 0.04312229 0.01590299 -0.105645 0.03869146 0.01547551 -0.1056113 0.03851449 0.0102235 -0.09772431 0.0570414 0.01061892 -0.09798097 0.05718505 0.01101428 -0.09823757 0.0573287 0.01128208 -0.0982632 0.05736321 0.01765459 -0.1070639 0.03393334 0.0236364 -0.1087983 0.02521866 0.02570819 -0.1087893 0.0234245 0.02032715 -0.1081872 0.02943301 0.0230453 -0.1087872 0.02526247 0.02286005 -0.1087406 0.02549821 0.01996028 -0.1080111 0.02918958 0.01870179 -0.1076945 0.03079169 0.01010894 -0.09750181 0.05693691 0.01167398 -0.1012966 0.04731756 0.01671105 -0.10641 0.03456592 0.01482772 -0.1051949 0.03813648 0.01507848 -0.1054768 0.03831577 0.01427054 -0.1048354 0.03919285 0.01314574 -0.1033024 0.0427125 0.01205497 -0.1018158 0.04612547 0.02685648 -0.1086392 0.02266371 0.02624768 -0.108754 0.02281552 0.02562147 -0.1087605 0.02329397 0.02338212 -0.1087837 0.0250051 0.01720863 -0.1067311 0.03362256 -0.02075856 -0.09664893 0.0573287 -0.02102762 -0.09664773 0.05736321 -0.01912063 -0.09248429 0.06805324 -0.0203396 -0.09643304 0.05718505 -0.01942557 -0.09545415 0.0566619 -0.01978439 -0.0960071 0.05693691 -0.01859182 -0.09355103 0.06204771 -0.01902192 -0.09401655 0.06231164 -0.01608955 -0.08971482 0.07367384 -0.01752603 -0.09166771 0.06760305 -0.01801621 -0.09210425 0.06763958 -0.01757591 -0.09173554 0.06739217 -0.01812112 -0.09247678 0.06508797 -0.01852965 -0.09238165 0.0678696 -0.01992058 -0.09621715 0.0570414 0.00431019 -0.08645921 0.07987636 -0.01291304 -0.08559805 0.07987636 -0.01234287 -0.08663582 0.07869219 -0.01312571 -0.08732402 0.078 -0.01228332 -0.08674418 0.078 -0.008420288 -0.08513998 0.07869219 -0.008392572 -0.08526045 0.078 0.004349648 -0.08819782 0.078 0.003569245 -0.08753681 0.078 0.00363928 -0.08743494 0.07869219 -1.54047e-4 -0.08567237 0.078 -1.1444e-4 -0.08555525 0.07869219 -0.001180529 -0.08547705 0.078 -0.004238486 -0.08477044 0.07869219 -0.004244685 -0.08489394 0.078 -0.007351696 -0.08516848 0.078 0.003901183 -0.08705413 0.07941418 2.64955e-4 -0.08443355 0.07987636 -0.004179358 -0.08358782 0.07987636 -0.008685886 -0.08398604 0.07987636 3.36367e-5 -0.08511745 0.07941418 -0.004215419 -0.08430886 0.07941418 -0.008523941 -0.08468961 0.07941418 -0.01256543 -0.08623081 0.07941418 0.009349584 -0.09521955 0.06123453 0.009548783 -0.09544509 0.06231164 0.008738934 -0.09344202 0.06763958 0.00922209 -0.09376925 0.0678696 0.009799897 -0.0939303 0.06805324 0.007996618 -0.09226369 0.06953221 0.008308649 -0.09294539 0.0676186 0.008345186 -0.0930252 0.06739449 0.009216845 -0.09492957 0.06204867 -0.02067339 -0.09813225 0.05221259 -0.03762239 -0.1054193 0.02278119 -0.03894096 -0.1049897 0.02251374 -0.03641754 -0.1056849 0.02343422 -0.03436303 -0.1058982 0.02522718 -0.02827709 -0.1047818 0.03387778 -0.03102076 -0.1056206 0.0294283 -0.02303737 -0.1004285 0.04794675 -0.02245503 -0.1003468 0.04776114 -0.02453255 -0.1020838 0.0432859 -0.02402454 -0.1020526 0.04310274 -0.02638053 -0.1035441 0.0386489 -0.02595257 -0.1035536 0.03847199 -0.02057826 -0.09755533 0.05197328 -0.02194207 -0.1000939 0.04753071 -0.02172708 -0.09964948 0.04730033 -0.03754699 -0.1054415 0.02260464 -0.03894835 -0.1050096 0.02230888 -0.03359365 -0.1058515 0.02561771 -0.03413933 -0.1058785 0.02502351 -0.03477251 -0.1059097 0.02433395 -0.03632205 -0.1056659 0.02331566 -0.03733634 -0.1055064 0.0226491 -0.03122323 -0.1057346 0.02819919 -0.02716189 -0.1043538 0.03443402 -0.02773189 -0.1045476 0.03355896 -0.03060668 -0.105525 0.02914565 -0.02670758 -0.1041994 0.03513139 -0.0255447 -0.10346 0.03827345 -0.02355754 -0.1018847 0.04288756 -0.02203983 -0.1002197 0.04602807 -0.02224242 -0.100589 0.04520404 -0.02335268 -0.1014867 0.04269951 -0.02538824 -0.1031326 0.03810763 -0.04935127 -0.1005408 0.02230888 -0.06854301 -0.08857679 0.02230888 -0.07713562 -0.08120399 0.02230888 -0.07712101 -0.08118861 0.02251374 -0.05265021 -0.09870898 0.02230888 -0.05924987 -0.09504443 0.02230888 -0.06544589 -0.09073227 0.02230888 -0.08057469 -0.07627785 0.02607017 -0.08104127 -0.07483226 0.02794378 -0.08092427 -0.07520008 0.02820622 -0.0788688 -0.06141424 0.05151182 -0.07909613 -0.0619623 0.05176681 -0.08052325 -0.06426095 0.04519814 -0.08097565 -0.06560719 0.04368436 -0.08081936 -0.06517118 0.04346752 -0.08180499 -0.07032847 0.0343818 -0.08172893 -0.06961637 0.03557389 -0.08176249 -0.06995075 0.0357542 -0.08146667 -0.06716084 0.03968465 -0.08101302 -0.06576633 0.04233592 -0.0816636 -0.07162851 0.0324546 -0.08151441 -0.07266783 0.03201639 -0.08160829 -0.07213717 0.03170055 -0.08145445 -0.07355213 0.02960294 -0.07968389 -0.07796096 0.0246756 -0.07977855 -0.07777577 0.0244742 -0.08002924 -0.07730412 0.02497673 -0.0791803 -0.06216508 0.05186116 -0.07914817 -0.06258332 0.05200165 -0.08092939 -0.06611448 0.04390227 -0.07911598 -0.06300157 0.05214214 -0.08073508 -0.06659966 0.04408603 -0.07900053 -0.06320643 0.0521847 -0.0816521 -0.0703082 0.03594261 -0.08145999 -0.07063841 0.03611433 -0.07865178 -0.07950228 0.02321797 -0.07830524 -0.07995891 0.02265751 -0.07870537 -0.07941371 0.02305883 -0.07944011 -0.07841259 0.02379566 -0.08686727 -0.03806138 0.06515532 -0.08760631 -0.03793495 0.06346845 -0.08803856 -0.03771245 0.06370949 -0.09119439 -0.03687447 0.05868583 -0.09128749 -0.03669846 0.05873548 -0.08869999 -0.03705668 0.06412053 -0.0829302 -0.0396806 0.07415097 -0.08141583 -0.04080647 0.07644146 -0.0857616 -0.03821623 0.06915318 -0.08255851 -0.04008835 0.07374328 -0.0909174 -0.03710603 0.0585469 -0.0884096 -0.03743445 0.06392973 -0.09064042 -0.03733766 0.05840802 -0.09046167 -0.03738898 0.05832141 -0.08996629 -0.03753113 0.05808138 -0.08431363 -0.03903931 0.07048279 -0.08470916 -0.03888785 0.06965762 -0.08549153 -0.0384708 0.06894606 -0.08516198 -0.03871446 0.068713 -0.08064848 -0.04158043 0.07683378 -0.0811606 -0.04115957 0.07603228 -0.08221215 -0.04029536 0.07438665 -0.0768097 -0.04434609 0.07987636 -0.07794225 -0.04499995 0.078 -0.07743495 -0.04470705 0.07941418 -0.0778352 -0.04493814 0.07869219 -0.07923084 -0.04321277 0.078 -0.07751578 -0.05996692 0.05909806 -0.07595252 -0.05070632 0.075764 -0.07580608 -0.0530011 0.07269167 -0.07614076 -0.05723512 0.06620442 -0.07733511 -0.0604915 0.05928832 -0.07655894 -0.05651104 0.06431084 -0.07638943 -0.05641049 0.06579911 -0.07693839 -0.05790007 0.06124919 -0.07752984 -0.05942785 0.05886709 -0.07743728 -0.05888271 0.05861425 -0.07831442 -0.06061047 0.0539813 -0.07617962 -0.04978919 0.07601702 -0.07624512 -0.04953438 0.0762661 -0.07640427 -0.05594503 0.06555849 -0.07613664 -0.05496537 0.06771785 -0.07590073 -0.05271947 0.0724945 -0.07595461 -0.0524109 0.07228261 -0.07593655 -0.05215734 0.07273566 -0.07632017 -0.05683326 0.06601428 -0.07613074 -0.05026566 0.07535678 -0.09472846 -0.03594064 0.05207121 -0.1038174 -0.02464741 0.03907006 -0.1039084 -0.02276325 0.0397666 -0.1034021 -0.02662986 0.03888827 -0.1019046 -0.03011137 0.04016196 -0.1027306 -0.02850311 0.03929722 -0.09448462 -0.03630816 0.05187857 -0.09488183 -0.03634756 0.04966855 -0.09578639 -0.03579586 0.04828375 -0.09632301 -0.03547388 0.04865163 -0.09818971 -0.03427082 0.04554468 -0.09831124 -0.0339902 0.0457347 -0.09382236 -0.03662395 0.05147147 -0.09480941 -0.03639173 0.04977941 -0.09416389 -0.03659301 0.05166023 -0.1030281 -0.02787375 0.03869563 -0.1031131 -0.0275408 0.03869456 -0.104 -0.02256226 0.0394001 -0.1038622 -0.02456003 0.03870689 -0.1038579 -0.02462202 0.03868538 -0.103343 -0.02663969 0.03869175 -0.1000767 -0.03255915 0.04262548 -0.09984797 -0.03273439 0.04230868 -0.1012966 -0.03115242 0.04038149 -0.1017715 -0.03025323 0.03991913 -0.1026654 -0.02856063 0.03904879 -0.09780573 -0.03456419 0.04519218 -0.0986362 -0.03405767 0.04392075 -0.09982091 -0.03276395 0.04234468 -0.104 -0.01711773 0.04168295 -0.104 0.01159781 0.04363489 -0.104 -1.0904e-5 0.04522877 -0.104 -0.01245933 0.04363614 -0.104 -0.01165026 0.04378187 -0.104 -0.002812087 0.04537397 -0.104 -0.005818068 0.04483246 -0.104 0.01797103 0.04164195 -0.104 0.008388817 0.04463833 -0.104 0.007213234 0.04485446 -0.104 0.01720941 0.04188013 -0.104 0.005857527 0.04492473 -0.1045 0.007518053 0.003023207 -0.104 0.007947623 0.002767384 -0.1045 0.008729338 0.006899654 -0.104 0.009228169 0.006865322 -0.1045 0.008060097 0.01090538 -0.104 0.008520662 0.01109999 -0.1045 0.005654394 0.0141775 -0.104 0.005977511 0.01455909 -0.1045 0.002030611 0.01601105 -0.104 0.002146661 0.01649743 -0.1045 -0.002030611 0.01601105 -0.104 -0.002146661 0.01649743 -0.1045 -0.005654394 0.0141775 -0.104 -0.005977511 0.01455909 -0.1045 -0.008060097 0.01090538 -0.104 -0.008520662 0.01109999 -0.1045 -0.008729338 0.006899654 -0.104 -0.009228169 0.006865322 -0.1045 -0.007518053 0.003023207 -0.104 -0.007947623 0.002767384 -0.08555185 0.05249994 0.01498758 -0.08627277 0.05519038 0.01498758 -0.08824223 0.05715984 0.01498758 -0.09093266 0.05788075 0.01498758 -0.09362304 0.05715984 0.01498758 -0.09559255 0.05519038 0.01498758 -0.09631341 0.05249994 0.01498758 -0.09559255 0.04980957 0.01498758 -0.09362304 0.04784005 0.01498758 -0.09093266 0.0471192 0.01498758 -0.08824223 0.04784005 0.01498758 -0.08627277 0.04980957 0.01498758 -0.09619498 0.05249994 0.01486921 -0.0954793 0.05512499 0.01479995 -0.09548997 0.05513113 0.01486921 -0.09355765 0.05704659 0.01479995 -0.09356385 0.05705732 0.01486921 -0.09093266 0.05774998 0.01479995 -0.09093266 0.05776232 0.01486921 -0.08830761 0.05704659 0.01479995 -0.08830147 0.05705732 0.01486921 -0.08638602 0.05512499 0.01479995 -0.08637529 0.05513113 0.01486921 -0.08568263 0.05249994 0.01479995 -0.08567029 0.05249994 0.01486921 -0.08638602 0.04987496 0.01479995 -0.08637529 0.04986882 0.01486921 -0.08830761 0.04795336 0.01479995 -0.08830147 0.04794263 0.01486921 -0.09093266 0.04724997 0.01479995 -0.09093266 0.04723763 0.01486921 -0.09355765 0.04795336 0.01479995 -0.09356385 0.04794263 0.01486921 -0.0954793 0.04987496 0.01479995 -0.09548997 0.04986882 0.01486921 -0.09618264 0.05249994 0.01479995 -0.08562409 0.05249994 0.01494139 -0.0863353 0.04984569 0.01494139 -0.08827835 0.04790258 0.01494139 -0.09093266 0.04719138 0.01494139 -0.09358692 0.04790258 0.01494139 -0.09553003 0.04984569 0.01494139 -0.09624123 0.05249994 0.01494139 -0.09553003 0.05515426 0.01494139 -0.09358692 0.05709731 0.01494139 -0.09093266 0.05780857 0.01494139 -0.08827835 0.05709731 0.01494139 -0.0863353 0.05515426 0.01494139 -0.08555185 -0.05249994 0.01498758 -0.08627277 -0.04980957 0.01498758 -0.08824223 -0.04784005 0.01498758 -0.09093266 -0.0471192 0.01498758 -0.09362304 -0.04784005 0.01498758 -0.09559255 -0.04980957 0.01498758 -0.09631341 -0.05249994 0.01498758 -0.09559255 -0.05519038 0.01498758 -0.09362304 -0.05715984 0.01498758 -0.09093266 -0.05788075 0.01498758 -0.08824223 -0.05715984 0.01498758 -0.08627277 -0.05519038 0.01498758 -0.09619498 -0.05249994 0.01486921 -0.0954793 -0.04987496 0.01479995 -0.09548997 -0.04986882 0.01486921 -0.09355765 -0.04795336 0.01479995 -0.09356385 -0.04794263 0.01486921 -0.09093266 -0.04724997 0.01479995 -0.09093266 -0.04723763 0.01486921 -0.08830761 -0.04795336 0.01479995 -0.08830147 -0.04794263 0.01486921 -0.08638602 -0.04987496 0.01479995 -0.08637529 -0.04986882 0.01486921 -0.08568263 -0.05249994 0.01479995 -0.08567029 -0.05249994 0.01486921 -0.08638602 -0.05512499 0.01479995 -0.08637529 -0.05513113 0.01486921 -0.08830761 -0.05704659 0.01479995 -0.08830147 -0.05705732 0.01486921 -0.09093266 -0.05774998 0.01479995 -0.09093266 -0.05776232 0.01486921 -0.09355765 -0.05704659 0.01479995 -0.09356385 -0.05705732 0.01486921 -0.0954793 -0.05512499 0.01479995 -0.09548997 -0.05513113 0.01486921 -0.09618264 -0.05249994 0.01479995 -0.08562409 -0.05249994 0.01494139 -0.0863353 -0.05515426 0.01494139 -0.08827835 -0.05709731 0.01494139 -0.09093266 -0.05780857 0.01494139 -0.09358692 -0.05709731 0.01494139 -0.09553003 -0.05515426 0.01494139 -0.09624123 -0.05249994 0.01494139 -0.09553003 -0.04984569 0.01494139 -0.09358692 -0.04790258 0.01494139 -0.09093266 -0.04719138 0.01494139 -0.08827835 -0.04790258 0.01494139 -0.0863353 -0.04984569 0.01494139 0.005403876 -0.1042923 0.01499998 0.004778742 -0.1023796 0.01499998 0.004704058 -0.1022878 0.01499998 -0.005403876 -0.1057076 0.01499998 -0.004778742 -0.1076204 0.01499998 -0.004704058 -0.1077122 0.01499998 0.00391829 -0.108788 0.01499998 0.004644155 -0.1076756 0.01499998 0.003828823 -0.1088289 0.01499688 0.003715038 -0.1089341 0.01499617 0.002683103 -0.1096606 0.01499998 0.003723263 -0.1089267 0.01499617 3.20849e-4 -0.1104406 0.01499998 0.002260565 -0.1099591 0.01499998 6.95726e-6 -0.1103983 0.01499998 0.002690374 -0.1096599 0.01498758 0 -0.1103808 0.01498758 -0.002676725 -0.1096348 0.01499998 -0.001748144 -0.110162 0.01499998 -0.003536701 -0.1091466 0.01499998 -0.004659831 -0.1076903 0.01498758 -0.005380749 -0.105 0.01498758 -0.00544995 -0.105 0.01499998 -0.004644155 -0.1023244 0.01499998 -0.005045413 -0.1029393 0.01499998 -0.00391829 -0.1012119 0.01499998 -0.003828823 -0.1011711 0.01499688 -0.003764152 -0.1011105 0.01499646 -0.002683103 -0.1003394 0.01499998 -0.003698527 -0.101051 0.01499605 -0.003564536 -0.1009354 0.01499509 -3.20849e-4 -0.09955942 0.01499998 -0.002260565 -0.1000409 0.01499998 -6.95726e-6 -0.09960168 0.01499998 -0.002690374 -0.1003401 0.01498758 0 -0.0996192 0.01498758 0.002676725 -0.1003651 0.01499998 0.001748144 -0.09983795 0.01499998 0.003536701 -0.1008533 0.01499998 0.004659831 -0.1023096 0.01498758 0.005380749 -0.105 0.01498758 0.00544995 -0.105 0.01499998 0.005045413 -0.1070606 0.01499998 -0.005262315 -0.105 0.01486921 -0.004546582 -0.102375 0.01479995 -0.004557311 -0.1023688 0.01486921 -0.002624988 -0.1004533 0.01479995 -0.002631127 -0.1004427 0.01486921 0 -0.09974998 0.01479995 0 -0.09973764 0.01486921 0.002624988 -0.1004533 0.01479995 0.002631127 -0.1004427 0.01486921 0.004546582 -0.102375 0.01479995 0.004557311 -0.1023688 0.01486921 0.005249977 -0.105 0.01479995 0.005262315 -0.105 0.01486921 0.004546582 -0.107625 0.01479995 0.004557311 -0.1076312 0.01486921 0.002624988 -0.1095466 0.01479995 0.002631127 -0.1095573 0.01486921 0 -0.11025 0.01479995 0 -0.1102623 0.01486921 -0.002624988 -0.1095466 0.01479995 -0.002631127 -0.1095573 0.01486921 -0.004546582 -0.107625 0.01479995 -0.004557311 -0.1076312 0.01486921 -0.005249977 -0.105 0.01479995 0.003564536 -0.1090645 0.01499509 0.003698527 -0.1089489 0.01499605 0.004597306 -0.1076543 0.01494139 0.003285825 -0.1092822 0.01499301 0.003731489 -0.1089193 0.01499623 0.003764152 -0.1088894 0.01499646 -0.004597306 -0.1023457 0.01494139 -0.005308568 -0.105 0.01494139 -0.004597306 -0.1076543 0.01494139 -0.002654254 -0.1095973 0.01494139 0 -0.1103085 0.01494139 0.002654254 -0.1095973 0.01494139 -0.003285825 -0.1007178 0.01499301 -0.002654254 -0.1004026 0.01494139 -0.003715038 -0.1010658 0.01499617 -0.003723263 -0.1010732 0.01499617 -0.003731489 -0.1010807 0.01499623 0 -0.09969139 0.01494139 0.002654254 -0.1004026 0.01494139 0.004597306 -0.1023457 0.01494139 0.005308568 -0.105 0.01494139 0.09633654 -0.05179232 0.01499998 0.09571146 -0.04987961 0.01499998 0.09563672 -0.04978781 0.01499998 0.08552873 -0.05320757 0.01499998 0.08615386 -0.05512034 0.01499998 0.08622854 -0.05521214 0.01499998 0.09485095 -0.056288 0.01499998 0.09557682 -0.0551756 0.01499998 0.09476149 -0.05632883 0.01499688 0.0946477 -0.05643415 0.01499617 0.09361577 -0.05716055 0.01499998 0.09465593 -0.0564267 0.01499617 0.09125351 -0.05794054 0.01499998 0.09319323 -0.05745905 0.01499998 0.09093958 -0.05789828 0.01499998 0.09362304 -0.05715984 0.01498758 0.09093266 -0.05788075 0.01498758 0.08825588 -0.05713486 0.01499998 0.08918446 -0.05766201 0.01499998 0.0873959 -0.05664658 0.01499998 0.08627277 -0.05519038 0.01498758 0.08555185 -0.05249994 0.01498758 0.08548265 -0.05249994 0.01499998 0.08628851 -0.04982435 0.01499998 0.08588719 -0.05043935 0.01499998 0.08701431 -0.04871189 0.01499998 0.08710378 -0.04867112 0.01499688 0.08716845 -0.0486105 0.01499646 0.0882495 -0.0478394 0.01499998 0.08723407 -0.04855102 0.01499605 0.08736813 -0.04843538 0.01499509 0.09061181 -0.04705941 0.01499998 0.08867204 -0.0475409 0.01499998 0.09092569 -0.04710167 0.01499998 0.08824223 -0.04784005 0.01498758 0.09093266 -0.0471192 0.01498758 0.09360939 -0.04786509 0.01499998 0.09268081 -0.04733794 0.01499998 0.09446942 -0.04835331 0.01499998 0.09559255 -0.04980957 0.01498758 0.09631341 -0.05249994 0.01498758 0.09638267 -0.05249994 0.01499998 0.09597808 -0.0545606 0.01499998 0.08567029 -0.05249994 0.01486921 0.08638602 -0.04987496 0.01479995 0.08637529 -0.04986882 0.01486921 0.08830761 -0.04795336 0.01479995 0.08830147 -0.04794263 0.01486921 0.09093266 -0.04724997 0.01479995 0.09093266 -0.04723763 0.01486921 0.09355765 -0.04795336 0.01479995 0.09356385 -0.04794263 0.01486921 0.0954793 -0.04987496 0.01479995 0.09548997 -0.04986882 0.01486921 0.09618264 -0.05249994 0.01479995 0.09619498 -0.05249994 0.01486921 0.0954793 -0.05512499 0.01479995 0.09548997 -0.05513113 0.01486921 0.09355765 -0.05704659 0.01479995 0.09356385 -0.05705732 0.01486921 0.09093266 -0.05774998 0.01479995 0.09093266 -0.05776232 0.01486921 0.08830761 -0.05704659 0.01479995 0.08830147 -0.05705732 0.01486921 0.08638602 -0.05512499 0.01479995 0.08637529 -0.05513113 0.01486921 0.08568263 -0.05249994 0.01479995 0.0944972 -0.05656456 0.01499509 0.09463125 -0.05644887 0.01499605 0.09553003 -0.05515426 0.01494139 0.09421849 -0.05678218 0.01499301 0.09466415 -0.05641931 0.01499623 0.09469681 -0.05638939 0.01499646 0.0863353 -0.04984569 0.01494139 0.08562409 -0.05249994 0.01494139 0.0863353 -0.05515426 0.01494139 0.08827835 -0.05709731 0.01494139 0.09093266 -0.05780857 0.01494139 0.09358692 -0.05709731 0.01494139 0.08764678 -0.04821777 0.01499301 0.08827835 -0.04790258 0.01494139 0.08721756 -0.0485658 0.01499617 0.08720934 -0.04857319 0.01499617 0.08720111 -0.04858064 0.01499623 0.09093266 -0.04719138 0.01494139 0.09358692 -0.04790258 0.01494139 0.09553003 -0.04984569 0.01494139 0.09624123 -0.05249994 0.01494139 -0.005999982 0.09749996 0.008999943 -0.005999982 0.09249997 0.008999943 -0.006030857 0.09749996 0.009173035 -0.006030857 0.09249997 0.009173035 -0.006076276 0.09749996 0.009243965 -0.006076276 0.09249997 0.009243965 -0.00614643 0.09749996 0.009353518 -0.00614643 0.09249997 0.009353518 -0.006255924 0.09749996 0.009423613 -0.006255924 0.09249997 0.009423613 -0.006326913 0.09749996 0.009469091 -0.006326913 0.09249997 0.009469091 -0.013673 0.09249997 0.009469091 -0.01346689 0.09128683 0.009469091 -0.01374399 0.09249997 0.009423613 -0.01392364 0.09249997 0.009243965 -0.01385354 0.09249997 0.009353518 -0.0136373 0.09122723 0.009353518 -0.01374632 0.09118908 0.009173035 -0.01396906 0.09249997 0.009173035 -0.01399999 0.09249997 0.008999943 -0.01377552 0.09117889 0.008999943 -0.01336884 0.09056282 0.008999943 -0.01267778 0.08957034 0.009173035 -0.01269865 0.08954751 0.008999943 -0.01194339 0.08914107 0.008999943 -0.01096975 0.08865118 0.009173035 -0.01097732 0.08862119 0.008999943 -0.00999999 0.08862119 0.008999943 -0.009030163 0.08865118 0.009173035 -0.009022593 0.08862119 0.008999943 -0.008056581 0.08914107 0.008999943 -0.007322132 0.08957034 0.009173035 -0.00730127 0.08954751 0.008999943 -0.006631076 0.09056282 0.008999943 -0.0062536 0.09118908 0.009173035 -0.006224453 0.09117889 0.008999943 -0.006362676 0.09122723 0.009353518 -0.006533026 0.09128683 0.009469091 -0.007521867 0.08978885 0.009469091 -0.01089745 0.08893823 0.009469091 -0.009102523 0.08893823 0.009469091 -0.01247805 0.08978885 0.009469091 -0.01259982 0.08965557 0.009353518 -0.01094156 0.08876323 0.009353518 -0.009058415 0.08876323 0.009353518 -0.007400095 0.08965557 0.009353518 -0.01399999 0.09749996 0.008999943 -0.01396906 0.09749996 0.009173035 -0.01392364 0.09749996 0.009243965 -0.01385354 0.09749996 0.009353518 -0.01374399 0.09749996 0.009423613 -0.013673 0.09749996 0.009469091 -0.006533026 0.09871309 0.009469091 -0.01374632 0.09881091 0.009173035 -0.0136373 0.0987727 0.009353518 -0.01346689 0.09871309 0.009469091 -0.01247805 0.1002112 0.009469091 -0.01089745 0.1010617 0.009469091 -0.009102523 0.1010617 0.009469091 -0.007521867 0.1002112 0.009469091 -0.006362676 0.0987727 0.009353518 -0.0062536 0.09881091 0.009173035 -0.006224453 0.0988211 0.008999943 -0.006631076 0.09943711 0.008999943 -0.007322132 0.1004297 0.009173035 -0.009030163 0.1013488 0.009173035 -0.008056581 0.1008589 0.008999943 -0.00730127 0.1004524 0.008999943 -0.01096975 0.1013488 0.009173035 -0.00999999 0.1013787 0.008999943 -0.009022593 0.1013787 0.008999943 -0.01267778 0.1004297 0.009173035 -0.01194339 0.1008589 0.008999943 -0.01097732 0.1013787 0.008999943 -0.01377552 0.0988211 0.008999943 -0.01336884 0.09943711 0.008999943 -0.01269865 0.1004524 0.008999943 -0.007400095 0.1003444 0.009353518 -0.009058415 0.1012367 0.009353518 -0.01094156 0.1012367 0.009353518 -0.01259982 0.1003444 0.009353518 -0.013673 -0.09499996 0.009469091 -0.01318091 -0.09316343 0.009469091 -0.01183652 -0.09181904 0.009469091 -0.00999999 -0.09132695 0.009469091 -0.008163452 -0.09181904 0.009469091 -0.006819009 -0.09316343 0.009469091 -0.006326913 -0.09499996 0.009469091 -0.006819009 -0.0968365 0.009469091 -0.008163452 -0.09818094 0.009469091 -0.00999999 -0.09867304 0.009469091 -0.01183652 -0.09818094 0.009469091 -0.01318091 -0.0968365 0.009469091 -0.01396906 -0.09499996 0.009173035 -0.01346409 -0.09299999 0.008999943 -0.01343733 -0.09301543 0.009173035 -0.01199996 -0.09153586 0.008999943 -0.01198452 -0.09156262 0.009173035 -0.00999999 -0.09099996 0.008999943 -0.00999999 -0.09103089 0.009173035 -0.007999956 -0.09153586 0.008999943 -0.008015394 -0.09156262 0.009173035 -0.006535887 -0.09299999 0.008999943 -0.00656265 -0.09301543 0.009173035 -0.005999982 -0.09499996 0.008999943 -0.006030857 -0.09499996 0.009173035 -0.006535887 -0.097 0.008999943 -0.00656265 -0.0969845 0.009173035 -0.007999956 -0.09846407 0.008999943 -0.008015394 -0.0984373 0.009173035 -0.00999999 -0.09899997 0.008999943 -0.00999999 -0.0989691 0.009173035 -0.01199996 -0.09846407 0.008999943 -0.01198452 -0.0984373 0.009173035 -0.01346409 -0.097 0.008999943 -0.01343733 -0.0969845 0.009173035 -0.01399999 -0.09499996 0.008999943 -0.01385354 -0.09499996 0.009353518 -0.01333725 -0.09692674 0.009353518 -0.01192677 -0.09833723 0.009353518 -0.00999999 -0.09885352 0.009353518 -0.00807321 -0.09833723 0.009353518 -0.006662666 -0.09692674 0.009353518 -0.00614643 -0.09499996 0.009353518 -0.006662666 -0.09307318 0.009353518 -0.00807321 -0.0916627 0.009353518 -0.00999999 -0.0911464 0.009353518 -0.01192677 -0.0916627 0.009353518 -0.01333725 -0.09307318 0.009353518 4.59773e-4 -0.0967127 0.01499998 -0.001843452 -0.0969426 0.01499998 -0.002088963 -0.0969671 0.01499998 -0.004421412 -0.09797567 0.01499998 -0.005116164 -0.09857851 0.01499998 -0.006331622 -0.09963321 0.01499998 -0.007432579 -0.1014266 0.01499998 0.001830697 -0.09698849 0.01499998 0.00826025 -0.1058117 0.01499998 0.008299946 -0.105 0.01499998 0.007897913 -0.1024478 0.01499998 0.007391214 -0.1014425 0.01499998 0.006749629 -0.1001695 0.01499998 0.005151569 -0.09853363 0.01499998 0.004986882 -0.09836506 0.01499998 0.002780973 -0.09717971 0.01499998 -4.59773e-4 -0.1132873 0.01499998 0.001843452 -0.1130574 0.01499998 -0.001830697 -0.1130114 0.01499998 0.002088963 -0.1130329 0.01499998 0.004421412 -0.1120243 0.01499998 0.005116164 -0.1114214 0.01499998 0.006331622 -0.1103667 0.01499998 0.007432579 -0.1085733 0.01499998 0.007650792 -0.1082178 0.01499998 -0.007650792 -0.1017821 0.01499998 -0.00826025 -0.1041882 0.01499998 -0.008299946 -0.105 0.01499998 -0.007897913 -0.1075521 0.01499998 -0.007391214 -0.1085575 0.01499998 -0.006749629 -0.1098304 0.01499998 -0.005151569 -0.1114663 0.01499998 -0.004986882 -0.1116349 0.01499998 -0.002780973 -0.1128203 0.01499998 0.09139239 -0.04421269 0.01499998 0.08908915 -0.04444259 0.01499998 0.09276336 -0.04448848 0.01499998 0.09919291 -0.05331176 0.01499998 0.09923267 -0.05249994 0.01499998 0.09883058 -0.04994785 0.01499998 0.09832388 -0.0489425 0.01499998 0.09768229 -0.04766952 0.01499998 0.09608423 -0.04603362 0.01499998 0.09591954 -0.04586505 0.01499998 0.09371364 -0.0446797 0.01499998 0.09047287 -0.06078726 0.01499998 0.09277611 -0.06055736 0.01499998 0.09302163 -0.06053286 0.01499998 0.09535408 -0.05952429 0.01499998 0.09604883 -0.05892145 0.01499998 0.09726428 -0.05786675 0.01499998 0.09836524 -0.0560733 0.01499998 0.09858345 -0.05571788 0.01499998 0.08910191 -0.06051146 0.01499998 0.08884364 -0.04446709 0.01499998 0.08651125 -0.04547566 0.01499998 0.08581644 -0.0460785 0.01499998 0.08460098 -0.0471332 0.01499998 0.08350002 -0.04892665 0.01499998 0.08328181 -0.04928207 0.01499998 0.08267235 -0.05168819 0.01499998 0.08263266 -0.05249994 0.01499998 0.08303469 -0.0550521 0.01499998 0.08354139 -0.05605745 0.01499998 0.08418297 -0.05733042 0.01499998 0.08578109 -0.05896633 0.01499998 0.08594578 -0.0591349 0.01499998 0.08815163 -0.06032025 0.01499998 -0.08566951 0.05909973 0.01505857 -0.08564066 0.05913585 0.01513075 -0.08904397 0.0607748 0.01513075 -0.09619581 0.05909973 0.01505857 -0.0962246 0.05913585 0.01513075 -0.09857976 0.05618262 0.01513075 -0.0985381 0.04883736 0.01505857 -0.09857976 0.04881733 0.01513075 -0.0962246 0.04586404 0.01513075 -0.08566951 0.04590022 0.01505857 -0.08564066 0.04586404 0.01513075 -0.08328557 0.04881733 0.01513075 -0.09510052 0.04530936 0.01519995 -0.0928241 0.04421311 0.01519995 -0.0928213 0.04422515 0.01513075 -0.09093266 0.04421311 0.01519995 -0.08904123 0.04421311 0.01519995 -0.08904397 0.04422515 0.01513075 -0.09510052 0.05969059 0.01519995 -0.09623229 0.05914556 0.01519995 -0.09820145 0.05667626 0.01519995 -0.09859091 0.05618798 0.01519995 -0.09943264 0.05249994 0.01519995 -0.08366382 0.05667626 0.01519995 -0.08563297 0.05914556 0.01519995 -0.08676481 0.05969059 0.01519995 -0.08904123 0.06078684 0.01519995 -0.09093266 0.06078684 0.01519995 -0.08676481 0.04530936 0.01519995 -0.08563297 0.04585438 0.01519995 -0.08366382 0.04832363 0.01519995 -0.08327442 0.04881197 0.01519995 -0.08243262 0.05249994 0.01519995 -0.09623229 0.04585438 0.01519995 -0.09820145 0.04832363 0.01519995 -0.09859091 0.04881197 0.01519995 -0.09278857 0.04437226 0.015037 -0.0945639 0.04495954 0.01501232 -0.09613233 0.04597705 0.01503169 -0.08341801 0.04888343 0.01503407 -0.08277326 0.05063766 0.01501232 -0.08258599 0.05249989 0.01502633 -0.08277326 0.05436229 0.01501232 -0.083422 0.05611616 0.01503819 -0.08907669 0.06062769 0.015037 -0.09093266 0.06086921 0.01501232 -0.0927906 0.06063193 0.01503199 -0.09844756 0.05611658 0.0150339 -0.09909206 0.05436229 0.01501232 -0.09927934 0.05249989 0.01502633 -0.08244502 0.05249994 0.01513075 -0.08249121 0.05249994 0.01505857 -0.08332717 0.04883736 0.01505857 -0.09281104 0.04427021 0.01505857 -0.09619581 0.04590022 0.01505857 -0.0994203 0.05249994 0.01513075 -0.09937405 0.05249994 0.01505857 -0.0985381 0.05616259 0.01505857 -0.0928213 0.0607748 0.01513075 -0.09281104 0.06072974 0.01505857 -0.08905422 0.06072974 0.01505857 -0.08327442 0.05618798 0.01519995 -0.08328557 0.05618262 0.01513075 -0.08332717 0.05616259 0.01505857 -0.08438932 0.04728186 0.01501232 -0.08573609 0.04598152 0.01503765 -0.08730137 0.04495954 0.01501232 -0.08907473 0.04436796 0.01503199 -0.08905422 0.04427021 0.01505857 -0.09093266 0.04413074 0.01501232 -0.09747594 0.04728186 0.01501232 -0.09844297 0.04888385 0.01503837 -0.09909206 0.05063766 0.01501232 -0.09747594 0.05771809 0.01501232 -0.09612923 0.05901843 0.01503765 -0.0928241 0.06078684 0.01519995 -0.0945639 0.06004041 0.01501232 -0.08573299 0.0590229 0.01503169 -0.08730137 0.06004041 0.01501232 -0.08438932 0.05771809 0.01501232 -0.08566951 -0.04590022 0.01505857 -0.08564066 -0.04586404 0.01513075 -0.08904397 -0.04422515 0.01513075 -0.09619581 -0.04590022 0.01505857 -0.0962246 -0.04586404 0.01513075 -0.09857976 -0.04881733 0.01513075 -0.0985381 -0.05616259 0.01505857 -0.09857976 -0.05618262 0.01513075 -0.0962246 -0.05913585 0.01513075 -0.08566951 -0.05909973 0.01505857 -0.08564066 -0.05913585 0.01513075 -0.08328557 -0.05618262 0.01513075 -0.09510052 -0.05969059 0.01519995 -0.0928241 -0.06078684 0.01519995 -0.0928213 -0.0607748 0.01513075 -0.09093266 -0.06078684 0.01519995 -0.08904123 -0.06078684 0.01519995 -0.08904397 -0.0607748 0.01513075 -0.09510052 -0.04530936 0.01519995 -0.09623229 -0.04585438 0.01519995 -0.09820145 -0.04832363 0.01519995 -0.09859091 -0.04881197 0.01519995 -0.09943264 -0.05249994 0.01519995 -0.08366382 -0.04832363 0.01519995 -0.08563297 -0.04585438 0.01519995 -0.08676481 -0.04530936 0.01519995 -0.08904123 -0.04421311 0.01519995 -0.09093266 -0.04421311 0.01519995 -0.08676481 -0.05969059 0.01519995 -0.08563297 -0.05914556 0.01519995 -0.08366382 -0.05667626 0.01519995 -0.08327442 -0.05618798 0.01519995 -0.08243262 -0.05249994 0.01519995 -0.09623229 -0.05914556 0.01519995 -0.09820145 -0.05667626 0.01519995 -0.09859091 -0.05618798 0.01519995 -0.09278857 -0.06062769 0.015037 -0.0945639 -0.06004041 0.01501232 -0.09613233 -0.0590229 0.01503169 -0.08341801 -0.05611652 0.01503407 -0.08277326 -0.05436229 0.01501232 -0.08258599 -0.05250006 0.01502633 -0.08277326 -0.05063766 0.01501232 -0.083422 -0.04888379 0.01503819 -0.08907669 -0.04437226 0.015037 -0.09093266 -0.04413074 0.01501232 -0.0927906 -0.04436796 0.01503199 -0.09844756 -0.04888337 0.0150339 -0.09909206 -0.05063766 0.01501232 -0.09927934 -0.05250006 0.01502633 -0.08244502 -0.05249994 0.01513075 -0.08249121 -0.05249994 0.01505857 -0.08332717 -0.05616259 0.01505857 -0.09281104 -0.06072974 0.01505857 -0.09619581 -0.05909973 0.01505857 -0.0994203 -0.05249994 0.01513075 -0.09937405 -0.05249994 0.01505857 -0.0985381 -0.04883736 0.01505857 -0.0928213 -0.04422515 0.01513075 -0.09281104 -0.04427021 0.01505857 -0.08905422 -0.04427021 0.01505857 -0.08327442 -0.04881197 0.01519995 -0.08328557 -0.04881733 0.01513075 -0.08332717 -0.04883736 0.01505857 -0.08438932 -0.05771809 0.01501232 -0.08573609 -0.05901843 0.01503765 -0.08730137 -0.06004041 0.01501232 -0.08907473 -0.06063193 0.01503199 -0.08905422 -0.06072974 0.01505857 -0.09093266 -0.06086921 0.01501232 -0.09747594 -0.05771809 0.01501232 -0.09844297 -0.0561161 0.01503837 -0.09909206 -0.05436229 0.01501232 -0.09747594 -0.04728186 0.01501232 -0.09612923 -0.04598146 0.01503765 -0.0928241 -0.04421311 0.01519995 -0.0945639 -0.04495954 0.01501232 -0.08573299 -0.04597705 0.01503169 -0.08730137 -0.04495954 0.01501232 -0.08438932 -0.04728186 0.01501232 -0.1165 -0.007518053 0.003023207 -0.117 -0.007947623 0.002767384 -0.1165 -0.008729338 0.006899654 -0.117 -0.009228169 0.006865322 -0.1165 -0.008060097 0.01090538 -0.117 -0.008520662 0.01109999 -0.1165 -0.005654394 0.0141775 -0.117 -0.005977511 0.01455909 -0.1165 -0.002030611 0.01601105 -0.117 -0.002146661 0.01649743 -0.1165 0.002030611 0.01601105 -0.117 0.002146661 0.01649743 -0.1165 0.005654394 0.0141775 -0.117 0.005977511 0.01455909 -0.1165 0.008060097 0.01090538 -0.117 0.008520662 0.01109999 -0.1165 0.008729338 0.006899654 -0.117 0.009228169 0.006865322 -0.1165 0.007518053 0.003023207 -0.117 0.007947623 0.002767384 0.005403876 0.1057076 0.01499998 0.004778742 0.1076204 0.01499998 0.004704058 0.1077122 0.01499998 -0.005403876 0.1042923 0.01499998 -0.004778742 0.1023796 0.01499998 -0.004704058 0.1022878 0.01499998 0.00391829 0.1012119 0.01499998 0.004644155 0.1023244 0.01499998 0.003828823 0.1011711 0.01499688 0.003715038 0.1010658 0.01499617 0.002683103 0.1003394 0.01499998 0.003723263 0.1010732 0.01499617 3.20849e-4 0.09955942 0.01499998 0.002260565 0.1000409 0.01499998 6.95726e-6 0.09960168 0.01499998 0.002690374 0.1003401 0.01498758 0 0.0996192 0.01498758 -0.002676725 0.1003651 0.01499998 -0.001748144 0.09983795 0.01499998 -0.003536701 0.1008533 0.01499998 -0.004659831 0.1023096 0.01498758 -0.005380749 0.105 0.01498758 -0.00544995 0.105 0.01499998 -0.004644155 0.1076756 0.01499998 -0.005045413 0.1070606 0.01499998 -0.00391829 0.108788 0.01499998 -0.003828823 0.1088289 0.01499688 -0.003764152 0.1088894 0.01499646 -0.002683103 0.1096606 0.01499998 -0.003698527 0.1089489 0.01499605 -0.003564536 0.1090645 0.01499509 -3.20849e-4 0.1104406 0.01499998 -0.002260565 0.1099591 0.01499998 -6.95726e-6 0.1103983 0.01499998 -0.002690374 0.1096599 0.01498758 0 0.1103808 0.01498758 0.002676725 0.1096348 0.01499998 0.001748144 0.110162 0.01499998 0.003536701 0.1091466 0.01499998 0.004659831 0.1076903 0.01498758 0.005380749 0.105 0.01498758 0.00544995 0.105 0.01499998 0.005045413 0.1029393 0.01499998 -0.005262315 0.105 0.01486921 -0.004546582 0.107625 0.01479995 -0.004557311 0.1076312 0.01486921 -0.002624988 0.1095466 0.01479995 -0.002631127 0.1095573 0.01486921 0 0.11025 0.01479995 0 0.1102623 0.01486921 0.002624988 0.1095466 0.01479995 0.002631127 0.1095573 0.01486921 0.004546582 0.107625 0.01479995 0.004557311 0.1076312 0.01486921 0.005249977 0.105 0.01479995 0.005262315 0.105 0.01486921 0.004546582 0.102375 0.01479995 0.004557311 0.1023688 0.01486921 0.002624988 0.1004533 0.01479995 0.002631127 0.1004427 0.01486921 0 0.09974998 0.01479995 0 0.09973764 0.01486921 -0.002624988 0.1004533 0.01479995 -0.002631127 0.1004427 0.01486921 -0.004546582 0.102375 0.01479995 -0.004557311 0.1023688 0.01486921 -0.005249977 0.105 0.01479995 0.003564536 0.1009354 0.01499509 0.003698527 0.101051 0.01499605 0.004597306 0.1023457 0.01494139 0.003285825 0.1007178 0.01499301 0.003731489 0.1010807 0.01499623 0.003764152 0.1011105 0.01499646 -0.004597306 0.1076543 0.01494139 -0.005308568 0.105 0.01494139 -0.004597306 0.1023457 0.01494139 -0.002654254 0.1004026 0.01494139 0 0.09969139 0.01494139 0.002654254 0.1004026 0.01494139 -0.003285825 0.1092822 0.01499301 -0.002654254 0.1095973 0.01494139 -0.003715038 0.1089341 0.01499617 -0.003723263 0.1089267 0.01499617 -0.003731489 0.1089193 0.01499623 0 0.1103085 0.01494139 0.002654254 0.1095973 0.01494139 0.004597306 0.1076543 0.01494139 0.005308568 0.105 0.01494139 -0.1191902 -0.009069919 1.46512e-4 -0.1194108 -0.009248435 3.2747e-4 -0.1192033 -0.008734107 6.20132e-4 -0.1192034 -0.008722782 6.59551e-4 -0.1196348 -0.00906831 0.001258254 -0.1192038 -0.008687436 7.82723e-4 -0.1196336 -0.009176492 8.57855e-4 -0.1196336 -0.009178817 8.49301e-4 -0.119621 -0.009418427 4.99924e-4 -0.1191909 -0.008663296 0.001897752 -0.1191958 -0.008607029 0.001757383 -0.1196251 -0.009099185 0.001679003 -0.1191994 -0.008594036 0.001530766 -0.1196337 -0.009071767 0.001305341 -0.1192036 -0.008579134 0.001271069 -0.1192051 -0.00857383 0.001178145 -0.1196209 -0.009133994 0.001763641 -0.1196082 -0.009241223 0.002024412 -0.1191782 -0.008806824 0.002255797 -0.1170129 -0.00853002 5.53589e-4 -0.1170235 -0.00856477 5.252e-4 -0.1170185 -0.008498728 6.69936e-4 -0.1173 -0.008579492 0.00153321 -0.1173 -0.008574724 0.001570284 -0.1171962 -0.008556306 0.00157243 -0.117 -0.008549094 0.002409279 -0.117 -0.00827676 0.001604914 -0.1170185 -0.008379876 0.001592934 -0.1170185 -0.008638322 0.002356171 -0.1170879 -0.008487462 0.001580417 -0.1170879 -0.008731365 0.002300739 -0.1171962 -0.00879091 0.002265274 -0.1173 -0.008806824 0.002255797 -0.1171962 -0.00866419 7.34483e-4 -0.1173 -0.008681476 7.41222e-4 -0.1173 -0.008676707 7.78256e-4 -0.1171984 -0.008999705 1.88124e-4 -0.1172385 -0.009048879 1.58726e-4 -0.1172716 -0.009065389 1.49111e-4 -0.1173 -0.009069919 1.46512e-4 -0.1170879 -0.008599638 7.09291e-4 -0.1171311 -0.008917272 2.37387e-4 -0.1170422 -0.008626043 4.75186e-4 -0.117 -0.00826317 0.001370191 -0.117 -0.008347213 7.92016e-4 -0.1170074 -0.00845313 6.53871e-4 -0.117 0.008347213 7.92016e-4 -0.1165 0.008050799 3.89354e-4 -0.1165 0.007788181 7.07119e-4 -0.117 0.007882595 0.001354098 -0.1165 0.007431328 0.001138865 -0.1165 0.007377088 0.001406967 -0.117 0.007738053 0.002068936 -0.1165 0.007277607 0.00222212 -0.1165 0.007238566 0.002091884 -0.1170132 0.008460104 6.59892e-4 -0.1165376 0.008425652 1.89397e-4 -0.1170261 0.008570671 5.30517e-4 -0.116551 0.008559286 1.18117e-4 -0.1170325 0.008624851 4.67109e-4 -0.1165843 0.00866121 9.36136e-5 -0.1170365 0.008659243 4.26912e-4 -0.1166896 0.008983969 1.59974e-5 -0.1171311 0.008917272 2.37387e-4 -0.1168498 0.009236454 0 -0.1045 0.007249772 0.002230465 -0.104 0.007746458 0.002172827 -0.1045 0.007329404 0.001397311 -0.104 0.007806181 0.001547992 -0.1045 0.007742941 6.69772e-4 -0.104 0.008116364 0.001002311 -0.1045 0.008418023 1.75109e-4 -0.104 0.008622646 6.31332e-4 -0.1045 0.009236454 0 -0.104 0.009236454 5e-4 -0.104 0.02256226 5e-4 -0.09994292 0.03282153 5e-4 -0.1029489 0.02807843 5e-4 -0.1030531 0.02753156 5e-4 -0.09486424 0.03626608 5e-4 -0.09540331 0.03612685 5e-4 -0.08996629 0.03753113 5e-4 -0.07922381 0.04322665 5e-4 -0.07898455 0.04343116 5e-4 -0.0762965 0.04921615 5e-4 -0.07629448 0.04953092 5e-4 -0.0788688 0.06141424 5e-4 -0.07664388 0.05645996 5e-4 -0.07625544 0.05559509 5e-4 -0.08474498 0.03902542 5e-4 -0.08383351 0.03928625 5e-4 -0.08100777 0.06578135 5e-4 -0.08000111 0.07727515 5e-4 -0.07713562 0.08120399 5e-4 -0.08031672 0.07684242 5e-4 -0.08174777 0.07163715 5e-4 -0.08124333 0.06626236 5e-4 -0.06551855 0.0908367 5e-4 -0.05271196 0.09882026 5e-4 -0.03894835 0.1050096 5e-4 -0.03357309 0.1058362 5e-4 -0.02713775 0.1044186 5e-4 -0.03298234 0.1059271 5e-4 -0.02236104 0.1007284 5e-4 -0.02207034 0.1002062 5e-4 -0.01942557 0.09545415 5e-4 0.007096767 0.0909208 5e-4 0.008061885 0.09305554 5e-4 0.009807109 0.09691578 5e-4 -0.017304 0.09178721 5e-4 -0.01613074 0.0897594 5e-4 -0.01296371 0.08755636 5e-4 -0.007300436 0.08541625 5e-4 -0.01072978 0.0860024 5e-4 0.004165232 0.08841282 5e-4 0.002097487 0.08664375 5e-4 -0.001256227 0.08571845 5e-4 -0.004244685 0.08489394 5e-4 0.01196467 0.101908 5e-4 0.0165866 0.1066048 5e-4 0.01220178 0.1024566 5e-4 0.02827936 0.108371 5e-4 0.02284842 0.1086573 5e-4 0.0222516 0.1086888 5e-4 0.0460174 0.1021097 5e-4 0.06245744 0.0929681 5e-4 0.07713562 0.08120399 5e-4 0.08000111 0.07727515 5e-4 0.08174777 0.07163715 5e-4 0.08031672 0.07684242 5e-4 0.08100777 0.06578135 5e-4 0.08124333 0.06626236 5e-4 0.0788688 0.06141424 5e-4 0.07705593 0.05717825 5e-4 0.07615494 0.05507296 5e-4 0.07639497 0.05105149 5e-4 0.07656586 0.04818761 5e-4 0.07829028 0.04520088 5e-4 0.08001464 0.04221415 5e-4 0.08240938 0.04063421 5e-4 0.08577209 0.03841567 5e-4 0.09262067 0.03759527 5e-4 0.08804577 0.03814327 5e-4 0.1029134 0.03497707 5e-4 0.09747219 0.03726404 5e-4 0.09800654 0.03722763 5e-4 0.1069228 0.03064543 5e-4 0.1088925 0.0261994 5e-4 0.1067059 0.03113508 5e-4 0.1116533 0.008805692 5e-4 0.1116533 -0.008805692 5e-4 0.1088925 -0.0261994 5e-4 0.1069228 -0.03064543 5e-4 0.1029134 -0.03497707 5e-4 0.1067059 -0.03113508 5e-4 0.09747219 -0.03726404 5e-4 0.09800654 -0.03722763 5e-4 0.09262067 -0.03759527 5e-4 0.08804577 -0.03814327 5e-4 0.08577209 -0.03841567 5e-4 0.08240938 -0.04063421 5e-4 0.08001464 -0.04221415 5e-4 0.07829028 -0.04520088 5e-4 0.07639497 -0.05105149 5e-4 0.07656586 -0.04818761 5e-4 0.0788688 -0.06141424 5e-4 0.07705593 -0.05717825 5e-4 0.07615494 -0.05507296 5e-4 0.08124333 -0.06626236 5e-4 0.08174777 -0.07163715 5e-4 0.08100777 -0.06578135 5e-4 0.08000111 -0.07727515 5e-4 0.07713562 -0.08120399 5e-4 0.08031672 -0.07684242 5e-4 0.06245744 -0.0929681 5e-4 0.0460174 -0.1021097 5e-4 0.02827936 -0.108371 5e-4 0.02284842 -0.1086573 5e-4 0.0165866 -0.1066048 5e-4 0.0222516 -0.1086888 5e-4 0.01220178 -0.1024566 5e-4 0.01196467 -0.101908 5e-4 0.009807109 -0.09691578 5e-4 -0.01613074 -0.0897594 5e-4 -0.017304 -0.09178721 5e-4 -0.01942557 -0.09545415 5e-4 0.008061885 -0.09305554 5e-4 0.007096767 -0.0909208 5e-4 0.004165232 -0.08841282 5e-4 0.002097487 -0.08664375 5e-4 -0.001256227 -0.08571845 5e-4 -0.01296371 -0.08755636 5e-4 -0.01072978 -0.0860024 5e-4 -0.007300436 -0.08541625 5e-4 -0.004244685 -0.08489394 5e-4 -0.02207034 -0.1002062 5e-4 -0.02713775 -0.1044186 5e-4 -0.02236104 -0.1007284 5e-4 -0.03894835 -0.1050096 5e-4 -0.03357309 -0.1058362 5e-4 -0.03298234 -0.1059271 5e-4 -0.05271196 -0.09882026 5e-4 -0.06551855 -0.0908367 5e-4 -0.07713562 -0.08120399 5e-4 -0.08100777 -0.06578135 5e-4 -0.0788688 -0.06141424 5e-4 -0.08000111 -0.07727515 5e-4 -0.08174777 -0.07163715 5e-4 -0.08031672 -0.07684242 5e-4 -0.08124333 -0.06626236 5e-4 -0.07922381 -0.04322665 5e-4 -0.08474498 -0.03902542 5e-4 -0.08383351 -0.03928625 5e-4 -0.08996629 -0.03753113 5e-4 -0.07664388 -0.05645996 5e-4 -0.07629448 -0.04953092 5e-4 -0.07625544 -0.05559509 5e-4 -0.0762965 -0.04921615 5e-4 -0.07898455 -0.04343116 5e-4 -0.09486424 -0.03626608 5e-4 -0.09540331 -0.03612685 5e-4 -0.09994292 -0.03282153 5e-4 -0.104 -0.02256226 5e-4 -0.1030531 -0.02753156 5e-4 -0.1029489 -0.02807843 5e-4 -0.104 -0.007806181 0.001547992 -0.104 -0.007746458 0.002172827 -0.104 -0.009236454 5e-4 -0.104 -0.008622646 6.31332e-4 -0.104 -0.008116364 0.001002311 -0.1165 -0.007277607 0.00222212 -0.117 -0.007738053 0.002068936 -0.1165 -0.007238566 0.002091884 -0.1165 -0.007377088 0.001406967 -0.117 -0.007882595 0.001354098 -0.1165 -0.008050799 3.89354e-4 -0.1165 -0.007788181 7.07119e-4 -0.1165 -0.007431328 0.001138865 -0.1045 -0.009236454 0 -0.1045 -0.008418023 1.75109e-4 -0.1045 -0.007742941 6.69772e-4 -0.1045 -0.007329404 0.001397311 -0.1045 -0.007249772 0.002230465 -0.1168498 -0.009236454 0 -0.116665 -0.00892955 2.36898e-5 -0.1165879 -0.008661985 9.76251e-5 -0.1165369 -0.008485019 1.46522e-4 -0.1165316 -0.008421838 1.81866e-4 -0.09618264 0.05249994 2e-4 -0.0954793 0.05512499 2e-4 -0.09355765 0.05704659 2e-4 -0.09093266 0.05774998 2e-4 -0.08830761 0.05704659 2e-4 -0.08638602 0.05512499 2e-4 -0.08568263 0.05249994 2e-4 -0.08638602 0.04987496 2e-4 -0.08830761 0.04795336 2e-4 -0.09093266 0.04724997 2e-4 -0.09355765 0.04795336 2e-4 -0.0954793 0.04987496 2e-4 -0.09618264 -0.05249994 2e-4 -0.0954793 -0.04987496 2e-4 -0.09355765 -0.04795336 2e-4 -0.09093266 -0.04724997 2e-4 -0.08830761 -0.04795336 2e-4 -0.08638602 -0.04987496 2e-4 -0.08568263 -0.05249994 2e-4 -0.08638602 -0.05512499 2e-4 -0.08830761 -0.05704659 2e-4 -0.09093266 -0.05774998 2e-4 -0.09355765 -0.05704659 2e-4 -0.0954793 -0.05512499 2e-4 -0.005249977 -0.105 2e-4 -0.004546582 -0.102375 2e-4 -0.002624988 -0.1004533 2e-4 0 -0.09974998 2e-4 0.002624988 -0.1004533 2e-4 0.004546582 -0.102375 2e-4 0.005249977 -0.105 2e-4 0.004546582 -0.107625 2e-4 0.002624988 -0.1095466 2e-4 0 -0.11025 2e-4 -0.002624988 -0.1095466 2e-4 -0.004546582 -0.107625 2e-4 0.08568263 0.05249994 0.01479995 0.08568263 0.05249994 2e-4 0.08638602 0.05512499 0.01479995 0.08638602 0.05512499 2e-4 0.08830761 0.05704659 0.01479995 0.08830761 0.05704659 2e-4 0.09093266 0.05774998 0.01479995 0.09093266 0.05774998 2e-4 0.09355765 0.05704659 0.01479995 0.09355765 0.05704659 2e-4 0.0954793 0.05512499 0.01479995 0.0954793 0.05512499 2e-4 0.09618264 0.05249994 0.01479995 0.09618264 0.05249994 2e-4 0.0954793 0.04987496 0.01479995 0.0954793 0.04987496 2e-4 0.09355765 0.04795336 0.01479995 0.09355765 0.04795336 2e-4 0.09093266 0.04724997 0.01479995 0.09093266 0.04724997 2e-4 0.08830761 0.04795336 0.01479995 0.08830761 0.04795336 2e-4 0.08638602 0.04987496 0.01479995 0.08638602 0.04987496 2e-4 -0.005249977 0.105 2e-4 -0.004546582 0.107625 2e-4 -0.002624988 0.1095466 2e-4 0 0.11025 2e-4 0.002624988 0.1095466 2e-4 0.004546582 0.107625 2e-4 0.005249977 0.105 2e-4 0.004546582 0.102375 2e-4 0.002624988 0.1004533 2e-4 0 0.09974998 2e-4 -0.002624988 0.1004533 2e-4 -0.004546582 0.102375 2e-4 0.08568263 -0.05249994 2e-4 0.08638602 -0.04987496 2e-4 0.08830761 -0.04795336 2e-4 0.09093266 -0.04724997 2e-4 0.09355765 -0.04795336 2e-4 0.0954793 -0.04987496 2e-4 0.09618264 -0.05249994 2e-4 0.0954793 -0.05512499 2e-4 0.09355765 -0.05704659 2e-4 0.09093266 -0.05774998 2e-4 0.08830761 -0.05704659 2e-4 0.08638602 -0.05512499 2e-4 -0.005999982 0.09749996 5e-4 -0.005999982 0.09249997 5e-4 -0.006535887 0.09049999 5e-4 -0.007999956 0.08903586 5e-4 -0.00999999 0.08849996 5e-4 -0.01199996 0.08903586 5e-4 -0.01346409 0.09049999 5e-4 -0.01399999 0.09249997 5e-4 -0.01399999 0.09749996 5e-4 -0.01346409 0.0995 5e-4 -0.01199996 0.1009641 5e-4 -0.00999999 0.1015 5e-4 -0.007999956 0.1009641 5e-4 -0.006535887 0.0995 5e-4 -0.01399999 -0.09499996 5e-4 -0.01346409 -0.09299999 5e-4 -0.01199996 -0.09153586 5e-4 -0.00999999 -0.09099996 5e-4 -0.007999956 -0.09153586 5e-4 -0.006535887 -0.09299999 5e-4 -0.005999982 -0.09499996 5e-4 -0.006535887 -0.097 5e-4 -0.007999956 -0.09846407 5e-4 -0.00999999 -0.09899997 5e-4 -0.01199996 -0.09846407 5e-4 -0.01346409 -0.097 5e-4 -0.117 0.00827676 0.001604914 -0.1170185 0.008379876 0.001592934 -0.1173 0.009069919 1.46512e-4 -0.1172884 0.009069144 1.46944e-4 -0.1173 0.008681476 7.41222e-4 -0.1172605 0.009061217 1.51555e-4 -0.1172069 0.009022295 1.74362e-4 -0.1171962 0.00866419 7.34484e-4 -0.1173 0.008675575 7.87119e-4 -0.1173 0.008578956 0.00153768 -0.1171962 0.00879091 0.002265274 -0.1173 0.008806824 0.002255797 -0.1173 0.008574724 0.001570284 -0.1171962 0.008556306 0.00157243 -0.1170879 0.008487462 0.001580417 -0.1170879 0.008731365 0.002300739 -0.1170185 0.008638322 0.002356171 -0.117 0.008549094 0.002409279 -0.1170185 0.008498728 6.69937e-4 -0.1170879 0.008599638 7.09291e-4 -0.1171967 0.009008169 1.82827e-4 0.00526309 -0.09840023 0.01505857 0.005291938 -0.09836405 0.01513075 0.001888632 -0.09672516 0.01513075 -0.00526309 -0.09840023 0.01505857 -0.005291938 -0.09836405 0.01513075 -0.007647097 -0.1013174 0.01513075 -0.007605433 -0.1086626 0.01505857 -0.007647097 -0.1086826 0.01513075 -0.005291938 -0.1116359 0.01513075 0.00526309 -0.1115998 0.01505857 0.005291938 -0.1116359 0.01513075 0.007647097 -0.1086826 0.01513075 -0.004167795 -0.1121906 0.01519995 -0.001891374 -0.1132869 0.01519995 -0.001888632 -0.1132748 0.01513075 0 -0.1132869 0.01519995 0.001891374 -0.1132869 0.01519995 0.001888632 -0.1132748 0.01513075 -0.004167795 -0.09780937 0.01519995 -0.005299627 -0.09835439 0.01519995 -0.007268786 -0.1008237 0.01519995 -0.007658183 -0.101312 0.01519995 -0.008499979 -0.105 0.01519995 0.007268786 -0.1008237 0.01519995 0.005299627 -0.09835439 0.01519995 0.004167795 -0.09780937 0.01519995 0.001891374 -0.09671306 0.01519995 0 -0.09671306 0.01519995 0.004167795 -0.1121906 0.01519995 0.005299627 -0.1116455 0.01519995 0.007268786 -0.1091763 0.01519995 0.007658183 -0.108688 0.01519995 0.008499979 -0.105 0.01519995 -0.005299627 -0.1116455 0.01519995 -0.007268786 -0.1091763 0.01519995 -0.007658183 -0.108688 0.01519995 -0.001855909 -0.1131277 0.015037 -0.003631234 -0.1125404 0.01501232 -0.00519967 -0.1115229 0.01503169 0.007514595 -0.1086165 0.01503407 0.008159339 -0.1068623 0.01501232 0.008346676 -0.105 0.01502633 0.008159339 -0.1031376 0.01501232 0.007510602 -0.1013838 0.01503819 0.001855909 -0.09687227 0.015037 0 -0.09663075 0.01501232 -0.001857876 -0.09686797 0.01503199 -0.007514894 -0.1013834 0.0150339 -0.008159339 -0.1031376 0.01501232 -0.008346676 -0.105 0.01502633 0.008487582 -0.105 0.01513075 0.008441388 -0.105 0.01505857 0.007605433 -0.1086626 0.01505857 -0.00187838 -0.1132298 0.01505857 -0.00526309 -0.1115998 0.01505857 -0.008487582 -0.105 0.01513075 -0.008441388 -0.105 0.01505857 -0.007605433 -0.1013374 0.01505857 -0.001888632 -0.09672516 0.01513075 -0.00187838 -0.09677022 0.01505857 0.00187838 -0.09677022 0.01505857 0.007658183 -0.101312 0.01519995 0.007647097 -0.1013174 0.01513075 0.007605433 -0.1013374 0.01505857 0.006543278 -0.1102181 0.01501232 0.005196571 -0.1115185 0.01503765 0.003631234 -0.1125404 0.01501232 0.001857876 -0.1131319 0.01503199 0.00187838 -0.1132298 0.01505857 0 -0.1133692 0.01501232 -0.006543278 -0.1102181 0.01501232 -0.007510304 -0.1086161 0.01503837 -0.008159339 -0.1068623 0.01501232 -0.006543278 -0.09978187 0.01501232 -0.005196571 -0.09848147 0.01503765 -0.001891374 -0.09671306 0.01519995 -0.003631234 -0.09745955 0.01501232 0.00519967 -0.09847706 0.01503169 0.003631234 -0.09745955 0.01501232 0.006543278 -0.09978187 0.01501232 0.09619581 -0.04590022 0.01505857 0.0962246 -0.04586404 0.01513075 0.0928213 -0.04422515 0.01513075 0.08566951 -0.04590022 0.01505857 0.08564066 -0.04586404 0.01513075 0.08328557 -0.04881733 0.01513075 0.08332717 -0.05616259 0.01505857 0.08328557 -0.05618262 0.01513075 0.08564066 -0.05913585 0.01513075 0.09619581 -0.05909973 0.01505857 0.0962246 -0.05913585 0.01513075 0.09857976 -0.05618262 0.01513075 0.08676481 -0.05969059 0.01519995 0.08904123 -0.06078684 0.01519995 0.08904397 -0.0607748 0.01513075 0.09093266 -0.06078684 0.01519995 0.0928241 -0.06078684 0.01519995 0.0928213 -0.0607748 0.01513075 0.08676481 -0.04530936 0.01519995 0.08563297 -0.04585438 0.01519995 0.08366382 -0.04832363 0.01519995 0.08327442 -0.04881197 0.01519995 0.08243262 -0.05249994 0.01519995 0.09820145 -0.04832363 0.01519995 0.09623229 -0.04585438 0.01519995 0.09510052 -0.04530936 0.01519995 0.0928241 -0.04421311 0.01519995 0.09093266 -0.04421311 0.01519995 0.09510052 -0.05969059 0.01519995 0.09623229 -0.05914556 0.01519995 0.09820145 -0.05667626 0.01519995 0.09859091 -0.05618798 0.01519995 0.09943264 -0.05249994 0.01519995 0.08563297 -0.05914556 0.01519995 0.08366382 -0.05667626 0.01519995 0.08327442 -0.05618798 0.01519995 0.08907669 -0.06062769 0.015037 0.08730137 -0.06004041 0.01501232 0.08573299 -0.0590229 0.01503169 0.09844726 -0.05611652 0.01503407 0.09909206 -0.05436229 0.01501232 0.09927934 -0.05250006 0.01502633 0.09909206 -0.05063766 0.01501232 0.09844326 -0.04888379 0.01503819 0.09278857 -0.04437226 0.015037 0.09093266 -0.04413074 0.01501232 0.08907473 -0.04436796 0.01503199 0.08341771 -0.04888337 0.0150339 0.08277326 -0.05063766 0.01501232 0.08258593 -0.05250006 0.01502633 0.0994203 -0.05249994 0.01513075 0.09937405 -0.05249994 0.01505857 0.0985381 -0.05616259 0.01505857 0.08905422 -0.06072974 0.01505857 0.08566951 -0.05909973 0.01505857 0.08244502 -0.05249994 0.01513075 0.08249121 -0.05249994 0.01505857 0.08332717 -0.04883736 0.01505857 0.08904397 -0.04422515 0.01513075 0.08905422 -0.04427021 0.01505857 0.09281104 -0.04427021 0.01505857 0.09859091 -0.04881197 0.01519995 0.09857976 -0.04881733 0.01513075 0.0985381 -0.04883736 0.01505857 0.09747594 -0.05771809 0.01501232 0.09612923 -0.05901843 0.01503765 0.0945639 -0.06004041 0.01501232 0.0927906 -0.06063193 0.01503199 0.09281104 -0.06072974 0.01505857 0.09093266 -0.06086921 0.01501232 0.08438932 -0.05771809 0.01501232 0.0834223 -0.0561161 0.01503837 0.08277326 -0.05436229 0.01501232 0.08438932 -0.04728186 0.01501232 0.08573609 -0.04598146 0.01503765 0.08904123 -0.04421311 0.01519995 0.08730137 -0.04495954 0.01501232 0.09613233 -0.04597705 0.01503169 0.0945639 -0.04495954 0.01501232 0.09747594 -0.04728186 0.01501232 0.09633654 0.05320757 0.01499998 0.09571146 0.05512034 0.01499998 0.09563672 0.05521214 0.01499998 0.08552873 0.05179232 0.01499998 0.08615386 0.04987961 0.01499998 0.08622854 0.04978781 0.01499998 0.09485095 0.04871189 0.01499998 0.09557682 0.04982435 0.01499998 0.09476149 0.04867112 0.01499688 0.0946477 0.0485658 0.01499617 0.09361577 0.0478394 0.01499998 0.09465593 0.04857319 0.01499617 0.09125351 0.04705941 0.01499998 0.09319323 0.0475409 0.01499998 0.09093958 0.04710167 0.01499998 0.09362304 0.04784005 0.01498758 0.09093266 0.0471192 0.01498758 0.08825588 0.04786509 0.01499998 0.08918446 0.04733794 0.01499998 0.0873959 0.04835331 0.01499998 0.08627277 0.04980957 0.01498758 0.08555185 0.05249994 0.01498758 0.08548265 0.05249994 0.01499998 0.08628851 0.0551756 0.01499998 0.08588719 0.0545606 0.01499998 0.08701431 0.056288 0.01499998 0.08710378 0.05632883 0.01499688 0.08716845 0.05638939 0.01499646 0.0882495 0.05716055 0.01499998 0.08723407 0.05644887 0.01499605 0.08736813 0.05656456 0.01499509 0.09061181 0.05794054 0.01499998 0.08867204 0.05745905 0.01499998 0.09092569 0.05789828 0.01499998 0.08824223 0.05715984 0.01498758 0.09093266 0.05788075 0.01498758 0.09360939 0.05713486 0.01499998 0.09268081 0.05766201 0.01499998 0.09446942 0.05664658 0.01499998 0.09559255 0.05519038 0.01498758 0.09631341 0.05249994 0.01498758 0.09638267 0.05249994 0.01499998 0.09597808 0.05043935 0.01499998 0.09619498 0.05249994 0.01486921 0.09548997 0.04986882 0.01486921 0.09356385 0.04794263 0.01486921 0.09093266 0.04723763 0.01486921 0.08830147 0.04794263 0.01486921 0.08637529 0.04986882 0.01486921 0.08567029 0.05249994 0.01486921 0.08637529 0.05513113 0.01486921 0.08830147 0.05705732 0.01486921 0.09093266 0.05776232 0.01486921 0.09356385 0.05705732 0.01486921 0.09548997 0.05513113 0.01486921 0.0944972 0.04843538 0.01499509 0.09463125 0.04855102 0.01499605 0.09553003 0.04984569 0.01494139 0.09421849 0.04821777 0.01499301 0.09466415 0.04858064 0.01499623 0.09469681 0.0486105 0.01499646 0.0863353 0.05515426 0.01494139 0.08562409 0.05249994 0.01494139 0.0863353 0.04984569 0.01494139 0.08827835 0.04790258 0.01494139 0.09093266 0.04719138 0.01494139 0.09358692 0.04790258 0.01494139 0.08764678 0.05678218 0.01499301 0.08827835 0.05709731 0.01494139 0.08721756 0.05643415 0.01499617 0.08720934 0.0564267 0.01499617 0.08720111 0.05641931 0.01499623 0.09093266 0.05780857 0.01494139 0.09358692 0.05709731 0.01494139 0.09553003 0.05515426 0.01494139 0.09624123 0.05249994 0.01494139 -0.08668267 0.05986118 0.0248 -0.08405601 0.05749613 0.0248 -0.08369857 0.05669337 0.0248 -0.08261841 0.05426722 0.0248 -0.08261841 0.05249994 0.0248 -0.08261841 0.05073273 0.0248 -0.08369857 0.04830658 0.0248 -0.08405601 0.04750382 0.0248 -0.08668267 0.04513877 0.0248 -0.09004414 0.04404652 0.0248 -0.09091812 0.04413837 0.0248 -0.09355926 0.04441601 0.0248 -0.09508979 0.04529964 0.0248 -0.09662026 0.04618322 0.0248 -0.09818124 0.04833179 0.0248 -0.09869778 0.0490427 0.0248 -0.09943264 0.05249994 0.0248 -0.09869778 0.05595725 0.0248 -0.09818124 0.05666816 0.0248 -0.09662026 0.05881673 0.0248 -0.09508979 0.05970031 0.0248 -0.09355926 0.06058394 0.0248 -0.09091812 0.06086152 0.0248 -0.09004414 0.06095343 0.0248 -0.08668267 -0.04513877 0.0248 -0.08405601 -0.04750382 0.0248 -0.08369857 -0.04830658 0.0248 -0.08261841 -0.05073273 0.0248 -0.08261841 -0.05249994 0.0248 -0.08261841 -0.05426722 0.0248 -0.08369857 -0.05669337 0.0248 -0.08405601 -0.05749613 0.0248 -0.08668267 -0.05986118 0.0248 -0.09004414 -0.06095343 0.0248 -0.09091812 -0.06086152 0.0248 -0.09355926 -0.06058394 0.0248 -0.09508979 -0.05970031 0.0248 -0.09662026 -0.05881673 0.0248 -0.09818124 -0.05666816 0.0248 -0.09869778 -0.05595725 0.0248 -0.09943264 -0.05249994 0.0248 -0.09869778 -0.0490427 0.0248 -0.09818124 -0.04833179 0.0248 -0.09662026 -0.04618322 0.0248 -0.09508979 -0.04529964 0.0248 -0.09355926 -0.04441601 0.0248 -0.09091812 -0.04413837 0.0248 -0.09004414 -0.04404652 0.0248 -0.117 0.00993663 0.007748365 -0.117 0.009949982 0.007499992 -0.117 -0.006906211 0.01458835 -0.117 -0.006608307 0.01493865 -0.117 0.006005048 0.01543366 -0.117 0.003574013 0.01678591 -0.117 7.72234e-4 0.01742005 -0.117 -0.004332482 0.01645731 -0.117 -0.003729939 0.01665478 -0.117 -0.001810491 0.01728385 -0.117 3.71473e-6 0.01737952 -0.117 -0.009949982 0.007499992 -0.117 -0.009914994 0.007744371 -0.117 0.006881296 0.01455736 -0.117 0.007933974 0.01350468 -0.117 -0.008403301 0.01282793 -0.117 -0.009031295 0.01143962 -0.117 0.009240984 0.0040102 -0.117 0.00956583 0.004761993 -0.117 0.009077131 0.01145589 -0.117 0.009276211 0.01109904 -0.117 0.009892642 0.008567452 -0.117 -0.009550213 0.01029229 -0.117 -0.009224236 0.004016458 -0.117 -0.009619891 0.004958331 0.008499979 0.105 0.01499998 0.007361173 0.10075 0.01499998 -0.004249989 0.09763878 0.01499998 0.004249989 0.1123612 0.01499998 -0.007361173 0.10075 0.01499998 0.007361173 0.10925 0.01499998 0 0.09649997 0.01499998 0.004249989 0.09763878 0.01499998 -0.007361173 0.10925 0.01499998 -0.008499979 0.105 0.01499998 0 0.1134999 0.01499998 -0.004249989 0.1123612 0.01499998 -0.1173 0.009423494 0 -0.1191363 0.009423494 0 -0.1191902 0.009069919 1.46512e-4 -0.1171782 0.009410381 0 -0.1169797 0.009331226 0 -0.1077595 0.009236454 0 -0.1045 0.02256226 0 -0.09561675 0.03657901 0 -0.08999854 0.03803008 0 -0.1003077 0.03316354 0 -0.1034138 0.02826231 0 -0.07927095 0.06111705 0 -0.07674467 0.05549192 0 -0.07678437 0.04932564 0 -0.07938283 0.04373347 0 -0.08407014 0.03972673 0 -0.08076715 0.07705956 0 -0.07747995 0.08156651 0 -0.08189004 0.07297497 0 -0.08224582 0.07168078 0 -0.08172464 0.06612682 0 -0.03912222 0.1054784 0 -0.0499913 0.1005907 0 -0.06581109 0.09124225 0 -0.06174826 0.09377497 0 -0.05294728 0.0992614 0 -0.02198195 0.1010545 0 -0.01894873 0.09560441 0 -0.02691799 0.1048676 0 -0.03295737 0.1064264 0 0.001862883 0.0870853 0 0.00669682 0.09122091 0 0.009317576 0.0970177 0 0.007851541 0.09377497 0 -0.004269659 0.0853933 0 -0.005474984 0.0855993 0 -0.01054036 0.08646512 0 -0.01789021 0.09377497 0 -0.0157628 0.09009796 0 0.02217692 0.1091831 0 0.0284056 0.1088548 0 0.01632308 0.1070297 0 0.01179206 0.1027432 0 0.06273627 0.09338313 0 0.07747995 0.08156651 0 0.0454663 0.1028326 0 0.04622286 0.1025655 0 0.06203156 0.09377497 0 0.08172464 0.06612682 0 0.07927095 0.06111705 0 0.08224582 0.07168078 0 0.08189004 0.07297497 0 0.08076715 0.07705956 0 0.0925644 0.03809207 0 0.08037859 0.042557 0 0.08594411 0.03888511 0 0.07704478 0.04833137 0 0.07664757 0.05498719 0 0.1071191 0.03141659 0 0.1093786 0.02631634 0 0.1032003 0.03538662 0 0.0981298 0.03771215 0 0.1093786 -0.02631634 0 0.1121518 -0.008844971 0 0.1121518 0 0 0.1121518 0.008844971 0 0.0981298 -0.03771215 0 0.0925644 -0.03809207 0 0.1032003 -0.03538662 0 0.1071191 -0.03141659 0 0.07927095 -0.06111705 0 0.07704478 -0.04833137 0 0.07664757 -0.05498719 0 0.08037859 -0.042557 0 0.08594411 -0.03888511 0 0.08076715 -0.07705956 0 0.07747995 -0.08156651 0 0.08154642 -0.074225 0 0.08224582 -0.07168078 0 0.08172464 -0.06612682 0 0.0284056 -0.1088548 0 0.0454663 -0.1028326 0 0.06273627 -0.09338313 0 0.05169093 -0.09952497 0 0.04622286 -0.1025655 0 0.009317576 -0.0970177 0 0.01040118 -0.09952497 0 0.01179206 -0.1027432 0 0.01632308 -0.1070297 0 0.02217692 -0.1091831 0 -0.0157628 -0.09009796 0 -0.01894873 -0.09560441 0 -0.01054036 -0.08646512 0 -0.005474984 -0.0855993 0 -0.004269659 -0.0853933 0 0.001862883 -0.0870853 0 0.00669682 -0.09122091 0 -0.03295737 -0.1064264 0 -0.03912222 -0.1054784 0 -0.02691799 -0.1048676 0 -0.02198195 -0.1010545 0 -0.02113074 -0.09952497 0 -0.07747995 -0.08156651 0 -0.06581109 -0.09124225 0 -0.05294728 -0.0992614 0 -0.05236119 -0.09952497 0 -0.0499913 -0.1005907 0 -0.08172464 -0.06612682 0 -0.07927095 -0.06111705 0 -0.08076715 -0.07705956 0 -0.08154642 -0.074225 0 -0.08224582 -0.07168078 0 -0.08999854 -0.03803008 0 -0.08407014 -0.03972673 0 -0.07938283 -0.04373347 0 -0.07678437 -0.04932564 0 -0.07674467 -0.05549192 0 -0.1034138 -0.02826231 0 -0.1045 -0.02256226 0 -0.1003077 -0.03316354 0 -0.09561675 -0.03657901 0 -0.1077595 -0.009236454 0 -0.1173 -0.009423494 0 -0.1171728 -0.009409189 0 -0.1191363 -0.009423494 0 -0.08567029 0.05249994 1.30777e-4 -0.08637529 0.05513113 1.30777e-4 -0.08830147 0.05705732 1.30777e-4 -0.09093266 0.05776232 1.30777e-4 -0.09356385 0.05705732 1.30777e-4 -0.09548997 0.05513113 1.30777e-4 -0.09619498 0.05249994 1.30777e-4 -0.09548997 0.04986882 1.30777e-4 -0.09356385 0.04794263 1.30777e-4 -0.09093266 0.04723763 1.30777e-4 -0.08830147 0.04794263 1.30777e-4 -0.08637529 0.04986882 1.30777e-4 -0.08555185 0.05249994 1.23617e-5 -0.08621281 0.049775 0 -0.08627277 0.04980957 1.23617e-5 -0.08820766 0.04778015 0 -0.08824223 0.04784005 1.23617e-5 -0.09093266 0.04704999 0 -0.09093266 0.0471192 1.23617e-5 -0.09365767 0.04778015 0 -0.09362304 0.04784005 1.23617e-5 -0.09565246 0.049775 0 -0.09559255 0.04980957 1.23617e-5 -0.09638267 0.05249994 0 -0.09631341 0.05249994 1.23617e-5 -0.09565246 0.05522495 0 -0.09559255 0.05519038 1.23617e-5 -0.09365767 0.0572198 0 -0.09362304 0.05715984 1.23617e-5 -0.09093266 0.05794996 0 -0.09093266 0.05788075 1.23617e-5 -0.08820766 0.0572198 0 -0.08824223 0.05715984 1.23617e-5 -0.08621281 0.05522495 0 -0.08627277 0.05519038 1.23617e-5 -0.08548265 0.05249994 0 -0.08562409 0.05249994 5.85786e-5 -0.0863353 0.04984569 5.85786e-5 -0.08827835 0.04790258 5.85786e-5 -0.09093266 0.04719138 5.85786e-5 -0.09358692 0.04790258 5.85786e-5 -0.09553003 0.04984569 5.85786e-5 -0.09624123 0.05249994 5.85786e-5 -0.09553003 0.05515426 5.85786e-5 -0.09358692 0.05709731 5.85786e-5 -0.09093266 0.05780857 5.85786e-5 -0.08827835 0.05709731 5.85786e-5 -0.0863353 0.05515426 5.85786e-5 -0.08567029 -0.05249994 1.30777e-4 -0.08637529 -0.04986882 1.30777e-4 -0.08830147 -0.04794263 1.30777e-4 -0.09093266 -0.04723763 1.30777e-4 -0.09356385 -0.04794263 1.30777e-4 -0.09548997 -0.04986882 1.30777e-4 -0.09619498 -0.05249994 1.30777e-4 -0.09548997 -0.05513113 1.30777e-4 -0.09356385 -0.05705732 1.30777e-4 -0.09093266 -0.05776232 1.30777e-4 -0.08830147 -0.05705732 1.30777e-4 -0.08637529 -0.05513113 1.30777e-4 -0.08555185 -0.05249994 1.23617e-5 -0.08621281 -0.05522495 0 -0.08627277 -0.05519038 1.23617e-5 -0.08820766 -0.0572198 0 -0.08824223 -0.05715984 1.23617e-5 -0.09093266 -0.05794996 0 -0.09093266 -0.05788075 1.23617e-5 -0.09365767 -0.0572198 0 -0.09362304 -0.05715984 1.23617e-5 -0.09565246 -0.05522495 0 -0.09559255 -0.05519038 1.23617e-5 -0.09638267 -0.05249994 0 -0.09631341 -0.05249994 1.23617e-5 -0.09565246 -0.049775 0 -0.09559255 -0.04980957 1.23617e-5 -0.09365767 -0.04778015 0 -0.09362304 -0.04784005 1.23617e-5 -0.09093266 -0.04704999 0 -0.09093266 -0.0471192 1.23617e-5 -0.08820766 -0.04778015 0 -0.08824223 -0.04784005 1.23617e-5 -0.08621281 -0.049775 0 -0.08627277 -0.04980957 1.23617e-5 -0.08548265 -0.05249994 0 -0.08562409 -0.05249994 5.85786e-5 -0.0863353 -0.05515426 5.85786e-5 -0.08827835 -0.05709731 5.85786e-5 -0.09093266 -0.05780857 5.85786e-5 -0.09358692 -0.05709731 5.85786e-5 -0.09553003 -0.05515426 5.85786e-5 -0.09624123 -0.05249994 5.85786e-5 -0.09553003 -0.04984569 5.85786e-5 -0.09358692 -0.04790258 5.85786e-5 -0.09093266 -0.04719138 5.85786e-5 -0.08827835 -0.04790258 5.85786e-5 -0.0863353 -0.04984569 5.85786e-5 0.005262315 -0.105 1.30777e-4 0.004557311 -0.1023688 1.30777e-4 0.002631127 -0.1004427 1.30777e-4 0 -0.09973764 1.30777e-4 -0.002631127 -0.1004427 1.30777e-4 -0.004557311 -0.1023688 1.30777e-4 -0.005262315 -0.105 1.30777e-4 -0.004557311 -0.1076312 1.30777e-4 -0.002631127 -0.1095573 1.30777e-4 0 -0.1102623 1.30777e-4 0.002631127 -0.1095573 1.30777e-4 0.004557311 -0.1076312 1.30777e-4 0.005380749 -0.105 1.23617e-5 0.004719793 -0.107725 0 0.004659831 -0.1076903 1.23617e-5 0.002724945 -0.1097198 0 0.002690374 -0.1096599 1.23617e-5 0 -0.11045 0 0 -0.1103808 1.23617e-5 -0.002724945 -0.1097198 0 -0.002690374 -0.1096599 1.23617e-5 -0.004719793 -0.107725 0 -0.004659831 -0.1076903 1.23617e-5 -0.00544995 -0.105 0 -0.005380749 -0.105 1.23617e-5 -0.004719793 -0.102275 0 -0.004659831 -0.1023096 1.23617e-5 -0.002724945 -0.1002801 0 -0.002690374 -0.1003401 1.23617e-5 0 -0.09955 0 0 -0.0996192 1.23617e-5 0.002724945 -0.1002801 0 0.002690374 -0.1003401 1.23617e-5 0.004719793 -0.102275 0 0.004659831 -0.1023096 1.23617e-5 0.00544995 -0.105 0 0.005308568 -0.105 5.85786e-5 0.004597306 -0.1076543 5.85786e-5 0.002654254 -0.1095973 5.85786e-5 0 -0.1103085 5.85786e-5 -0.002654254 -0.1095973 5.85786e-5 -0.004597306 -0.1076543 5.85786e-5 -0.005308568 -0.105 5.85786e-5 -0.004597306 -0.1023457 5.85786e-5 -0.002654254 -0.1004026 5.85786e-5 0 -0.09969139 5.85786e-5 0.002654254 -0.1004026 5.85786e-5 0.004597306 -0.1023457 5.85786e-5 0.09619498 0.05249994 1.30777e-4 0.09548997 0.05513113 1.30777e-4 0.09356385 0.05705732 1.30777e-4 0.09093266 0.05776232 1.30777e-4 0.08830147 0.05705732 1.30777e-4 0.08637529 0.05513113 1.30777e-4 0.08567029 0.05249994 1.30777e-4 0.08637529 0.04986882 1.30777e-4 0.08830147 0.04794263 1.30777e-4 0.09093266 0.04723763 1.30777e-4 0.09356385 0.04794263 1.30777e-4 0.09548997 0.04986882 1.30777e-4 0.09631341 0.05249994 1.23617e-5 0.09565246 0.049775 0 0.09559255 0.04980957 1.23617e-5 0.09365767 0.04778015 0 0.09362304 0.04784005 1.23617e-5 0.09093266 0.04704999 0 0.09093266 0.0471192 1.23617e-5 0.08820766 0.04778015 0 0.08824223 0.04784005 1.23617e-5 0.08621281 0.049775 0 0.08627277 0.04980957 1.23617e-5 0.08548265 0.05249994 0 0.08555185 0.05249994 1.23617e-5 0.08621281 0.05522495 0 0.08627277 0.05519038 1.23617e-5 0.08820766 0.0572198 0 0.08824223 0.05715984 1.23617e-5 0.09093266 0.05794996 0 0.09093266 0.05788075 1.23617e-5 0.09365767 0.0572198 0 0.09362304 0.05715984 1.23617e-5 0.09565246 0.05522495 0 0.09559255 0.05519038 1.23617e-5 0.09638267 0.05249994 0 0.09624123 0.05249994 5.85786e-5 0.09553003 0.04984569 5.85786e-5 0.09358692 0.04790258 5.85786e-5 0.09093266 0.04719138 5.85786e-5 0.08827835 0.04790258 5.85786e-5 0.0863353 0.04984569 5.85786e-5 0.08562409 0.05249994 5.85786e-5 0.0863353 0.05515426 5.85786e-5 0.08827835 0.05709731 5.85786e-5 0.09093266 0.05780857 5.85786e-5 0.09358692 0.05709731 5.85786e-5 0.09553003 0.05515426 5.85786e-5 0.005262315 0.105 1.30777e-4 0.004557311 0.1076312 1.30777e-4 0.002631127 0.1095573 1.30777e-4 0 0.1102623 1.30777e-4 -0.002631127 0.1095573 1.30777e-4 -0.004557311 0.1076312 1.30777e-4 -0.005262315 0.105 1.30777e-4 -0.004557311 0.1023688 1.30777e-4 -0.002631127 0.1004427 1.30777e-4 0 0.09973764 1.30777e-4 0.002631127 0.1004427 1.30777e-4 0.004557311 0.1023688 1.30777e-4 0.005380749 0.105 1.23617e-5 0.004719793 0.102275 0 0.004659831 0.1023096 1.23617e-5 0.002724945 0.1002801 0 0.002690374 0.1003401 1.23617e-5 0 0.09955 0 0 0.0996192 1.23617e-5 -0.002724945 0.1002801 0 -0.002690374 0.1003401 1.23617e-5 -0.004719793 0.102275 0 -0.004659831 0.1023096 1.23617e-5 -0.00544995 0.105 0 -0.005380749 0.105 1.23617e-5 -0.004719793 0.107725 0 -0.004659831 0.1076903 1.23617e-5 -0.002724945 0.1097198 0 -0.002690374 0.1096599 1.23617e-5 0 0.11045 0 0 0.1103808 1.23617e-5 0.002724945 0.1097198 0 0.002690374 0.1096599 1.23617e-5 0.004719793 0.107725 0 0.004659831 0.1076903 1.23617e-5 0.00544995 0.105 0 0.005308568 0.105 5.85786e-5 0.004597306 0.1023457 5.85786e-5 0.002654254 0.1004026 5.85786e-5 0 0.09969139 5.85786e-5 -0.002654254 0.1004026 5.85786e-5 -0.004597306 0.1023457 5.85786e-5 -0.005308568 0.105 5.85786e-5 -0.004597306 0.1076543 5.85786e-5 -0.002654254 0.1095973 5.85786e-5 0 0.1103085 5.85786e-5 0.002654254 0.1095973 5.85786e-5 0.004597306 0.1076543 5.85786e-5 0.09619498 -0.05249994 1.30777e-4 0.09548997 -0.04986882 1.30777e-4 0.09356385 -0.04794263 1.30777e-4 0.09093266 -0.04723763 1.30777e-4 0.08830147 -0.04794263 1.30777e-4 0.08637529 -0.04986882 1.30777e-4 0.08567029 -0.05249994 1.30777e-4 0.08637529 -0.05513113 1.30777e-4 0.08830147 -0.05705732 1.30777e-4 0.09093266 -0.05776232 1.30777e-4 0.09356385 -0.05705732 1.30777e-4 0.09548997 -0.05513113 1.30777e-4 0.09631341 -0.05249994 1.23617e-5 0.09565246 -0.05522495 0 0.09559255 -0.05519038 1.23617e-5 0.09365767 -0.0572198 0 0.09362304 -0.05715984 1.23617e-5 0.09093266 -0.05794996 0 0.09093266 -0.05788075 1.23617e-5 0.08820766 -0.0572198 0 0.08824223 -0.05715984 1.23617e-5 0.08621281 -0.05522495 0 0.08627277 -0.05519038 1.23617e-5 0.08548265 -0.05249994 0 0.08555185 -0.05249994 1.23617e-5 0.08621281 -0.049775 0 0.08627277 -0.04980957 1.23617e-5 0.08820766 -0.04778015 0 0.08824223 -0.04784005 1.23617e-5 0.09093266 -0.04704999 0 0.09093266 -0.0471192 1.23617e-5 0.09365767 -0.04778015 0 0.09362304 -0.04784005 1.23617e-5 0.09565246 -0.049775 0 0.09559255 -0.04980957 1.23617e-5 0.09638267 -0.05249994 0 0.09624123 -0.05249994 5.85786e-5 0.09553003 -0.05515426 5.85786e-5 0.09358692 -0.05709731 5.85786e-5 0.09093266 -0.05780857 5.85786e-5 0.08827835 -0.05709731 5.85786e-5 0.0863353 -0.05515426 5.85786e-5 0.08562409 -0.05249994 5.85786e-5 0.0863353 -0.04984569 5.85786e-5 0.08827835 -0.04790258 5.85786e-5 0.09093266 -0.04719138 5.85786e-5 0.09358692 -0.04790258 5.85786e-5 0.09553003 -0.04984569 5.85786e-5 -0.005499958 0.09749996 0 -0.005499958 0.09377497 0 -0.005499958 0.09249997 0 -0.006102859 0.09024995 0 -0.007749974 0.08860284 0 -0.00999999 0.08799999 0 -0.01224994 0.08860284 0 -0.01389706 0.09024995 0 -0.01449996 0.09249997 0 -0.01449996 0.09749996 0 -0.01449996 0.09377497 0 -0.01389706 0.09974998 0 -0.01224994 0.1013971 0 -0.00999999 0.1019999 0 -0.007749974 0.1013971 0 -0.006102859 0.09974998 0 -0.01389706 -0.09274995 0 -0.01224994 -0.09110283 0 -0.00999999 -0.09049999 0 -0.007749974 -0.09110283 0 -0.006102859 -0.09274995 0 -0.005499958 -0.09499996 0 -0.006102859 -0.09724998 0 -0.007749974 -0.09889709 0 -0.00999999 -0.0995 0 -0.01224994 -0.09889709 0 -0.01389706 -0.09724998 0 -0.01449996 -0.09499996 0 -0.1191958 0.008941233 2.90425e-4 -0.1192041 0.00860852 0.001103162 -0.1192032 0.00856316 0.001370191 -0.1192002 0.00857973 0.001535773 -0.1192051 0.008660435 7.98134e-4 -0.1192049 0.008666694 7.86778e-4 -0.1191998 0.008818507 5.12371e-4 -0.1191979 0.008592069 0.001658678 -0.1191969 0.008597612 0.001713752 -0.1191782 0.008806824 0.002255797 0.004249989 -0.09763878 0.0248 0.006876587 -0.1000038 0.0248 0.007234036 -0.1008066 0.0248 0.008314251 -0.1032328 0.0248 0.008314251 -0.105 0.0248 0.008314251 -0.1067672 0.0248 0.007234036 -0.1091934 0.0248 0.006876587 -0.1099961 0.0248 0.004249989 -0.1123612 0.0248 8.88492e-4 -0.1134534 0.0248 1.45484e-5 -0.1133615 0.0248 -0.002626597 -0.113084 0.0248 -0.004157125 -0.1122003 0.0248 -0.005687594 -0.1113167 0.0248 -0.00724858 -0.1091682 0.0248 -0.007765114 -0.1084572 0.0248 -0.008499979 -0.105 0.0248 -0.007765114 -0.1015427 0.0248 -0.00724858 -0.1008318 0.0248 -0.005687594 -0.09868323 0.0248 -0.004157125 -0.09779959 0.0248 -0.002626597 -0.09691601 0.0248 1.45484e-5 -0.09663838 0.0248 8.88492e-4 -0.09654653 0.0248 0.09518265 -0.04513877 0.0248 0.09780931 -0.04750382 0.0248 0.0981667 -0.04830658 0.0248 0.09924691 -0.05073273 0.0248 0.09924691 -0.05249994 0.0248 0.09924691 -0.05426722 0.0248 0.0981667 -0.05669337 0.0248 0.09780931 -0.05749613 0.0248 0.09518265 -0.05986118 0.0248 0.09182113 -0.06095343 0.0248 0.09094721 -0.06086152 0.0248 0.088306 -0.06058394 0.0248 0.08677554 -0.05970031 0.0248 0.08524501 -0.05881673 0.0248 0.08368402 -0.05666816 0.0248 0.08316749 -0.05595725 0.0248 0.08243262 -0.05249994 0.0248 0.08316749 -0.0490427 0.0248 0.08368402 -0.04833179 0.0248 0.08524501 -0.04618322 0.0248 0.08677554 -0.04529964 0.0248 0.088306 -0.04441601 0.0248 0.09094721 -0.04413837 0.0248 0.09182113 -0.04404652 0.0248 0.09943264 0.05249994 0.01499998 0.09829384 0.04824995 0.01499998 0.09518265 0.05986118 0.01499998 0.08668267 0.04513877 0.01499998 0.09829384 0.05674999 0.01499998 0.08357143 0.04824995 0.01499998 0.09093266 0.06099998 0.01499998 0.08668267 0.05986118 0.01499998 0.09093266 0.04399996 0.01499998 0.09518265 0.04513877 0.01499998 0.08357143 0.05674999 0.01499998 0.08243262 0.05249994 0.01499998 -0.09872603 0.04903012 0.02497303 -0.09664094 0.04616028 0.02497303 -0.09356886 0.04438662 0.02497303 -0.08403098 0.04748564 0.02497303 -0.08666718 0.04511201 0.02497303 -0.09004092 0.04401582 0.02497303 -0.08258813 0.05072629 0.02497303 -0.08258813 0.05427366 0.02497303 -0.09004092 0.06098413 0.02497303 -0.08666718 0.05988794 0.02497303 -0.08403098 0.0575143 0.02497303 -0.09356886 0.06061333 0.02497303 -0.09664094 0.05883967 0.02497303 -0.09946358 0.05249994 0.02497303 -0.09872603 0.05596983 0.02497303 -0.08193266 0.05249994 0.02529996 -0.08212929 0.05437117 0.02529996 -0.08229857 0.05433517 0.02526909 -0.08365148 0.05779004 0.02529996 -0.08379149 0.05768829 0.02526909 -0.08643263 0.06029421 0.02529996 -0.08651918 0.0601443 0.02526909 -0.08999186 0.06145066 0.02529996 -0.09000998 0.06127858 0.02526909 -0.09371381 0.06105947 0.02529996 -0.09366029 0.0608949 0.02526909 -0.09695482 0.0591883 0.02529996 -0.09683901 0.05905967 0.02526909 -0.09915453 0.05616062 0.02529996 -0.09899646 0.05609023 0.02526909 -0.09993267 0.05249994 0.02529996 -0.09975957 0.05249994 0.02526909 -0.09915453 0.04883933 0.02529996 -0.09899646 0.04890972 0.02526909 -0.09695482 0.04581165 0.02529996 -0.09683901 0.04594027 0.02526909 -0.09371381 0.04394048 0.02529996 -0.09366029 0.04410505 0.02526909 -0.08999186 0.04354929 0.02529996 -0.09000998 0.04372137 0.02526909 -0.08643263 0.04470574 0.02529996 -0.08651918 0.04485559 0.02526909 -0.08365148 0.04720991 0.02529996 -0.08379149 0.0473116 0.02526909 -0.08212929 0.05062878 0.02529996 -0.08229857 0.05066472 0.02526909 -0.09957909 0.05249994 0.02515351 -0.09883159 0.04898315 0.02515351 -0.09671825 0.04607439 0.02515351 -0.09360456 0.04427671 0.02515351 -0.09002882 0.0439009 0.02515351 -0.08660942 0.04501193 0.02515351 -0.08393752 0.0474177 0.02515351 -0.08247512 0.05070227 0.02515351 -0.08247512 0.05429768 0.02515351 -0.08393752 0.05758225 0.02515351 -0.08660942 0.05998802 0.02515351 -0.09002882 0.06109905 0.02515351 -0.09360456 0.06072324 0.02515351 -0.09671825 0.0589255 0.02515351 -0.09883159 0.0560168 0.02515351 -0.08590298 0.04389268 0.02562689 -0.08835244 0.04287058 0.02562689 -0.08834445 0.04284071 0.02579998 -0.08605229 0.04414832 0.0253309 -0.08842909 0.0431565 0.0253309 -0.08838236 0.04298216 0.02544641 -0.08613961 0.04429769 0.02529996 -0.08847385 0.04332369 0.02529996 -0.08351182 0.04629522 0.0253309 -0.08364456 0.0464062 0.02529996 -0.08184874 0.04917573 0.0253309 -0.08201128 0.04923522 0.02529996 -0.08125972 0.05244934 0.0253309 -0.08143275 0.05245023 0.02529996 -0.08096367 0.05244779 0.02562689 -0.08130323 0.05508017 0.02562689 -0.08141481 0.05505025 0.02544641 -0.08127337 0.05508816 0.02579998 -0.08093279 0.05244761 0.02579998 -0.08108443 0.05160474 0.02579998 -0.08157074 0.04907399 0.02562689 -0.08328473 0.04610532 0.02562689 -0.08240133 0.0475744 0.02579998 -0.08154171 0.04906338 0.02579998 -0.08588737 0.04386603 0.02579998 -0.08523321 0.04441881 0.02579998 -0.08326101 0.04608547 0.02579998 -0.08175635 0.05495876 0.02529996 -0.08158916 0.05500352 0.0253309 -0.08107924 0.05244839 0.02544641 -0.08167922 0.04911369 0.02544641 -0.08337336 0.04617941 0.02544641 -0.08596128 0.04399245 0.02544641 -0.1121997 0.03663277 0.02541762 -0.1122238 0.03659564 0.02544802 -0.111764 0.03708314 0.02529996 -0.1119028 0.0369541 0.02530902 -0.1121788 0.03645431 0.02579998 -0.1122564 0.03645038 0.02567392 -0.1122555 0.03654682 0.02548807 -0.1122763 0.03648281 0.02557647 -0.1122716 0.036475 0.02559983 -0.1122658 0.0364657 0.02562791 -0.111922 0.03693628 0.02531027 -0.1120055 0.03684496 0.02534258 -0.1120204 0.03682869 0.02534836 -0.08765977 0.07892256 0.02579998 -0.08768451 0.0789805 0.02570688 -0.08771312 0.07899272 0.02562767 -0.0879969 0.07824885 0.02529996 -0.08791005 0.07856655 0.02535206 -0.08790171 0.07859694 0.025357 -0.08781194 0.07886922 0.02544111 -0.08784651 0.07873582 0.02538001 -0.08784776 0.07879436 0.02538937 -0.08772349 0.07899719 0.02559888 -0.08777272 0.07895106 0.02549773 -0.08780521 0.07888317 0.02545076 -0.09872603 -0.05596983 0.02497303 -0.09664094 -0.05883967 0.02497303 -0.09356886 -0.06061333 0.02497303 -0.08403098 -0.0575143 0.02497303 -0.08666718 -0.05988794 0.02497303 -0.09004092 -0.06098413 0.02497303 -0.08258813 -0.05427366 0.02497303 -0.08258813 -0.05072629 0.02497303 -0.09004092 -0.04401582 0.02497303 -0.08666718 -0.04511201 0.02497303 -0.08403098 -0.04748564 0.02497303 -0.09356886 -0.04438662 0.02497303 -0.09664094 -0.04616028 0.02497303 -0.09946358 -0.05249994 0.02497303 -0.09872603 -0.04903012 0.02497303 -0.08193266 -0.05249994 0.02529996 -0.08212929 -0.05062878 0.02529996 -0.08229857 -0.05066472 0.02526909 -0.08365148 -0.04720991 0.02529996 -0.08379149 -0.0473116 0.02526909 -0.08643263 -0.04470574 0.02529996 -0.08651918 -0.04485559 0.02526909 -0.08999186 -0.04354929 0.02529996 -0.09000998 -0.04372137 0.02526909 -0.09371381 -0.04394048 0.02529996 -0.09366029 -0.04410505 0.02526909 -0.09695482 -0.04581165 0.02529996 -0.09683901 -0.04594027 0.02526909 -0.09915453 -0.04883933 0.02529996 -0.09899646 -0.04890972 0.02526909 -0.09993267 -0.05249994 0.02529996 -0.09975957 -0.05249994 0.02526909 -0.09915453 -0.05616062 0.02529996 -0.09899646 -0.05609023 0.02526909 -0.09695482 -0.0591883 0.02529996 -0.09683901 -0.05905967 0.02526909 -0.09371381 -0.06105947 0.02529996 -0.09366029 -0.0608949 0.02526909 -0.08999186 -0.06145066 0.02529996 -0.09000998 -0.06127858 0.02526909 -0.08643263 -0.06029421 0.02529996 -0.08651918 -0.0601443 0.02526909 -0.08365148 -0.05779004 0.02529996 -0.08379149 -0.05768829 0.02526909 -0.08212929 -0.05437117 0.02529996 -0.08229857 -0.05433517 0.02526909 -0.09957909 -0.05249994 0.02515351 -0.09883159 -0.0560168 0.02515351 -0.09671825 -0.0589255 0.02515351 -0.09360456 -0.06072324 0.02515351 -0.09002882 -0.06109905 0.02515351 -0.08660942 -0.05998802 0.02515351 -0.08393752 -0.05758225 0.02515351 -0.08247512 -0.05429768 0.02515351 -0.08247512 -0.05070227 0.02515351 -0.08393752 -0.0474177 0.02515351 -0.08660942 -0.04501193 0.02515351 -0.09002882 -0.0439009 0.02515351 -0.09360456 -0.04427671 0.02515351 -0.09671825 -0.04607439 0.02515351 -0.09883159 -0.04898315 0.02515351 -0.08096367 -0.05244779 0.02562689 -0.08130323 -0.05508017 0.02562689 -0.08127337 -0.05508816 0.02579998 -0.08125972 -0.05244934 0.0253309 -0.08158916 -0.05500352 0.0253309 -0.08141481 -0.05505025 0.02544641 -0.08143275 -0.05245023 0.02529996 -0.08175635 -0.05495876 0.02529996 -0.08184874 -0.04917573 0.0253309 -0.08201128 -0.04923522 0.02529996 -0.08351182 -0.04629522 0.0253309 -0.08364456 -0.0464062 0.02529996 -0.08605229 -0.04414832 0.0253309 -0.08613961 -0.04429769 0.02529996 -0.08590298 -0.04389268 0.02562689 -0.08835244 -0.04287058 0.02562689 -0.08838236 -0.04298216 0.02544641 -0.08834445 -0.04284071 0.02579998 -0.08588737 -0.04386603 0.02579998 -0.08523321 -0.04441881 0.02579998 -0.08328473 -0.04610532 0.02562689 -0.08157074 -0.04907399 0.02562689 -0.08240133 -0.0475744 0.02579998 -0.08326101 -0.04608547 0.02579998 -0.08093279 -0.05244761 0.02579998 -0.08108443 -0.05160474 0.02579998 -0.08154171 -0.04906338 0.02579998 -0.08847385 -0.04332369 0.02529996 -0.08842909 -0.0431565 0.0253309 -0.08596128 -0.04399245 0.02544641 -0.08337336 -0.04617941 0.02544641 -0.08167922 -0.04911369 0.02544641 -0.08107924 -0.05244839 0.02544641 -0.08782476 -0.07885146 0.02541762 -0.08780467 -0.07889086 0.02544802 -0.0879969 -0.07824885 0.02529996 -0.08795464 -0.07843363 0.02530902 -0.08765977 -0.07892256 0.02579998 -0.08769518 -0.07899165 0.02567392 -0.08777821 -0.07894271 0.02548807 -0.0877332 -0.07899278 0.02557647 -0.08772408 -0.07899248 0.02559983 -0.08771312 -0.07899218 0.02562791 -0.08794879 -0.07845914 0.02531027 -0.08791148 -0.07857716 0.02534258 -0.08790481 -0.0785982 0.02534836 -0.1121788 -0.03645431 0.02579998 -0.1122413 -0.03644675 0.02570688 -0.1122663 -0.0364654 0.02562767 -0.111764 -0.03708314 0.02529996 -0.1119956 -0.03684902 0.02535206 -0.1120178 -0.03682661 0.025357 -0.1122087 -0.03661274 0.02544111 -0.1121105 -0.03670936 0.02538001 -0.1121618 -0.03668117 0.02538937 -0.1122753 -0.0364722 0.02559888 -0.11226 -0.03653788 0.02549773 -0.1122174 -0.03659993 0.02545076 -0.1171962 -0.009570419 0.00388205 -0.1170879 -0.009505569 0.003906607 -0.1170185 -0.009404301 0.003944873 -0.1170185 -0.009911894 0.005816876 -0.1170185 -0.01005065 0.007751524 -0.1170185 -0.009815335 0.009676754 -0.1170185 -0.007019639 0.01469749 -0.1170185 -0.008271038 0.0132156 -0.1170185 -0.009214699 0.01152104 -0.1170185 -0.003789246 0.01681238 -0.1170185 0.008271038 0.0132156 -0.1170185 0.007019639 0.01469749 -0.1170185 0.009214699 0.01152104 -0.1170185 0.009815335 0.009676754 -0.1170185 0.01005065 0.007751524 -0.1170185 0.009911894 0.005816876 -0.1170185 0.009404301 0.003944873 -0.1171962 0.009570419 0.00388205 -0.1173 0.009587764 0.003875494 -0.1173 0.01008778 0.006820201 -0.1171962 0.01022821 0.007755935 -0.1173 0.01024675 0.007756412 -0.1173 0.009419977 0.01148438 -0.1171962 0.009377479 0.01159209 -0.1173 0.009394466 0.01159948 -0.1171962 0.007143616 0.01482462 -0.1173 0.00715655 0.01483792 -0.1173 0.006561636 0.01522737 -0.1171962 0.003856182 0.01697689 -0.1173 0.003863155 0.01699411 -0.1173 0.002343773 0.01729136 -0.1171962 0 0.01773142 -0.1173 0 0.01774996 -0.1173 -0.002343773 0.01729136 -0.1171962 -0.003856182 0.01697689 -0.1173 -0.003863155 0.01699411 -0.1173 -0.006561636 0.01522737 -0.1171962 -0.007143616 0.01482462 -0.1173 -0.00715655 0.01483792 -0.1171962 -0.009377479 0.01159209 -0.1173 -0.009394466 0.01159948 -0.1173 -0.009587764 0.003875494 -0.1173 -0.01008778 0.006820201 -0.1171962 -0.01022821 0.007755935 -0.1173 -0.01024675 0.007756412 -0.1173 -0.009419977 0.01148438 -0.1170879 -0.01015895 0.007754206 -0.1170879 -0.009313941 0.01156437 -0.1170879 -0.003830015 0.01691269 -0.1170879 -0.007095217 0.01477503 -0.1170185 -0.001930534 0.0173667 -0.1170879 0 0.0176621 -0.1170185 0 0.0175538 -0.1170185 0.001930534 0.0173667 -0.1170879 0.003830015 0.01691269 -0.1170185 0.003789246 0.01681238 -0.1170185 0.005506873 0.01591145 -0.1170879 0.007095217 0.01477503 -0.1170879 0.009313941 0.01156437 -0.1170879 0.01015895 0.007754206 -0.1170879 0.009505569 0.003906607 -0.008499979 0.105 0.02529996 -0.007361173 0.10925 0.02529996 -0.004249989 0.1123612 0.02529996 0 0.1134999 0.02529996 0.004249989 0.1123612 0.02529996 0.007361173 0.10925 0.02529996 0.008499979 0.105 0.02529996 0.007361173 0.10075 0.02529996 0.004249989 0.09763878 0.02529996 0 0.09649997 0.02529996 -0.004249989 0.09763878 0.02529996 -0.007361173 0.10075 0.02529996 -0.004939258 0.09634053 0.02562689 -0.007049202 0.09795075 0.02562689 -0.007071018 0.09792894 0.02579998 -0.004792571 0.09659767 0.0253309 -0.006839871 0.09816008 0.0253309 -0.006967484 0.09803247 0.02544641 -0.004706799 0.09674799 0.02529996 -0.006717503 0.09828245 0.02529996 -0.001663029 0.09547096 0.0253309 -0.001633286 0.09564143 0.02529996 0.001663029 0.09547096 0.0253309 0.001633286 0.09564143 0.02529996 0.004792571 0.09659767 0.0253309 0.004706799 0.09674799 0.02529996 0.004939258 0.09634053 0.02562689 0.007049202 0.09795075 0.02562689 0.006967484 0.09803247 0.02544641 0.007071018 0.09792894 0.02579998 0.004954576 0.09631365 0.02579998 0.004148781 0.09602355 0.02579998 0.001713931 0.09517931 0.02562689 -0.001713931 0.09517931 0.02562689 0 0.09514886 0.02579998 0.001719236 0.09514886 0.02579998 -0.004954576 0.09631365 0.02579998 -0.004148781 0.09602355 0.02579998 -0.001719236 0.09514886 0.02579998 0.006717503 0.09828245 0.02529996 0.006839871 0.09816008 0.0253309 0.004881978 0.09644085 0.02544641 0.001694083 0.09529316 0.02544641 -0.001694083 0.09529316 0.02544641 -0.004881978 0.09644085 0.02544641 -0.02437496 0.1154842 0.02541762 -0.02441912 0.1154865 0.02544802 -0.02376699 0.115332 0.02529996 -0.02394819 0.1153877 0.02530902 -0.02451902 0.1153769 0.02579998 -0.02456122 0.115442 0.02567392 -0.02447724 0.1154896 0.02548807 -0.0245431 0.1154755 0.02557647 -0.02454745 0.1154675 0.02559983 -0.02455264 0.1154579 0.02562791 -0.02397316 0.1153954 0.02531027 -0.02409404 0.1154221 0.02534258 -0.02411562 0.1154269 0.02534836 0.02451902 0.1153769 0.02579998 0.02455687 0.1154273 0.02570688 0.02455312 0.1154581 0.02562767 0.02376699 0.115332 0.02529996 0.02408564 0.1154156 0.02535206 0.02411609 0.1154236 0.025357 0.02439677 0.115482 0.02544111 0.02426397 0.1154452 0.02538001 0.02431404 0.1154756 0.02538937 0.0245518 0.1154693 0.02559888 0.02448725 0.115489 0.02549773 0.02441221 0.1154832 0.02545076 -0.005474984 -0.09952497 0 -0.05975914 -0.1034945 0 -0.06547003 -0.09952497 0 -0.1168986 -0.0248394 0 -0.09327524 -0.074225 0 -0.1077595 -0.05075556 0 -0.1022269 -0.06190258 0 -0.1111189 -0.04398697 0 -0.09047162 -0.07808429 0 -0.0761823 -0.09207892 0 -0.0499913 -0.1080915 0 -0.04166221 -0.1120113 0 -0.02239835 -0.1173908 0 -0.005474984 -0.1191701 0 -0.00250709 -0.1194822 0 0.01745432 -0.118227 0 0.03692686 -0.1136603 0 0.0454663 -0.110071 0 0.05536514 -0.1059102 0 0.06542724 -0.09952497 0 0.07225275 -0.09519356 0 0.08711653 -0.08181065 0 0.09312903 -0.074225 0 0.09954029 -0.0661363 0 0.109176 -0.04860949 0 0.1157537 -0.0297212 0 0.09954029 0.0661363 0 0.109176 0.04860949 0 0.1157537 0.0297212 0 0.09411984 0.07297497 0 0.1190893 -0.0100004 0 0.1190893 0 0 0.1190893 0.0100004 0 0.08711653 0.08181065 0 0.07382833 0.09377497 0 -0.005474984 0.09377497 0 -0.005474984 0.1191701 0 -0.00250709 0.1194822 0 0.01745432 0.118227 0 0.03692686 0.1136603 0 0.0454663 0.110071 0 0.05536514 0.1059102 0 0.07225275 0.09519356 0 -0.04166221 0.1120113 0 -0.02239835 0.1173908 0 -0.0499913 0.1080915 0 -0.05975914 0.1034945 0 -0.07374233 0.09377497 0 -0.0761823 0.09207892 0 -0.09047162 0.07808429 0 -0.09418332 0.07297497 0 -0.1077595 0.05075556 0 -0.1022269 0.06190258 0 -0.1111189 0.04398697 0 -0.1168986 0.0248394 0 -0.119621 0.009418427 4.99924e-4 -0.1194026 0.009241759 3.20687e-4 -0.007793366 -0.1084698 0.02497303 -0.005708277 -0.1113397 0.02497303 -0.002636194 -0.1131134 0.02497303 0.006901621 -0.1100143 0.02497303 0.004265427 -0.112388 0.02497303 8.91722e-4 -0.1134842 0.02497303 0.008344471 -0.1067736 0.02497303 0.008344471 -0.1032263 0.02497303 8.91722e-4 -0.09651583 0.02497303 0.004265427 -0.09761202 0.02497303 0.006901621 -0.09998565 0.02497303 -0.002636194 -0.09688663 0.02497303 -0.005708277 -0.09866029 0.02497303 -0.008530855 -0.105 0.02497303 -0.007793366 -0.1015301 0.02497303 0.008999943 -0.105 0.02529996 0.008803308 -0.1031288 0.02529996 0.00863403 -0.1031647 0.02526909 0.007281124 -0.09970992 0.02529996 0.007141113 -0.09981161 0.02526909 0.004499971 -0.09720575 0.02529996 0.004413425 -0.0973556 0.02526909 9.40756e-4 -0.0960493 0.02529996 9.22667e-4 -0.09622138 0.02526909 -0.002781152 -0.09644049 0.02529996 -0.002727627 -0.09660506 0.02526909 -0.006022155 -0.09831166 0.02529996 -0.005906343 -0.09844028 0.02526909 -0.008221864 -0.1013393 0.02529996 -0.008063793 -0.1014097 0.02526909 -0.008999943 -0.105 0.02529996 -0.008826911 -0.105 0.02526909 -0.008221864 -0.1086606 0.02529996 -0.008063793 -0.1085902 0.02526909 -0.006022155 -0.1116883 0.02529996 -0.005906343 -0.1115597 0.02526909 -0.002781152 -0.1135595 0.02529996 -0.002727627 -0.1133949 0.02526909 9.40756e-4 -0.1139507 0.02529996 9.22667e-4 -0.1137785 0.02526909 0.004499971 -0.1127942 0.02529996 0.004413425 -0.1126443 0.02526909 0.007281124 -0.1102901 0.02529996 0.007141113 -0.1101883 0.02526909 0.008803308 -0.1068712 0.02529996 0.00863403 -0.1068352 0.02526909 -0.008646428 -0.105 0.02515351 -0.007898867 -0.1085168 0.02515351 -0.005785584 -0.1114255 0.02515351 -0.002671897 -0.1132233 0.02515351 9.038e-4 -0.1135991 0.02515351 0.004323184 -0.112488 0.02515351 0.006995081 -0.1100822 0.02515351 0.008457481 -0.1067976 0.02515351 0.008457481 -0.1032023 0.02515351 0.006995081 -0.0999177 0.02515351 0.004323184 -0.09751194 0.02515351 9.038e-4 -0.09640091 0.02515351 -0.002671897 -0.09677672 0.02515351 -0.005785584 -0.09857439 0.02515351 -0.007898867 -0.1014832 0.02515351 -0.007071018 -0.09792894 0.02579998 -0.02451902 -0.1153769 0.02579998 -0.007049202 -0.09795075 0.02562689 -0.02455687 -0.1154273 0.02570688 -0.02455312 -0.1154581 0.02562767 -0.02439677 -0.115482 0.02544111 -0.02431404 -0.1154756 0.02538937 -0.02411609 -0.1154236 0.025357 -0.02376699 -0.115332 0.02529996 -0.006717503 -0.09828245 0.02529996 -0.02408564 -0.1154156 0.02535206 -0.006839871 -0.09816008 0.0253309 -0.006967484 -0.09803247 0.02544641 -0.0245518 -0.1154693 0.02559888 -0.02448725 -0.115489 0.02549773 -0.02441221 -0.1154832 0.02545076 0.02437496 -0.1154842 0.02541762 0.02441912 -0.1154865 0.02544802 0.006967484 -0.09803247 0.02544641 0.006717503 -0.09828245 0.02529996 0.02376699 -0.115332 0.02529996 0.006839871 -0.09816008 0.0253309 0.02394819 -0.1153877 0.02530902 0.02451902 -0.1153769 0.02579998 0.007071018 -0.09792894 0.02579998 0.02456122 -0.115442 0.02567392 0.007049202 -0.09795075 0.02562689 0.02447724 -0.1154896 0.02548807 0.0245431 -0.1154755 0.02557647 0.02454745 -0.1154675 0.02559983 0.02455264 -0.1154579 0.02562791 0.02397316 -0.1153954 0.02531027 0.02409404 -0.1154221 0.02534258 0.02411562 -0.1154269 0.02534836 0.004939258 -0.09634053 0.02562689 0.004792571 -0.09659767 0.0253309 0.004706799 -0.09674799 0.02529996 0.001663029 -0.09547096 0.0253309 0.001633286 -0.09564143 0.02529996 -0.001663029 -0.09547096 0.0253309 -0.001633286 -0.09564143 0.02529996 -0.004792571 -0.09659767 0.0253309 -0.004706799 -0.09674799 0.02529996 -0.004939258 -0.09634053 0.02562689 -0.004954576 -0.09631365 0.02579998 -0.004148781 -0.09602355 0.02579998 -0.001713931 -0.09517931 0.02562689 0.001713931 -0.09517931 0.02562689 0 -0.09514886 0.02579998 -0.001719236 -0.09514886 0.02579998 0.004954576 -0.09631365 0.02579998 0.004148781 -0.09602355 0.02579998 0.001719236 -0.09514886 0.02579998 -0.004881978 -0.09644085 0.02544641 -0.001694083 -0.09529316 0.02544641 0.001694083 -0.09529316 0.02544641 0.004881978 -0.09644085 0.02544641 0.0831393 -0.05596983 0.02497303 0.08522433 -0.05883967 0.02497303 0.08829647 -0.06061333 0.02497303 0.09783428 -0.0575143 0.02497303 0.09519809 -0.05988794 0.02497303 0.09182435 -0.06098413 0.02497303 0.09927713 -0.05427366 0.02497303 0.09927713 -0.05072629 0.02497303 0.09182435 -0.04401582 0.02497303 0.09519809 -0.04511201 0.02497303 0.09783428 -0.04748564 0.02497303 0.08829647 -0.04438662 0.02497303 0.08522433 -0.04616028 0.02497303 0.08240175 -0.05249994 0.02497303 0.0831393 -0.04903012 0.02497303 0.09993267 -0.05249994 0.02529996 0.09973597 -0.05062878 0.02529996 0.09956669 -0.05066472 0.02526909 0.09821379 -0.04720991 0.02529996 0.09807378 -0.0473116 0.02526909 0.09543263 -0.04470574 0.02529996 0.09534609 -0.04485559 0.02526909 0.0918734 -0.04354929 0.02529996 0.09185528 -0.04372137 0.02526909 0.08815151 -0.04394048 0.02529996 0.08820497 -0.04410505 0.02526909 0.08491045 -0.04581165 0.02529996 0.08502626 -0.04594027 0.02526909 0.08271074 -0.04883933 0.02529996 0.08286881 -0.04890972 0.02526909 0.08193266 -0.05249994 0.02529996 0.08210569 -0.05249994 0.02526909 0.08271074 -0.05616062 0.02529996 0.08286881 -0.05609023 0.02526909 0.08491045 -0.0591883 0.02529996 0.08502626 -0.05905967 0.02526909 0.08815151 -0.06105947 0.02529996 0.08820497 -0.0608949 0.02526909 0.0918734 -0.06145066 0.02529996 0.09185528 -0.06127858 0.02526909 0.09543263 -0.06029421 0.02529996 0.09534609 -0.0601443 0.02526909 0.09821379 -0.05779004 0.02529996 0.09807378 -0.05768829 0.02526909 0.09973597 -0.05437117 0.02529996 0.09956669 -0.05433517 0.02526909 0.08228617 -0.05249994 0.02515351 0.08303374 -0.0560168 0.02515351 0.08514702 -0.0589255 0.02515351 0.08826076 -0.06072324 0.02515351 0.09183645 -0.06109905 0.02515351 0.09525585 -0.05998802 0.02515351 0.09792774 -0.05758225 0.02515351 0.09939014 -0.05429768 0.02515351 0.09939014 -0.05070227 0.02515351 0.09792774 -0.0474177 0.02515351 0.09525585 -0.04501193 0.02515351 0.09183645 -0.0439009 0.02515351 0.08826076 -0.04427671 0.02515351 0.08514702 -0.04607439 0.02515351 0.08303374 -0.04898315 0.02515351 0.08590298 -0.04389268 0.02562689 0.08835244 -0.04287058 0.02562689 0.08834445 -0.04284071 0.02579998 0.08596128 -0.04399245 0.02544641 0.08838236 -0.04298216 0.02544641 0.08613961 -0.04429769 0.02529996 0.08847385 -0.04332369 0.02529996 0.08842909 -0.0431565 0.0253309 0.08125972 -0.05244934 0.0253309 0.08201128 -0.04923522 0.02529996 0.08184874 -0.04917573 0.0253309 0.08364456 -0.0464062 0.02529996 0.08351182 -0.04629522 0.0253309 0.08605229 -0.04414832 0.0253309 0.08175635 -0.05495876 0.02529996 0.08143264 -0.05249994 0.02529996 0.08143275 -0.05245023 0.02529996 0.08096367 -0.05244779 0.02562689 0.08130323 -0.05508017 0.02562689 0.08141481 -0.05505025 0.02544641 0.08127337 -0.05508816 0.02579998 0.08093279 -0.05244761 0.02579998 0.08108443 -0.05160474 0.02579998 0.08157074 -0.04907399 0.02562689 0.08328473 -0.04610532 0.02562689 0.08240133 -0.0475744 0.02579998 0.08154171 -0.04906338 0.02579998 0.08588737 -0.04386603 0.02579998 0.08523321 -0.04441881 0.02579998 0.08326101 -0.04608547 0.02579998 0.08337336 -0.04617941 0.02544641 0.08167922 -0.04911369 0.02544641 0.08107924 -0.05244839 0.02544641 0.08158916 -0.05500352 0.0253309 0.1121997 -0.03663277 0.02541762 0.1122238 -0.03659564 0.02544802 0.111764 -0.03708314 0.02529996 0.1119028 -0.0369541 0.02530902 0.1121788 -0.03645431 0.02579998 0.1122564 -0.03645038 0.02567392 0.1122555 -0.03654682 0.02548807 0.1122763 -0.03648281 0.02557647 0.1122716 -0.036475 0.02559983 0.1122658 -0.0364657 0.02562791 0.111922 -0.03693628 0.02531027 0.1120055 -0.03684496 0.02534258 0.1120204 -0.03682869 0.02534836 0.08765977 -0.07892256 0.02579998 0.08768451 -0.0789805 0.02570688 0.08771312 -0.07899272 0.02562767 0.0879969 -0.07824885 0.02529996 0.08791005 -0.07856655 0.02535206 0.08790171 -0.07859694 0.025357 0.08781194 -0.07886922 0.02544111 0.08784651 -0.07873582 0.02538001 0.08784776 -0.07879436 0.02538937 0.08772349 -0.07899719 0.02559888 0.08777272 -0.07895106 0.02549773 0.08780521 -0.07888317 0.02545076 0.08243262 0.05249994 0.02529996 0.08357143 0.05674999 0.02529996 0.08668267 0.05986118 0.02529996 0.09093266 0.06099998 0.02529996 0.09518265 0.05986118 0.02529996 0.09829384 0.05674999 0.02529996 0.09943264 0.05249994 0.02529996 0.09829384 0.04824995 0.02529996 0.09518265 0.04513877 0.02529996 0.09093266 0.04399996 0.02529996 0.08668267 0.04513877 0.02529996 0.08357143 0.04824995 0.02529996 0.08096367 0.05244779 0.02562689 0.08130323 0.05508017 0.02562689 0.08127337 0.05508816 0.02579998 0.08125972 0.05244934 0.0253309 0.08158916 0.05500352 0.0253309 0.08141481 0.05505025 0.02544641 0.08175635 0.05495876 0.02529996 0.08143264 0.05249994 0.02529996 0.08143275 0.05245023 0.02529996 0.08184874 0.04917573 0.0253309 0.08201128 0.04923522 0.02529996 0.08351182 0.04629522 0.0253309 0.08364456 0.0464062 0.02529996 0.08605229 0.04414832 0.0253309 0.08613961 0.04429769 0.02529996 0.08590298 0.04389268 0.02562689 0.08835244 0.04287058 0.02562689 0.08838236 0.04298216 0.02544641 0.08834445 0.04284071 0.02579998 0.08588737 0.04386603 0.02579998 0.08523321 0.04441881 0.02579998 0.08328473 0.04610532 0.02562689 0.08157074 0.04907399 0.02562689 0.08240133 0.0475744 0.02579998 0.08326101 0.04608547 0.02579998 0.08093279 0.05244761 0.02579998 0.08108443 0.05160474 0.02579998 0.08154171 0.04906338 0.02579998 0.08847385 0.04332369 0.02529996 0.08842909 0.0431565 0.0253309 0.08596128 0.04399245 0.02544641 0.08337336 0.04617941 0.02544641 0.08167922 0.04911369 0.02544641 0.08107924 0.05244839 0.02544641 0.08782476 0.07885146 0.02541762 0.08780467 0.07889086 0.02544802 0.0879969 0.07824885 0.02529996 0.08795464 0.07843363 0.02530902 0.08765977 0.07892256 0.02579998 0.08769518 0.07899165 0.02567392 0.08777821 0.07894271 0.02548807 0.0877332 0.07899278 0.02557647 0.08772408 0.07899248 0.02559983 0.08771312 0.07899218 0.02562791 0.08794879 0.07845914 0.02531027 0.08791148 0.07857716 0.02534258 0.08790481 0.0785982 0.02534836 0.1121788 0.03645431 0.02579998 0.1122413 0.03644675 0.02570688 0.1122663 0.0364654 0.02562767 0.111764 0.03708314 0.02529996 0.1119956 0.03684902 0.02535206 0.1120178 0.03682661 0.025357 0.1122087 0.03661274 0.02544111 0.1121105 0.03670936 0.02538001 0.1121618 0.03668117 0.02538937 0.1122753 0.0364722 0.02559888 0.11226 0.03653788 0.02549773 0.1122174 0.03659993 0.02545076 -0.1117402 0.03657186 0.02731007 -0.1097865 0.03709536 0.03242492 -0.1072809 0.03776669 0.03898465 -0.1070806 0.03782039 0.03950893 -0.101274 0.03937625 0.05166578 -0.08834445 0.04284071 0.07658904 -0.08095508 0.05183041 0.08257395 -0.08096933 0.05197632 0.08230596 -0.08127337 0.05508816 0.07658904 -0.08229076 0.04751056 0.08605474 -0.08195811 0.04808896 0.08605086 -0.08167642 0.04879045 0.08566713 -0.08139938 0.04948067 0.08528959 -0.08131057 0.0499503 0.08474683 -0.08100062 0.05158942 0.08285242 -0.08689105 0.04335308 0.07965826 -0.08549737 0.04415738 0.08227497 -0.08516937 0.04434669 0.08289074 -0.08503484 0.04442429 0.08314341 -0.08392971 0.04541224 0.08474546 -0.08356606 0.04573732 0.08527261 -0.08310192 0.04632931 0.085653 -0.08260726 0.04696035 0.08605843 -0.08229315 0.04750639 0.08605474 -0.08402144 0.06534403 0.05688267 -0.08470499 0.06789499 0.0516023 -0.08634042 0.07399857 0.03896796 -0.08650404 0.07460916 0.03770405 -0.08701658 0.07652193 0.03242516 -0.1019791 0.0588777 0.02529996 -0.1079102 0.04713511 0.02529996 -0.09477531 0.06988543 0.02529996 -0.08754223 -0.07848387 0.02731007 -0.08701878 -0.07653021 0.03242492 -0.0863474 -0.07402461 0.03898465 -0.08629375 -0.07382434 0.03950893 -0.08473783 -0.06801772 0.05166578 -0.08127337 -0.05508816 0.07658904 -0.08834445 -0.04284071 0.07658904 -0.08549743 -0.0441333 0.08230596 -0.08536398 -0.04419392 0.08257395 -0.08517807 -0.04435384 0.08285242 -0.0839135 -0.04544186 0.08474683 -0.08355116 -0.04575353 0.08528959 -0.08228832 -0.04751479 0.08605474 -0.08229076 -0.04751062 0.08605474 -0.08262532 -0.04693329 0.08605086 -0.08309203 -0.04633861 0.08566713 -0.08129298 -0.04997915 0.08474546 -0.08099043 -0.05357331 0.07965826 -0.08099013 -0.05196416 0.08227497 -0.08099001 -0.05158549 0.08289074 -0.08099001 -0.0514301 0.08314341 -0.08197247 -0.04805982 0.08605843 -0.08167338 -0.04880368 0.085653 -0.0813927 -0.04950165 0.08527261 -0.09860032 -0.04009264 0.05688267 -0.1011513 -0.03940916 0.0516023 -0.1072549 -0.03777366 0.03896796 -0.1078655 -0.03761005 0.03770405 -0.1097782 -0.03709757 0.03242516 -0.09477531 -0.06988543 0.02529996 -0.1019791 -0.0588777 0.02529996 -0.1079102 -0.04713511 0.02529996 -0.007071018 -0.09792894 0.07658904 -0.01457887 -0.1054368 0.05688267 -0.01644629 -0.1073042 0.0516023 -0.02091443 -0.1117723 0.03896796 -0.02136141 -0.1122193 0.03770405 -0.02276164 -0.1136195 0.03242516 -0.1189888 -0.01016199 0.006159722 -0.1189731 -0.01020389 0.006798207 -0.1191048 0.009421646 0.003463268 -0.1190661 0.00967133 0.004349589 -0.118993 0.01014328 0.006024837 -0.1189711 0.01022559 0.006796777 -0.1189396 0.01016193 0.008840501 -0.1189522 0.009586989 0.01098984 -0.1189546 0.009474158 0.01141184 -0.1189495 0.0102151 0.008031189 -0.118956 0.01024997 0.007499992 -0.1189709 0.01022624 0.006803214 -0.119093 0.006581246 0.01526331 -0.1190709 0.007116138 0.01487714 -0.1190448 0.007651329 0.01432049 -0.1190424 0.007698774 0.01425075 -0.1189693 0.009150981 0.01211744 -0.1189562 0.009439229 0.01148802 -0.1191681 0.004762411 0.0165764 -0.1191933 0.003753244 0.01702529 -0.1191984 0.003551185 0.01711511 -0.1192087 0.002378463 0.0173816 -0.1192213 9.52876e-4 0.01770555 -0.1192089 0.002359569 0.0173859 -0.1192173 -0.001206159 0.01759129 -0.1192225 1.73034e-4 0.01774853 -0.1192125 -0.002474844 0.01744669 -0.1192129 -0.002377331 0.01745784 -0.119095 -0.006552577 0.01528263 -0.1191244 -0.005919098 0.01586818 -0.1191681 -0.004762411 0.0165764 -0.1192036 -0.003225266 0.01722931 -0.1190335 -0.007877051 0.01405853 -0.1190941 -0.006571233 0.0152654 -0.118941 -0.009850859 0.01033228 -0.1189452 -0.009964585 0.009525179 -0.118956 -0.01024997 0.007499992 -0.1189493 -0.009603381 0.01108282 -0.1189591 -0.009399831 0.01146692 -0.1189829 -0.008903443 0.01240354 -0.1190091 -0.008356392 0.01343572 -0.1191387 -0.009148836 0.002878129 -0.1190979 -0.009473979 0.003587663 -0.119005 -0.01005947 0.005776405 -0.02419793 0.1150557 0.02731007 -0.02276772 0.1136255 0.03242492 -0.0209335 0.1117913 0.03898465 -0.02078688 0.1116448 0.03950893 -0.01653611 0.107394 0.05166578 -0.007071018 0.09792894 0.07658904 0.007071018 0.09792894 0.07658904 0.004528105 0.09610962 0.08230596 0.004408895 0.09602439 0.08257395 0.004177451 0.09594333 0.08285242 0.002602934 0.09539216 0.08474683 0.002151787 0.09523421 0.08528959 -4.84535e-6 0.09502118 0.08605474 0 0.09502118 0.08605474 6.67212e-4 0.09502226 0.08605086 0.00141555 0.09512913 0.08566713 -0.002636671 0.09539139 0.08474546 -0.002173304 0.09523898 0.08527261 -0.001428544 0.09513306 0.085653 -0.005900621 0.09692639 0.07965826 -0.004507243 0.0961216 0.08227497 -0.004179298 0.09593218 0.08289074 -6.34783e-4 0.09502017 0.08605843 -0.004044771 0.09585446 0.08314341 0.01457887 0.1054368 0.05688267 0.01644629 0.1073042 0.0516023 0.02091443 0.1117723 0.03896796 0.02136141 0.1122193 0.03770405 0.02276164 0.1136195 0.03242516 -0.01313489 0.1170206 0.02529996 0 0.1177554 0.02529996 0.01313489 0.1170206 0.02529996 -0.1194381 -0.01051509 0.005708754 -0.1194844 -0.0102669 0.004314005 -0.1195232 -0.009976089 0.00350213 -0.1194125 -0.009345829 0.01263475 -0.1193811 -0.01002097 0.01140016 -0.1193712 -0.01031243 0.01055198 -0.1193741 -0.01046359 0.009624242 -0.1193796 -0.01074939 0.007870018 -0.1193956 -0.01074302 0.006989717 -0.1195253 -0.00687617 0.01564323 -0.1194685 -0.008163452 0.01448518 -0.1194418 -0.00871545 0.0137875 -0.1195989 -0.004997313 0.01699739 -0.119558 -0.006135046 0.01630997 -0.1180536 -0.02023011 4.99924e-4 -0.1180536 0.02023011 4.99924e-4 -0.1173708 0.02493971 4.99924e-4 -0.1130264 0.03933238 4.99924e-4 -0.1115678 0.04416471 4.99924e-4 -0.1050145 0.05736833 4.99924e-4 -0.1026399 0.06215262 4.99924e-4 -0.09414887 0.07384091 4.99924e-4 -0.02904731 0.1160335 4.99924e-4 -0.09083712 0.07839971 4.99924e-4 -0.08072549 0.08830279 4.99924e-4 -0.07649004 0.09245091 4.99924e-4 -0.06510961 0.1003614 4.99924e-4 -0.06000053 0.1039126 4.99924e-4 -0.04772597 0.1096893 4.99924e-4 -0.04183048 0.1124638 4.99924e-4 -0.02248883 0.117865 4.99924e-4 -0.009581387 0.1192221 4.99924e-4 -0.002517223 0.1199648 4.99924e-4 0.01014256 0.1191688 4.99924e-4 0.01752483 0.1187046 4.99924e-4 0.02958863 0.1158754 4.99924e-4 0.03707605 0.1141195 4.99924e-4 0.04822832 0.1094319 4.99924e-4 0.05558884 0.106338 4.99924e-4 0.06555509 0.1000136 4.99924e-4 0.07254457 0.09557813 4.99924e-4 0.08109819 0.08787673 4.99924e-4 0.08746844 0.08214116 4.99924e-4 0.09443539 0.07335132 4.99924e-4 0.1131124 0.03876864 4.99924e-4 0.09994238 0.06640344 4.99924e-4 0.1052043 0.05683231 4.99924e-4 0.109617 0.04880589 4.99924e-4 0.1162213 0.02984124 4.99924e-4 0.1179448 0.01965135 4.99924e-4 0.1195704 0.01004081 4.99924e-4 0.1195704 0 4.99924e-4 0.1195704 -0.01004081 4.99924e-4 0.1179448 -0.01965135 4.99924e-4 0.1162213 -0.02984124 4.99924e-4 0.1131124 -0.03876864 4.99924e-4 0.109617 -0.04880589 4.99924e-4 0.1052043 -0.05683231 4.99924e-4 0.09994238 -0.06640344 4.99924e-4 0.09443539 -0.07335132 4.99924e-4 0.08746844 -0.08214116 4.99924e-4 0.08109819 -0.08787673 4.99924e-4 0.07254457 -0.09557813 4.99924e-4 0.06555509 -0.1000136 4.99924e-4 0.05558884 -0.106338 4.99924e-4 0.04822832 -0.1094319 4.99924e-4 0.03707605 -0.1141195 4.99924e-4 0.02958863 -0.1158754 4.99924e-4 0.01752483 -0.1187046 4.99924e-4 0.01014256 -0.1191688 4.99924e-4 -0.002517223 -0.1199648 4.99924e-4 -0.009581387 -0.1192221 4.99924e-4 -0.02248883 -0.117865 4.99924e-4 -0.02904731 -0.1160335 4.99924e-4 -0.04183048 -0.1124638 4.99924e-4 -0.04772597 -0.1096893 4.99924e-4 -0.06000053 -0.1039126 4.99924e-4 -0.06510961 -0.1003614 4.99924e-4 -0.07649004 -0.09245091 4.99924e-4 -0.08072549 -0.08830279 4.99924e-4 -0.09083712 -0.07839971 4.99924e-4 -0.09414887 -0.07384091 4.99924e-4 -0.1026399 -0.06215262 4.99924e-4 -0.1050145 -0.05736833 4.99924e-4 -0.1115678 -0.04416471 4.99924e-4 -0.1130264 -0.03933238 4.99924e-4 -0.1173708 -0.02493971 4.99924e-4 -0.1196336 0.009178757 8.49342e-4 -0.11963 0.00924623 7.50988e-4 -0.1196346 0.009088754 0.001182556 -0.1196348 0.00906831 0.001258254 -0.1196272 0.009092509 0.001587867 -0.1196251 0.009099185 0.001679003 -0.1196082 0.009241223 0.002024412 -0.1194742 0.008022606 0.0145145 -0.1195171 0.007113754 0.01554548 -0.1195989 0.004997313 0.01699739 -0.1195457 0.006441235 0.01609003 -0.11941 0.009370684 0.01276797 -0.1193835 0.01003473 0.01113921 -0.1194319 0.008917391 0.01349943 -0.1193848 0.01065438 0.008060097 -0.1193674 0.01058769 0.009393513 -0.1193691 0.01039773 0.01024878 -0.1194273 0.01061993 0.005811095 -0.1194028 0.01072347 0.006679952 -0.1195389 0.009850502 0.003204524 -0.1194956 0.0101487 0.004214644 0 -0.1177554 0.02529996 0.01313489 -0.1170206 0.02529996 -0.01313489 -0.1170206 0.02529996 0.02419793 -0.1150557 0.02731007 0.02276772 -0.1136255 0.03242492 0.0209335 -0.1117913 0.03898465 0.02078688 -0.1116448 0.03950893 0.01653611 -0.107394 0.05166578 0.007071018 -0.09792894 0.07658904 4.84535e-6 -0.09502118 0.08605474 0 -0.09502118 0.08605474 -0.004528105 -0.09610962 0.08230596 -0.004408895 -0.09602439 0.08257395 -0.004177451 -0.09594333 0.08285242 -0.002151787 -0.09523421 0.08528959 -0.002602934 -0.09539216 0.08474683 -0.00141555 -0.09512913 0.08566713 -6.67212e-4 -0.09502226 0.08605086 0.002636671 -0.09539139 0.08474546 0.002173304 -0.09523898 0.08527261 0.001428544 -0.09513306 0.085653 0.005900621 -0.09692639 0.07965826 0.004507243 -0.0961216 0.08227497 0.004179298 -0.09593218 0.08289074 0.004044771 -0.09585446 0.08314341 6.34783e-4 -0.09502017 0.08605843 0.1117402 -0.03657186 0.02731007 0.1097865 -0.03709536 0.03242492 0.1072809 -0.03776669 0.03898465 0.1070806 -0.03782039 0.03950893 0.101274 -0.03937625 0.05166578 0.08834445 -0.04284071 0.07658904 0.08127337 -0.05508816 0.07658904 0.08093976 -0.05287706 0.0809046 0.08093261 -0.05249994 0.0815351 0.08098238 -0.0519638 0.08228909 0.08101713 -0.05158895 0.08281612 0.08228546 -0.047508 0.0860762 0.08209049 -0.04782915 0.08610606 0.08166074 -0.04880422 0.08568996 0.0811032 -0.05066066 0.08412152 0.08128863 -0.04997634 0.08475947 0.0815193 -0.04912513 0.08555299 0.08670598 -0.043437 0.08003151 0.08549618 -0.04416179 0.08227175 0.08517438 -0.04435461 0.08286756 0.08493596 -0.04449743 0.08330905 0.08393478 -0.0453931 0.08476066 0.08270794 -0.04681187 0.0860114 0.08310025 -0.04632639 0.08566367 0.08364492 -0.04565238 0.08518093 0.08402144 -0.06534403 0.05688267 0.08470499 -0.06789499 0.0516023 0.08634042 -0.07399857 0.03896796 0.08650404 -0.07460916 0.03770405 0.08701658 -0.07652193 0.03242516 0.09477531 -0.06988543 0.02529996 0.1019791 -0.0588777 0.02529996 0.1079102 -0.04713511 0.02529996 0.08754223 0.07848387 0.02731007 0.08701878 0.07653021 0.03242492 0.0863474 0.07402461 0.03898465 0.08629375 0.07382434 0.03950893 0.08473783 0.06801772 0.05166578 0.08127337 0.05508816 0.07658904 0.0816676 0.0488035 0.08567142 0.08183532 0.04834812 0.0859664 0.08228611 0.04750734 0.08607512 0.08093249 0.05249994 0.0815351 0.08115559 0.05460029 0.07763057 0.08834445 0.04284071 0.07658904 0.08625882 0.04365944 0.08091211 0.0854882 0.04416739 0.0822826 0.08518409 0.04436784 0.08282339 0.08309632 0.04632925 0.08566951 0.08337205 0.04595494 0.08548343 0.08392059 0.04542487 0.0847494 0.08465021 0.04471981 0.08377289 0.08095794 0.05199736 0.08229422 0.08097881 0.05158507 0.08291697 0.08098351 0.05149221 0.08305716 0.08126878 0.05000269 0.08477288 0.08131504 0.04976105 0.08505123 0.08228707 0.04750549 0.08607536 0.08244019 0.04721993 0.08611232 0.09860032 0.04009264 0.05688267 0.1011513 0.03940916 0.0516023 0.1072549 0.03777366 0.03896796 0.1078655 0.03761005 0.03770405 0.1097782 0.03709757 0.03242516 0.09477531 0.06988543 0.02529996 0.1019791 0.0588777 0.02529996 0.1079102 0.04713511 0.02529996 -0.1124956 0.03638672 0.02558743 -0.1121917 0.037027 0.02523416 -0.1122989 0.03686869 0.02524793 -0.1120676 0.03718388 0.02523005 -0.1126741 0.03650212 0.02524495 -0.1124548 0.03657758 0.02536213 -0.1126955 0.03625243 0.02555221 -0.1125991 0.03621006 0.02593457 -0.1123855 0.03633421 0.02586615 -0.1125627 0.03734815 0.02480906 -0.1126917 0.03739094 0.02451103 -0.1129254 0.03652757 0.02472549 -0.1123417 0.03727483 0.02505415 -0.1125237 0.03733521 0.02489936 -0.1125497 0.03687596 0.02508574 -0.1128507 0.0363897 0.02509087 -0.1129829 0.03602665 0.02516543 -0.1129233 0.03579896 0.02570772 -0.1128466 0.03578215 0.02603495 -0.1121597 0.03721439 0.02520889 -0.1129542 0.03627681 0.02494567 -0.08851939 0.04274034 0.07669055 -0.1077033 0.03752166 0.03919678 -0.110372 0.03680592 0.03267544 -0.0886991 0.04263722 0.07679486 -0.1016532 0.03914743 0.05188828 -0.1085451 0.03693324 0.03793215 -0.1104239 0.03643047 0.0327357 -0.1111198 0.03624427 0.03081089 -0.1078768 0.03711426 0.03931784 -0.1070314 0.03734326 0.04107075 -0.1017619 0.03877061 0.05199694 -0.09966671 0.03933811 0.05634111 -0.09947448 0.0393902 0.05673968 -0.09466034 0.04070615 0.06596612 -0.08895719 0.04226517 0.0768963 -0.08892524 0.04227393 0.07695752 -0.08085948 0.05486583 0.07885932 -0.08107292 0.05587452 0.07695752 -0.08127444 0.05549705 0.07679486 -0.08118599 0.05014944 0.08498221 -0.08110946 0.05023843 0.08510857 -0.08084267 0.05141693 0.08397477 -0.08088463 0.05224674 0.08249884 -0.0808472 0.05235236 0.08258736 -0.08314049 0.04620522 0.08590054 -0.08315032 0.04617178 0.08596456 -0.08226323 0.04748934 0.08629399 -0.08260697 0.04686123 0.08637589 -0.08224874 0.04748088 0.08637714 -0.08403444 0.04522401 0.08496886 -0.08372902 0.04543763 0.08552652 -0.08569788 0.04391932 0.08248436 -0.08561384 0.04401671 0.08239465 -0.08159136 0.04888331 0.085909 -0.08092689 0.05212551 0.0824092 -0.08127391 0.0552898 0.07669055 -0.08580636 0.04369568 0.08264118 -0.08574235 0.04372489 0.08275777 -0.08406323 0.04515331 0.08506691 -0.08224636 0.04748493 0.08637714 -0.08189177 0.04809838 0.08637839 -0.08157163 0.04890525 0.0859664 -0.08119827 0.04984611 0.08548593 -0.08472931 0.06846052 0.05188834 -0.08765906 0.07916152 0.02586615 -0.08706092 0.07718217 0.03267514 -0.08765834 0.07940864 0.02593457 -0.08694308 0.07808995 0.03080588 -0.08741158 0.0798369 0.02603495 -0.08634644 0.07451307 0.03919643 -0.08615869 0.07516473 0.03879451 -0.08675479 0.07738763 0.03272384 -0.08259624 0.06167 0.06584233 -0.08108133 0.05590647 0.0768963 -0.08389586 0.0666145 0.05635923 -0.08448559 0.06885814 0.05205619 -0.08587074 0.07407951 0.0410766 -0.08609014 0.07490634 0.03933787 -0.0883845 0.07926231 0.02457249 -0.08872735 0.07889837 0.02451103 -0.08862584 0.07880806 0.02480906 -0.08776003 0.07923048 0.02558648 -0.08790493 0.07909941 0.02536171 -0.08823603 0.07846146 0.02523005 -0.08859509 0.07878077 0.02489936 -0.08821111 0.07903194 0.02508556 -0.0884518 0.07865333 0.02505415 -0.08807915 0.07881838 0.02524775 -0.08830851 0.0785259 0.02520889 -0.08794945 0.07932704 0.02524435 -0.08774387 0.07947081 0.0255509 -0.08794051 0.07953608 0.02509009 -0.08788156 0.07970726 0.02491557 -0.08755868 0.07989078 0.02542269 -0.1086438 0.04745554 0.02489936 -0.09511089 0.07013285 0.02520889 -0.1082923 0.047302 0.02520889 -0.1023402 0.05908614 0.02520889 -0.1090224 0.0470277 0.02451103 -0.1087788 0.04751276 0.02451103 -0.1026724 0.05927795 0.02489936 -0.1028257 0.0593664 0.02451103 -0.09541958 0.07036048 0.02489936 -0.0955367 0.07044887 0.02451103 -0.09523838 0.07090234 0.02451103 -0.08775961 -0.0792306 0.02558743 -0.08816218 -0.07864737 0.02523416 -0.08807867 -0.07881927 0.02524793 -0.08823603 -0.07846146 0.02523005 -0.08794885 -0.07932758 0.02524495 -0.08790451 -0.07909989 0.02536213 -0.08774328 -0.07947099 0.02555221 -0.08765834 -0.07940864 0.02593457 -0.08765906 -0.07916152 0.02586615 -0.08862584 -0.07880806 0.02480906 -0.08872735 -0.07889837 0.02451103 -0.08809649 -0.07953244 0.02472549 -0.0884518 -0.07865333 0.02505415 -0.08859509 -0.07878077 0.02489936 -0.0882104 -0.07903289 0.02508574 -0.08793979 -0.07953667 0.02509087 -0.08769148 -0.07983279 0.02516543 -0.08746445 -0.07989495 0.02570772 -0.08741158 -0.0798369 0.02603495 -0.08830851 -0.0785259 0.02520889 -0.08789378 -0.07968276 0.02494567 -0.08127391 -0.0552898 0.07669055 -0.08634638 -0.07451289 0.03919678 -0.08706086 -0.07718205 0.03267544 -0.08127444 -0.05549705 0.07679486 -0.08472931 -0.06846052 0.05188828 -0.08625769 -0.07553619 0.03793215 -0.08676165 -0.07741463 0.0327357 -0.08694839 -0.07811063 0.03081029 -0.08608031 -0.07486689 0.03931784 -0.08585619 -0.07402145 0.04106837 -0.08445727 -0.06874305 0.05199694 -0.08390122 -0.06664496 0.05634081 -0.08385014 -0.06645232 0.05673968 -0.08257144 -0.0615819 0.06604868 -0.08108133 -0.05590659 0.07689625 -0.08107292 -0.05587452 0.07695752 -0.08794498 -0.04259341 0.07885932 -0.08892524 -0.04227393 0.07695752 -0.0886991 -0.04263722 0.07679486 -0.08402371 -0.04523438 0.08498221 -0.08406251 -0.04512363 0.08510857 -0.08494973 -0.04430329 0.08397477 -0.0856893 -0.04392474 0.08249884 -0.08576214 -0.04383957 0.08258736 -0.08158516 -0.04889911 0.08590054 -0.08156114 -0.04892438 0.08596456 -0.08225864 -0.04749733 0.08629399 -0.08188647 -0.04810911 0.08637589 -0.08224403 -0.04748904 0.08637714 -0.08118236 -0.05016392 0.08496886 -0.08121466 -0.04979264 0.08552652 -0.08088421 -0.05225688 0.08248436 -0.08092653 -0.0521354 0.08239465 -0.08312988 -0.04621851 0.085909 -0.0856055 -0.04402196 0.0824092 -0.08851939 -0.04274034 0.07669055 -0.0807448 -0.05246263 0.08264118 -0.08073806 -0.0523926 0.08275777 -0.08113551 -0.05022424 0.08506691 -0.08224636 -0.04748493 0.08637714 -0.08260029 -0.04687118 0.08637839 -0.083139 -0.04619044 0.0859664 -0.08376717 -0.04539668 0.08548593 -0.1016532 -0.03914743 0.05188834 -0.1123855 -0.03633421 0.02586615 -0.1103721 -0.03680586 0.03267514 -0.1125991 -0.03621006 0.02593457 -0.1110991 -0.03624999 0.0308066 -0.1128466 -0.03578215 0.02603495 -0.1077034 -0.03752166 0.03919643 -0.1081739 -0.0370332 0.03879451 -0.1103971 -0.03643798 0.03272384 -0.08895701 -0.04226523 0.07689642 -0.09476977 -0.04067796 0.06571954 -0.09963434 -0.03934961 0.05636584 -0.1018757 -0.03873753 0.05205619 -0.1070896 -0.03732663 0.04107773 -0.1079158 -0.03710305 0.03933787 -0.1128354 -0.03691208 0.02457249 -0.1126917 -0.03739094 0.02451103 -0.1125627 -0.03734815 0.02480906 -0.1124957 -0.03638714 0.02558648 -0.1124545 -0.03657817 0.02536171 -0.1120676 -0.03718388 0.02523005 -0.1125237 -0.03733521 0.02489936 -0.1125492 -0.03687709 0.02508556 -0.1123417 -0.03727483 0.02505415 -0.1122983 -0.03686958 0.02524775 -0.1121597 -0.03721439 0.02520889 -0.1126739 -0.03650289 0.02524435 -0.1126957 -0.03625297 0.0255509 -0.1128506 -0.03639066 0.02509009 -0.1129693 -0.03625404 0.02491557 -0.1129668 -0.03588265 0.02542269 -0.09541958 -0.07036048 0.02489936 -0.1082923 -0.047302 0.02520889 -0.09511089 -0.07013285 0.02520889 -0.1023402 -0.05908614 0.02520889 -0.09523838 -0.07090234 0.02451103 -0.0955367 -0.07044887 0.02451103 -0.1026724 -0.05927795 0.02489936 -0.1028257 -0.0593664 0.02451103 -0.1086438 -0.04745554 0.02489936 -0.1087788 -0.04751276 0.02451103 -0.1090224 -0.0470277 0.02451103 -0.0169239 -0.107608 0.05188834 -0.02472633 -0.1154958 0.02586615 -0.02331119 -0.1139881 0.03267514 -0.02494066 -0.1156187 0.02593457 -0.02415585 -0.1143395 0.03080743 -0.02543497 -0.1156191 0.02603495 -0.02135699 -0.1120347 0.03919643 -0.02201521 -0.112198 0.03879451 -0.02364224 -0.1138256 0.03272384 -0.007852256 -0.09814846 0.07695752 -0.007875621 -0.09817159 0.07689654 -0.007424592 -0.09813427 0.07679486 -0.0122165 -0.1024712 0.06556344 -0.007245421 -0.0980302 0.07669055 -0.0157361 -0.1059575 0.05637443 -0.01739013 -0.1075957 0.05205619 -0.02121841 -0.1114051 0.0410791 -0.02182573 -0.1120094 0.03933787 -0.02445089 -0.1161744 0.02457249 -0.02396428 -0.1162893 0.02451103 -0.02393686 -0.1161563 0.02480906 -0.02473556 -0.1156177 0.02558648 -0.0245496 -0.1156776 0.02536171 -0.0238316 -0.1156454 0.02523005 -0.02392858 -0.116116 0.02489936 -0.02433806 -0.115909 0.02508556 -0.02388983 -0.1159282 0.02505415 -0.02421915 -0.115688 0.02524775 -0.02385115 -0.1157404 0.02520889 -0.02472454 -0.11583 0.02524435 -0.02495181 -0.1157238 0.0255509 -0.02491003 -0.1159268 0.02509009 -0.02508771 -0.1159613 0.02491557 -0.02540808 -0.1157734 0.02542269 -0.1196278 -0.003802955 0.01754087 -0.1196503 -0.001272737 0.01815336 -0.1196436 0.002514719 0.01793789 -0.1196447 0.002400219 0.01796936 -0.1196529 -3.02545e-4 0.01823931 -0.1196513 -0.001163363 0.01817983 -0.1196363 0.003232419 0.01774078 -0.1196216 0.003927469 0.017448 -0.02473586 0.1156174 0.02558743 -0.02402949 0.1156744 0.02523416 -0.02422016 0.115688 0.02524793 -0.0238316 0.1156454 0.02523005 -0.02472525 0.1158298 0.02524495 -0.02455025 0.1156775 0.02536213 -0.02495223 0.1157234 0.02555221 -0.02494066 0.1156187 0.02593457 -0.02472633 0.1154958 0.02586615 -0.02393686 0.1161563 0.02480906 -0.02396428 0.1162893 0.02451103 -0.02482885 0.11606 0.02472549 -0.02388983 0.1159282 0.02505415 -0.02392858 0.116116 0.02489936 -0.02433925 0.1159089 0.02508574 -0.02491086 0.1159264 0.02509087 -0.02529144 0.1158595 0.02516543 -0.02545881 0.1156939 0.02570772 -0.02543497 0.1156191 0.02603495 -0.02385115 0.1157404 0.02520889 -0.02506041 0.1159597 0.02494567 -0.007245421 0.0980302 0.07669055 -0.02135688 0.1120346 0.03919678 -0.02331113 0.1139879 0.03267544 -0.007424592 0.09813427 0.07679486 -0.0169239 0.107608 0.05188828 -0.02228742 0.1124694 0.03793215 -0.0236622 0.1138451 0.0327357 -0.02417123 0.1143545 0.0308116 -0.02179646 0.1119812 0.03931784 -0.02117443 0.1113625 0.04107373 -0.01730453 0.1075137 0.05199694 -0.01576536 0.1059828 0.05634152 -0.01562428 0.1058425 0.05673968 -0.01211786 0.1023713 0.06586116 -0.00787574 0.09817171 0.07689642 -0.007852256 0.09814846 0.07695752 0.006775379 0.09721523 0.07954758 0.007852256 0.09814846 0.07695752 0.007424592 0.09813427 0.07679486 0.00488615 0.09620088 0.08256548 0.00480467 0.09617149 0.08249884 0.003731966 0.09558123 0.08440917 0.002837657 0.09538388 0.08498221 -0.001555263 0.09510439 0.08590054 -0.001587986 0.09509623 0.08596473 -4.60063e-6 0.09498673 0.08629399 -7.58749e-4 0.09497284 0.0863676 -4.78153e-6 0.09494751 0.08645135 -0.002852082 0.09538799 0.08496886 -0.002560257 0.09524089 0.08549237 -0.004813671 0.09617626 0.08248436 -0.004687309 0.09615212 0.08239465 0.001538515 0.09510183 0.085909 0.004678547 0.09614753 0.0824092 0.007245421 0.0980302 0.07669055 -0.005077004 0.09615415 0.08264732 -0.005075991 0.09615343 0.08264935 -0.002932488 0.09537589 0.08507174 0 0.09494739 0.08645188 0.001553058 0.09505438 0.08609896 0.001609802 0.09506815 0.08605498 0.002908766 0.09538215 0.08504766 0.0169239 0.107608 0.05188834 0.02472633 0.1154958 0.02586615 0.02331119 0.1139881 0.03267514 0.02494066 0.1156187 0.02593457 0.02415585 0.1143395 0.03080743 0.02543497 0.1156191 0.02603495 0.02135699 0.1120347 0.03919643 0.02201521 0.112198 0.03879451 0.02364224 0.1138256 0.03272384 0.007875621 0.09817159 0.07689654 0.0122165 0.1024712 0.06556344 0.0157361 0.1059575 0.05637443 0.01739013 0.1075957 0.05205619 0.02121841 0.1114051 0.0410791 0.02182573 0.1120094 0.03933787 0.02445089 0.1161744 0.02457249 0.02396428 0.1162893 0.02451103 0.02393686 0.1161563 0.02480906 0.02473556 0.1156177 0.02558648 0.0245496 0.1156776 0.02536171 0.0238316 0.1156454 0.02523005 0.02392858 0.116116 0.02489936 0.02433806 0.115909 0.02508556 0.02388983 0.1159282 0.02505415 0.02421915 0.115688 0.02524775 0.02385115 0.1157404 0.02520889 0.02472454 0.11583 0.02524435 0.02495181 0.1157238 0.0255509 0.02491003 0.1159268 0.02509009 0.02508771 0.1159613 0.02491557 0.02540808 0.1157734 0.02542269 0.01318138 0.1174349 0.02520889 0.01322418 0.117816 0.02489936 0.01378405 0.1179301 0.02451103 0.01324212 0.1179616 0.02451103 -0.01318138 0.1174349 0.02520889 0 0.1181724 0.02520889 -0.01378405 0.1179301 0.02451103 -0.01324212 0.1179616 0.02451103 0 0.1187329 0.02451103 0 0.1185559 0.02489936 -0.01322418 0.117816 0.02489936 -0.1195008 -0.006960093 0.01699739 -0.1179522 -0.02020883 0.01699739 -0.1179522 0.02020883 0.01699739 -0.1195008 0.006960093 0.01699739 -0.1146745 -0.03433126 0.01699739 -0.1178847 -0.02078622 0.01699739 -0.09601676 -0.07148182 0.01699739 -0.1036661 -0.05985164 0.01699739 -0.1049388 -0.05731749 0.01699739 -0.1099135 -0.04741203 0.01699739 -0.112879 -0.03926432 0.01699739 -0.05372273 -0.1069707 0.01699739 -0.06513798 -0.1003801 0.01699739 -0.06577801 -0.1000106 0.01699739 -0.07694381 -0.09169805 0.01699739 -0.08064734 -0.0882039 0.01699739 -0.08706903 -0.08214539 0.01699739 -0.09409248 -0.07377511 0.01699739 -0.0138967 -0.1188939 0.01699739 -0.02760547 -0.1164767 0.01699739 -0.02905625 -0.1160423 0.01699739 -0.04094094 -0.1124843 0.01699739 -0.04768824 -0.1095738 0.01699739 0.02760547 -0.1164767 0.01699739 0.0138967 -0.1188939 0.01699739 0.01013344 -0.1191131 0.01699739 0 -0.1197033 0.01699739 -0.009588479 -0.1191448 0.01699739 0.07694381 -0.09169805 0.01699739 0.06577801 -0.1000106 0.01699739 0.06561022 -0.1001075 0.01699739 0.05372273 -0.1069707 0.01699739 0.04818964 -0.1093575 0.01699739 0.04094094 -0.1124843 0.01699739 0.02957892 -0.1158859 0.01699739 0.1036661 -0.05985164 0.01699739 0.09601676 -0.07148182 0.01699739 0.09444332 -0.07335704 0.01699739 0.08706903 -0.08214539 0.01699739 0.08104455 -0.08782917 0.01699739 0.1178847 -0.02078622 0.01699739 0.1146745 -0.03433126 0.01699739 0.1130658 -0.03875118 0.01699739 0.1099135 -0.04741203 0.01699739 0.1051837 -0.05682975 0.01699739 0.1146745 0.03433126 0.01699739 0.1178847 0.02078622 0.01699739 0.1180155 0.01966714 0.01699739 0.1195008 0.006960093 0.01699739 0.1195008 0 0.01699739 0.1195008 -0.006960093 0.01699739 0.1180155 -0.01966714 0.01699739 0.09601676 0.07148182 0.01699739 0.1036661 0.05985164 0.01699739 0.1051837 0.05682975 0.01699739 0.1099135 0.04741203 0.01699739 0.1130658 0.03875118 0.01699739 0.06577801 0.1000106 0.01699739 0.07694381 0.09169805 0.01699739 0.08104455 0.08782917 0.01699739 0.08706903 0.08214539 0.01699739 0.09444332 0.07335704 0.01699739 0.02957892 0.1158859 0.01699739 0.04094094 0.1124843 0.01699739 0.04818964 0.1093575 0.01699739 0.05372273 0.1069707 0.01699739 0.06561022 0.1001075 0.01699739 -0.02760547 0.1164767 0.01699739 -0.0138967 0.1188939 0.01699739 -0.009588479 0.1191448 0.01699739 0 0.1197033 0.01699739 0.01013344 0.1191131 0.01699739 0.0138967 0.1188939 0.01699739 0.02760547 0.1164767 0.01699739 -0.06513798 0.1003801 0.01699739 -0.05372273 0.1069707 0.01699739 -0.04768824 0.1095738 0.01699739 -0.04094094 0.1124843 0.01699739 -0.02905625 0.1160423 0.01699739 -0.09409248 0.07377511 0.01699739 -0.08706903 0.08214539 0.01699739 -0.08064734 0.0882039 0.01699739 -0.07694381 0.09169805 0.01699739 -0.06577801 0.1000106 0.01699739 -0.1178847 0.02078622 0.01699739 -0.1146745 0.03433126 0.01699739 -0.112879 0.03926432 0.01699739 -0.1099135 0.04741203 0.01699739 -0.1049388 0.05731749 0.01699739 -0.1036661 0.05985164 0.01699739 -0.09601676 0.07148182 0.01699739 -0.01318138 -0.1174349 0.02520889 -0.01322418 -0.117816 0.02489936 -0.01378405 -0.1179301 0.02451103 -0.01324212 -0.1179616 0.02451103 0.02388983 -0.1159282 0.02505415 0.02385115 -0.1157404 0.02520889 0.01318138 -0.1174349 0.02520889 0.0238316 -0.1156454 0.02523005 0 -0.1181724 0.02520889 0.02396428 -0.1162893 0.02451103 0.02393686 -0.1161563 0.02480906 0.01378405 -0.1179301 0.02451103 0.01324212 -0.1179616 0.02451103 0 -0.1187329 0.02451103 0 -0.1185559 0.02489936 0.01322418 -0.117816 0.02489936 0.02392858 -0.116116 0.02489936 0.02473586 -0.1156174 0.02558743 0.02402949 -0.1156744 0.02523416 0.02422016 -0.115688 0.02524793 0.02472525 -0.1158298 0.02524495 0.02455025 -0.1156775 0.02536213 0.02495223 -0.1157234 0.02555221 0.02494066 -0.1156187 0.02593457 0.02472633 -0.1154958 0.02586615 0.02482885 -0.11606 0.02472549 0.02433925 -0.1159089 0.02508574 0.02491086 -0.1159264 0.02509087 0.02529144 -0.1158595 0.02516543 0.02545881 -0.1156939 0.02570772 0.02543497 -0.1156191 0.02603495 0.02506041 -0.1159597 0.02494567 0.007245421 -0.0980302 0.07669055 0.02135688 -0.1120346 0.03919678 0.02331113 -0.1139879 0.03267544 0.007424592 -0.09813427 0.07679486 0.0169239 -0.107608 0.05188828 0.02228742 -0.1124694 0.03793215 0.0236622 -0.1138451 0.0327357 0.02417123 -0.1143545 0.0308116 0.02179646 -0.1119812 0.03931784 0.02117443 -0.1113625 0.04107373 0.01730453 -0.1075137 0.05199694 0.01576536 -0.1059828 0.05634152 0.01562428 -0.1058425 0.05673968 0.01211786 -0.1023713 0.06586116 0.00787574 -0.09817171 0.07689642 0.007852256 -0.09814846 0.07695752 -0.006775379 -0.09721523 0.07954758 -0.00488615 -0.09620088 0.08256548 -0.00480467 -0.09617149 0.08249884 -0.003731966 -0.09558123 0.08440917 -0.002837657 -0.09538388 0.08498221 0.001555263 -0.09510439 0.08590054 0.001587986 -0.09509623 0.08596473 4.60063e-6 -0.09498673 0.08629399 7.58749e-4 -0.09497284 0.0863676 4.78153e-6 -0.09494751 0.08645135 0.002852082 -0.09538799 0.08496886 0.002560257 -0.09524089 0.08549237 0.004813671 -0.09617626 0.08248436 0.004687309 -0.09615212 0.08239465 -0.001538515 -0.09510183 0.085909 -0.004678547 -0.09614753 0.0824092 0.005077004 -0.09615415 0.08264732 0.005075991 -0.09615343 0.08264935 0.002932488 -0.09537589 0.08507174 0 -0.09494739 0.08645188 -0.001553058 -0.09505438 0.08609896 -0.001609802 -0.09506815 0.08605498 -0.002908766 -0.09538215 0.08504766 0.1124956 -0.03638672 0.02558743 0.1121917 -0.037027 0.02523416 0.1122989 -0.03686869 0.02524793 0.1120676 -0.03718388 0.02523005 0.1126741 -0.03650212 0.02524495 0.1124548 -0.03657758 0.02536213 0.1126955 -0.03625243 0.02555221 0.1125991 -0.03621006 0.02593457 0.1123855 -0.03633421 0.02586615 0.1125627 -0.03734815 0.02480906 0.1126917 -0.03739094 0.02451103 0.1129254 -0.03652757 0.02472549 0.1123417 -0.03727483 0.02505415 0.1125237 -0.03733521 0.02489936 0.1125497 -0.03687596 0.02508574 0.1128507 -0.0363897 0.02509087 0.1129829 -0.03602665 0.02516543 0.1129233 -0.03579896 0.02570772 0.1128466 -0.03578215 0.02603495 0.1121597 -0.03721439 0.02520889 0.1129542 -0.03627681 0.02494567 0.08895719 -0.04226517 0.0768963 0.08892524 -0.04227393 0.07695752 0.0886991 -0.04263722 0.07679486 0.08851611 -0.04274219 0.07668864 0.1077033 -0.03752166 0.03919678 0.1016532 -0.03914743 0.05188828 0.1017619 -0.03877061 0.05199694 0.1070314 -0.03734326 0.04107075 0.1078768 -0.03711426 0.03931784 0.1085451 -0.03693324 0.03793215 0.110372 -0.03680592 0.03267544 0.1104239 -0.03643047 0.0327357 0.1111198 -0.03624427 0.03081089 0.09966671 -0.03933811 0.05634111 0.09947448 -0.0393902 0.05673968 0.09466034 -0.04070615 0.06596612 0.08869695 -0.04263842 0.07679361 0.08260697 -0.04686123 0.08637589 0.08224874 -0.04748088 0.08637714 0.08226335 -0.04748946 0.08629298 0.08561217 -0.04401826 0.08239305 0.08569699 -0.04392063 0.08248329 0.08403402 -0.04522484 0.08496785 0.08314037 -0.04620575 0.08589959 0.08159172 -0.04888296 0.08590799 0.08118647 -0.05014866 0.08498126 0.08092743 -0.0521233 0.08240753 0.08110946 -0.05023843 0.08510857 0.08084267 -0.05141693 0.08397477 0.08088529 -0.05224531 0.08249777 0.0808472 -0.05235236 0.08258736 0.08085948 -0.05486583 0.07885932 0.08107292 -0.05587452 0.07695752 0.08127444 -0.05549705 0.07679486 0.08315032 -0.04617178 0.08596456 0.08372902 -0.04543763 0.08552652 0.08406323 -0.04515331 0.08506691 0.08574235 -0.04372489 0.08275777 0.08580636 -0.04369568 0.08264118 0.08127391 -0.05528604 0.07668864 0.08127444 -0.0554946 0.07679361 0.08224636 -0.04748493 0.08637714 0.08189177 -0.04809838 0.08637839 0.08157163 -0.04890525 0.0859664 0.08119827 -0.04984611 0.08548593 0.08472931 -0.06846052 0.05188834 0.08765906 -0.07916152 0.02586615 0.08706092 -0.07718217 0.03267514 0.08765834 -0.07940864 0.02593457 0.08694308 -0.07808995 0.03080588 0.08741158 -0.0798369 0.02603495 0.08634644 -0.07451307 0.03919643 0.08615869 -0.07516473 0.03879451 0.08675479 -0.07738763 0.03272384 0.08259624 -0.06167 0.06584233 0.08108133 -0.05590647 0.0768963 0.08389586 -0.0666145 0.05635923 0.08448559 -0.06885814 0.05205619 0.08587074 -0.07407951 0.0410766 0.08609014 -0.07490634 0.03933787 0.0883845 -0.07926231 0.02457249 0.08872735 -0.07889837 0.02451103 0.08862584 -0.07880806 0.02480906 0.08776003 -0.07923048 0.02558648 0.08790493 -0.07909941 0.02536171 0.08823603 -0.07846146 0.02523005 0.08859509 -0.07878077 0.02489936 0.08821111 -0.07903194 0.02508556 0.0884518 -0.07865333 0.02505415 0.08807915 -0.07881838 0.02524775 0.08830851 -0.0785259 0.02520889 0.08794945 -0.07932704 0.02524435 0.08774387 -0.07947081 0.0255509 0.08794051 -0.07953608 0.02509009 0.08788156 -0.07970726 0.02491557 0.08755868 -0.07989078 0.02542269 0.1086438 -0.04745554 0.02489936 0.09511089 -0.07013285 0.02520889 0.1082923 -0.047302 0.02520889 0.1023402 -0.05908614 0.02520889 0.1090224 -0.0470277 0.02451103 0.1087788 -0.04751276 0.02451103 0.1026724 -0.05927795 0.02489936 0.1028257 -0.0593664 0.02451103 0.09541958 -0.07036048 0.02489936 0.0955367 -0.07044887 0.02451103 0.09523838 -0.07090234 0.02451103 0.08775961 0.0792306 0.02558743 0.08816218 0.07864737 0.02523416 0.08807867 0.07881927 0.02524793 0.08823603 0.07846146 0.02523005 0.08794885 0.07932758 0.02524495 0.08790451 0.07909989 0.02536213 0.08774328 0.07947099 0.02555221 0.08765834 0.07940864 0.02593457 0.08765906 0.07916152 0.02586615 0.08862584 0.07880806 0.02480906 0.08872735 0.07889837 0.02451103 0.08809649 0.07953244 0.02472549 0.0884518 0.07865333 0.02505415 0.08859509 0.07878077 0.02489936 0.0882104 0.07903289 0.02508574 0.08793979 0.07953667 0.02509087 0.08769148 0.07983279 0.02516543 0.08746445 0.07989495 0.02570772 0.08741158 0.0798369 0.02603495 0.08830851 0.0785259 0.02520889 0.08789378 0.07968276 0.02494567 0.08127391 0.05528575 0.07668846 0.08634638 0.07451289 0.03919678 0.08706086 0.07718205 0.03267544 0.08127444 0.05549436 0.07679349 0.08127444 0.05549705 0.07679486 0.08472931 0.06846052 0.05188828 0.08625769 0.07553619 0.03793215 0.08676165 0.07741463 0.0327357 0.08694839 0.07811063 0.03081029 0.08608031 0.07486689 0.03931784 0.08585619 0.07402145 0.04106837 0.08445727 0.06874305 0.05199694 0.08390122 0.06664496 0.05634081 0.08385014 0.06645232 0.05673968 0.08257144 0.0615819 0.06604868 0.08108133 0.05590659 0.07689625 0.08107292 0.05587452 0.07695752 0.08188647 0.04810911 0.08637589 0.08224403 0.04748904 0.08637714 0.08225876 0.04749745 0.08629292 0.08118289 0.05016309 0.08496779 0.08088493 0.05225533 0.08248317 0.08092713 0.05213296 0.08239287 0.08158558 0.04889869 0.08589947 0.08312976 0.04621905 0.08590793 0.08402323 0.04523527 0.08498114 0.08568835 0.04392617 0.08249765 0.08560365 0.04402369 0.08240735 0.08406251 0.04512363 0.08510857 0.08494973 0.04430329 0.08397477 0.08576214 0.04383957 0.08258736 0.08794498 0.04259341 0.07885932 0.08892524 0.04227393 0.07695752 0.0886991 0.04263722 0.07679486 0.08156114 0.04892438 0.08596456 0.08121466 0.04979264 0.08552652 0.08113551 0.05022424 0.08506691 0.08073806 0.0523926 0.08275777 0.0807448 0.05246263 0.08264118 0.08851581 0.04274237 0.07668846 0.08869677 0.04263854 0.07679349 0.08224636 0.04748493 0.08637714 0.08260029 0.04687118 0.08637839 0.083139 0.04619044 0.0859664 0.08376717 0.04539668 0.08548593 0.1016532 0.03914743 0.05188834 0.1123855 0.03633421 0.02586615 0.1103721 0.03680586 0.03267514 0.1125991 0.03621006 0.02593457 0.1110991 0.03624999 0.0308066 0.1128466 0.03578215 0.02603495 0.1077034 0.03752166 0.03919643 0.1081739 0.0370332 0.03879451 0.1103971 0.03643798 0.03272384 0.09476977 0.04067796 0.06571954 0.08895701 0.04226523 0.07689642 0.09963434 0.03934961 0.05636584 0.1018757 0.03873753 0.05205619 0.1070896 0.03732663 0.04107773 0.1079158 0.03710305 0.03933787 0.1128354 0.03691208 0.02457249 0.1126917 0.03739094 0.02451103 0.1125627 0.03734815 0.02480906 0.1124957 0.03638714 0.02558648 0.1124545 0.03657817 0.02536171 0.1120676 0.03718388 0.02523005 0.1125237 0.03733521 0.02489936 0.1125492 0.03687709 0.02508556 0.1123417 0.03727483 0.02505415 0.1122983 0.03686958 0.02524775 0.1121597 0.03721439 0.02520889 0.1126739 0.03650289 0.02524435 0.1126957 0.03625297 0.0255509 0.1128506 0.03639066 0.02509009 0.1129693 0.03625404 0.02491557 0.1129668 0.03588265 0.02542269 0.09541958 0.07036048 0.02489936 0.1082923 0.047302 0.02520889 0.09511089 0.07013285 0.02520889 0.1023402 0.05908614 0.02520889 0.09523838 0.07090234 0.02451103 0.0955367 0.07044887 0.02451103 0.1026724 0.05927795 0.02489936 0.1028257 0.0593664 0.02451103 0.1086438 0.04745554 0.02489936 0.1087788 0.04751276 0.02451103 0.1090224 0.0470277 0.02451103 -0.05342578 -0.1063795 0.02297818 -0.06541442 -0.09945785 0.02297818 -0.07651847 0.09119117 0.02297818 -0.09254509 -0.0163182 0.08945518 -0.09031027 -0.01592409 0.09837895 -0.09154832 -0.005332052 0.09837895 -0.0214464 -0.08840924 0.1048 -0.03112381 -0.08551198 0.1048 -0.03136444 -0.08617305 0.09837895 -0.0527054 -0.07401925 0.1048 -0.05849367 -0.06971001 0.1048 -0.05894583 -0.07024896 0.09837895 -0.08437985 -0.03378427 0.1048 -0.08717703 -0.02609908 0.1048 -0.08785098 -0.02630084 0.09837895 -0.08928495 -0.01720511 0.1048 -0.08961749 -0.01580196 0.1048 -0.06584143 0.06277775 0.1048 -0.05849367 0.06971001 0.1048 -0.05894583 0.07024896 0.09837895 -0.03774982 0.08265382 0.1048 -0.03112381 0.08551198 0.1048 -0.03136444 0.08617305 0.09837895 -0.004321277 0.09074831 0.1048 0 0.09099996 0.1048 0 0.09170347 0.09837895 -0.0114336 0.09782069 0.07689571 0 0.1190416 0.02297818 -0.1121383 -0.03357195 0.03085172 -0.1026585 0.03073394 0.05634212 -0.08658772 0.08169132 0.02297818 -0.08514332 0.08032858 0.03085172 -0.1030931 0.05952078 0.02297818 -0.09548604 0.07108676 0.02297818 -0.1093059 0.04714995 0.02297818 -0.1140406 0.03414148 0.02297818 -0.1087005 0.03254276 0.04108798 -0.1121383 0.03357195 0.03085172 -0.08138281 0.04698634 0.08945518 -0.08628731 0.03722071 0.08945518 -0.07899838 0.05881214 0.07689571 -0.07537776 0.05611664 0.08945518 -0.07163655 0.06758558 0.07689571 -0.07794564 0.07353794 0.05634212 -0.08253318 0.07786601 0.04108798 -0.1140406 -0.03414148 0.02297818 -0.1093059 -0.04714995 0.02297818 -0.1030931 -0.05952078 0.02297818 -0.09548604 -0.07108676 0.02297818 -0.08514332 -0.08032858 0.03085172 -0.08658772 -0.08169132 0.02297818 -0.08253318 -0.07786601 0.04108798 -0.07794564 -0.07353794 0.05634212 -0.07163655 -0.06758558 0.07689571 -0.07537776 -0.05611664 0.08945518 -0.07899838 -0.05881214 0.07689571 -0.08138281 -0.04698634 0.08945518 -0.09043198 -0.03900855 0.07689571 -0.08628731 -0.03722071 0.08945518 -0.1026585 -0.03073394 0.05634212 -0.1087005 -0.03254276 0.04108798 -0.01090955 -0.09333735 0.08945518 -0.0114336 -0.09782069 0.07689571 -0.02271252 -0.09583187 0.07689571 -0.02471286 -0.1042719 0.05634212 -0.02616733 -0.1104089 0.04108798 -0.02699488 -0.1139006 0.03085172 -0.02745288 -0.1158329 0.02297818 -0.01381987 -0.1182367 0.02297818 0 -0.1190416 0.02297818 -0.1188402 0.006921648 0.02297818 -0.1188402 -0.006921648 0.02297818 -0.01381987 0.1182367 0.02297818 -0.02745288 0.1158329 0.02297818 -0.02699488 0.1139006 0.03085172 -0.02616733 0.1104089 0.04108798 -0.02471286 0.1042719 0.05634212 -0.02271252 0.09583187 0.07689571 -0.01090955 0.09333735 0.08945518 0 0.09397274 0.08945518 -0.01056444 0.09038466 0.1048 -0.02098602 0.08854705 0.1048 -0.0106461 0.0910834 0.09837895 -0.05000531 0.07602936 0.1048 -0.04084068 0.08132052 0.1048 -0.04115641 0.08194923 0.09837895 -0.07299321 0.05434143 0.1048 -0.06619095 0.06244796 0.1048 -0.06670266 0.06293076 0.09837895 -0.07941752 0.0458517 0.09837895 -0.0788083 0.04549998 0.1048 -0.07642966 0.04911649 0.1048 -0.08355766 0.03604322 0.1048 -0.08785098 0.02630084 0.09837895 -0.08717703 0.02609908 0.1048 -0.08437985 0.03378427 0.1048 -0.09031027 0.01592409 0.09837895 -0.08961749 0.01580196 0.1048 -0.08928495 0.01720511 0.1048 -0.090846 -0.005291163 0.1048 -0.090846 0 0.1048 -0.0788083 -0.04549998 0.1048 -0.08355766 -0.03604322 0.1048 -0.0842036 -0.03632187 0.09837895 -0.07299321 -0.05434143 0.1048 -0.07642966 -0.04911649 0.1048 -0.07941752 -0.0458517 0.09837895 -0.04084068 -0.08132052 0.1048 -0.05000531 -0.07602936 0.1048 -0.05039185 -0.07661712 0.09837895 -0.01056444 -0.09038466 0.1048 -0.02098602 -0.08854705 0.1048 -0.02114826 -0.08923161 0.09837895 0 -0.09170347 0.09837895 0 -0.09099996 0.1048 -0.004321277 -0.09074831 0.1048 -0.07355749 0.05476152 0.09837895 -0.09002494 -0.02695167 0.08945518 -0.09434914 -0.02824628 0.07689571 -0.06619095 -0.06244796 0.1048 -0.07355749 -0.05476152 0.09837895 -0.0106461 -0.0910834 0.09837895 0 -0.09397274 0.08945518 -0.0214464 0.08840924 0.1048 -0.02114826 0.08923161 0.09837895 -0.02167159 0.09143972 0.08945518 -0.06835329 0.06448799 0.08945518 -0.09434914 0.02824628 0.07689571 -0.09043198 0.03900855 0.07689571 -0.0969904 -0.017102 0.07689571 -0.09381377 -0.005464017 0.08945518 -0.09154832 0.005332052 0.09837895 -0.090846 0.005291163 0.1048 -0.06584143 -0.06277775 0.1048 -0.06670266 -0.06293076 0.09837895 -0.06835329 -0.06448799 0.08945518 -0.02167159 -0.09143972 0.08945518 -0.1055324 -0.01860821 0.05634212 -0.09832 -0.005726456 0.07689571 -0.09381377 0.005464017 0.08945518 -0.1117435 -0.01970338 0.04108798 -0.1069791 -0.006230771 0.05634212 -0.09832 0.005726456 0.07689571 -0.09254509 0.0163182 0.08945518 -0.1152775 -0.02032649 0.03085172 -0.1132754 -0.006597518 0.04108798 -0.1069791 0.006230771 0.05634212 -0.0969904 0.017102 0.07689571 -0.09002494 0.02695167 0.08945518 -0.0842036 0.03632187 0.09837895 -0.03214055 0.08830553 0.08945518 -0.03368437 0.09254711 0.07689571 -0.03665101 0.1006978 0.05634212 -0.0388081 0.1066244 0.04108798 -0.04003542 0.1099965 0.03085172 -0.04071462 0.1118625 0.02297818 -0.04217487 0.0839771 0.08945518 -0.04420071 0.08801084 0.07689571 -0.04809349 0.09576201 0.05634212 -0.05092406 0.1013981 0.04108798 -0.05253452 0.1046049 0.03085172 -0.05342578 0.1063795 0.02297818 -0.1172331 0.02067136 0.02297818 -0.1117435 0.01970338 0.04108798 -0.1152775 0.02032649 0.03085172 -0.1168578 0.006806135 0.03085172 -0.06040453 -0.07198733 0.08945518 -0.06330597 -0.07544511 0.07689571 -0.06888139 -0.08208966 0.05634212 -0.0729354 -0.08692103 0.04108798 -0.07524204 -0.08966994 0.03085172 -0.07651847 -0.09119117 0.02297818 -0.03214055 -0.08830553 0.08945518 -0.03368437 -0.09254711 0.07689571 -0.03665101 -0.1006978 0.05634212 -0.0388081 -0.1066244 0.04108798 -0.04003542 -0.1099965 0.03085172 -0.04071462 -0.1118625 0.02297818 -0.06541442 0.09945785 0.02297818 -0.06432324 0.0977987 0.03085172 -0.06235134 0.09480059 0.04108798 -0.05888557 0.08953124 0.05634212 -0.05411928 0.08228433 0.07689571 -0.05163884 0.07851308 0.08945518 -0.05039185 0.07661712 0.09837895 -0.0527054 0.07401925 0.1048 -0.07524204 0.08966994 0.03085172 -0.0729354 0.08692103 0.04108798 -0.06888139 0.08208966 0.05634212 -0.06330597 0.07544511 0.07689571 -0.06040453 0.07198733 0.08945518 -0.1055324 0.01860821 0.05634212 -0.1132754 0.006597518 0.04108798 -0.1168578 -0.006806135 0.03085172 -0.1172331 -0.02067136 0.02297818 -0.06432324 -0.0977987 0.03085172 -0.06235134 -0.09480059 0.04108798 -0.05888557 -0.08953124 0.05634212 -0.05411928 -0.08228433 0.07689571 -0.05163884 -0.07851308 0.08945518 -0.05253452 -0.1046049 0.03085172 -0.05092406 -0.1013981 0.04108798 -0.04809349 -0.09576201 0.05634212 -0.04420071 -0.08801084 0.07689571 -0.04217487 -0.0839771 0.08945518 -0.04115641 -0.08194923 0.09837895 -0.03774982 -0.08265382 0.1048 0.05342578 0.1063795 0.02297818 0.06541442 0.09945785 0.02297818 0.07651847 -0.09119117 0.02297818 0.09254509 0.0163182 0.08945518 0.09031027 0.01592409 0.09837895 0.09154832 0.005332052 0.09837895 0.01293182 0.08996725 0.1048 0.02098602 0.08854705 0.1048 0.02114826 0.08923161 0.09837895 0.05954253 0.06872045 0.1048 0.06619095 0.06244796 0.1048 0.06670266 0.06293076 0.09837895 0.080751 -0.04163175 0.1048 0.0788083 -0.04549998 0.1048 0.07941752 -0.0458517 0.09837895 0.07144796 -0.05618292 0.1048 0.06619095 -0.06244796 0.1048 0.06670266 -0.06293076 0.09837895 0.02974236 -0.08592557 0.1048 0.02098602 -0.08854705 0.1048 0.02114826 -0.08923161 0.09837895 0.01293182 -0.08996725 0.1048 0.01056444 -0.09038466 0.1048 0.0106461 -0.0910834 0.09837895 0.1121383 0.03357195 0.03085172 0.1026585 -0.03073394 0.05634212 0.0114336 -0.09782069 0.07689571 0.01090955 0.09333735 0.08945518 0.0114336 0.09782069 0.07689571 0.02271252 0.09583187 0.07689571 0.02471286 0.1042719 0.05634212 0.02616733 0.1104089 0.04108798 0.02699488 0.1139006 0.03085172 0.02745288 0.1158329 0.02297818 0.01381987 0.1182367 0.02297818 0.01381987 -0.1182367 0.02297818 0.02745288 -0.1158329 0.02297818 0.02699488 -0.1139006 0.03085172 0.02616733 -0.1104089 0.04108798 0.02471286 -0.1042719 0.05634212 0.02271252 -0.09583187 0.07689571 0.01090955 -0.09333735 0.08945518 0.08658772 -0.08169132 0.02297818 0.08514332 -0.08032858 0.03085172 0.1030931 -0.05952078 0.02297818 0.09548604 -0.07108676 0.02297818 0.1093059 -0.04714995 0.02297818 0.1140406 -0.03414148 0.02297818 0.1087005 -0.03254276 0.04108798 0.1121383 -0.03357195 0.03085172 0.08138281 -0.04698634 0.08945518 0.08628731 -0.03722071 0.08945518 0.07899838 -0.05881214 0.07689571 0.07537776 -0.05611664 0.08945518 0.07163655 -0.06758558 0.07689571 0.07794564 -0.07353794 0.05634212 0.08253318 -0.07786601 0.04108798 0.1140406 0.03414148 0.02297818 0.1093059 0.04714995 0.02297818 0.1030931 0.05952078 0.02297818 0.09548604 0.07108676 0.02297818 0.08514332 0.08032858 0.03085172 0.08658772 0.08169132 0.02297818 0.08253318 0.07786601 0.04108798 0.07794564 0.07353794 0.05634212 0.07163655 0.06758558 0.07689571 0.07537776 0.05611664 0.08945518 0.07899838 0.05881214 0.07689571 0.08138281 0.04698634 0.08945518 0.09043198 0.03900855 0.07689571 0.08628731 0.03722071 0.08945518 0.1026585 0.03073394 0.05634212 0.1087005 0.03254276 0.04108798 0.04084068 -0.08132052 0.1048 0.03112381 -0.08551198 0.1048 0.03136444 -0.08617305 0.09837895 0.05849367 -0.06971001 0.1048 0.05000531 -0.07602936 0.1048 0.05039185 -0.07661712 0.09837895 0.08355766 -0.03604322 0.1048 0.09031027 -0.01592409 0.09837895 0.08961749 -0.01580196 0.1048 0.08728784 -0.02563148 0.1048 0.09154832 -0.005332052 0.09837895 0.090846 -0.005291163 0.1048 0.09045523 -0.008634567 0.1048 0.090846 0.005291163 0.1048 0.09045523 0.008634567 0.1048 0.08961749 0.01580196 0.1048 0.08728784 0.02563148 0.1048 0.08355766 0.03604322 0.1048 0.08717703 0.02609908 0.1048 0.08785098 0.02630084 0.09837895 0.07299321 0.05434143 0.1048 0.0788083 0.04549998 0.1048 0.07941752 0.0458517 0.09837895 0.05000531 0.07602936 0.1048 0.05849367 0.06971001 0.1048 0.05894583 0.07024896 0.09837895 0.03112381 0.08551198 0.1048 0.04084068 0.08132052 0.1048 0.04115641 0.08194923 0.09837895 0.01056444 0.09038466 0.1048 0.0106461 0.0910834 0.09837895 0.07355749 -0.05476152 0.09837895 0.07299321 -0.05434143 0.1048 0.09002494 0.02695167 0.08945518 0.09434914 0.02824628 0.07689571 0.080751 0.04163175 0.1048 0.0842036 0.03632187 0.09837895 0.07144796 0.05618292 0.1048 0.07355749 0.05476152 0.09837895 0.02167159 -0.09143972 0.08945518 0.06835329 -0.06448799 0.08945518 0.09434914 -0.02824628 0.07689571 0.09043198 -0.03900855 0.07689571 0.0969904 0.017102 0.07689571 0.09381377 0.005464017 0.08945518 0.06835329 0.06448799 0.08945518 0.02167159 0.09143972 0.08945518 0.1055324 0.01860821 0.05634212 0.09832 0.005726456 0.07689571 0.09381377 -0.005464017 0.08945518 0.1117435 0.01970338 0.04108798 0.1069791 0.006230771 0.05634212 0.09832 -0.005726456 0.07689571 0.09254509 -0.0163182 0.08945518 0.08785098 -0.02630084 0.09837895 0.08717703 -0.02609908 0.1048 0.1152775 0.02032649 0.03085172 0.1132754 0.006597518 0.04108798 0.1069791 -0.006230771 0.05634212 0.0969904 -0.017102 0.07689571 0.09002494 -0.02695167 0.08945518 0.0842036 -0.03632187 0.09837895 0.03214055 -0.08830553 0.08945518 0.03368437 -0.09254711 0.07689571 0.03665101 -0.1006978 0.05634212 0.0388081 -0.1066244 0.04108798 0.04003542 -0.1099965 0.03085172 0.04071462 -0.1118625 0.02297818 0.04542297 -0.07867497 0.1048 0.04115641 -0.08194923 0.09837895 0.04217487 -0.0839771 0.08945518 0.04420071 -0.08801084 0.07689571 0.04809349 -0.09576201 0.05634212 0.05092406 -0.1013981 0.04108798 0.05253452 -0.1046049 0.03085172 0.05342578 -0.1063795 0.02297818 0.1172331 -0.02067136 0.02297818 0.06040453 0.07198733 0.08945518 0.06330597 0.07544511 0.07689571 0.06888139 0.08208966 0.05634212 0.0729354 0.08692103 0.04108798 0.07524204 0.08966994 0.03085172 0.07651847 0.09119117 0.02297818 0.02974236 0.08592557 0.1048 0.03136444 0.08617305 0.09837895 0.03214055 0.08830553 0.08945518 0.03368437 0.09254711 0.07689571 0.03665101 0.1006978 0.05634212 0.0388081 0.1066244 0.04108798 0.04003542 0.1099965 0.03085172 0.04071462 0.1118625 0.02297818 0.06541442 -0.09945785 0.02297818 0.06432324 -0.0977987 0.03085172 0.06235134 -0.09480059 0.04108798 0.05888557 -0.08953124 0.05634212 0.05411928 -0.08228433 0.07689571 0.05163884 -0.07851308 0.08945518 0.07524204 -0.08966994 0.03085172 0.0729354 -0.08692103 0.04108798 0.06888139 -0.08208966 0.05634212 0.06330597 -0.07544511 0.07689571 0.06040453 -0.07198733 0.08945518 0.05894583 -0.07024896 0.09837895 0.05954253 -0.06872045 0.1048 0.1152775 -0.02032649 0.03085172 0.1188402 -0.006921648 0.02297818 0.1117435 -0.01970338 0.04108798 0.1168578 -0.006806135 0.03085172 0.1188402 0.006921648 0.02297818 0.1055324 -0.01860821 0.05634212 0.1132754 -0.006597518 0.04108798 0.1168578 0.006806135 0.03085172 0.1172331 0.02067136 0.02297818 0.06432324 0.0977987 0.03085172 0.06235134 0.09480059 0.04108798 0.05888557 0.08953124 0.05634212 0.05411928 0.08228433 0.07689571 0.05163884 0.07851308 0.08945518 0.05039185 0.07661712 0.09837895 0.04542297 0.07867497 0.1048 0.05253452 0.1046049 0.03085172 0.05092406 0.1013981 0.04108798 0.04809349 0.09576201 0.05634212 0.04420071 0.08801084 0.07689571 0.04217487 0.0839771 0.08945518 -0.08448147 -0.03382128 0.1165 -0.08935546 -0.01722186 0.1165 -0.09099996 0 0.1165 -0.07655405 -0.04919826 0.1165 -0.06585979 -0.06279718 0.1165 -0.05278515 -0.07412642 0.1165 -0.03780275 -0.08277648 0.1165 -0.02145403 -0.08843481 0.1165 -0.004329919 -0.0908969 0.1165 0.01295059 -0.0900737 0.1165 0.02976316 -0.08599507 0.1165 0.04549998 -0.0788083 0.1165 0.0595923 -0.06877321 0.1165 0.07153081 -0.05625241 0.1165 0.08088397 -0.04169857 0.1165 0.08731383 -0.02563762 0.1165 0.09058791 -0.008650064 0.1165 0.09058791 0.008650064 0.1165 0.08731383 0.02563762 0.1165 0.08088397 0.04169857 0.1165 0.07153081 0.05625241 0.1165 0.0595923 0.06877321 0.1165 0.04549998 0.0788083 0.1165 0.02976316 0.08599507 0.1165 0.01295059 0.0900737 0.1165 -0.004329919 0.0908969 0.1165 -0.02145403 0.08843481 0.1165 -0.03780275 0.08277648 0.1165 -0.05278515 0.07412642 0.1165 -0.06585979 0.06279718 0.1165 -0.07655405 0.04919826 0.1165 -0.08448147 0.03382128 0.1165 -0.08935546 0.01722186 0.1165 -0.0888645 0.01712721 0.117 -0.08401727 0.03363543 0.117 -0.07613343 0.04892796 0.117 -0.06549793 0.06245213 0.117 -0.05249512 0.07371908 0.117 -0.03759503 0.0823217 0.117 -0.02133613 0.08794891 0.117 -0.004306137 0.09039747 0.117 0.01287949 0.0895788 0.117 0.0295996 0.08552253 0.117 0.04524999 0.07837527 0.117 0.05926489 0.06839531 0.117 0.07113778 0.05594336 0.117 0.08043956 0.04146945 0.117 0.08683407 0.02549678 0.117 0.09009021 0.008602559 0.117 0.09009021 -0.008602559 0.117 0.08683407 -0.02549678 0.117 0.08043956 -0.04146945 0.117 0.07113778 -0.05594336 0.117 0.05926489 -0.06839531 0.117 0.04524999 -0.07837527 0.117 0.0295996 -0.08552253 0.117 0.01287949 -0.0895788 0.117 -0.004306137 -0.09039747 0.117 -0.02133613 -0.08794891 0.117 -0.03759503 -0.0823217 0.117 -0.05249512 -0.07371908 0.117 -0.06549793 -0.06245213 0.117 -0.07613343 -0.04892796 0.117 -0.08401727 -0.03363543 0.117 -0.0888645 -0.01712721 0.117 -0.09049999 0 0.117 0 0 0.117</float_array>
          <technique_common>
            <accessor source="#base-mesh-positions-array" count="6118" stride="3">
              <param name="X" type="float"/>
              <param name="Y" type="float"/>
              <param name="Z" type="float"/>
            </accessor>
          </technique_common>
        </source>
        <source id="base-mesh-normals">
          <float_array id="base-mesh-normals-array" count="36768">0.3980684 -0.7714461 -0.4963995 0.6941457 -0.4950096 -0.5226159 0.4683392 -0.3248632 -0.8216582 0.7004013 -0.4858329 -0.5228808 0.4683364 -0.3248615 -0.8216605 0.1566084 -0.1092084 -0.9816045 0.1530339 -0.1061519 -0.9825031 0.1527538 -0.1065217 -0.9825067 0.1499198 -0.1270665 -0.980499 0.1736996 -0.1509891 -0.973155 0.1200088 -0.123003 -0.9851235 0.1200085 -0.1230031 -0.9851235 0.1664968 -0.187752 -0.9680021 0.1082145 -0.1341342 -0.9850369 0.1082143 -0.1341344 -0.9850368 0.1284052 -0.1894284 -0.9734624 0.1101678 -0.1663191 -0.9798985 0.1092104 -0.2171694 -0.9700055 0.08696436 -0.1624096 -0.9828837 0.08696383 -0.1624099 -0.9828836 0.0545656 -0.1727588 -0.9834516 0.05456596 -0.1727588 -0.9834516 0.08125835 -0.2325281 -0.9691892 0.06595426 -0.1566156 -0.985455 0.06595432 -0.1566155 -0.985455 0.04188817 -0.1862105 -0.9816166 0.04523664 -0.1960463 -0.9795507 0.04297137 -0.1859769 -0.9816141 0.128318 -0.5553506 -0.821657 0.1283223 -0.5553674 -0.821645 0.2050341 -0.8873695 -0.4129606 0.2027397 -0.8281053 -0.5226263 0.3900735 -0.7756781 -0.4961513 0.3653234 -0.7079818 -0.6044011 0.3124859 -0.8377196 -0.4478597 0.2950375 -0.8442777 -0.4473791 0.2630838 -0.7052835 -0.6583025 0.2165517 -0.8845277 -0.4131782 0.4687808 -0.6915636 -0.5495311 0.4687805 -0.6915627 -0.5495324 0.5691691 -0.6554629 -0.496402 0.5691685 -0.6554634 -0.496402 0.5342271 -0.602427 -0.5930287 0.662423 -0.6005111 -0.4478641 0.6624264 -0.6005073 -0.4478641 0.5892719 -0.5122277 -0.6248051 0.741434 -0.5287315 -0.4131812 0.7439844 -0.5251944 -0.413108 0.6941677 -0.4950234 -0.5225734 0.1283195 -0.5553544 -0.8216543 0.1881776 -0.538487 -0.8213531 0.188176 -0.5384836 -0.8213557 0.2562718 -0.5096073 -0.8213557 0.256271 -0.509606 -0.8213568 0.3200574 -0.4721613 -0.8213568 0.3200592 -0.4721635 -0.8213549 0.3784644 -0.4267798 -0.8213548 0.3784657 -0.4267809 -0.8213536 0.4305078 -0.3742209 -0.8213537 0.4305059 -0.3742196 -0.8213551 0.4683414 -0.3248652 -0.8216562 0.4683607 -0.3248759 -0.821641 -0.5816901 -0.6614587 -0.4734014 -0.4694976 -0.3230735 -0.8217028 -0.1572437 -0.1082035 -0.9816142 -0.1556019 -0.1073169 -0.9819731 -0.7021848 -0.4831917 -0.5229362 -0.4694985 -0.3230743 -0.821702 -0.4695306 -0.3230926 -0.8216765 -0.6948314 -0.4940143 -0.5226463 -0.6948276 -0.494012 -0.5226536 -0.7487379 -0.5258194 -0.4036155 -0.7456433 -0.530142 -0.4036898 -0.5884253 -0.5025537 -0.6334 -0.6712718 -0.6036766 -0.4300799 -0.5919024 -0.6525933 -0.4730472 -0.5138238 -0.5842846 -0.6281692 -0.6712728 -0.6036757 -0.4300799 -0.4648212 -0.6732342 -0.5750626 -0.4880324 -0.699175 -0.5224736 -0.3991605 -0.7533712 -0.5225922 -0.3805754 -0.7272635 -0.571183 -0.3186774 -0.821181 -0.4733988 -0.3186777 -0.8211809 -0.4733988 -0.27602 -0.7449616 -0.6073263 -0.2260975 -0.8740214 -0.4300773 -0.2260958 -0.874022 -0.4300773 -0.1745721 -0.7538769 -0.6333989 -0.1265501 -0.9061017 -0.4036889 -0.1126405 -0.9080342 -0.4034676 -0.1179251 -0.8443521 -0.5226503 -0.07015949 -0.5655833 -0.8217014 -0.02350014 -0.189444 -0.9816103 -0.0223 -0.1791346 -0.9835718 -0.02468138 -0.1893235 -0.9816046 -0.05511468 -0.1670791 -0.9844018 -0.04906469 -0.2118821 -0.9760628 -0.04589736 -0.201614 -0.9783892 -0.02333217 -0.1789671 -0.9835784 -0.0551148 -0.1670791 -0.9844018 -0.08540809 -0.2305112 -0.9693142 -0.06807172 -0.1553121 -0.9855173 -0.06807184 -0.1553121 -0.9855173 -0.111097 -0.2123016 -0.9708684 -0.08908218 -0.1603276 -0.9830359 -0.1282775 -0.1837757 -0.9745622 -0.1134589 -0.1655527 -0.9796527 -0.08908134 -0.1603281 -0.9830358 -0.1664572 -0.1835252 -0.9688192 -0.1111384 -0.1335681 -0.9847882 -0.1111385 -0.133568 -0.9847882 -0.1555996 -0.1073201 -0.9819731 -0.1488059 -0.1231937 -0.9811627 -0.1763459 -0.1506109 -0.9727376 -0.1214911 -0.1211543 -0.9851709 -0.1214913 -0.1211541 -0.9851708 -0.4695038 -0.3230782 -0.8216974 -0.4337298 -0.3704335 -0.8213754 -0.43373 -0.3704337 -0.8213752 -0.3832008 -0.4224927 -0.8213752 -0.3831998 -0.4224913 -0.8213763 -0.3264707 -0.4677154 -0.8213765 -0.32647 -0.4677141 -0.8213774 -0.2644597 -0.5053713 -0.8213775 -0.2644598 -0.5053715 -0.8213773 -0.1981714 -0.5348526 -0.8213774 -0.1981718 -0.5348541 -0.8213763 -0.1286772 -0.5556825 -0.8213764 -0.1286774 -0.5556844 -0.8213751 -0.0701611 -0.5655892 -0.8216972 -0.07016545 -0.5656283 -0.8216699 -0.8686978 0.1616365 -0.4682283 -0.1702868 0.08596158 -0.9816379 -0.1915227 0.09076172 -0.9772827 -0.5150535 0.2440815 -0.8216715 -0.770272 0.3650289 -0.5229101 -0.5150476 0.2440791 -0.821676 -0.5150409 0.2440754 -0.8216812 -0.7762309 0.3526718 -0.5225784 -0.8367083 0.3839885 -0.3904765 -0.8381406 0.3808006 -0.390527 -0.7240214 0.2507698 -0.6425789 -0.8651829 0.2739096 -0.4200384 -0.866188 0.1756352 -0.4678362 -0.7578479 0.1410117 -0.6370105 -0.8651822 0.2739117 -0.4200384 -0.8132086 0.04992979 -0.5798266 -0.8508072 0.05682033 -0.5223969 -0.8510199 -0.05225133 -0.5225275 -0.8159035 -0.05448931 -0.5756148 -0.8686978 -0.1616365 -0.4682283 -0.8686977 -0.1616374 -0.4682283 -0.7730507 -0.1567499 -0.6146724 -0.8651822 -0.2739116 -0.4200384 -0.5150493 -0.2440798 -0.8216747 -0.7702708 -0.3650283 -0.5229123 -0.8651829 -0.2739096 -0.4200384 -0.7240214 -0.2507698 -0.6425788 -0.8381406 -0.3808006 -0.390527 -0.8367735 -0.3838439 -0.3904791 -0.7762356 -0.352674 -0.52257 -0.5150535 -0.2440815 -0.8216715 -0.1728813 -0.08102416 -0.9816044 -0.1656534 -0.07850235 -0.9830546 -0.1659607 -0.07778143 -0.98306 -0.1893875 -0.0678578 -0.9795549 -0.218993 -0.07584971 -0.9727738 -0.1665417 -0.0423814 -0.9851232 -0.1665417 -0.04238134 -0.9851232 -0.2503415 -0.05076116 -0.966826 -0.1712156 -0.02669227 -0.9848719 -0.1712156 -0.02669203 -0.9848719 -0.2264911 -0.01512604 -0.9738958 -0.2077912 -0.01257926 -0.9780923 -0.2515725 0.01680111 -0.9676926 -0.1797178 0.005981206 -0.9837 -0.1797177 0.005980849 -0.9837 -0.2374557 0.04814833 -0.9702044 -0.1688304 0.0214824 -0.9854111 -0.1688304 0.02148222 -0.985411 -0.1567796 0.06704711 -0.9853552 -0.1567796 0.06704705 -0.9853552 -0.2306255 0.07987868 -0.9697583 -0.1809769 0.05840241 -0.9817517 -0.1871249 0.04175788 -0.9814482 -0.5150467 0.2440788 -0.8216766 -0.5390464 0.1867023 -0.8213229 -0.5390455 0.1867021 -0.8213235 -0.559085 0.1133643 -0.8213236 -0.5590831 0.1133642 -0.821325 -0.5691927 0.03801321 -0.821325 -0.569195 0.03801316 -0.8213232 -0.5691951 -0.03801333 -0.8213233 -0.5691927 -0.03801298 -0.821325 -0.5590832 -0.113364 -0.821325 -0.559085 -0.1133645 -0.8213236 -0.5390455 -0.186702 -0.8213235 -0.5390464 -0.1867024 -0.8213229 -0.5150467 -0.2440788 -0.8216766 -0.5150386 -0.2440741 -0.8216831 -0.6948314 0.4940143 -0.5226463 -0.3186774 0.821181 -0.4733988 -0.02369993 0.189409 -0.9816122 -0.02328747 0.1875865 -0.981972 -0.02349662 0.1894155 -0.9816159 -0.0701605 0.5655914 -0.8216958 -0.07015478 0.5655423 -0.8217301 -0.1179251 0.8443521 -0.5226503 -0.1126405 0.9080342 -0.4034675 -0.1265501 0.9061017 -0.4036889 -0.1745721 0.7538769 -0.633399 -0.2260958 0.874022 -0.4300773 -0.3061029 0.8261538 -0.4730445 -0.2814983 0.7253757 -0.628163 -0.2260975 0.8740214 -0.4300773 -0.3830211 0.72291 -0.5750616 -0.3953348 0.7554682 -0.5224732 -0.4844076 0.7016027 -0.5225924 -0.469812 0.6730717 -0.571184 -0.5816901 0.6614587 -0.4734014 -0.5816907 0.6614583 -0.4734014 -0.5337295 0.5884557 -0.6073325 -0.6712726 0.6036756 -0.4300799 -0.4694985 0.3230743 -0.821702 -0.7021848 0.4831917 -0.5229362 -0.6712718 0.6036766 -0.4300799 -0.5884252 0.5025536 -0.6334001 -0.7456433 0.530142 -0.4036898 -0.748738 0.5258194 -0.4036154 -0.6948276 0.494012 -0.5226536 -0.4694972 0.3230733 -0.8217031 -0.1487125 0.1023329 -0.9835714 -0.1566089 0.1092076 -0.9816045 -0.1228371 0.1259537 -0.9844018 -0.1653811 0.1412462 -0.9760628 -0.1577324 0.1337024 -0.9783886 -0.1480422 0.1032329 -0.9835784 -0.1228368 0.125954 -0.9844017 -0.1651504 0.1820843 -0.9693145 -0.1064192 0.132023 -0.9855176 -0.1064193 0.132023 -0.9855176 -0.1371461 0.1964812 -0.9708687 -0.101182 0.1529806 -0.9830356 -0.1039131 0.1985736 -0.9745617 -0.09457659 0.1770197 -0.9796527 -0.1011821 0.1529806 -0.9830357 -0.08608317 0.2323333 -0.9688193 -0.06726604 0.160211 -0.9847882 -0.06726562 0.1602112 -0.9847881 -0.02346503 0.1875575 -0.9819733 -0.04069018 0.1888499 -0.9811626 -0.0523175 0.225929 -0.9727379 -0.05147647 0.1636717 -0.985171 -0.05147635 0.1636718 -0.9851709 -0.07015997 0.5655894 -0.8216971 -0.1286776 0.5556843 -0.8213751 -0.128677 0.5556827 -0.8213763 -0.198172 0.5348541 -0.8213763 -0.1981713 0.5348526 -0.8213775 -0.2644599 0.5053715 -0.8213773 -0.2644597 0.5053712 -0.8213775 -0.3264699 0.4677143 -0.8213773 -0.3264708 0.4677153 -0.8213765 -0.3831996 0.4224914 -0.8213763 -0.3832008 0.4224926 -0.8213751 -0.43373 0.3704338 -0.8213752 -0.4337298 0.3704336 -0.8213753 -0.4695038 0.3230782 -0.8216974 -0.4695306 0.3230926 -0.8216765 0.4683364 0.3248615 -0.8216605 0.1919 0.8305259 -0.5228778 0.1283176 0.5553489 -0.8216582 0.04297214 0.1859803 -0.9816133 0.04196262 0.1814532 -0.9825038 0.04344522 0.1859204 -0.9816039 0.07592546 0.2172675 -0.9731547 0.06250923 0.1863161 -0.9804993 0.04237431 0.1813398 -0.9825071 0.1127429 0.2241941 -0.9680011 0.06981313 0.1570297 -0.9851233 0.06981307 0.1570298 -0.9851233 0.1186551 0.1409267 -0.9828838 0.1136929 0.1639289 -0.9798986 0.1284056 0.1894291 -0.9734622 0.08452045 0.1501957 -0.9850368 0.08452057 0.1501957 -0.9850368 0.1186544 0.1409273 -0.9828838 0.1612814 0.1818708 -0.9700059 0.1210532 0.1192653 -0.9854552 0.1210532 0.1192653 -0.9854552 0.1859003 0.1615947 -0.9691894 0.140268 0.1146671 -0.9834513 0.156862 0.1088073 -0.9816085 0.1673077 0.1146197 -0.9792193 0.1402679 0.1146671 -0.9834513 0.4683693 0.3248807 -0.8216342 0.6941457 0.4950096 -0.5226159 0.6941419 0.4950072 -0.5226231 0.7440598 0.5250893 -0.4131057 0.7004038 0.4858346 -0.522876 0.4683376 0.3248621 -0.8216597 0.5760622 0.6496028 -0.4961538 0.5223476 0.6015438 -0.604399 0.662423 0.6005111 -0.4478642 0.6749792 0.5867292 -0.4473834 0.5577037 0.5055734 -0.6583026 0.741434 0.5287315 -0.4131811 0.4687809 0.6915634 -0.5495312 0.4687804 0.6915629 -0.5495323 0.5691691 0.6554629 -0.496402 0.3617442 0.7193441 -0.5930306 0.3980708 0.7714449 -0.4963995 0.3980684 0.7714461 -0.4963995 0.216553 0.8845273 -0.4131782 0.2165517 0.8845277 -0.4131782 0.2575738 0.7370718 -0.6248046 0.312485 0.8377199 -0.4478599 0.3124859 0.8377196 -0.4478597 0.4683414 0.3248652 -0.8216562 0.4305061 0.3742194 -0.8213552 0.4305076 0.374221 -0.8213537 0.3784655 0.4267811 -0.8213536 0.3784645 0.4267796 -0.8213548 0.320059 0.4721637 -0.8213549 0.3200576 0.4721611 -0.8213568 0.2562711 0.5096058 -0.8213568 0.2562717 0.5096074 -0.8213557 0.1881763 0.5384835 -0.8213557 0.1881773 0.5384872 -0.8213531 0.1283196 0.5553544 -0.8216542 0.1283267 0.5553864 -0.8216314 0.8686978 -0.1616365 -0.4682283 0.5150535 -0.2440815 -0.8216715 0.1907175 -0.008914947 -0.9816045 0.2418877 -0.01615428 -0.9701697 0.1743333 -0.04160052 -0.9838076 0.1743332 -0.041601 -0.9838076 0.247431 -0.05017101 -0.9676057 0.1681959 -0.02377253 -0.985467 0.1681959 -0.02377235 -0.9854669 0.1983654 -0.06745862 -0.977804 0.2141744 -0.07418072 -0.9739746 0.1596249 -0.07104521 -0.984618 0.1596248 -0.07104563 -0.9846179 0.1872101 -0.08871799 -0.9783055 0.1697052 -0.08706659 -0.9816412 0.770272 -0.3650289 -0.5229101 0.5150476 -0.2440791 -0.821676 0.5150409 -0.2440754 -0.8216812 0.7762309 -0.3526718 -0.5225784 0.8367083 -0.3839885 -0.3904765 0.8381406 -0.3808006 -0.390527 0.7240214 -0.2507698 -0.6425789 0.8651829 -0.2739096 -0.4200384 0.866188 -0.1756352 -0.4678362 0.7578479 -0.1410117 -0.6370105 0.8651822 -0.2739117 -0.4200384 0.8132086 -0.04992979 -0.5798266 0.8508072 -0.05682033 -0.5223969 0.8510199 0.05225133 -0.5225275 0.8159035 0.05448931 -0.5756148 0.8686978 0.1616365 -0.4682283 0.8686977 0.1616374 -0.4682283 0.7730507 0.1567499 -0.6146724 0.8651822 0.2739116 -0.4200384 0.5150476 0.2440791 -0.821676 0.770272 0.3650289 -0.5229101 0.8651829 0.2739096 -0.4200384 0.7240214 0.2507698 -0.6425788 0.8381406 0.3808006 -0.390527 0.8367083 0.3839884 -0.3904767 0.7762309 0.3526718 -0.5225784 0.5150535 0.2440815 -0.8216715 0.1656554 0.07850337 -0.9830542 0.1728812 0.0810244 -0.9816044 0.220146 0.076249 -0.9724823 0.189247 0.06791949 -0.9795777 0.1659628 0.07778245 -0.9830596 0.2501189 0.05071598 -0.966886 0.1664316 0.04262715 -0.9851312 0.1664316 0.04262703 -0.9851312 0.1907247 0.002088427 -0.9816413 0.221208 0.01467186 -0.9751163 0.2226826 0.01487171 -0.9747775 0.1725727 0.02735084 -0.9846169 0.1725728 0.02735042 -0.9846169 0.5150467 -0.2440788 -0.8216766 0.5390464 -0.1867023 -0.8213229 0.5390455 -0.1867021 -0.8213235 0.559085 -0.1133643 -0.8213236 0.5590831 -0.1133642 -0.821325 0.5691927 -0.03801321 -0.821325 0.569195 -0.03801316 -0.8213232 0.5691951 0.03801333 -0.8213233 0.5691927 0.03801298 -0.821325 0.5590832 0.113364 -0.821325 0.559085 0.1133645 -0.8213236 0.5390455 0.186702 -0.8213235 0.5390464 0.1867024 -0.8213229 0.5150467 0.2440788 -0.8216766 0.5150409 0.2440754 -0.8216812 0.8948869 0.07750713 -0.439511 0.8882968 -0.4248368 -0.1744778 0.8882852 -0.4249749 -0.1741999 0.8883047 -0.4248209 -0.1744762 0.8089217 -0.5170743 -0.2797855 0.7986139 -0.3095598 -0.5161286 0.7699629 -0.3442038 -0.5372904 0.7699851 -0.3441901 -0.5372673 0.7644706 -0.6232689 -0.1646834 0.7916325 -0.3247462 -0.51755 0.551505 -0.1827759 -0.8139012 0.4550595 -0.7777395 -0.433638 0.4859628 -0.2421272 -0.8397706 0.537047 -0.2098613 -0.8170304 0.5370137 -0.2098674 -0.8170508 0.5123932 -0.1678264 -0.8421921 0.139043 -0.1367926 -0.980793 0.6818833 -0.710158 -0.1752448 0.2468488 -0.5140849 -0.8214514 0.1879836 -0.05202722 -0.9807932 0.4015061 -0.3598189 -0.8422133 0.4608765 -0.3424927 -0.8187134 0.2606138 0.1293984 -0.9567322 0.6568445 0.1471738 -0.7395237 0.7602893 -0.3484506 -0.5482174 0.4871214 -0.2966666 -0.8214023 0.481034 -0.2642008 -0.835945 0.6653126 -0.5172554 -0.5383363 0.6863383 -0.509751 -0.5187424 0.6860778 -0.4907999 -0.5370407 0.6996741 -0.4897171 -0.5202243 0.8120583 -0.5568827 -0.1744792 0.7107882 -0.6059379 -0.3572384 0.7107856 -0.6059187 -0.3572763 0.1388779 -0.9544861 -0.263949 0.5773507 -0.7979264 -0.1731465 0.5773588 -0.797923 -0.1731353 0.5633212 -0.7914757 -0.2371401 0.5608832 -0.8097282 -0.1724826 0.4843521 -0.7396548 -0.4672406 0.2757654 -0.4812767 -0.8320614 0.5487573 -0.6403422 -0.5374265 0.5487573 -0.6403456 -0.5374225 0.1290245 -0.497123 -0.8580334 0.2165417 -0.5694477 -0.7929938 0.2188543 -0.5290526 -0.8198818 0.1891174 -0.2030447 -0.9607328 0.1936269 -0.5489437 -0.8131232 0.05440789 -0.1954293 -0.9792074 0.217235 -0.8374949 -0.5014094 0.1391288 -0.9544523 -0.2639393 0.1391338 -0.9544574 -0.2639186 0.1370244 -0.8374679 -0.5290292 0.1648195 -0.8479492 -0.5038022 0.1319414 -0.5733482 -0.8086181 0.3268349 -0.8761894 -0.354219 0.5397607 -0.7962747 -0.2731391 0.6252406 -0.7310345 -0.2732448 0.6471384 -0.7103973 -0.2766724 0.6564109 -0.702122 -0.2759522 0.6839454 -0.651716 -0.3278492 0.6775215 -0.6749005 -0.2923595 0.6775205 -0.6749024 -0.2923572 0.6544801 -0.7032092 -0.2777636 0.6544733 -0.7032167 -0.2777608 0.6471387 -0.7103968 -0.2766724 0.6471387 -0.7103971 -0.2766725 0.6790915 -0.6261476 -0.3831108 0.6790909 -0.626147 -0.3831128 0.6777423 -0.6399754 -0.3620732 0.6777425 -0.6399745 -0.362074 0.6721721 -0.6499274 -0.3546534 0.6839448 -0.6517161 -0.3278501 0.683951 -0.6517214 -0.3278267 0.7198748 -0.5703312 -0.395604 0.7164146 -0.5748724 -0.3953122 0.6807156 -0.6170877 -0.3947519 0.6816927 -0.6118974 -0.4010944 0.6779811 -0.622369 -0.39115 0.6731824 -0.6242404 -0.3964207 0.679091 -0.6261473 -0.3831121 0.7498031 -0.5430465 -0.3780156 0.7472 -0.5328437 -0.3972027 0.7491415 -0.5417563 -0.3811656 0.749181 -0.534256 -0.3915334 0.7503451 -0.5407678 -0.3802004 0.7498038 -0.5430442 -0.3780175 0.7213265 -0.5696489 -0.3939393 0.7198768 -0.5703293 -0.3956031 0.7198762 -0.5703289 -0.3956047 0.2272652 -0.8977751 -0.3772934 0.2114523 -0.8983539 -0.3850302 0.2114515 -0.8983539 -0.3850308 0.2207173 -0.9015428 -0.3721618 0.2207189 -0.9015432 -0.3721601 0.233724 -0.8874439 -0.3972613 0.2344774 -0.8876456 -0.3963654 0.2344772 -0.8876451 -0.3963668 0.247649 -0.8846986 -0.394941 0.2597278 -0.8953618 -0.3617578 0.2597267 -0.8953618 -0.3617585 0.2431751 -0.8920907 -0.380841 0.2431749 -0.8920903 -0.3808423 0.3067033 -0.9030693 -0.3006644 0.254122 -0.912114 -0.3216676 0.2509851 -0.9006753 -0.3546695 0.3061993 -0.8869577 -0.3457573 0.3062003 -0.8869574 -0.345757 0.4411206 -0.8548731 -0.2731384 0.3620792 -0.8911304 -0.2734692 0.345144 -0.8943547 -0.2846143 0.3451507 -0.8943538 -0.284609 0.3539259 -0.8931602 -0.277491 0.353926 -0.8931602 -0.277491 0.3448566 -0.8936602 -0.2871329 0.3448531 -0.89366 -0.2871376 0.3326668 -0.8918236 -0.3065673 0.3066993 -0.9030702 -0.3006656 0.3066992 -0.9030702 -0.3006656 0.4411199 -0.8548732 -0.2731392 0.4411208 -0.8548731 -0.2731385 0.4288257 -0.8310459 -0.3542189 0.3268349 -0.8761894 -0.3542189 0.3216673 -0.862336 -0.3910331 0.2454144 -0.8868485 -0.391499 0.2393023 -0.8874632 -0.3938827 0.5247162 -0.7740812 -0.3542191 0.51642 -0.7618423 -0.391033 0.51642 -0.7618423 -0.3910331 0.4220455 -0.8179063 -0.391033 0.3236911 -0.8677616 -0.3771125 0.323691 -0.8677616 -0.3771126 0.3216672 -0.862336 -0.391033 0.4220454 -0.8179064 -0.391033 0.4288257 -0.8310462 -0.3542187 0.524716 -0.7740816 -0.3542187 0.5397601 -0.7962752 -0.2731389 0.5397603 -0.7962751 -0.2731387 0.3236919 -0.8677612 -0.3771127 0.4247006 -0.8230524 -0.3771127 0.4247009 -0.8230524 -0.3771126 0.4246982 -0.8230539 -0.3771125 0.5196692 -0.7666357 -0.3771125 0.519669 -0.7666357 -0.3771124 0.607246 -0.6993129 -0.3771124 0.6072447 -0.6993139 -0.3771125 0.603448 -0.6949415 -0.3910329 0.6034481 -0.6949414 -0.391033 0.6131426 -0.7061058 -0.3542186 0.6131429 -0.7061053 -0.3542191 0.6291747 -0.7245679 -0.2813192 0.6252345 -0.7310398 -0.2732446 0.7530446 -0.5370096 -0.3801903 0.7445007 -0.5506941 -0.3774319 0.6861833 -0.6220437 -0.3771128 0.6861832 -0.6220441 -0.3771126 0.6861798 -0.6220476 -0.377113 0.6072453 -0.6993132 -0.3771129 -0.6868496 -0.7053187 -0.175394 -0.7674112 0.1224074 -0.629362 -0.03463691 -0.1998841 -0.9792071 -0.1326758 -0.8549786 -0.5014068 -0.05142772 -0.5816482 -0.8118131 -0.1101501 -0.5387108 -0.835259 -0.08743155 -0.2086003 -0.974085 -0.07629579 0.1571734 -0.9846194 -0.1425215 -0.562636 -0.8143269 -0.7673896 0.1224541 -0.6293792 -0.2749177 -0.5211241 -0.8079912 -0.4565103 -0.7102995 -0.535792 -0.4565107 -0.7102913 -0.5358024 -0.4050154 -0.7729967 -0.4883019 -0.4731183 -0.8639891 -0.1722843 -0.04423427 -0.9630935 -0.2655078 -0.4760091 -0.8442512 -0.2462828 -0.4885156 -0.8495135 -0.199197 -0.4885238 -0.8495109 -0.1991875 -0.05142802 -0.5816693 -0.811798 -0.08105581 -0.8606462 -0.5027107 -0.04337251 -0.8446472 -0.5335636 -0.04380369 -0.9631102 -0.2655182 -0.04380512 -0.9631116 -0.265513 -0.7972673 -0.3124701 -0.5164564 -0.79727 -0.3124817 -0.5164453 -0.866925 -0.3871189 -0.3139745 -0.9559549 -0.2354407 -0.175265 -0.9559565 -0.2354557 -0.1752365 -0.9559545 -0.2354495 -0.1752556 -0.7600561 -0.6287719 -0.164197 -0.7701437 -0.343806 -0.537286 -0.7878304 -0.3328323 -0.5182142 -0.7806068 -0.3175432 -0.5383489 -0.5435048 -0.1978716 -0.8157508 -0.4356498 -0.7934381 -0.4250473 -0.491572 -0.2882167 -0.8217592 -0.4952948 -0.2169805 -0.8411911 -0.5370137 -0.2098674 -0.8170508 -0.5123933 -0.1678264 -0.8421921 -0.139043 -0.1367926 -0.980793 -0.6475349 0.107315 -0.7544416 -0.64754 0.1073009 -0.7544391 -0.1879836 -0.05202716 -0.9807932 -0.4015073 -0.3598207 -0.8422119 -0.8120589 -0.5568852 -0.1744689 -0.8120579 -0.5568883 -0.1744632 -0.8120588 -0.5568835 -0.174474 -0.8120591 -0.5568831 -0.1744744 -0.6910203 -0.4842716 -0.5366303 -0.6866158 -0.5093749 -0.5187445 -0.686313 -0.4904894 -0.537024 -0.6725502 -0.5295818 -0.5169327 -0.481034 -0.2642008 -0.835945 -0.5090112 -0.4661689 -0.7235981 -0.235454 -0.5240629 -0.8184861 -0.2552863 0.08349215 -0.9632539 -0.4625631 -0.339643 -0.8189494 -0.7469614 -0.531078 -0.4000059 -0.2278075 -0.9140813 -0.3354985 -0.2412115 -0.9223339 -0.301856 -0.2575408 -0.9246551 -0.2805095 -0.2575492 -0.9246551 -0.280502 -0.2614061 -0.9246141 -0.2770479 -0.2614169 -0.9246135 -0.27704 -0.2495967 -0.925437 -0.2850751 -0.1695347 -0.9367835 -0.3060957 -0.1695371 -0.9367832 -0.3060954 -0.1540111 -0.9147838 -0.3734315 -0.1848623 -0.9167165 -0.3541987 -0.1825461 -0.9169596 -0.3547703 -0.1810098 -0.9180254 -0.3527957 -0.1695368 -0.9367815 -0.3061009 -0.1431429 -0.9067028 -0.3967368 -0.1431429 -0.9067025 -0.3967375 -0.1475974 -0.9082907 -0.3914369 -0.1613127 -0.9031382 -0.397894 -0.1540029 -0.9074023 -0.3910296 -0.1540014 -0.9074034 -0.3910275 -0.1540151 -0.9147806 -0.3734378 -0.1540157 -0.9147845 -0.373428 -0.128234 -0.9181652 -0.3748714 -0.1282349 -0.9181653 -0.3748709 -0.1257606 -0.9175795 -0.3771369 -0.1423034 -0.9091455 -0.391413 -0.142304 -0.9091451 -0.3914136 -0.7261334 -0.5745291 -0.3776857 -0.7602838 -0.5264349 -0.3805717 -0.7521693 -0.5393518 -0.3786038 -0.7521687 -0.539353 -0.3786036 -0.7508423 -0.5421848 -0.3771889 -0.7508424 -0.5421843 -0.3771893 -0.7517676 -0.5344963 -0.3862113 -0.7500974 -0.5394745 -0.3825194 -0.7500974 -0.5394752 -0.3825185 -0.7201128 -0.5704641 -0.3949788 -0.7201086 -0.5704702 -0.3949777 -0.7203854 -0.5700539 -0.395074 -0.6814434 -0.6153947 -0.3961367 -0.6809824 -0.6326616 -0.3687849 -0.6809791 -0.6326694 -0.3687776 -0.6795098 -0.6231296 -0.3872673 -0.679508 -0.6231279 -0.3872731 -0.6606414 -0.6960278 -0.2812443 -0.6606437 -0.6960252 -0.281245 -0.6837042 -0.66489 -0.300782 -0.6837051 -0.6648883 -0.3007839 -0.682915 -0.6466866 -0.3397402 -0.6829199 -0.6466912 -0.3397217 -0.661374 -0.7045518 -0.2572763 -0.6279332 -0.7287053 -0.2732921 -0.641093 -0.7071578 -0.2982072 -0.6341878 -0.7211542 -0.2788234 -0.6453865 -0.7111766 -0.2787546 -0.6453781 -0.7111843 -0.2787545 -0.5465531 -0.7916222 -0.2731559 -0.5465574 -0.7916193 -0.2731556 -0.5465577 -0.7916188 -0.2731562 -0.4503736 -0.8500291 -0.2731561 -0.4503737 -0.850029 -0.2731559 -0.5465558 -0.7916202 -0.2731559 -0.2690143 -0.9234908 -0.2734886 -0.348026 -0.8968076 -0.2731559 -0.348026 -0.8968076 -0.2731559 -0.3480257 -0.8968076 -0.2731561 -0.4503737 -0.8500291 -0.2731561 -0.682915 -0.646687 -0.3397397 -0.6735448 -0.6484913 -0.354678 -0.6175543 -0.7022398 -0.3542401 -0.6175549 -0.7022396 -0.3542396 -0.531322 -0.7695527 -0.3542395 -0.531322 -0.7695526 -0.3542395 -0.4378194 -0.8263344 -0.3542395 -0.437819 -0.8263345 -0.3542399 -0.3383247 -0.8718088 -0.3542399 -0.3383247 -0.8718088 -0.3542399 -0.6795109 -0.6231296 -0.3872653 -0.6772167 -0.6231348 -0.3912551 -0.6077894 -0.6911351 -0.3910554 -0.6077889 -0.6911354 -0.3910558 -0.5229201 -0.7573836 -0.3910557 -0.5229204 -0.7573835 -0.3910555 -0.4308958 -0.8132678 -0.3910556 -0.4308959 -0.8132677 -0.3910555 -0.3329748 -0.858023 -0.3910555 -0.3329746 -0.858023 -0.3910556 -0.6886469 -0.6193021 -0.3771345 -0.688647 -0.6193017 -0.3771347 -0.683241 -0.6144401 -0.3945189 -0.6837503 -0.6090555 -0.4019165 -0.6886478 -0.619301 -0.3771346 -0.6116135 -0.6954843 -0.3771346 -0.6116135 -0.6954844 -0.3771346 -0.6116129 -0.6954849 -0.3771346 -0.5262109 -0.7621493 -0.3771346 -0.5262109 -0.7621493 -0.3771346 -0.4336073 -0.8183851 -0.3771346 -0.4336069 -0.8183852 -0.3771348 -0.33507 -0.8634219 -0.3771348 -0.3350698 -0.863422 -0.3771348 -0.3350703 -0.863422 -0.3771346 -0.2319495 -0.8966432 -0.3771346 -0.2384399 -0.9217408 -0.3058435 -0.2342007 -0.9053531 -0.3542399 -0.2342008 -0.9053531 -0.3542398 -0.2304974 -0.8910368 -0.3910555 -0.2304977 -0.8910368 -0.3910554 -0.2319481 -0.8966436 -0.3771345 -0.2319477 -0.8966436 -0.3771347 -0.2468488 0.5140849 -0.8214514 -0.6818833 0.710158 -0.1752448 -0.7107856 0.6059186 -0.3572764 -0.7107883 0.605938 -0.3572384 -0.8120583 0.5568827 -0.1744791 -0.6996741 0.4897171 -0.5202243 -0.6860778 0.4907999 -0.5370406 -0.6863383 0.5097511 -0.5187424 -0.6653126 0.5172554 -0.5383363 -0.481034 0.2642008 -0.8359451 -0.4871214 0.2966666 -0.8214023 -0.7602893 0.3484506 -0.5482174 -0.6568445 -0.1471738 -0.7395236 -0.2606137 -0.1293984 -0.9567322 -0.4608765 0.3424927 -0.8187133 -0.4015061 0.3598189 -0.8422133 -0.1879836 0.05202716 -0.9807932 -0.8948879 -0.07752156 -0.4395067 -0.8882973 0.4248352 -0.1744789 -0.888296 0.4248526 -0.1744434 -0.888299 0.4248291 -0.1744855 -0.8084366 0.5175098 -0.2803818 -0.7972674 0.3124701 -0.5164564 -0.7701313 0.3438134 -0.5372989 -0.7701437 0.343806 -0.537286 -0.7600561 0.6287719 -0.164197 -0.792105 0.3237383 -0.5174584 -0.5435048 0.1978716 -0.8157508 -0.4356498 0.793438 -0.4250473 -0.4869485 0.2395231 -0.8399463 -0.537061 0.2098588 -0.8170219 -0.5370137 0.2098674 -0.8170508 -0.5123932 0.1678264 -0.8421921 -0.139043 0.1367926 -0.980793 -0.8334134 0.3786522 -0.4025477 -0.9391419 -0.2063094 -0.2746797 -0.9365503 -0.2176997 -0.274737 -0.9067859 -0.2633473 -0.3292226 -0.9233378 -0.248073 -0.2930989 -0.9233371 -0.2480742 -0.2931007 -0.9362823 -0.216603 -0.2765115 -0.9362815 -0.2166051 -0.2765123 -0.9390912 -0.206537 -0.2746817 -0.9390918 -0.2065351 -0.2746815 -0.8823934 -0.272309 -0.3837054 -0.8823907 -0.2723082 -0.3837118 -0.8934563 -0.2648714 -0.3627382 -0.8934562 -0.2648714 -0.3627383 -0.8995565 -0.2550323 -0.3546217 -0.9067853 -0.2633473 -0.3292244 -0.9067826 -0.2633464 -0.3292325 -0.8541675 -0.3372367 -0.3958147 -0.8561624 -0.332691 -0.3953514 -0.8759402 -0.2773153 -0.3947467 -0.8714719 -0.2818517 -0.4013681 -0.8787472 -0.2735856 -0.3910936 -0.8778296 -0.2683785 -0.3967217 -0.8823898 -0.2723072 -0.3837147 -0.8454955 -0.3765925 -0.3785704 -0.8350886 -0.3794132 -0.3983374 -0.8440127 -0.3762755 -0.3821771 -0.8373525 -0.3804425 -0.3925612 -0.8436865 -0.3782579 -0.3809384 -0.8454933 -0.3765949 -0.378573 -0.8543477 -0.3384943 -0.3943496 -0.8541679 -0.3372314 -0.3958182 -0.8541699 -0.3372323 -0.3958132 -0.8613753 0.339692 -0.3776796 -0.8377219 0.3903602 -0.3818913 -0.8440486 0.3786674 -0.3797277 -0.8440416 0.37868 -0.3797304 -0.8455325 0.3766281 -0.3784521 -0.8455324 0.3766283 -0.3784524 -0.8390195 0.3811999 -0.3882433 -0.8425948 0.3773663 -0.3842248 -0.8425942 0.3773667 -0.3842257 -0.8547679 0.3363329 -0.3952873 -0.8547716 0.3363261 -0.395285 -0.8544251 0.3369072 -0.3955392 -0.8748545 0.2780445 -0.3966372 -0.8892269 0.2689309 -0.3700699 -0.8892269 0.268931 -0.37007 -0.8805598 0.2717887 -0.3882594 -0.8805574 0.271788 -0.3882654 -0.9370759 0.2151018 -0.2749906 -0.9390885 0.206691 -0.2745752 -0.9390883 0.2066922 -0.2745754 -0.9330797 0.2260898 -0.2797242 -0.9330775 0.2260964 -0.2797266 -0.9180424 0.2558584 -0.302877 -0.9180414 0.2558598 -0.3028792 -0.9023458 0.2621934 -0.3420915 -0.9023537 0.2621957 -0.3420691 -0.9370793 0.2150872 -0.2749906 -0.9442129 0.1756889 -0.2785595 -0.9465276 0.1716305 -0.273182 -0.9601741 0.05894696 -0.2731134 -0.9601737 0.05895298 -0.2731132 -0.9601737 0.05895328 -0.2731136 -0.9601737 -0.05895328 -0.2731136 -0.9601737 -0.05895298 -0.2731132 -0.9601741 -0.05894696 -0.2731134 -0.9023457 0.2621929 -0.3420922 -0.8994332 0.2554734 -0.3546169 -0.9193944 0.1710709 -0.3541874 -0.9193943 0.1710701 -0.3541882 -0.9334164 0.0573101 -0.3541882 -0.9334167 0.05731093 -0.3541873 -0.9334168 -0.05731016 -0.3541874 -0.9334164 -0.05731093 -0.3541882 -0.8805595 0.271789 -0.3882597 -0.879688 0.2704522 -0.3911581 -0.9048601 0.1683657 -0.391 -0.9048602 0.1683663 -0.3909998 -0.9186608 0.05640494 -0.3909998 -0.9186607 0.05640465 -0.391 -0.9186608 -0.05640494 -0.391 -0.9186608 -0.05640465 -0.3909998 -0.8829861 0.279546 -0.3770803 -0.8829861 0.2795459 -0.3770803 -0.8759571 0.2773206 -0.3947055 -0.8706467 0.2827714 -0.4025104 -0.8829855 0.2795481 -0.37708 -0.9105525 0.1694253 -0.3770801 -0.9105523 0.1694254 -0.3770802 -0.9105525 0.1694243 -0.3770802 -0.9244397 0.05675953 -0.3770802 -0.9244397 0.05675917 -0.3770804 -0.9244397 -0.05675947 -0.3770804 -0.9244398 -0.05675917 -0.3770802 -0.9105525 -0.1694243 -0.3770802 -0.9105523 -0.1694254 -0.3770802 -0.90486 -0.1683663 -0.3910001 -0.9048602 -0.1683658 -0.3909998 -0.9193945 -0.1710702 -0.3541874 -0.9193941 -0.1710709 -0.3541882 -0.9442129 -0.1756889 -0.2785595 -0.9465276 -0.1716305 -0.273182 -0.8420926 -0.3820013 -0.3807295 -0.8503943 -0.3665608 -0.3774424 -0.8829861 -0.279546 -0.3770804 -0.8829861 -0.2795459 -0.3770803 -0.8829855 -0.2795481 -0.37708 -0.9105525 -0.1694253 -0.3770801 -0.05155926 0.9623861 -0.2667483 -0.4948868 0.8515346 -0.1731351 -0.4948809 0.8515367 -0.1731421 -0.4754954 0.8442892 -0.2471434 -0.472516 0.8643208 -0.1722736 -0.4051027 0.7712925 -0.4909172 -0.8035649 -0.2157815 -0.5547267 -0.8035663 -0.215779 -0.5547256 -0.2756789 0.5161463 -0.8109219 -0.4546411 0.7115958 -0.5356611 -0.4546411 0.7115958 -0.5356611 -0.03463655 0.1998844 -0.9792071 -0.1346263 0.5675777 -0.8122385 -0.06565988 -0.3152546 -0.9467329 -0.08441746 0.2081195 -0.9744537 -0.1143339 0.5334321 -0.8380799 0.09505826 0.8474547 -0.5222879 -0.972568 0.2240226 -0.06265324 -0.1506785 0.8337012 -0.531261 -0.05083829 0.9624217 -0.2667583 -0.05082947 0.9624134 -0.2667899 -0.05010992 0.8425547 -0.5362747 -0.05014985 0.8425729 -0.5362424 -0.04951679 0.5814672 -0.8120616 -0.2342007 0.9053531 -0.3542398 -0.5465558 0.7916202 -0.2731559 -0.4503737 0.8500291 -0.2731561 -0.6382738 0.7129685 -0.2903144 -0.6861755 0.6499939 -0.3266054 -0.6781998 0.6744374 -0.2918552 -0.6781999 0.674437 -0.2918555 -0.6529214 0.7040433 -0.2793148 -0.6529155 0.7040495 -0.2793131 -0.6457245 0.7108265 -0.2788647 -0.6809128 0.6244914 -0.3825811 -0.6809136 0.6244921 -0.3825784 -0.6791236 0.6388323 -0.3615031 -0.6791241 0.6388311 -0.3615042 -0.673461 0.6485778 -0.3546791 -0.6861761 0.6499941 -0.3266035 -0.6861722 0.6499908 -0.3266184 -0.720668 0.5694867 -0.3953766 -0.7163196 0.5749644 -0.3953507 -0.6831557 0.6143633 -0.3947861 -0.6833282 0.6102303 -0.4008511 -0.6794394 0.6207467 -0.3911976 -0.6747939 0.6226674 -0.3961545 -0.6809145 0.6244925 -0.3825763 -0.7508335 0.5420573 -0.3773897 -0.7484022 0.5321024 -0.3959308 -0.7498064 0.5412124 -0.3806305 -0.7503365 0.5334787 -0.3903788 -0.7513759 0.5399174 -0.3793725 -0.7508335 0.5420573 -0.3773897 -0.7225522 0.5684411 -0.3934376 -0.7206699 0.5694842 -0.3953763 -0.7206697 0.5694841 -0.3953771 -0.1350272 0.9161897 -0.3773117 -0.1192302 0.9152702 -0.3847917 -0.1192277 0.9152699 -0.3847933 -0.1284022 0.9193627 -0.3718672 -0.1284012 0.9193624 -0.3718681 -0.1427566 0.9065628 -0.3971958 -0.1435168 0.9068375 -0.3962937 -0.1435168 0.9068377 -0.3962932 -0.1571691 0.9052037 -0.394847 -0.1684594 0.9169961 -0.3615795 -0.1684569 0.9169958 -0.3615815 -0.1515098 0.912239 -0.3806111 -0.1515098 0.9122387 -0.3806117 -0.2192885 0.9273308 -0.3032659 -0.157828 0.9342346 -0.3198375 -0.1558104 0.921923 -0.3546563 -0.217549 0.9125347 -0.3463419 -0.2175476 0.912535 -0.3463423 -0.348026 0.8968076 -0.2731559 -0.2690143 0.9234908 -0.2734886 -0.2538654 0.9250511 -0.2825472 -0.2622625 0.9246196 -0.276219 -0.2613025 0.9246327 -0.2770836 -0.2493247 0.9339748 -0.255985 -0.2526423 0.9243518 -0.2859122 -0.2526438 0.9243519 -0.2859101 -0.2382357 0.9209512 -0.308371 -0.2192842 0.9273315 -0.3032671 -0.2192817 0.927332 -0.3032671 -0.5465577 0.7916188 -0.2731562 -0.6457657 0.6989455 -0.3073467 -0.6279332 0.7287053 -0.2732921 -0.5465532 0.7916221 -0.2731558 -0.3480257 0.8968076 -0.2731561 -0.348026 0.8968076 -0.2731559 -0.3383247 0.8718088 -0.3542399 -0.2342008 0.905353 -0.3542399 -0.2304974 0.8910368 -0.3910554 -0.1546893 0.9070768 -0.3915138 -0.1485813 0.9071143 -0.393786 -0.437819 0.8263347 -0.3542395 -0.4308959 0.8132677 -0.3910555 -0.4308958 0.8132677 -0.3910555 -0.3329746 0.858023 -0.3910555 -0.5465574 0.7916193 -0.2731556 -0.531322 0.7695527 -0.3542395 -0.531322 0.7695526 -0.3542395 -0.5229202 0.7573837 -0.3910556 -0.5229204 0.7573835 -0.3910558 -0.2319477 0.8966436 -0.3771347 -0.2319481 0.8966436 -0.3771345 -0.2304977 0.8910367 -0.3910556 -0.3329748 0.8580229 -0.3910555 -0.3383247 0.8718088 -0.3542399 -0.4378193 0.8263342 -0.3542399 -0.4503736 0.8500291 -0.2731561 -0.4503737 0.8500291 -0.2731559 -0.2319495 0.8966432 -0.3771346 -0.3350703 0.863422 -0.3771346 -0.3350698 0.863422 -0.3771348 -0.33507 0.8634219 -0.3771348 -0.4336072 0.818385 -0.3771348 -0.433607 0.8183853 -0.3771346 -0.526211 0.7621493 -0.3771346 -0.5262109 0.7621493 -0.3771346 -0.6116129 0.6954849 -0.3771346 -0.6116134 0.6954844 -0.3771345 -0.607789 0.6911355 -0.3910554 -0.6077893 0.691135 -0.3910558 -0.6175547 0.7022393 -0.3542401 -0.6175544 0.7022399 -0.3542396 -0.6342196 0.7211903 -0.2786575 -0.6382768 0.7129622 -0.2903232 -0.7543908 0.5355567 -0.3795701 -0.7468367 0.5475347 -0.3774132 -0.6886469 0.619302 -0.3771345 -0.688647 0.6193017 -0.3771347 -0.6886479 0.619301 -0.3771346 -0.6116135 0.6954843 -0.3771346 0.1301593 0.5733472 -0.8089076 0.1392647 0.9541115 -0.2650972 0.7536516 0.6334378 -0.1754017 0.5713681 0.7955566 -0.2015645 0.2172124 0.8374986 -0.5014128 0.1301578 0.5732974 -0.8089432 0.1672459 0.8471006 -0.5044298 0.1372739 0.8356252 -0.5318707 0.1395226 0.954084 -0.2650606 0.1395159 0.9540776 -0.2650874 0.1861689 0.5547085 -0.8109499 0.1861698 0.5546775 -0.8109709 0.05440562 0.1954315 -0.979207 0.2199758 0.2042444 -0.9538841 0.2207027 0.4859606 -0.8456552 0.2793086 0.4781677 -0.8326718 0.5477565 0.641252 -0.5373626 0.5477566 0.6412481 -0.5373674 0.4842107 0.7381192 -0.4698086 0.5604171 0.810055 -0.1724635 0.562938 0.7915254 -0.2378832 0.571362 0.7955589 -0.2015727 0 0 -1 0 0 -1 0 0 -1 0 0 -1 0 0 -1 0 0 -1 0 0 -1 0 0 -1 0 0 -1 0 0 -1 0 0 -1 0 0 -1 0 0 -1 0 0 -1 0 0 -1 0 0 -1 0 0 -1 0 0 -1 0 0 -1 0 0 -1 0 0 -1 0 0 -1 0 0 -1 0 0 -1 0 0 -1 0 0 -1 0 0 -1 0 0 -1 0 0 -1 0 0 -1 0 0 -1 0 0 -1 0 0 -1 0 0 -1 0 0 -1 0 0 -1 0 0 -1 0 0 -1 0 0 -1 0 0 -1 0 0 -1 0 0 -1 0 0 -1 0 0 -1 0 0 -1 0 0 -1 0 0 -1 0 0 -1 0 0 -1 0 0 -1 0 0 -1 0 0 -1 0 0 -1 0 0 -1 0 0 -1 0 0 -1 0 0 -1 0 0 -1 0 0 -1 0 0 -1 0 0 -1 0 0 -1 0 0 -1 0 0 -1 0 0 -1 0 0 -1 0 0 -1 0 0 -1 0 0 -1 0 0 -1 0 0 -1 0 0 -1 0 0 -1 0 0 -1 0 0 -1 0 0 -1 0 0 -1 0 0 -1 0 0 -1 0 0 -1 0 0 -1 0 0 -1 0 0 -1 0 0 -1 0 0 -1 0 0 -1 0 0 -1 0 0 -1 0 0 -1 0 0 -1 0 0 -1 0 0 -1 0 0 -1 0 0 -1 0 0 -1 0 0 -1 0 0 -1 0 0 -1 0 0 -1 0 0 -1 0 0 -1 0 0 -1 0 0 -1 0 0 -1 0 0 -1 0 0 -1 0 0 -1 0 0 -1 0 0 -1 0 0 -1 0 0 -1 0 0 -1 0 0 -1 0 0 -1 0 0 -1 0 0 -1 0 0 -1 0 0 -1 0 0 -1 0 0 -1 0 0 -1 0 0 -1 0 0 -1 0 0 -1 0 0 -1 0 0 -1 0 0 -1 0 0 -1 0 0 -1 0 0 -1 0 0 -1 0 0 -1 0 0 -1 0 0 -1 0 0 -1 0.6568445 -0.1471738 -0.7395236 0.6568543 -0.1471507 -0.7395196 0.1879836 0.05202716 -0.9807932 0.4015061 0.3598189 -0.8422133 0.8120614 0.5568822 -0.1744664 0.8120622 0.5568795 -0.1744713 0.8120629 0.5568761 -0.174479 0.8120593 0.5568832 -0.1744734 0.6910189 0.4842708 -0.5366327 0.6863383 0.5097723 -0.5187215 0.6860778 0.4908011 -0.5370396 0.6725511 0.5295833 -0.5169299 0.481034 0.2642008 -0.835945 0.5084311 0.4586877 -0.7287685 0.2468488 0.5140849 -0.8214514 0.2606137 -0.1293984 -0.9567322 0.4608765 0.3424928 -0.8187134 0.7972673 0.3124701 -0.5164564 0.79727 0.3124817 -0.5164453 0.866925 0.3871189 -0.3139745 0.9559549 0.2354407 -0.175265 0.9559565 0.2354557 -0.1752365 0.9559545 0.2354495 -0.1752556 0.7600561 0.6287719 -0.164197 0.7701437 0.343806 -0.537286 0.7878304 0.3328323 -0.5182142 0.7806068 0.3175432 -0.5383489 0.5435048 0.1978716 -0.8157508 0.4356498 0.7934381 -0.4250473 0.491572 0.2882167 -0.8217592 0.4952948 0.2169805 -0.8411911 0.5370137 0.2098674 -0.8170508 0.5123933 0.1678264 -0.8421921 0.139043 0.1367926 -0.980793 0.6777052 0.6248016 -0.3877351 0.7196745 0.5707874 -0.3953104 0.7457445 0.5318058 -0.4013075 0.3211327 0.8868193 -0.3323031 0.3358235 0.8929592 -0.2997438 0.3358273 0.8929595 -0.2997387 0.3507317 0.8934884 -0.280474 0.3521233 0.8933433 -0.2791897 0.3518351 0.8933852 -0.2794186 0.3539896 0.8909536 -0.2844169 0.2700429 0.9134979 -0.3043001 0.2700497 0.9134964 -0.3042984 0.2440658 0.8877543 -0.3902872 0.2440648 0.8877508 -0.390296 0.2474608 0.8948885 -0.3713996 0.2474591 0.8948885 -0.3714009 0.2807555 0.8928005 -0.3522552 0.2717204 0.8945983 -0.35477 0.2665408 0.8993306 -0.3466418 0.2700393 0.9134611 -0.3044136 0.2341132 0.8875482 -0.3967987 0.2341132 0.8875483 -0.3967984 0.2386223 0.8887351 -0.3914197 0.2513539 0.8823053 -0.397943 0.2440637 0.8877563 -0.3902841 0.2204332 0.900376 -0.3751429 0.2204316 0.900376 -0.375144 0.2182974 0.9000716 -0.3771172 0.2335752 0.8900083 -0.3915709 0.2335751 0.8900084 -0.3915708 0.7584842 0.5285109 -0.3812847 0.7510005 0.5405563 -0.3792059 0.7510061 0.5405473 -0.3792076 0.7498336 0.5431151 -0.3778565 0.7498335 0.5431153 -0.3778563 0.7506489 0.535303 -0.3872687 0.7493152 0.5401 -0.3831694 0.7493152 0.5400984 -0.3831716 0.6777067 0.6248029 -0.3877307 0.677705 0.6248019 -0.3877352 0.6757494 0.6247534 -0.3912109 0.6799443 0.6169006 -0.3963704 0.6820968 0.6107223 -0.4021967 0.6807547 0.617123 -0.3946291 0.719365 0.5712971 -0.3951375 0.719366 0.5712955 -0.3951379 0.6807042 0.6484287 -0.3408548 0.6723724 0.6497218 -0.3546508 0.6793699 0.6340484 -0.3693768 0.6793707 0.6340463 -0.3693789 0.6470569 0.7105207 -0.2765462 0.6616633 0.695425 -0.2803319 0.6616647 0.6954233 -0.2803324 0.6823055 0.6658966 -0.3017297 0.6823057 0.6658962 -0.30173 0.6807036 0.6484282 -0.3408568 0.6807035 0.648428 -0.3408575 0.6252406 0.7310345 -0.2732448 0.6235192 0.7290343 -0.2823703 0.6470602 0.7105175 -0.2765464 0.6531852 0.704864 -0.2766151 0.6613843 0.7045528 -0.2572472 0.4411199 0.8548732 -0.2731391 0.5397607 0.7962747 -0.2731391 0.339423 0.8953532 -0.288331 0.3620792 0.8911304 -0.2734692 0.4411206 0.8548731 -0.2731384 0.4411208 0.8548731 -0.2731385 0.4288259 0.8310461 -0.3542187 0.4288256 0.8310461 -0.3542189 0.4220454 0.8179063 -0.3910331 0.4220455 0.8179064 -0.391033 0.7254916 0.5753412 -0.377683 0.6861833 0.6220437 -0.3771128 0.6861831 0.6220441 -0.3771126 0.6861797 0.6220475 -0.377113 0.6072453 0.6993132 -0.3771129 0.6306756 0.7262963 -0.2733899 0.613143 0.7061054 -0.3542186 0.6131425 0.7061056 -0.3542191 0.6034482 0.6949415 -0.3910329 0.603448 0.6949415 -0.391033 0.6072447 0.6993139 -0.3771125 0.607246 0.6993129 -0.3771124 0.5196692 0.7666357 -0.3771125 0.5164199 0.7618423 -0.391033 0.51642 0.7618423 -0.391033 0.5247163 0.7740814 -0.3542187 0.5247159 0.7740814 -0.3542191 0.5397601 0.7962752 -0.2731389 0.5397603 0.7962751 -0.2731387 0.519669 0.7666357 -0.3771125 0.4246982 0.8230539 -0.3771124 0.4247009 0.8230524 -0.3771126 0.4247006 0.8230524 -0.3771127 0.3236919 0.8677612 -0.3771127 0.3329584 0.8926054 -0.3039641 0.3268349 0.8761894 -0.3542189 0.3268349 0.8761894 -0.3542189 0.3216673 0.862336 -0.391033 0.3216672 0.862336 -0.3910331 0.323691 0.8677616 -0.3771126 0.3236911 0.8677616 -0.3771125 0.8346272 -0.3792036 -0.3995023 0.8997384 0.2333574 -0.3688023 0.9035132 0.2179054 -0.3690274 0.9035127 0.2179104 -0.3690256 0.8933101 0.2452546 -0.3766259 0.8869314 0.2500147 -0.3883882 0.8933142 0.2452486 -0.3766205 0.8997428 0.233342 -0.3688014 0.8997414 0.2333461 -0.3688023 0.8756178 0.2730049 -0.398449 0.8705064 0.2812125 -0.4039037 0.8756163 0.2730078 -0.3984504 0.8817099 0.2604935 -0.3933581 0.8855417 0.2515035 -0.3905919 0.8817086 0.249235 -0.4005893 0.8817045 0.2492339 -0.4005991 0.8541716 0.337249 -0.3957954 0.8558545 0.333905 -0.3949943 0.8760532 0.2773513 -0.3944708 0.8687809 0.2831109 -0.4062857 0.8705058 0.2812131 -0.4039044 0.8350871 0.3794125 -0.3983414 0.8439314 0.376302 -0.3823305 0.8352531 0.3794887 -0.3979203 0.8436279 0.3782638 -0.3810625 0.8436275 0.378264 -0.3810629 0.845503 0.3765747 -0.3785714 0.854337 0.3386203 -0.3942645 0.8543372 0.3386242 -0.3942611 0.8541714 0.3372489 -0.3957959 0.8438391 -0.3790134 -0.379848 0.8544207 -0.3367564 -0.395677 0.8542802 -0.3572987 -0.3775486 0.8369129 -0.3919016 -0.3820862 0.8438386 -0.3790143 -0.3798484 0.8455573 -0.3765739 -0.3784508 0.8456203 -0.3765258 -0.3783578 0.8392291 -0.3812952 -0.3876963 0.8433056 -0.3766998 -0.3833184 0.8432984 -0.3767026 -0.3833313 0.8585172 -0.3267535 -0.3951964 0.8542746 -0.3370451 -0.3957466 0.8544206 -0.3367563 -0.3956776 0.8774165 -0.2695971 -0.3968094 0.8774175 -0.2695952 -0.3968085 0.8715955 -0.2797172 -0.402591 0.8687608 -0.2831909 -0.4062728 0.901576 -0.2277237 -0.3678351 0.8959092 -0.241415 -0.3729149 0.8959082 -0.2414164 -0.3729162 0.88915 -0.2491379 -0.3838523 0.8891499 -0.249138 -0.3838525 0.8831718 -0.2500306 -0.3968529 0.8857479 -0.2507632 -0.3906005 0.8833919 -0.2565557 -0.3921706 0.8833923 -0.2565548 -0.3921703 0.9038792 -0.2123057 -0.3713873 0.9015717 -0.2277363 -0.3678378 0.9028132 -0.2227655 -0.3678367 0.8848695 -0.2243589 -0.4082511 0.9023482 -0.1678987 -0.3969609 0.9030215 -0.1455219 -0.4041976 0.9004117 -0.1916576 -0.3905462 0.8994368 -0.1914636 -0.3928805 0.8994413 -0.1914645 -0.39287 0.9155515 -0.08842778 -0.3923596 0.9091494 -0.1411131 -0.3918347 0.9091472 -0.1411274 -0.3918346 0.9197522 0.01750826 -0.392109 0.9180792 -0.03581541 -0.3947757 0.9145005 -0.05614918 -0.4006696 0.9127756 -0.03688871 -0.4067923 0.9155514 -0.08842891 -0.3923595 0.9117335 0.1275912 -0.3904647 0.9117334 0.1275919 -0.3904646 0.9117335 0.1275914 -0.3904646 0.9157853 0.07248669 -0.3950733 0.9157855 0.0724886 -0.3950727 0.9141954 0.05613046 -0.4013679 0.9197521 0.01750779 -0.392109 0.919759 0.01707386 -0.392112 0.9031946 0.2088332 -0.3750043 0.8985311 0.1875947 -0.3967998 0.9011738 0.1881422 -0.3904976 0.9013982 0.1850913 -0.3914363 0.8829907 -0.2795475 -0.3770685 0.8829906 -0.2795476 -0.3770686 0.8759927 -0.2773321 -0.3946184 0.8687631 -0.2831882 -0.4062698 0.9244446 0.05675947 -0.3770685 0.9244445 0.05675971 -0.3770686 0.9244446 -0.05675947 -0.3770686 0.9244446 -0.05675971 -0.3770684 0.9105572 -0.1694254 -0.3770685 0.9105571 -0.1694261 -0.3770684 0.9105571 -0.1694262 -0.3770685 0.8829901 -0.2795495 -0.3770684 0.9105572 0.1694252 -0.3770685 0.9105571 0.1694262 -0.3770684 0.9020926 0.1678512 -0.3975611 0.9013987 0.1850799 -0.3914406 0.8455224 0.3765439 -0.3785584 0.8474239 0.3735038 -0.3773166 0.8829907 0.2795475 -0.3770686 0.8829906 0.2795476 -0.3770686 0.8829901 0.2795495 -0.3770684 0.9105571 0.1694262 -0.3770685 0 0 -1 0 0 -1 0 0 -1 0 0 -1 0 0 -1 0 0 -1 0 0 -1 0 0 -1 0 0 -1 0 0 -1 0 0 -1 0 0 -1 0 0 -1 0 0 -1 0 0 -1 0 0 -1 0 0 -1 0 0 -1 0 0 -1 0 0 -1 0 0 -1 0 0 -1 0 0 -1 0 0 -1 0 0 -1 0 0 -1 0 0 -1 0 0 -1 0 0 -1 0 0 -1 0 0 -1 0 0 -1 0 0 -1 0 0 -1 0 0 -1 0 0 -1 0 0 -1 0 0 -1 0 0 -1 0 0 -1 0 0 -1 0 0 -1 0 0 -1 0 0 -1 0 0 -1 0 0 -1 0 0 -1 0 0 -1 0 0 1 0 0 1 0 0 1 0 0 1 0 0 1 0 0 1 0 0 1 0 0 1 0 0 1 0 0 1 0 0 1 0 0 1 0 0 1 0 0 1 0 0 1 0 0 1 0 0 1 0 0 1 0 0 1 0 0 1 0 0 1 0 0 1 0 0 1 0 0 1 0 0 1 0 0 1 0 0 1 0 0 1 0 0 1 0 0 1 0 0 1 0 0 1 0 0 1 0 0 1 0 0 1 0 0 1 0 0 1 0 0 1 0 0 1 0 0 1 0 0 1 0 0 1 0 0 1 0 0 1 0 0 1 0 0 1 0 0 1 0 0 1 0 0 1 0 0 1 0 0 1 0 0 1 0 0 1 0 0 1 0 0 1 0 0 1 0 0 1 0 0 1 0 0 1 0 0 1 0 0 1 0 0 1 0 0 1 0 0 1 0 0 1 0 0 1 0 0 1 0 0 1 0 0 1 0 0 1 0 0 1 0 0 1 0 0 1 0 0 1 0 0 1 0 0 1 0 0 1 0 0 1 0 0 1 0 0 1 0 0 1 0 0 1 0 0 1 0 0 1 0 0 1 0 0 1 0 0 1 0 0 1 0 0 1 0 0 1 0 0 1 0 0 1 0.9136993 -0.2753231 -0.298916 0.8767306 -0.3769231 -0.2987851 0.5645055 -0.7991135 -0.2067638 0.5645107 -0.7991089 -0.2067672 0.9349864 -0.2218424 -0.2767428 0.9264185 -0.3123861 -0.2101516 0.9263306 -0.2325094 -0.2963965 0.9263271 -0.2325226 -0.2963972 0.8767299 -0.3769237 -0.2987861 0.8767294 -0.3769227 -0.298789 0.8757104 -0.4250405 -0.2290676 0.8978852 -0.3172433 -0.3052196 0.612347 -0.7846702 0.09656018 0.9179779 -0.2653229 -0.2948225 0.943094 -0.3285028 -0.05157303 0.9441848 -0.2782161 -0.1763823 0.8978852 -0.3172432 -0.3052194 0.9086286 -0.3300027 -0.2559149 0.8566234 -0.5034093 0.1130288 0.8812737 -0.4541124 0.1309148 0.8604299 -0.2175071 -0.4608156 0.8274993 -0.5335889 0.1747223 0.8275003 -0.5335866 0.1747242 0.8651229 -0.4689293 -0.1779541 0.6312252 -0.7649183 0.128277 0.6312572 -0.7648859 0.1283116 0.3339042 -0.942587 -0.006152987 0.1614243 -0.9739971 0.158971 -0.07157218 -0.9671455 0.2439409 -0.07157158 -0.9671452 0.243942 0.4448779 -0.8842504 -0.1420738 0.2414538 -0.9675272 -0.07477366 0.7955111 -0.5921736 -0.128423 0.5603233 -0.8282379 -0.007734656 0.5537915 -0.832448 -0.01858723 0.6288354 -0.773705 -0.07711607 0.3339051 -0.9425866 -0.006151437 0.9758581 -0.1421917 -0.1657783 0.9392285 -0.1584616 -0.3045318 0.9363042 -0.1874485 -0.2969809 0.9453302 -0.2358926 -0.2251787 0.7830737 -0.5132228 -0.3512802 0.7379344 -0.6064371 -0.2961196 0.789108 -0.5046215 -0.3502367 0.8289362 -0.4217962 -0.367359 0.8289343 -0.4217969 -0.3673628 0.8497725 -0.4287891 -0.3066377 0.8163657 -0.4931702 -0.3005498 0.8206883 -0.4717005 -0.3224427 0.786183 -0.5344018 -0.3103722 0.8056499 -0.5848878 -0.09399133 0.7175132 -0.6312396 -0.2944679 0.7849988 -0.5130872 -0.3471577 0.9767559 -0.1148194 -0.1810097 0.9087777 -0.01369476 0.4170559 0.8815721 -0.1466102 0.448705 0.9683992 -0.1663452 -0.1858287 0.9537512 -0.2964851 -0.04954969 0.261907 -0.9645996 -0.03086012 0.5657122 -0.798031 -0.2076448 0.5972538 -0.7882099 -0.1483681 0.6510052 -0.7370733 -0.1814257 0.6753169 -0.7246887 -0.137016 0.7238039 -0.666526 -0.1784689 0.758993 -0.6404482 -0.1172849 0.8524816 -0.4267647 -0.3019053 0.8376419 -0.4683269 -0.2811157 0.9745792 3.56137e-4 -0.2240428 0.9316564 -0.2143885 -0.2933493 0.9367331 -0.2253986 -0.2678185 0.91834 -0.2759643 -0.2837169 0.7957368 -0.4747034 -0.3761113 0.8429916 -0.40052 -0.3590945 0.8260008 -0.4340985 -0.359557 0.8447715 -0.4029979 -0.3520707 0.9707981 0.005949497 -0.2398241 0.827907 -0.4459294 -0.3401722 0.777892 -0.5149278 -0.3601851 0.9224425 -0.2931177 -0.25136 0.9850007 0.1705047 0.02648961 0.9942853 0.1058382 -0.0139659 0.9860654 -0.1516103 -0.06847923 0.9521672 -0.2930626 -0.08655691 0.9521681 -0.2930576 -0.08656251 0.9749601 -0.1986974 -0.09986072 0.9862725 -0.1471527 -0.07491666 0.9636785 -0.2339886 -0.1287358 0.9635482 -0.1983612 -0.1795207 0.9147667 0.4012615 -0.04680931 0.9539467 0.2787063 -0.1109439 0.9904549 0.09562563 -0.09927129 0.9904538 0.09562957 -0.0992788 0.9833924 0.1551902 -0.09410297 0.9365807 0.3499785 0.018211 0.9564769 0.2741084 -0.1000823 0.8536496 -0.4359982 -0.2849349 0.8633152 -0.4257228 -0.2710112 0.8633155 -0.4257212 -0.2710128 0.8184766 -0.4480229 -0.3596823 0.8184765 -0.4480225 -0.3596833 0.7993137 -0.4786082 -0.3633618 0.7757102 -0.5058135 -0.3773941 0.827907 -0.44593 -0.3401711 0.8892889 -0.4219458 -0.1764287 0.8962267 -0.4005144 -0.1906981 0.8962862 -0.400446 -0.1905624 0.8551051 -0.4400233 -0.2741801 0.9392641 -0.3192402 -0.1259706 0.9521654 -0.2930654 -0.08656626 0.9125683 0.4049677 -0.05674594 0.9766307 0.06253409 -0.2056259 0.9885286 0.03687751 -0.1464626 0.9786287 -0.06057298 -0.1965117 0.9868271 -0.0955041 -0.1305806 0.8676471 -0.3994792 -0.2959812 0.8676967 -0.4041616 -0.2894061 0.1477277 -0.1052803 -0.9834086 0.7986453 -0.5758164 -0.1749318 0.6841775 -0.4932861 -0.537187 0.6841788 -0.4932866 -0.537185 0.6841784 -0.4932861 -0.537186 0.438934 -0.3164673 -0.8409432 0.4389137 -0.3164547 -0.8409585 0.4389079 -0.316448 -0.840964 0.4389126 -0.3164522 -0.84096 0.1472258 -0.1061485 -0.9833906 0.1439508 -0.1025832 -0.9842534 0.161439 -0.07151186 -0.9842883 0.1571576 -0.0706579 -0.9850425 0.4935424 -0.2218962 -0.8409388 0.4935136 -0.2218853 -0.8409585 0.4935086 -0.2218813 -0.8409625 0.7693107 -0.3458819 -0.5371469 0.8979948 -0.4037391 -0.1749286 0.8979957 -0.4037394 -0.1749238 0.7692881 -0.3458724 -0.5371854 0.7692887 -0.3458724 -0.5371846 0.7692738 -0.3458682 -0.5372085 0.8979945 -0.403739 -0.1749304 0.8979946 -0.4037392 -0.1749295 0.7986462 -0.5758159 -0.1749296 0.7986459 -0.5758175 -0.1749252 0.798649 -0.5758152 -0.1749189 0.6905679 -0.7162506 -0.1005042 0.7421343 -0.6270738 -0.2366755 0.7856139 -0.5130318 -0.3458454 0.821829 -0.475616 -0.3136664 0.8183489 -0.5070134 -0.2706333 0.2158817 -0.9756621 -0.03845137 0.2485868 -0.9667738 -0.05960696 0.4325506 -0.897473 -0.0862677 0.4348953 -0.8967857 -0.08149474 0.5385094 -0.8306546 -0.1414941 0.7643954 -0.6358635 -0.106664 0.7369381 -0.6722146 -0.07106256 0.6889488 -0.7174347 -0.1031361 0.7005684 -0.7048566 -0.11127 0.7411031 -0.6682237 -0.06513983 0.8244703 -0.4392371 -0.3568185 0.7987822 -0.4858643 -0.3547997 0.7987814 -0.4858645 -0.3548013 0.807702 -0.4825951 -0.3387029 0.8285927 -0.4403405 -0.3457376 0.7892778 -0.5355013 -0.3004643 0.7944459 -0.5321914 -0.2926226 0.8059725 -0.5239852 -0.2754047 0.8063125 -0.5227569 -0.2767406 0.8163697 -0.5140554 -0.2632253 0.8174077 -0.5080278 -0.2715739 0.7941501 -0.4978957 -0.3484617 0.7865528 -0.5129632 -0.3438074 0.682223 -0.6709148 -0.2905948 0.5617316 -0.7994588 -0.2128927 0.5147113 -0.8363328 -0.1887319 0.5594092 -0.7997252 -0.2179473 0.2508726 -0.9664711 -0.0547409 0.3641795 -0.929929 -0.05104327 0.5264194 -0.8485192 -0.05383074 0.5264188 -0.8485196 -0.05383205 0.805283 -0.4835879 -0.3430189 0.6988977 -0.6671524 -0.257778 0.723121 -0.6351479 -0.2714465 0.5955125 -0.7818117 -0.1847571 0.6260191 -0.7690155 -0.1292874 0.5343173 -0.8426186 -0.0670737 0.5794482 -0.80998 -0.09039974 0.8883818 -0.4067663 -0.2128824 0.8458778 -0.4045289 -0.3476306 0.8823832 -0.4704328 -0.009640097 0.8219553 -0.5512997 -0.1430321 0.9496996 -0.3130953 -0.006483197 0.949699 -0.3130973 -0.006480038 0.9876289 -0.1537879 -0.03063577 0.9637463 -0.2487578 -0.09650254 0.9450393 0.32658 0.01569092 0.9450404 0.3265768 0.0156905 0.9708368 -0.1564533 -0.1816543 0.9962564 0.08605188 -0.008268713 0.9962564 0.08605027 -0.008265614 0.9450397 0.3265787 0.01569354 0.9754647 0.1539986 -0.1573313 0.9129413 0.4043558 -0.05508774 0.7008844 -0.7058024 -0.1029759 0.7029375 -0.6876882 -0.1815594 0.7029373 -0.6876879 -0.1815611 0.7029374 -0.6876879 -0.1815611 0.7547381 -0.6401743 -0.1433432 0.909563 -0.3969357 -0.1230341 0.8217698 -0.5249329 -0.2216752 0.7829697 -0.5627076 -0.2651768 0.7190287 -0.6630114 -0.2083589 0.719032 -0.6630058 -0.2083656 0.8188732 -0.5548601 -0.1468906 0.7526668 -0.6161536 -0.2320507 0.7526673 -0.6161519 -0.2320534 0.8851071 -0.3778617 -0.2716724 0.9304736 -0.2858541 -0.2291429 0.8860024 -0.3723276 -0.2763548 0.7671236 -0.588145 0.2561379 0.7094503 -0.6942504 -0.1212301 0.7123118 -0.6942753 -0.1029263 0.8823876 -0.4704249 -0.009616494 0.8823912 -0.4704182 -0.009624421 0.7841919 -0.6133127 -0.09428989 0.8207323 -0.5706929 0.02661257 0.820733 -0.5706919 0.02661174 0.7790423 -0.5218148 -0.3475663 0.7790458 -0.5218127 -0.3475618 0.7790454 -0.5218115 -0.3475645 0.7829704 -0.562717 -0.2651545 0.7829722 -0.5627045 -0.2651759 0.8289899 -0.4968567 -0.256728 0.7283878 -0.5950493 -0.339658 0.7283878 -0.5950497 -0.3396571 0.8231077 -0.4390219 -0.3602132 0.8452519 -0.4036701 -0.3501421 0.9196002 -0.2551296 -0.298738 0.9764335 -0.002551674 -0.2158036 0.9764333 -0.002553343 -0.2158043 0.9876289 -0.1537876 -0.03063613 0.9834475 -0.1686329 -0.06628751 0.9639661 -0.2480473 -0.09613507 0.9615756 -0.1972877 -0.1909186 0.9920503 -0.03929466 -0.1195493 0.9769513 0.002422928 -0.2134488 0.9173595 0.3965688 -0.03442198 0.6477286 -0.7548939 -0.1028727 0.3926057 -0.9139361 -0.1028668 0.6465216 -0.7559292 -0.1028634 0.6436059 -0.7513033 -0.1459959 0.6430109 -0.7518116 -0.1460005 0.5701851 -0.8192821 -0.06054657 0.5537792 -0.8169562 -0.1609693 0.5322664 -0.7647941 -0.3630188 0.5228058 -0.7712624 -0.3630819 0.4814198 -0.8670125 0.1285476 0.4444516 -0.8613299 -0.2461169 0.4281356 -0.771049 -0.4713632 0.4043672 -0.7836465 -0.4715774 0.3703724 -0.8803024 0.2964661 0.3744279 -0.9215226 -0.1029549 0.3269764 -0.9394053 -0.102977 -0.6657835 -0.7440727 -0.05557143 -0.8512021 -0.521086 -0.06264495 0.09917467 -0.9229199 -0.3719988 -0.2178279 -0.9378483 -0.2701695 -2.45024e-4 -0.9481464 -0.3178337 -0.09202128 -0.9577482 -0.2724894 -0.5070848 -0.8303489 -0.2310532 -0.5070863 -0.8303483 -0.2310526 -0.2297716 -0.9208015 -0.3151659 -0.04265725 -0.9302576 -0.3644189 -0.08402758 -0.9307771 -0.3557995 -0.04310685 -0.9288456 -0.3679507 0.1738507 -0.9271051 -0.3320422 -0.07180303 -0.9718816 -0.2242553 0.06063371 -0.9599311 -0.2735981 0.1195426 -0.9592822 -0.2559046 0.2679667 -0.9395386 -0.213216 0.2679707 -0.9395385 -0.2132115 0.2182803 -0.9665599 -0.1345944 0.3011926 -0.9345328 -0.1895561 0.3066174 -0.9335492 -0.1856651 0.1829344 -0.9584947 -0.2186849 0.1134736 -0.9608351 -0.2528233 0.1829369 -0.9584946 -0.2186829 0.1829351 -0.9584943 -0.2186858 0.09364771 -0.9771897 -0.1906051 0.1127245 -0.9815527 -0.1544268 0.06858319 -0.9904161 -0.1198844 -0.2767719 -0.9547489 0.1088656 -0.2767721 -0.9547489 0.1088652 -0.08470803 -0.9872785 -0.1345579 0.1177365 -0.959995 -0.2540627 0.1195423 -0.9592821 -0.2559053 -0.8465582 -0.5310385 -0.03657013 -0.6917194 -0.7047356 -0.1577086 -0.5442659 -0.8050202 -0.2360445 -0.9479448 -0.134675 0.2885535 -0.6250365 -0.7698506 0.129072 -0.6250367 -0.7698504 0.1290714 -0.4627629 -0.8806049 -0.1019091 -0.88797 -0.436171 0.145822 -0.8819777 -0.4421271 0.1632142 -0.9479447 -0.1346758 0.2885535 -0.9479449 -0.134675 0.2885535 0.3158128 -0.9432197 -0.1029502 0.3350811 -0.9283776 -0.1607347 0.3268883 -0.9307244 -0.1640004 0.2767527 -0.9491589 -0.1500173 0.09917473 -0.9229199 -0.371999 -0.03129863 -0.9519283 -0.3047176 0.00173062 -0.9479311 -0.318471 0.04534083 -0.9433559 -0.3286698 0.1738502 -0.9271048 -0.3320432 0.246551 -0.9589895 0.1398282 0.2465565 -0.9589875 0.1398312 0.2593732 -0.9618875 -0.08659058 -0.004818737 -0.9888719 0.1486914 -0.01814746 -0.9900192 0.1397596 0.07788056 -0.9960717 0.04213976 0.07788139 -0.9960715 0.04214072 -0.4996776 -0.8656339 0.03163057 -0.4996779 -0.8656336 0.03162992 -0.4919315 -0.8705038 0.01505047 -0.2598321 -0.962535 -0.07754766 -0.3026365 -0.9363424 -0.1779723 -0.392494 -0.9087651 -0.1417542 -0.4086979 -0.892801 -0.1894002 -0.4931686 -0.855367 -0.1585308 -0.511432 -0.8282657 -0.228939 -0.8465584 -0.5310382 -0.03657001 0.1344791 -0.9246987 -0.3561567 0.5886974 -0.7709702 -0.242982 0.8977854 -0.437136 -0.0537905 0.8226865 -0.5542733 -0.1263651 0.7368398 -0.6712155 -0.08085083 0.7368397 -0.6712148 -0.08085799 0.7368384 -0.6712169 -0.08085221 0.1514573 -0.941583 -0.3008024 0.151523 -0.9415794 -0.3007808 -0.01239293 -0.9339917 -0.3570799 0.1355317 -0.9199724 -0.3678072 0.135527 -0.9199729 -0.3678073 0.02942556 -0.927778 -0.3719706 0.09630799 -0.9311199 -0.3517678 0.09630781 -0.9311201 -0.3517672 0.5577301 -0.8227227 -0.1098387 0.8683775 -0.494946 0.03080672 0.5705518 -0.8074114 -0.1501919 0.1525806 -0.9401205 -0.3047828 0.5996118 -0.7882725 -0.1381745 0.6119485 -0.7664477 -0.195133 0.873445 -0.4844157 -0.04934895 0.8202187 -0.5616285 -0.1086961 0.155904 -0.9365648 -0.3139116 0.3327 -0.9095628 -0.2490108 0.3444446 -0.8878927 -0.3049665 0.7823836 -0.6074993 -0.1371877 0.589991 -0.7658588 -0.2556775 0.8999348 -0.43023 -0.07084864 0.3497165 -0.4128744 -0.8409715 -0.1024503 -0.1510142 -0.9832084 -0.5582488 -0.8110207 -0.1749389 -0.5582487 -0.811021 -0.174938 -0.5582535 -0.8110248 -0.1749049 -0.4782288 -0.6947656 -0.5372132 -0.3067824 -0.4456915 -0.8409779 -0.4782314 -0.6947717 -0.537203 -0.3068047 -0.4457213 -0.8409538 -0.3067924 -0.4457054 -0.8409668 -0.1035367 -0.1504172 -0.983186 -0.0992428 -0.1462851 -0.9842517 -0.06472426 -0.1581736 -0.9852877 -0.054488 -0.1428832 -0.9882385 -0.03525316 -0.1960982 -0.9799504 -0.03525376 -0.196098 -0.9799504 -0.01273596 -0.1441304 -0.9894767 0.008119523 -0.2035375 -0.9790334 0.1175099 -0.1498035 -0.9817079 0.07155889 -0.1429057 -0.987146 0.07226258 -0.1454555 -0.9867222 0.04730349 -0.1831092 -0.9819539 0.03560268 -0.1870869 -0.9816979 0.03279709 -0.1269583 -0.9913657 0.008120238 -0.2035375 -0.9790334 0.11751 -0.1498034 -0.9817079 0.1064019 -0.1256178 -0.9863564 0.1242488 -0.1243972 -0.9844225 0.3497116 -0.4128683 -0.8409765 0.6363646 -0.7512907 -0.1749356 0.5451483 -0.6436008 -0.537207 0.6363644 -0.7512884 -0.174946 0.6363639 -0.7512902 -0.1749398 0.6363641 -0.7512902 -0.1749396 0.4409009 -0.8804937 -0.1741761 0.4409015 -0.8804938 -0.1741739 -0.5582504 -0.8110204 -0.1749355 -0.3508719 -0.9200833 -0.1741714 -0.3508713 -0.9200845 -0.1741657 -0.08667206 -0.9808948 -0.174165 -0.08667695 -0.980893 -0.1741724 -0.08667641 -0.9808927 -0.1741746 0.1840878 -0.9673547 -0.1741744 0.1840881 -0.9673543 -0.1741761 0.1840866 -0.9673549 -0.1741739 -0.3067835 -0.4456946 -0.8409757 -0.1934097 -0.5071735 -0.8398618 -0.1934102 -0.507177 -0.8398595 -0.04777866 -0.5406972 -0.8398594 -0.04777848 -0.5406982 -0.8398587 0.1014752 -0.5332356 -0.8398587 0.1014745 -0.533234 -0.8398597 0.2430371 -0.485354 -0.8398598 0.2430369 -0.4853538 -0.8398599 0.3497136 -0.4128717 -0.8409741 0.3497173 -0.4128751 -0.8409709 -0.4782299 -0.69477 -0.5372064 -0.3009266 -0.7891152 -0.5354815 -0.3009265 -0.7891122 -0.5354861 -0.07433873 -0.8412657 -0.5354864 -0.07433849 -0.8412667 -0.5354849 0.1578837 -0.8296557 -0.535485 0.1578844 -0.829657 -0.5354828 0.3781412 -0.7551604 -0.5354829 0.3781397 -0.755159 -0.535486 0.5451474 -0.6435989 -0.5372102 0.545147 -0.6435985 -0.537211 -0.8523483 -0.5183046 -0.06973284 -0.8525263 -0.5178601 -0.07085144 -0.4738912 -0.8667937 -0.155228 -0.5174517 -0.8448027 -0.1362062 -0.5324375 -0.8236703 -0.1951352 -0.005684912 -0.9396257 -0.3421568 -0.005684733 -0.9396259 -0.3421562 0.09848785 -0.9178282 -0.3845669 -0.6496044 -0.7589179 -0.04536205 -0.8466001 -0.5265791 0.07734692 -0.685186 -0.7203034 -0.1080894 -0.6851867 -0.7203049 -0.1080745 -0.6851894 -0.7203004 -0.1080864 -0.7978608 -0.5993779 -0.06453096 -0.7942572 -0.6057015 -0.04776072 -0.8479375 -0.5248906 -0.07410621 -0.8523499 -0.5183023 -0.06973165 -0.4747593 -0.8658564 -0.1577858 -0.05866307 -0.9506683 -0.3046119 -0.2403034 -0.9382238 -0.2489784 -0.06170153 -0.9474452 -0.3139115 0.1066597 -0.9278624 -0.3573443 -0.05440914 -0.9541781 -0.2942512 -0.05441945 -0.9541788 -0.2942475 -0.5106542 -0.820891 -0.2556762 -0.7178785 -0.6825169 -0.13719 -0.506812 -0.8310146 -0.2292515 -0.2567008 -0.9135298 -0.3155437 -0.04158246 -0.9335014 -0.3561546 0.02331066 -0.9301546 -0.3664276 -0.04268467 -0.9301441 -0.3647053 0.9000948 -0.4296661 -0.07222574 -0.2181281 -0.958468 -0.1837368 -0.2332518 -0.9669459 -0.1030012 -0.2120953 -0.959323 -0.1863197 0.01371031 -0.9721394 -0.234002 -0.2039052 -0.9668323 -0.1538113 -0.168203 -0.9682472 -0.184946 -0.1655651 -0.9683429 -0.1868158 -0.1527725 -0.9737983 -0.1684554 -0.1217663 -0.9685864 -0.2168257 -0.09345513 -0.9593889 -0.266156 -0.0934568 -0.9593879 -0.2661594 -0.09345763 -0.9593881 -0.2661581 0.3088786 -0.9136058 -0.2644214 0.2558325 -0.922036 -0.2905159 0.2415125 -0.9393482 -0.2435091 0.1864654 -0.9439387 -0.2724158 0.9000923 -0.4296708 -0.07222825 0.9828508 -0.1199535 0.1400551 0.9776874 -0.129894 0.1650906 0.9354719 -0.3527731 0.02105724 -0.2300748 -0.9686326 -0.09389621 -0.2111291 -0.9773873 0.0117737 -0.2169651 -0.9707386 -0.1029212 0.1692815 -0.98538 0.01923567 0.1692851 -0.9853795 0.01923167 -0.08910459 -0.9911258 -0.09864121 0.06454157 -0.9808036 0.1840074 0.006820797 -0.9737181 0.2276547 -0.1376042 -0.982343 -0.1267569 -0.1966705 -0.9804559 0.005195438 -0.006839454 -0.9888383 -0.1488358 0.05731618 -0.9934216 -0.0991379 0.1692758 -0.9853813 0.0192241 -0.0222097 -0.9401342 -0.3400799 -0.02395015 -0.9412671 -0.3368126 0.01104444 -0.9341011 -0.3568378 -0.011231 -0.9310005 -0.3648449 -0.01123064 -0.9309999 -0.3648468 0.5873805 -0.7756369 -0.2310228 0.3204107 -0.8933121 -0.3151671 0.1352233 -0.9213697 -0.3644071 0.1185993 -0.9223561 -0.3676867 0.135138 -0.9217743 -0.3634141 0.07720518 -0.9823335 -0.1704707 -0.02165985 -0.956708 -0.2902424 -0.01324421 -0.9514781 -0.3074315 0.09028154 -0.9662808 -0.2411445 0.1350482 -0.9806829 -0.141503 -0.06267791 -0.9352601 -0.3483677 -0.06267964 -0.9352616 -0.3483632 0.4088549 -0.9079099 -0.09239715 0.4654785 -0.884194 0.0391246 0.459021 -0.8868979 0.0520749 0.3504855 -0.9353641 -0.04747492 0.3504874 -0.9353632 -0.04747778 0.04916405 -0.9681535 -0.2454825 0.366106 -0.9242838 -0.1080086 0.397049 -0.8985059 -0.1871873 0.478116 -0.8681047 -0.1334142 0.4983223 -0.8436728 -0.1997278 0.5736401 -0.8054102 -0.1491695 0.5880844 -0.7803996 -0.212446 0.4927394 -0.8270242 -0.2706263 0.5891612 -0.7692011 -0.2474244 0.9354723 -0.3527725 0.02105569 0.9354704 -0.3527771 0.02105522 0.692511 -0.7161879 -0.08662176 0.8829642 -0.4314815 0.1849271 0.883458 -0.4310563 0.1835548 0.889006 -0.4147238 0.1940942 0.8890058 -0.414724 0.1940941 -0.2993671 -0.948578 -0.1028555 -0.27819 -0.9549899 -0.1029779 -0.2780534 -0.9061613 0.3186817 -0.3177559 -0.8188064 -0.4781079 -0.6478205 -0.7548151 -0.1028733 -0.3177557 -0.8188065 -0.4781079 -0.3894057 -0.9043608 0.1746272 -0.4492689 -0.8479441 0.2813329 -0.3612503 -0.8389737 -0.4069661 -0.4274638 -0.8067892 -0.4078799 -0.4855074 -0.8731218 0.04405474 -0.5474306 -0.7928872 -0.2676743 -0.5506825 -0.7906389 -0.2676547 -0.5524587 -0.8001655 -0.233505 -0.5639243 -0.8096532 -0.1626376 -0.5605978 -0.8119642 -0.1626167 -0.6512107 -0.757271 -0.04965215 -0.64932 -0.7535243 -0.1028824 -0.9811831 -0.1176268 0.1531127 -0.7685772 -0.5293959 -0.3592061 -0.9764248 -0.002539753 -0.2158429 -0.976425 -0.002538084 -0.2158421 -0.8448143 -0.4030376 -0.3519227 -0.8570978 -0.3833113 -0.344174 -0.8452467 -0.4036632 -0.3501627 -0.7611793 -0.6348889 -0.1323714 -0.7449033 -0.6160114 -0.2562207 -0.7449029 -0.6160128 -0.2562186 -0.8377431 -0.5322804 -0.121919 -0.7209542 -0.6558513 -0.2237952 -0.7209533 -0.6558529 -0.2237932 -0.7809647 -0.5567882 -0.2829859 -0.919624 -0.2550472 -0.2987352 -0.9304773 -0.2856777 -0.229347 -0.88621 -0.3718212 -0.2763709 -0.8818926 -0.4605222 -0.1009203 -0.8425859 -0.4741452 -0.2554122 -0.7809669 -0.5567862 -0.2829838 -0.7809659 -0.5567957 -0.2829677 -0.8358208 -0.5080071 -0.2081646 -0.9916681 -0.08342063 0.09815984 -0.9049141 -0.4147536 -0.09544599 -0.9053837 0.4157347 -0.08628469 -0.967615 0.2184506 -0.1264934 -0.7472082 0.6410636 0.1752638 -0.8453268 0.4546513 0.2805615 -0.8453269 0.4546514 0.2805614 -0.9691228 -0.162706 -0.1852774 -0.7472101 0.6410617 0.1752631 -0.7472082 0.6410638 0.1752633 -0.7037001 -0.6830135 -0.1957007 -0.7037067 -0.6830066 -0.1957011 -0.7037085 -0.6830043 -0.195703 -0.768576 -0.5293924 -0.3592141 -0.7685827 -0.5293884 -0.3592054 -0.8820316 -0.3831139 -0.2743063 -0.7588406 -0.5581433 -0.3356145 -0.7588402 -0.5581387 -0.335623 -0.7147328 -0.6917849 -0.1029116 -0.7512077 -0.6574629 0.05856287 -0.7075632 -0.6991107 -0.1029499 -0.7181765 -0.6896063 -0.09309011 -0.8523719 -0.5225079 0.02115982 -0.8436226 -0.5360696 0.03050053 -0.8946539 -0.411888 0.1730393 -0.9392313 -0.3367568 0.06662881 -0.7055214 -0.6664776 -0.2409299 -0.7055158 -0.6664819 -0.2409342 -0.9909127 -0.110634 -0.0764988 -0.9909127 -0.1106351 -0.07649701 -0.9966094 -0.08111286 -0.01379925 -0.963598 -0.2546427 -0.08146178 -0.9617687 -0.1964348 -0.1908256 -0.9920288 -0.0390346 -0.1198126 -0.9769546 0.002553343 -0.2134319 -0.9173497 0.3965872 -0.03447103 -0.4869806 -0.844189 -0.2240419 -0.6514966 -0.6996414 -0.2933497 -0.6635698 -0.6985329 -0.2678192 -0.6981626 -0.6573232 -0.2837167 -0.7683575 -0.529789 -0.3590966 -0.4802461 -0.843711 -0.2398236 -0.771386 -0.5301052 -0.3520683 -0.8008447 -0.4750822 -0.3646159 -0.7683587 -0.5297876 -0.3590962 -0.8001414 -0.4940192 -0.3401747 -0.8348882 -0.4162056 -0.3601868 -0.7150688 -0.6522994 -0.2513604 -0.7298845 -0.6780679 -0.08656054 -0.3448455 -0.9382857 0.02648562 -0.4054799 -0.9139972 -0.01396304 -0.6243297 -0.7781538 -0.06847614 -0.6243305 -0.7781535 -0.06847488 -0.6595544 -0.7449939 -0.09986013 -0.6464228 -0.756903 -0.09610092 -0.6844825 -0.7175724 -0.1287387 -0.6535636 -0.735273 -0.1795225 -0.1098851 -0.9928414 -0.04681074 -0.2356144 -0.965493 -0.110947 -0.4124195 -0.9055687 -0.09927499 -0.4124174 -0.9055692 -0.09927898 -0.2916648 -0.9545055 -0.0620557 -0.1652082 -0.9860907 0.01820611 -0.2408608 -0.9653853 -0.1000868 -0.8044075 -0.5212902 -0.2849301 -0.8003428 -0.5347937 -0.2710114 -0.8003438 -0.5347929 -0.2710102 -0.7972363 -0.4848108 -0.3596844 -0.7972373 -0.4848106 -0.3596822 -0.8141424 -0.4529254 -0.3633603 -0.8259121 -0.4188484 -0.3774061 -0.8001427 -0.4940187 -0.3401722 -0.8100524 -0.5591884 -0.1764185 -0.7949668 -0.5759025 -0.1906936 -0.7949643 -0.5759098 -0.1906821 -0.8086236 -0.5205337 -0.2741764 -0.7461007 -0.6538092 -0.1259658 -0.7298833 -0.6780688 -0.08656221 -0.105566 -0.9927921 -0.05674332 -0.4341521 -0.8770583 -0.2056227 -0.4623203 -0.874534 -0.1464592 -0.5417599 -0.8172405 -0.1965047 -0.5761104 -0.8068752 -0.1305727 -0.779779 -0.5516714 -0.2959787 -0.7838588 -0.5493732 -0.2894037 -0.8979943 -0.403739 -0.1749315 -0.1650361 -0.0752989 -0.9834089 -0.1397705 -0.1007733 -0.9850426 -0.1426523 -0.1040559 -0.9842879 -0.4389136 -0.3164547 -0.8409585 -0.4389067 -0.3164466 -0.8409652 -0.4389142 -0.3164533 -0.8409588 -0.7986461 -0.575817 -0.1749264 -0.6841787 -0.493287 -0.5371846 -0.6841786 -0.493287 -0.5371849 -0.6841768 -0.493285 -0.5371889 -0.4389341 -0.3164674 -0.8409431 -0.7986477 -0.5758163 -0.1749215 -0.7986457 -0.5758165 -0.1749296 -0.8979941 -0.4037403 -0.1749296 -0.8979935 -0.4037379 -0.1749383 -0.769307 -0.3458802 -0.5371533 -0.7692804 -0.34587 -0.537198 -0.7692882 -0.3458722 -0.5371853 -0.7692885 -0.3458726 -0.5371846 -0.8980051 -0.4037436 -0.174865 -0.4935086 -0.2218813 -0.8409625 -0.4935136 -0.2218853 -0.8409585 -0.4935424 -0.2218962 -0.8409388 -0.1655392 -0.07442623 -0.9833908 -0.1608129 -0.07337242 -0.9842539 -0.9642442 0.2439873 -0.1034564 -0.9745873 3.45736e-4 -0.2240077 -0.8489051 -0.4531964 -0.27198 -0.8385223 -0.4650468 -0.2839221 -0.8635793 -0.4288874 -0.265116 -0.8646396 -0.4214181 -0.2735053 -0.8401511 -0.4561439 -0.2933921 -0.8037933 -0.4726509 -0.361272 -0.805028 -0.4707316 -0.3610286 -0.9642437 0.2439882 -0.1034586 -0.9071965 0.4162228 0.06126278 -0.970257 0.2353305 -0.05675321 -0.9545007 -0.2707769 -0.1249331 -0.9710927 -0.2384294 0.011424 -0.9375005 -0.3275633 -0.1174528 -0.9375069 -0.3275504 -0.1174371 -0.9924578 0.05750471 -0.1082621 -0.9924573 0.05750662 -0.1082659 -0.9750068 0.2167537 0.04878115 -0.9964161 -0.04044502 -0.07429081 -0.9956233 -0.08221244 -0.04444402 -0.9956231 -0.08222973 -0.04441928 -0.8437026 -0.4014967 -0.3563234 -0.8260374 -0.4340426 -0.3595403 -0.8087555 -0.4569321 -0.3703076 -0.8087559 -0.4569332 -0.3703051 -0.8120723 -0.4712178 -0.3442271 -0.8120722 -0.4712172 -0.3442283 -0.8013711 -0.4756017 -0.3627774 -0.8447727 -0.4030005 -0.3520647 -0.9290473 -0.2093721 -0.3050153 -0.9367237 -0.2255527 -0.2677212 -0.9182713 -0.276228 -0.2836827 -0.9205331 -0.2851133 -0.2670755 -0.8467293 -0.4307332 -0.3122795 -0.8706913 -0.4052094 -0.2787507 -0.8706913 -0.4052089 -0.2787514 -0.9079998 0.4120243 -0.07597666 -0.8965527 0.4411051 -0.04024422 -0.9125814 0.4049465 -0.05668884 -0.9735412 0.00193417 -0.2285034 -0.9774221 0.06087493 -0.202337 -0.9885559 0.03658986 -0.1463505 -0.9785948 -0.06109291 -0.196519 -0.9871314 -0.09845054 -0.1260125 -0.963338 -0.1940525 -0.1852662 -0.9588543 -0.1563475 -0.2369682 -0.9852339 -0.1563912 -0.06968539 -0.9545003 -0.2707761 -0.1249378 -0.9545012 -0.2707732 -0.1249372 -0.7964603 -0.565979 -0.2128819 -0.7732739 -0.5302843 -0.3476293 -0.9601774 -0.2597372 -0.1029371 -0.9471035 -0.2651523 -0.1808011 -0.8929372 -0.370261 0.2560664 -0.9616843 -0.2540823 -0.1029834 -0.9470261 -0.2649189 -0.1815475 -0.9470255 -0.2649204 -0.1815485 -0.9317741 -0.3335455 -0.143333 -0.9336981 -0.2911924 -0.2083624 -0.9336989 -0.2911911 -0.2083608 -0.8899596 -0.4317346 -0.1468914 -0.9099366 -0.3437614 -0.2320416 -0.9099375 -0.3437605 -0.2320399 -0.7697975 -0.577584 -0.2716771 -0.7127916 -0.6628895 -0.2291414 -0.7654457 -0.5811378 -0.2763544 -0.1212341 -0.9924123 -0.02049583 0.1402957 -0.9855495 0.09491676 -0.1152352 -0.9927417 -0.03441947 -0.9362136 -0.2518531 -0.2451001 -0.8811849 -0.3763213 0.2861739 -0.8449634 -0.494175 0.2045189 -0.9224428 -0.3753641 -0.09055966 -0.8455892 -0.5336697 -0.01324903 -0.6890669 -0.724678 -0.005351364 -0.8654937 -0.449198 -0.2216797 -0.8788041 -0.3967231 -0.2651681 -0.6438561 -0.763588 0.04881381 -0.643856 -0.763588 0.04881364 -0.8849462 -0.4458124 -0.1346164 -0.8455909 -0.5336672 -0.01324808 -0.8455905 -0.5336677 -0.01324659 -0.8414232 -0.4137742 -0.3475599 -0.8414229 -0.4137815 -0.3475519 -0.8414193 -0.4137822 -0.3475599 -0.8788005 -0.3967248 -0.2651776 -0.8788038 -0.3967221 -0.2651703 -0.8447859 -0.4694967 -0.2567284 -0.8795235 -0.3332762 -0.3396549 -0.8795235 -0.3332761 -0.3396548 -0.7917762 -0.4932849 -0.3602227 -0.7722085 -0.5301857 -0.3501389 -0.6807467 -0.6688349 -0.2987371 -0.4904258 -0.8443409 -0.2158034 -0.4904271 -0.8443399 -0.2158041 0.1316723 -0.9848244 0.1130629 0.1316758 -0.984824 0.1130633 -0.5828598 -0.7976321 -0.1551047 -0.03838694 -0.9710189 0.2358996 -0.03838741 -0.9710188 0.2359003 -0.486378 -0.8472755 -0.2134495 -0.5300565 -0.8394927 -0.1195498 -0.6516404 -0.7341089 -0.1909163 -0.6908487 -0.7146258 -0.109718 -0.6886225 -0.7169433 -0.108588 -0.7034943 -0.6801515 -0.2061305 -0.6917347 -0.7221509 0.001045048 -0.9835299 -0.17834 -0.02938991 -0.9791434 -0.175225 -0.1028317 -0.9791467 -0.1752262 -0.1027989 -0.9827889 -0.06033533 -0.1746015 -0.9829266 -0.0580883 -0.1745882 -0.9866855 -0.06058108 -0.1509358 -0.9791467 0.1752262 -0.1027989 -0.9929663 -0.05868077 -0.1028328 -0.9929663 0.05868077 -0.1028328 -0.9866855 0.06058108 -0.1509358 -0.9829266 0.0580883 -0.1745882 -0.9827889 0.06033533 -0.1746015 -0.9836943 0.1771811 -0.03085941 -0.9787374 0.177471 -0.1028451 -0.9592293 0.2632087 -0.1029573 -0.5924566 0.7909178 0.1531153 -0.8427568 0.4009134 -0.3592067 -0.4904111 0.8443394 -0.2158426 -0.4904097 0.8443403 -0.2158418 -0.7714501 0.5301088 -0.3519226 -0.7605144 0.5505992 -0.3441781 -0.7721999 0.5301843 -0.3501597 -0.9059327 0.3371017 -0.2562195 -0.9059337 0.3371006 -0.2562173 -0.8798393 0.4593677 -0.1219181 -0.8726735 0.3979461 -0.2829838 -0.6806876 0.6688962 -0.2987345 -0.7126414 0.6629804 -0.2293453 -0.7651101 0.5815725 -0.2763693 -0.8397676 0.5334843 -0.1009202 -0.8319155 0.4926262 -0.2554133 -0.8726721 0.3979501 -0.2829825 -0.8726822 0.3979429 -0.2829616 -0.8578553 0.4698433 -0.2081623 -0.5680751 0.8171016 0.09816151 -0.8116456 0.5762994 -0.09544801 -0.09265905 0.9919521 -0.0862869 -0.2946289 0.9472026 -0.126496 0.181571 0.9676337 0.1752629 -0.02891629 0.9593992 0.2805653 -0.028916 0.9593995 0.2805647 -0.6254653 0.7579355 -0.1852756 0.1815696 0.967634 0.1752622 0.1815713 0.9676337 0.1752623 -0.9284616 0.2964351 -0.2237975 -0.9284639 0.2964312 -0.2237928 -0.9304227 0.341739 -0.1323941 -0.9433552 0.2679191 -0.1957049 -0.9433556 0.2679182 -0.1957044 -0.8427543 0.4009139 -0.3592123 -0.8427541 0.4009212 -0.3592044 -0.7728043 0.5723015 -0.2743074 -0.8627867 0.3781026 -0.3356153 -0.8627868 0.3781025 -0.335615 -0.9564703 0.2730912 -0.1028875 -0.9449949 0.3218125 0.05849123 -0.9592282 0.2632413 -0.1028843 -0.9563057 0.2771515 -0.09309315 -0.878704 0.4768984 0.02114725 -0.8860683 0.4625514 0.03048056 -0.8040302 0.5688523 0.1730394 -0.7612538 0.6450216 0.06663101 -0.9299479 0.2777546 -0.2409341 -0.9299443 0.277781 -0.2409178 -0.5912728 0.802835 -0.07650089 -0.5912727 0.8028351 -0.07650113 -0.5685536 0.8225305 -0.01380175 -0.7023373 0.7071671 -0.0814687 -0.651013 0.734687 -0.1908329 -0.529816 0.8396072 -0.1198113 -0.4862626 0.8473466 -0.2134302 -0.1152142 0.9927425 -0.03446799 -0.9638215 0.240414 -0.1151054 -0.9745792 -3.56137e-4 -0.2240428 -0.8447712 0.4029984 -0.3520709 -0.9707981 -0.005949497 -0.2398241 -0.9316564 0.2143885 -0.2933493 -0.9367331 0.2253986 -0.2678185 -0.91834 0.2759643 -0.2837169 -0.7956756 0.4747737 -0.3761518 -0.8129994 0.4542831 -0.3642236 -0.8429914 0.4005199 -0.359095 -0.8279069 0.4459292 -0.3401722 -0.7778937 0.5149259 -0.3601843 -0.9224425 0.2931177 -0.25136 -0.9915396 -0.1297819 -0.002425312 -0.9873126 -0.1580463 0.0153383 -0.9934267 0.1117241 -0.02492237 -0.9934261 0.1117319 -0.0249111 -0.9961611 0.06916856 -0.05365532 -0.9638248 0.2403855 -0.1151372 -0.9744836 0.1977249 -0.1062386 -0.9636785 0.2339886 -0.1287358 -0.9635482 0.1983612 -0.1795207 -0.9147774 -0.4012429 -0.0467596 -0.9540662 -0.2782168 -0.1111451 -0.9879791 -0.1271977 -0.08785247 -0.9879797 -0.1271954 -0.08784824 -0.969094 -0.2405797 -0.05457234 -0.9373669 -0.3480544 0.01419782 -0.9566046 -0.2736031 -0.1002444 -0.8536518 0.4359952 -0.2849327 -0.8633173 0.4257198 -0.271009 -0.8633171 0.4257215 -0.2710072 -0.8184779 0.4480213 -0.3596815 -0.8184778 0.4480209 -0.3596825 -0.7993159 0.4786051 -0.3633608 -0.775712 0.5058111 -0.3773935 -0.827907 0.4459294 -0.3401719 -0.8889091 0.4230571 -0.1756794 -0.8962313 0.400507 -0.190692 -0.8962342 0.4005039 -0.1906857 -0.8551103 0.4400178 -0.2741729 -0.9316568 0.3338726 -0.1433334 -0.9598439 0.2749629 -0.05563199 -0.9125683 -0.4049677 -0.05674594 -0.9766307 -0.06253409 -0.2056259 -0.9885286 -0.03687751 -0.1464626 -0.9786287 0.06057298 -0.1965117 -0.9868271 0.0955041 -0.1305806 -0.8676471 0.3994792 -0.2959812 -0.8676967 0.4041624 -0.2894052 -0.8980051 0.4037436 -0.174865 -0.4935424 0.2218962 -0.8409388 -0.4935136 0.2218853 -0.8409585 -0.7692886 0.3458724 -0.5371847 -0.7692804 0.34587 -0.537198 -0.769307 0.3458802 -0.5371533 -0.4935086 0.2218813 -0.8409625 -0.8979943 0.403739 -0.1749315 -0.8979935 0.403738 -0.1749384 -0.7986453 0.5758164 -0.1749318 -0.8979941 0.4037403 -0.1749296 -0.7986454 0.5758168 -0.1749296 -0.7986481 0.5758165 -0.174919 -0.7692881 0.3458724 -0.5371854 -0.6841788 0.4932866 -0.537185 -0.6841775 0.4932862 -0.537187 -0.4389126 0.3164522 -0.84096 -0.438908 0.3164481 -0.840964 -0.4389136 0.3164547 -0.8409585 -0.4389342 0.3164674 -0.8409431 -0.6841784 0.4932861 -0.5371859 -0.1439508 0.1025832 -0.9842534 -0.1472258 0.1061485 -0.9833906 -0.1477277 0.1052803 -0.9834086 -0.1571576 0.0706579 -0.9850425 -0.161439 0.07151186 -0.9842883 -0.2998518 0.9481351 -0.1054926 -0.4869937 0.8441908 -0.2240068 -0.8151075 0.499521 -0.2933914 -0.797277 0.5380942 -0.2735033 -0.8032145 0.533442 -0.2651154 -0.8112223 0.4597847 -0.3612703 -0.2998519 0.9481351 -0.1054923 0.03943401 0.990124 0.134534 -0.2478924 0.967935 -0.0406354 -0.7118005 0.6910738 -0.1255276 -0.8192479 0.5060142 -0.2697823 -0.8199864 0.4981834 -0.2818435 -0.8169421 0.5085416 -0.2720131 -0.6987018 0.7149653 -0.02530616 -0.7643957 0.6358633 -0.1066639 -0.4722326 0.8743914 -0.1115161 -0.4722323 0.8743916 -0.1115169 -0.2480996 0.9655821 0.07808828 -0.5802522 0.8087908 -0.0957331 -0.5802543 0.8087897 -0.09572982 -0.8101816 0.4618059 -0.3610277 -0.8000969 0.4719305 -0.3703058 -0.8025013 0.471736 -0.3653175 -0.7695565 0.5299211 -0.3563237 -0.7695603 0.5299167 -0.3563221 -0.8141227 0.4676659 -0.3442278 -0.8141263 0.4676648 -0.3442209 -0.8125733 0.456194 -0.3627831 -0.7713887 0.5301054 -0.3520622 -0.6458502 0.6998873 -0.3050171 -0.6637007 0.698445 -0.2677234 -0.6983592 0.6571283 -0.2836841 -0.7071841 0.6546448 -0.2670785 -0.7963919 0.5179194 -0.3122811 -0.7862678 0.5514352 -0.2787511 -0.7862677 0.5514352 -0.2787511 -0.09912586 0.9925005 -0.07153218 -0.04416382 0.9985435 -0.03099143 -0.1055907 0.9927926 -0.05668634 -0.4850948 0.844079 -0.2285032 -0.435983 0.8769153 -0.2023325 -0.4625815 0.8744149 -0.1463454 -0.5422003 0.8169456 -0.1965161 -0.5788213 0.8056598 -0.1260088 -0.6497189 0.7372537 -0.1852629 -0.6052588 0.7556349 -0.250355 -0.6287596 0.7744075 -0.07038813 -0.7118026 0.6910719 -0.1255257 -0.711802 0.6910727 -0.1255255 -0.8883818 0.4067663 -0.2128824 -0.8458781 0.4045293 -0.3476296 -0.7050273 0.7016661 -0.1029617 -0.7029347 0.6876902 -0.1815626 -0.7671243 0.5881655 0.2560892 -0.7008854 0.7058016 -0.1029759 -0.7029405 0.6876828 -0.1815683 -0.7029281 0.6876958 -0.1815667 -0.754734 0.6401777 -0.1433497 -0.7190278 0.6630128 -0.2083586 -0.7190303 0.6630083 -0.2083638 -0.8188686 0.5548655 -0.1468964 -0.7526708 0.6161509 -0.2320449 -0.7526706 0.6161513 -0.2320441 -0.8851054 0.3778647 -0.2716738 -0.9304736 0.2858541 -0.2291429 -0.8860024 0.3723276 -0.2763548 -0.9200697 -0.3912183 -0.02049374 -0.7833647 -0.6142724 0.09491586 -0.9173593 -0.3965691 -0.03442203 -0.6862209 0.6848579 -0.2450929 -0.7664965 0.5749697 0.2861695 -0.8504487 0.4846779 0.2045098 -0.7862982 0.6111752 -0.09055358 -0.884969 0.4654617 -0.0132429 -0.972124 0.2344061 -0.005349755 -0.8217669 0.5249364 -0.221678 -0.7829721 0.5627061 -0.2651727 -0.9832161 0.1757916 0.04882067 -0.9832161 0.1757915 0.04882043 -0.828559 0.5434786 -0.1346145 -0.8849696 0.4654608 -0.0132355 -0.8849685 0.4654628 -0.0132417 -0.7790548 0.5218015 -0.3475583 -0.7790521 0.5218032 -0.3475618 -0.7790527 0.521805 -0.3475578 -0.7829719 0.5627021 -0.2651821 -0.782971 0.5627081 -0.2651718 -0.8289906 0.4968556 -0.2567275 -0.7283878 0.5950503 -0.3396561 -0.7283879 0.5950511 -0.3396548 -0.8230972 0.4390379 -0.3602178 -0.8452519 0.4036701 -0.3501421 -0.9196002 0.2551296 -0.298738 -0.9764335 0.002551674 -0.2158036 -0.9764333 0.002553343 -0.2158043 -0.7870483 -0.6064422 0.1130611 -0.7870468 -0.6064441 0.1130613 -0.9821999 0.1059532 -0.1551038 -0.8601151 -0.4522728 0.2359051 -0.8601151 -0.4522733 0.2359045 -0.9769513 -0.002422928 -0.2134488 -0.9920504 0.03929471 -0.1195493 -0.9615756 0.1972877 -0.1909185 -0.9643071 0.2409832 -0.1097216 -0.9651995 0.2379018 -0.1085936 -0.9407819 0.2691668 -0.2061035 -0.9712683 0.2379848 0.00105524 -0.6520141 0.7566508 -0.04854935 -0.6478205 0.7548151 -0.1028724 -0.6478204 0.7548151 -0.1028733 -0.5605978 0.8119642 -0.1626167 -0.5639243 0.8096532 -0.1626377 -0.5524587 0.8001655 -0.233505 -0.5506825 0.7906389 -0.2676546 -0.5474306 0.7928872 -0.2676743 -0.4855075 0.8731219 0.04405432 -0.4274638 0.8067892 -0.4078799 -0.2993671 0.948578 -0.1028555 -0.4274637 0.8067892 -0.4078799 -0.3894053 0.9043611 0.1746266 -0.3590071 0.9251049 0.1236721 -0.347413 0.8068364 -0.4778276 -0.3177559 0.8188064 -0.4781079 -0.2780534 0.9061613 0.3186817 -0.27819 0.9549899 -0.1029779 -0.2316346 0.9673385 -0.1029641 0.7366831 0.6739509 -0.05557227 0.8989397 0.4335708 -0.06264042 -0.005790889 0.9282441 -0.3719264 0.3102976 0.9114412 -0.2701673 0.09482765 0.9433932 -0.3178317 0.1871012 0.9437919 -0.2724887 0.5873824 0.7756263 -0.2310534 0.5873839 0.7756254 -0.2310528 0.3204813 0.8932878 -0.3151644 0.1352249 0.9213636 -0.3644219 0.1763244 0.9177669 -0.3558281 0.1355426 0.9199218 -0.3679295 -0.08083295 0.9397386 -0.3322008 0.1683936 0.9598716 -0.2242545 0.03542 0.9611914 -0.2735991 -0.02326208 0.9664215 -0.2559069 -0.1729186 0.9615811 -0.2132158 -0.1729169 0.9615809 -0.2132177 -0.1207665 0.9835156 -0.1345825 -0.206473 0.9599164 -0.1895504 -0.2119644 0.9594792 -0.1856625 -0.08641213 0.9719622 -0.2186832 -0.01707094 0.9673606 -0.2528282 -0.08641582 0.9719625 -0.2186809 -0.08641302 0.9719616 -0.2186853 0.004281222 0.9816474 -0.1906567 -0.01426094 0.9879003 -0.1544331 0.03056204 0.9923182 -0.1198772 0.3706362 0.9223749 0.1088728 0.3706355 0.9223751 0.108874 0.1827691 0.9739045 -0.1345566 -0.02140027 0.9669494 -0.2540687 -0.02326256 0.9664217 -0.2559059 0.8953065 0.4439471 -0.0365709 0.758566 0.6322227 -0.1577093 0.6218549 0.746713 -0.2360431 0.9566509 0.03944522 0.2885535 0.6987152 0.7036598 0.1290738 0.6987143 0.7036603 0.1290758 0.5482945 0.8300527 -0.1019101 0.9270496 0.34542 0.1458222 0.9216813 0.3519442 0.1632143 0.956651 0.03944772 0.2885527 0.956651 0.0394451 0.2885532 -0.2201549 0.9700153 -0.1029664 -0.2408006 0.9571732 -0.1607312 -0.2323979 0.9586939 -0.1640034 -0.1807045 0.9720273 -0.1500294 -0.005790531 0.9282435 -0.3719279 0.1231857 0.9440732 -0.3058612 0.09196931 0.9433671 -0.3187479 0.05048882 0.9431899 -0.3283956 -0.08083194 0.9397378 -0.3322033 -0.1496576 0.9787993 0.1398376 -0.1496593 0.9787989 0.1398385 -0.1621227 0.9829654 -0.08657568 0.1034483 0.9834549 0.1487107 0.1168273 0.9832668 0.1397774 0.02185845 0.9988729 0.04213351 0.02185589 0.9988728 0.0421366 0.5835352 0.8114716 0.03163206 0.5835365 0.8114708 0.0316295 0.5763159 0.8170884 0.01505309 0.3545549 0.9318141 -0.07754504 0.3945332 0.9014823 -0.1779699 0.4811907 0.8650792 -0.141752 0.4957212 0.8475784 -0.1893979 0.5760355 0.801905 -0.1585288 0.5915043 0.7731174 -0.228937 0.8953108 0.4439385 -0.03656625 -0.0415827 0.9335013 -0.3561546 -0.5088574 0.8258475 -0.2429816 -0.8497012 0.5245136 -0.05379188 -0.7632926 0.6335741 -0.1263656 -0.6662093 0.7413691 -0.08085203 -0.6662093 0.7413693 -0.08085066 -0.6662092 0.7413693 -0.08085054 0.1601403 0.9185882 -0.3613181 0.1466386 0.9221364 -0.3579967 -0.06761324 0.9476877 -0.3119558 -0.06753987 0.9476867 -0.3119747 -0.04308778 0.9289047 -0.3678038 -0.04309034 0.9289046 -0.3678036 0.06327348 0.9260851 -0.3719717 -0.002951562 0.9360849 -0.3517619 -0.002951502 0.9360848 -0.3517622 -0.4728935 0.8742473 -0.109834 -0.814677 0.579096 0.03080809 -0.4871599 0.8603004 -0.1501946 -0.06490987 0.9508135 -0.3028869 -0.5179847 0.8441557 -0.1381769 -0.5324374 0.8236703 -0.1951352 -0.8207709 0.5691221 -0.04934698 -0.7601037 0.6406458 -0.1086986 -0.06755876 0.9476872 -0.3119692 -0.2403024 0.9382252 -0.2489743 -0.2541593 0.9178227 -0.3049663 -0.7178785 0.6825169 -0.1371901 -0.5106542 0.820891 -0.2556762 -0.8525263 0.5178601 -0.0708515 0.1170066 0.1400393 -0.9832082 -0.1112197 0.1361698 -0.9844227 -0.09334039 0.1356041 -0.9863564 -0.3067924 0.4457054 -0.8409668 -0.3067218 0.4456135 -0.8410412 -0.5582523 0.8110229 -0.1749172 -0.4782299 0.6947673 -0.53721 -0.5582493 0.8110213 -0.1749349 -0.5582495 0.8110207 -0.1749369 -0.5582504 0.8110204 -0.1749355 -0.350871 0.9200837 -0.1741714 -0.3508722 0.9200842 -0.1741657 0.6363641 0.7512902 -0.1749396 0.4409013 0.8804935 -0.1741761 0.4409012 0.8804939 -0.174174 0.1840866 0.9673549 -0.1741739 0.1840878 0.9673543 -0.1741757 0.1840881 0.9673546 -0.1741744 -0.08667689 0.9808925 -0.1741746 -0.08667647 0.9808932 -0.1741716 -0.08667206 0.9808948 -0.174165 0.6363644 0.7512885 -0.1749457 0.6363639 0.7512902 -0.1749398 0.6363645 0.7512906 -0.1749362 0.5451468 0.6435992 -0.5372104 0.3497116 0.4128683 -0.8409765 0.5451492 0.6436011 -0.5372058 0.3497304 0.4128872 -0.8409594 0.3497114 0.4128683 -0.8409767 0.1180244 0.1393393 -0.983186 0.1133406 0.1356568 -0.9842516 0.08017861 0.1509273 -0.9852879 0.06846916 0.1367355 -0.9882385 0.0546385 0.1916041 -0.9799502 0.05463868 0.1916041 -0.9799503 0.0270496 0.1421419 -0.9894767 0.01222419 0.203333 -0.9790334 -0.01676321 0.1897057 -0.9816978 -0.01996958 0.1295953 -0.9913659 0.01222407 0.203333 -0.9790334 -0.1019809 0.1607782 -0.9817078 -0.1019805 0.1607785 -0.9817078 -0.05694705 0.1493315 -0.9871459 -0.05739271 0.1519373 -0.9867224 -0.02880012 0.1869156 -0.9819537 0.3497136 0.4128717 -0.8409741 0.2430369 0.4853538 -0.83986 0.243037 0.4853541 -0.8398597 0.1014749 0.533234 -0.8398597 0.1014748 0.5332356 -0.8398587 -0.04777878 0.5406983 -0.8398587 -0.04777842 0.5406972 -0.8398594 -0.193411 0.5071768 -0.8398594 -0.193409 0.5071738 -0.8398617 -0.3067843 0.4456943 -0.8409757 -0.306787 0.4456964 -0.8409734 0.545147 0.6435993 -0.5372103 0.3781403 0.7551587 -0.535486 0.3781406 0.7551608 -0.535483 0.157884 0.8296571 -0.5354828 0.1578842 0.8296556 -0.535485 -0.07433885 0.8412667 -0.5354849 -0.07433843 0.8412659 -0.5354864 -0.3009255 0.7891125 -0.5354862 -0.3009276 0.7891148 -0.5354815 -0.4782305 0.6947696 -0.5372064 -0.4782289 0.6947678 -0.5372103 0.8998029 0.4306886 -0.06972914 0.8999348 0.43023 -0.07084858 0.5578843 0.8152645 -0.1552702 0.5991443 0.7889715 -0.1361988 0.6119485 0.7664477 -0.195133 0.09939169 0.9343717 -0.3421564 0.09939134 0.9343723 -0.3421546 -0.006447553 0.9230749 -0.3845666 0.7219603 0.6904419 -0.0454235 0.89488 0.4395614 0.07730191 0.753621 0.6483615 -0.1080868 0.7536211 0.6483616 -0.1080854 0.7536214 0.648361 -0.1080867 0.8536698 0.5168015 -0.06453084 0.8507148 0.5234534 -0.04775941 0.8960673 0.437689 -0.07410585 0.8997988 0.4306964 -0.0697332 0.558659 0.8142411 -0.1578336 0.1525806 0.9401205 -0.3047828 0.3327 0.9095628 -0.2490108 0.155904 0.9365648 -0.3139116 -0.01357012 0.9338741 -0.3573442 0.149336 0.9439909 -0.2942447 0.1492388 0.9439958 -0.2942782 0.589991 0.7658588 -0.2556775 0.7823836 0.6074994 -0.1371877 0.5871776 0.7763157 -0.229252 0.3465452 0.8833677 -0.3155438 0.1344791 0.9246988 -0.3561567 0.06957739 0.9278409 -0.366429 0.1352543 0.9212466 -0.3647068 -0.8527418 0.5173145 -0.0722295 0.31648 0.9305258 -0.184288 0.3317381 0.9377327 -0.1029911 0.3075589 0.9327509 -0.1881044 0.294461 0.9468985 -0.1291348 0.278078 0.9408814 -0.1934289 0.2710514 0.9418617 -0.1985644 0.05796164 0.9739226 -0.2193523 0.234007 0.9618664 -0.141611 0.2382919 0.9449922 -0.2240687 0.2382877 0.9449921 -0.2240733 0.1989989 0.9436864 -0.2643017 0.1990176 0.9436753 -0.2643273 0.1990203 0.9436759 -0.2643229 -0.2161992 0.9398609 -0.2644225 -0.162576 0.9429574 -0.2905174 -0.1466009 0.9587542 -0.2435129 -0.0913738 0.9578306 -0.2724176 -0.8527413 0.5173155 -0.07223004 -0.9659836 0.2173935 0.1400563 -0.9598544 0.2267693 0.1650918 -0.8956159 0.4443297 0.02105569 0.3233103 0.94295 -0.07947218 0.3075712 0.951452 0.01178789 0.3127162 0.9442527 -0.1029344 -0.07013636 0.9973522 0.01922273 -0.07013362 0.9973523 0.01922577 0.1875239 0.9772947 -0.09864026 0.03362482 0.9823529 0.1839895 0.09035223 0.969545 0.2276378 0.234902 0.9637215 -0.1267361 0.2934799 0.955951 0.005204737 0.08432835 0.9876124 -0.1323271 0.04205393 0.9941855 -0.09912919 -0.07013249 0.9973526 0.0192151 0.1031056 0.9264255 -0.3620843 0.1101371 0.9246259 -0.3646051 0.1101379 0.9246269 -0.3646022 -0.5070816 0.8303593 -0.231023 -0.2296985 0.9208186 -0.3151692 -0.042656 0.9302634 -0.3644044 -0.0259211 0.9295821 -0.3677024 -0.04251587 0.9306595 -0.3634077 -0.03522235 0.9915343 -0.1249763 0.1263337 0.9492962 -0.2878829 0.1147127 0.9436851 -0.3103214 -0.02559179 0.9756894 -0.2176588 -0.05367803 0.9817337 -0.1825313 0.1720213 0.9210444 -0.3494079 0.1689546 0.9188162 -0.3566946 0.09382116 0.9412242 -0.3244915 0.1026021 0.9261356 -0.3629678 -0.316252 0.9441649 -0.09239661 -0.3749558 0.9262171 0.03911763 -0.3682588 0.928264 0.05207175 -0.2554349 0.96566 -0.04747372 -0.2554333 0.9656605 -0.04747146 0.04766201 0.9682281 -0.2454848 -0.2720815 0.9561933 -0.1080085 -0.3054419 0.9336305 -0.1871879 -0.3891354 0.9114679 -0.1334159 -0.4116778 0.8891735 -0.1997296 -0.4904472 0.8586102 -0.1491642 -0.5073143 0.8351652 -0.2124416 -0.4077867 0.8720501 -0.2706267 -0.5094956 0.824133 -0.2474247 -0.8956161 0.4443293 0.0210545 -0.8956152 0.4443311 0.02105432 -0.6176145 0.7816961 -0.08662396 -0.835521 0.5174031 0.184929 -0.8360549 0.5170292 0.1835562 -0.8432049 0.5013302 0.1940968 -0.8432053 0.5013297 0.194096 0.3926057 0.9139361 -0.1028668 0.6477286 0.7548939 -0.1028727 0.3744279 0.9215226 -0.1029549 0.3703723 0.8803024 0.2964661 0.4043672 0.7836465 -0.4715774 0.4281356 0.771049 -0.4713633 0.4444516 0.8613299 -0.2461169 0.4814198 0.8670125 0.1285476 0.5228058 0.7712624 -0.3630819 0.5322664 0.7647941 -0.3630186 0.5537792 0.8169562 -0.1609693 0.5701851 0.8192821 -0.06054657 0.6430109 0.7518116 -0.1460005 0.6436059 0.7513032 -0.1459966 0.6465216 0.7559292 -0.1028634 0.9524926 0.3045534 0.002228498 0.9126061 -0.4049072 -0.05657178 0.9759508 -0.1476753 -0.1603491 0.9433178 -0.3316358 0.01301115 0.9948356 -0.1014585 -0.00285995 0.9948358 -0.1014575 -0.002858102 0.9739006 0.1439571 -0.1754823 0.9433204 -0.3316286 0.01300543 0.9433171 -0.3316379 0.01300662 0.9627966 0.2514402 -0.09899705 0.9849641 0.1641246 -0.05393505 0.9873225 0.1553843 -0.0324034 0.9595929 0.2789782 -0.03677809 0.8645556 0.4784188 -0.1538146 0.9873224 0.1553854 -0.03240156 0.8866788 0.4623098 0.00838989 0.9764248 0.002539753 -0.2158429 0.976425 0.002538084 -0.2158421 0.7685745 0.5293973 -0.3592098 0.8570985 0.3833101 -0.3441736 0.8448141 0.4030375 -0.351923 0.8818886 0.4605367 -0.1008879 0.88621 0.3718212 -0.2763709 0.9304773 0.2856777 -0.229347 0.919624 0.2550472 -0.2987352 0.8452469 0.403663 -0.3501628 0.8377507 0.5322706 -0.1219087 0.8665125 0.4925778 -0.08076572 0.779122 0.601646 -0.1760429 0.7809622 0.5567903 -0.2829886 0.7809622 0.5567901 -0.2829893 0.8358219 0.5080058 -0.2081636 0.7449032 0.6160117 -0.2562203 0.7449031 0.6160118 -0.2562201 0.7037178 0.6830037 -0.1956715 0.7209535 0.6558525 -0.2237936 0.720953 0.6558534 -0.2237925 0.7611783 0.6348897 -0.1323729 0.7037134 0.6830036 -0.1956877 0.7037152 0.6830012 -0.1956896 0.7685752 0.5293993 -0.3592052 0.7685703 0.5294023 -0.3592116 0.8820403 0.383099 -0.2742995 0.758849 0.5581347 -0.3356099 0.7588492 0.5581363 -0.3356068 0.7147328 0.6917849 -0.1029116 0.7512074 0.6574632 0.05856168 0.7075632 0.6991107 -0.1029499 0.7032955 0.6981672 -0.1339328 0.8198953 0.5709871 0.04178047 0.8393165 0.5432815 0.01982527 0.7556805 0.643667 -0.1209949 0.8866809 0.462306 0.008385598 0.9173496 -0.3965874 -0.03447091 0.9769546 -0.002553403 -0.2134319 0.9920288 0.03903454 -0.1198126 0.9617686 0.1964349 -0.1908257 0.9645511 0.2397546 -0.1102669 0.8425816 0.474151 -0.2554157 0.7809622 0.5567911 -0.2829873 0.4058077 0.907343 -0.1097664 0.7865495 0.5129635 -0.3438145 0.7840948 0.5131486 -0.3491045 0.8035686 0.4782777 -0.3542993 0.8112648 0.4555795 -0.3664653 0.8091036 0.4736136 -0.3479104 0.8019939 0.5339391 -0.2677965 0.8057427 0.5212296 -0.2812444 0.6508812 0.744066 -0.1507304 0.5548292 0.8001614 -0.2278295 0.6878739 0.6698132 -0.2796063 0.5617131 0.7994648 -0.2129186 0.5126228 0.8367723 -0.1924315 0.2508503 0.9664742 -0.0547887 0.3982902 0.9087628 -0.1245595 0.2574914 0.9654341 -0.04043734 0.4748899 0.8796196 0.02736586 0.5764452 0.8070218 -0.1281674 0.591542 0.7832484 -0.1913115 0.5413768 0.8340203 -0.1064016 0.5413767 0.8340204 -0.106402 0.7949491 0.5759219 -0.190709 0.8113782 0.5056715 -0.2931926 0.8091027 0.4736139 -0.3479119 0.8406362 0.3957799 -0.3697146 0.6913901 0.6690348 -0.2727126 0.8094379 0.5181093 -0.2763567 0.7836787 0.5877634 -0.2009523 0.7836769 0.5877673 -0.2009478 0.7047188 0.7091836 0.02073681 0.7345219 0.668165 -0.1184619 0.7183603 0.6814389 -0.1399984 0.654166 0.7560607 -0.02095562 0.6684939 0.7333202 -0.1239243 0.2857514 0.9583038 -2.05492e-4 0.5383346 0.8307613 -0.1415333 0.5953298 0.781947 -0.1847737 0.7726614 0.5547156 -0.3086827 0.7859041 0.549089 -0.2843518 0.7981115 0.5186535 -0.3066211 0.8003647 0.5350618 -0.2704169 0.4389126 0.3164522 -0.84096 0.8979943 0.403739 -0.1749315 0.769307 0.3458802 -0.5371533 0.7692804 0.34587 -0.537198 0.7692882 0.3458722 -0.5371853 0.7692885 0.3458726 -0.5371846 0.8980051 0.4037436 -0.174865 0.4935086 0.2218813 -0.8409625 0.4935136 0.2218853 -0.8409585 0.4935424 0.2218962 -0.8409388 0.1608129 0.07337242 -0.9842539 0.1655392 0.07442623 -0.9833908 0.1650361 0.0752989 -0.9834089 0.1397705 0.1007733 -0.9850426 0.1426523 0.1040559 -0.9842879 0.7986453 0.5758164 -0.1749318 0.6841776 0.4932861 -0.537187 0.6841788 0.4932866 -0.537185 0.6841784 0.4932861 -0.5371859 0.4389146 0.3164533 -0.8409586 0.4389293 0.3164731 -0.8409434 0.438908 0.3164481 -0.840964 0.8979926 0.4037398 -0.1749383 0.8979946 0.4037392 -0.1749296 0.7986456 0.5758168 -0.1749296 0.7986472 0.5758166 -0.1749229 0.798649 0.5758152 -0.1749188 0.9745779 -3.60051e-4 -0.2240482 0.8489152 0.4531648 -0.272001 0.8384698 0.4650862 -0.2840127 0.863596 0.4288375 -0.2651422 0.8646506 0.4213814 -0.2735273 0.8402287 0.4560408 -0.29333 0.8038592 0.4725154 -0.3613026 0.8049001 0.4708984 -0.3610963 0.9934398 -0.02589172 -0.1113868 0.9263143 -0.3765754 0.01152348 0.9713838 -0.2133716 -0.1043372 0.9713836 -0.2133718 -0.1043375 0.9714266 0.236985 0.01297938 0.9714282 0.2369774 0.0129981 0.9375306 0.3274506 -0.1175259 0.9375371 0.3274378 -0.1175102 0.9934397 -0.02589553 -0.1113865 0.9934397 -0.02589565 -0.1113867 0.9567937 -0.2784688 0.08367234 0.9895596 0.105314 -0.09839111 0.9895594 0.1053107 -0.0983957 0.8088695 0.456763 -0.3702672 0.8088696 0.4567633 -0.3702664 0.8341918 0.4208303 -0.356407 0.8437029 0.401497 -0.3563224 0.8116592 0.4717181 -0.3445163 0.8116598 0.4717205 -0.3445115 0.8018262 0.4749927 -0.3625695 0.8447709 0.402998 -0.352072 0.9290727 0.2092444 -0.3050255 0.9367269 0.2253564 -0.2678751 0.9183837 0.2758136 -0.2837221 0.9206658 0.2847336 -0.2670231 0.8465662 0.4309076 -0.3124808 0.8706956 0.4051705 -0.2787935 0.8706957 0.4051709 -0.2787929 0.9093025 -0.4100924 -0.07066261 0.8859469 -0.4627997 -0.0302428 0.912566 -0.4049717 -0.05675655 0.9735245 -0.001958906 -0.2285745 0.977415 -0.0611363 -0.2022925 0.9885146 -0.03696221 -0.1465361 0.9786534 0.06026989 -0.1964818 0.9872312 0.09761911 -0.1258774 0.9633265 0.1939202 -0.1854643 0.9595282 0.1604648 -0.231423 0.9853014 0.1560174 -0.06956732 0.9545238 0.2707923 -0.1247232 0.9545238 0.2707928 -0.1247227 0.8381621 0.4134804 -0.3556939 0.9741041 0.1183148 -0.1926727 0.9766976 0.1181573 -0.1791667 0.930892 0.2058383 -0.3017791 0.9308927 0.205833 -0.3017805 0.9469484 0.2198557 -0.2344192 0.9206588 0.2476504 -0.3017558 0.9126063 0.314374 -0.2613785 0.903711 0.2997481 -0.3057081 0.9078142 0.2909995 -0.3019812 0.945025 0.2686453 -0.1864333 0.785066 0.513082 -0.3470135 0.7179546 0.6306977 -0.2945532 0.5164344 0.8563181 0.003829538 0.5225456 0.852459 0.01612031 0.8005217 0.5326219 -0.2747345 0.1246325 0.9901887 0.06318938 0.6766301 0.719781 -0.1552001 0.6105123 0.782293 -0.1236634 0.5741949 0.8102238 -0.1176339 0.7370641 0.6244509 -0.2584522 0.8206692 0.4748337 -0.3178602 0.7916451 0.5427668 -0.2805393 0.9462256 0.2407817 -0.2160585 0.9436029 0.3185567 -0.09019601 0.9162356 0.2623322 -0.3028105 0.9206667 0.2476425 -0.3017382 0.9764537 0.1276947 -0.1738744 0.9911333 0.08550727 -0.101702 0.9899707 0.1021906 -0.09754604 0.9732534 0.211989 -0.08853542 0.9331455 0.2389672 0.2685779 0.9331471 0.2389606 0.2685787 0.8914011 0.3455265 -0.2932842 0.8769473 0.4202698 -0.2331025 0.7188391 0.6803814 0.1426585 0.8533549 0.439103 -0.2810227 0.8386142 0.5223392 0.1545578 0.8409544 0.5172815 0.1587944 0.8553377 0.5068476 0.107252 0.8553359 0.5068509 0.1072507 0.8381617 0.4134805 -0.3556948 0.8153632 0.4504666 -0.3636792 0.7969568 0.4879733 -0.3560084 0.7867279 0.5129415 -0.3434389 0.8714108 0.3805028 -0.3096142 0.8714132 0.3805074 -0.3096017 0.860256 0.3916826 -0.3264113 0.8370188 0.5066835 -0.2065704 0.8374484 0.5046423 -0.2098005 0.8647876 0.3479604 -0.3620302 0.8647891 0.3479593 -0.3620279 0.2656285 0.9638086 -0.02268189 0.1188145 0.9915306 0.05244225 0.2621079 0.964559 -0.03042143 0.5665801 0.7973598 -0.2078567 0.5646486 0.7990944 -0.2064461 0.564654 0.7990899 -0.2064494 0.576098 0.8157694 -0.05129611 0.5760974 0.8157698 -0.05129706 0.7682138 0.6270857 -0.128884 0.6793143 0.7286185 0.08744835 0.6792975 0.7286376 0.08741927 0.9766009 0.08315783 -0.1983318 0.9865825 -0.03659182 -0.1591106 0.9870611 0.006975293 -0.1601924 0.9880141 0.05968821 -0.1423568 0.9806856 0.03467494 -0.1924926 0.974148 0.07085943 -0.2145099 0.974148 0.07085841 -0.2145103 0.9870789 -0.008292019 -0.1600202 0.9750943 0.01000696 -0.221565 0.9868128 0.02869617 -0.1593019 0.9865975 0.03003644 -0.1603837 0.9866044 0.02892035 -0.1605473 0.9854337 0.03126162 -0.167162 0.9807286 0.06148248 -0.1854492 0.9778724 -0.09179288 -0.1879882 0.9768043 -0.09467965 -0.192065 0.9768013 -0.09468698 -0.1920769 0.976804 -0.09468048 -0.1920664 0.9866126 -0.04867184 -0.155649 0.9753087 -0.04909253 -0.2153206 0.9796789 -0.03626352 -0.1972668 0.9780918 -0.06212931 -0.1986863 0.979954 -0.06834512 -0.1871336 0.9798474 -0.05961483 -0.1906437 0.9887804 -0.05163186 -0.140169 0.9887788 -0.05162239 -0.1401845 0.9767777 0.09244829 -0.1932838 0.9869767 0.06582647 -0.1467785 0.9874027 0.06870597 -0.1425316 0.9874029 0.06869328 -0.1425368 0.9825066 -0.009636998 -0.1859779 0.9839397 -0.01641374 -0.1777449 0.9838708 -0.00925666 -0.1786413 0.9901009 -0.01301407 -0.1397529 0.9870581 0.007306337 -0.160197 0.697253 -0.6841984 0.2138009 0.6972532 -0.6841982 0.2138009 0.6972532 -0.7070248 -0.1181265 0.6972531 -0.707025 -0.1181266 0.697253 -0.5775362 -0.4246059 0.6972528 -0.5775364 -0.4246061 0.6972528 -0.323628 -0.6396119 0.6972523 -0.3236281 -0.6396124 0.6972521 0 -0.716826 0.6972521 0 -0.716826 0.6972523 0.3236283 -0.6396124 0.6972528 0.323628 -0.639612 0.6972528 0.5775364 -0.4246061 0.6972529 0.5775362 -0.424606 0.697253 0.707025 -0.1181265 0.6972532 0.7070248 -0.1181266 0.6972532 0.6841983 0.2138009 0.6972529 0.6841984 0.213801 -0.1756021 -0.0470525 0.9833361 -0.1285488 -0.128549 0.9833363 -0.1285538 -0.1285538 0.9833351 -0.04705327 -0.1756045 0.9833357 -0.04705131 -0.1755977 0.9833369 0.04705148 -0.1755977 0.9833369 0.04705315 -0.1756046 0.9833356 0.1285536 -0.1285538 0.983335 0.1285488 -0.1285488 0.9833363 0.1756021 -0.04705256 0.9833361 0.1755977 -0.04705131 0.9833369 0.1755977 0.04705148 0.9833369 0.1756021 0.04705256 0.9833362 0.1285488 0.1285488 0.9833363 0.1285488 0.1285488 0.9833363 0.04705065 0.1755955 0.9833374 0.04705131 0.1755977 0.9833369 -0.04705125 0.1755977 0.9833369 -0.04705065 0.1755955 0.9833374 -0.1285488 0.1285488 0.9833363 -0.1285488 0.1285488 0.9833363 -0.1756021 0.04705262 0.9833362 -0.1755978 0.04705137 0.983337 -0.1755977 -0.04705142 0.9833369 0.9518676 -0.2550504 0.1699922 0.696816 -0.696816 0.1699852 0.6968197 -0.6968211 0.1699489 0.2550529 -0.9518693 0.169979 0.2550532 -0.9518716 0.1699661 -0.2550535 -0.9518715 0.1699661 -0.2550526 -0.9518694 0.169979 -0.6968204 -0.6968204 0.1699488 -0.6968153 -0.6968166 0.1699852 -0.9518674 -0.255051 0.1699923 -0.951872 -0.2550516 0.1699661 -0.9518718 0.2550526 0.1699661 -0.9518675 0.2550507 0.1699922 -0.696816 0.696816 0.1699852 -0.6968197 0.6968211 0.1699489 -0.2550529 0.9518693 0.169979 -0.2550532 0.9518716 0.1699661 0.2550535 0.9518715 0.1699661 0.2550526 0.9518694 0.169979 0.6968204 0.6968204 0.1699488 0.6968153 0.6968166 0.1699852 0.9518674 0.2550514 0.1699923 0.9518719 0.2550519 0.1699661 0.9518718 -0.2550522 0.1699661 -0.5335701 0.14297 0.8335843 -0.5336003 0.1429769 0.8335636 -0.390624 0.390624 0.8335621 -0.3906242 0.3906242 0.833562 -0.1429778 0.5336 0.8335636 -0.1429744 0.5335891 0.8335712 0.1429749 0.5335891 0.8335711 0.1429774 0.5336003 0.8335635 0.390624 0.390624 0.8335621 0.3906242 0.3906242 0.833562 0.5336 0.142978 0.8335636 0.5335699 0.1429687 0.8335845 0.53357 -0.1429697 0.8335842 0.5336006 -0.1429768 0.8335635 0.390624 -0.390624 0.8335621 0.3906242 -0.3906242 0.833562 0.1429778 -0.5336 0.8335636 0.1429744 -0.5335891 0.8335712 -0.1429749 -0.5335891 0.8335711 -0.1429774 -0.5336003 0.8335635 -0.390624 -0.390624 0.8335621 -0.3906242 -0.3906242 0.833562 -0.5336 -0.1429778 0.8335636 -0.5335701 -0.1429686 0.8335845 -0.8215622 0.2201356 0.5259049 -0.8215606 0.2201352 0.5259075 -0.6014242 0.6014242 0.5259068 -0.6014136 0.6014147 0.5259297 -0.2201346 0.8215556 0.5259156 -0.2201368 0.8215619 0.5259048 0.2201364 0.821562 0.5259048 0.220135 0.8215553 0.5259159 0.6014144 0.6014144 0.5259292 0.6014236 0.6014248 0.5259069 0.8215607 0.2201352 0.5259073 0.8215621 0.2201356 0.525905 0.8215622 -0.2201353 0.5259049 0.8215608 -0.220135 0.5259073 0.6014242 -0.6014242 0.5259068 0.6014136 -0.6014147 0.5259297 0.2201346 -0.8215556 0.5259156 0.2201368 -0.8215619 0.5259048 -0.2201364 -0.821562 0.5259048 -0.220135 -0.8215553 0.5259159 -0.6014144 -0.6014144 0.5259292 -0.6014236 -0.6014248 0.5259069 -0.8215608 -0.2201349 0.5259072 -0.8215622 -0.2201353 0.5259048 -0.1756021 -0.04705256 0.9833362 -0.1285488 -0.1285488 0.9833363 -0.1285488 -0.1285488 0.9833363 -0.04705065 -0.1755955 0.9833374 -0.04705131 -0.1755977 0.9833369 0.04705125 -0.1755977 0.9833369 0.04705065 -0.1755955 0.9833374 0.1285488 -0.1285488 0.9833363 0.1285488 -0.1285488 0.9833363 0.1756021 -0.04705262 0.9833362 0.1755978 -0.04705137 0.983337 0.1755977 0.04705142 0.9833369 0.1756021 0.0470525 0.9833361 0.1285488 0.128549 0.9833363 0.1285538 0.1285538 0.9833351 0.04705327 0.1756045 0.9833357 0.04705131 0.1755977 0.9833369 -0.04705148 0.1755977 0.9833369 -0.04705315 0.1756046 0.9833356 -0.1285536 0.1285538 0.983335 -0.1285488 0.1285488 0.9833363 -0.1756021 0.04705256 0.9833361 -0.1755977 0.04705131 0.9833369 -0.1755977 -0.04705148 0.9833369 0.9518675 -0.2550507 0.1699922 0.696816 -0.696816 0.1699852 0.6968197 -0.6968211 0.1699489 0.2550529 -0.9518693 0.169979 0.2550532 -0.9518716 0.1699661 -0.2550535 -0.9518715 0.1699661 -0.2550526 -0.9518694 0.169979 -0.6968204 -0.6968204 0.1699488 -0.6968153 -0.6968166 0.1699852 -0.9518674 -0.2550514 0.1699923 -0.9518719 -0.2550519 0.1699661 -0.9518718 0.2550522 0.1699661 -0.9518676 0.2550504 0.1699922 -0.696816 0.696816 0.1699852 -0.6968197 0.6968211 0.1699489 -0.2550529 0.9518693 0.169979 -0.2550532 0.9518716 0.1699661 0.2550535 0.9518715 0.1699661 0.2550526 0.9518694 0.169979 0.6968204 0.6968204 0.1699488 0.6968153 0.6968166 0.1699852 0.9518674 0.255051 0.1699923 0.951872 0.2550516 0.1699661 0.9518718 -0.2550526 0.1699661 -0.53357 0.1429697 0.8335842 -0.5336006 0.1429768 0.8335635 -0.390624 0.390624 0.8335621 -0.3906242 0.3906242 0.833562 -0.1429778 0.5336 0.8335636 -0.1429744 0.5335891 0.8335712 0.1429749 0.5335891 0.8335711 0.1429774 0.5336003 0.8335635 0.390624 0.390624 0.8335621 0.3906242 0.3906242 0.833562 0.5336 0.1429778 0.8335636 0.5335701 0.1429686 0.8335845 0.5335701 -0.14297 0.8335843 0.5336003 -0.1429769 0.8335636 0.390624 -0.390624 0.8335621 0.3906242 -0.3906242 0.833562 0.1429778 -0.5336 0.8335636 0.1429744 -0.5335891 0.8335712 -0.1429749 -0.5335891 0.8335711 -0.1429774 -0.5336003 0.8335635 -0.390624 -0.390624 0.8335621 -0.3906242 -0.3906242 0.833562 -0.5336 -0.142978 0.8335636 -0.5335699 -0.1429687 0.8335845 -0.8215622 0.2201353 0.5259049 -0.8215608 0.220135 0.5259073 -0.6014242 0.6014242 0.5259068 -0.6014136 0.6014147 0.5259297 -0.2201346 0.8215556 0.5259156 -0.2201368 0.8215619 0.5259048 0.2201364 0.821562 0.5259048 0.220135 0.8215553 0.5259159 0.6014144 0.6014144 0.5259292 0.6014236 0.6014248 0.5259069 0.8215608 0.2201349 0.5259072 0.8215622 0.2201353 0.5259048 0.8215622 -0.2201356 0.5259049 0.8215606 -0.2201352 0.5259075 0.6014242 -0.6014242 0.5259068 0.6014136 -0.6014147 0.5259297 0.2201346 -0.8215556 0.5259156 0.2201368 -0.8215619 0.5259048 -0.2201364 -0.821562 0.5259048 -0.220135 -0.8215553 0.5259159 -0.6014144 -0.6014144 0.5259292 -0.6014236 -0.6014248 0.5259069 -0.8215607 -0.2201352 0.5259073 -0.8215621 -0.2201356 0.525905 0 0 1 0 0 1 -0.04950094 0.0322988 0.9982517 -0.03989249 0.05140697 -0.9978807 -0.5654783 0.8004837 -0.198646 0 0 1 0 0 1 -0.2576277 0.9614786 -0.09584891 -0.1461983 0.5303518 0.8350766 0.174201 0.6123573 0.7711501 0 0 1 0 0 1 0.1777722 0.1874468 0.9660542 0.2313437 0.08076655 0.9695137 0.05799955 0.01554089 0.9981957 0.175781 0.0114485 0.9843628 0.1755466 -0.05287098 0.9830504 0 0 1 0.06179952 -0.05939239 0.99632 0.05022311 -0.06614494 -0.9965453 0 0 1 0 0 1 0.5402566 -0.7967274 -0.2708289 0.2576277 -0.9614786 -0.09584891 0.1461983 -0.5303518 0.8350766 -0.174201 -0.6123573 0.7711501 0 0 1 0 0 1 -0.1777722 -0.1874468 0.9660542 -0.2313437 -0.08076655 0.9695137 -0.05799996 -0.01554107 0.9981957 -0.1757809 -0.01144862 0.9843627 -0.1755466 0.05287086 0.9830505 0 0 1 0.9518671 -0.2550521 0.1699932 0.6968123 -0.696813 0.1700125 0.6968144 -0.6968159 0.1699922 0.2550538 -0.9518662 0.1699949 0.2550543 -0.9518713 0.169966 -0.2550551 -0.951871 0.169966 -0.2550531 -0.9518664 0.1699948 -0.6968148 -0.6968155 0.1699921 -0.6968119 -0.6968134 0.1700125 -0.9518669 -0.2550523 0.1699932 -0.9518684 -0.2550525 0.1699847 -0.9518685 0.255052 0.1699847 -0.9518672 0.2550514 0.1699932 -0.6968123 0.696813 0.1700125 -0.6968144 0.6968159 0.1699922 -0.2550538 0.9518662 0.1699949 -0.2550543 0.9518713 0.169966 0.2550551 0.951871 0.169966 0.2550531 0.9518664 0.1699948 0.6968148 0.6968155 0.1699921 0.6968119 0.6968134 0.1700125 0.9518672 0.2550516 0.1699932 0.9518685 0.2550518 0.1699848 0.9518683 -0.2550526 0.1699847 -0.1066038 0.1156872 0.9875485 -0.08651906 0.1011137 0.9911057 -0.1209597 0.12549 0.9846934 0.7302222 -0.1956628 0.6545927 0.5329905 -0.150583 0.832614 0.5335987 0.1429772 0.8335646 0.5336004 0.1429777 0.8335635 0.3906239 0.3906241 0.8335621 0.5645995 0.5795568 0.5876575 0.2102662 0.7847214 0.5830957 0.1523298 0.5328555 0.8323825 -0.1429805 0.5336083 0.833558 -0.1429775 0.5335989 0.8335645 0.1588881 -0.1588881 0.9744277 0.1171268 -0.1228973 0.9854834 0.1185383 -0.1238544 0.9851948 0.04950094 -0.0322988 0.9982517 0.6190666 -0.4358833 0.6532704 0.1280373 -0.1301968 0.9831863 0.1209596 -0.1254898 0.9846934 0.06477111 -0.06392514 0.9958506 0.06609064 -0.06580889 0.9956411 0.5654788 -0.8004845 -0.1986414 0.03989285 -0.05140745 -0.9978807 0.04137557 -0.05351454 -0.9977095 0.1154803 -0.1217765 0.9858168 0.1066038 -0.1156871 0.9875485 0.08651906 -0.1011137 0.9911057 -0.01509493 0.009565949 -0.9998403 0.2944605 -0.4522764 0.8418664 0.1429775 -0.5335988 0.8335645 0.1429804 -0.5336081 0.833558 -0.1523298 -0.5328557 0.8323824 -0.2102663 -0.7847214 0.5830956 -0.5645998 -0.5795571 0.5876569 -0.3906242 -0.3906242 0.833562 -0.5336 -0.142978 0.8335637 -0.5335988 -0.1429776 0.8335645 -0.5329903 0.1505825 0.8326141 -0.7302226 0.1956624 0.6545925 -0.6190666 0.4358833 0.6532704 -0.1280373 0.1301968 0.9831863 -0.06179952 0.05939239 0.99632 -0.06477111 0.06392514 0.9958506 -0.06609064 0.06580889 0.9956411 -0.1185383 0.1238544 0.9851948 -0.1171256 0.1228965 0.9854837 -0.1154788 0.1217758 0.985817 -0.04137557 0.05351454 -0.9977095 -0.05022311 0.06614494 -0.9965453 -0.5402566 0.7967275 -0.2708286 0.01509493 -0.009565949 -0.9998403 -0.2944605 0.4522764 0.8418664 -0.1588881 0.1588881 0.9744277 -0.8215574 0.2201354 0.5259125 -0.8215631 0.2201366 0.5259031 -0.6014328 0.6014329 0.5258871 -0.6014223 0.6014235 0.5259097 -0.220137 0.8215594 0.5259086 -0.2201378 0.8215618 0.5259046 0.2201377 0.8215618 0.5259047 0.2201372 0.8215594 0.5259085 0.6014229 0.601423 0.5259096 0.6014322 0.6014335 0.525887 0.821563 0.220137 0.5259031 0.8215573 0.220135 0.5259127 0.8215573 -0.220136 0.5259124 0.821563 -0.2201372 0.5259031 0.6014328 -0.6014329 0.5258871 0.6014223 -0.6014235 0.5259097 0.220137 -0.8215594 0.5259086 0.2201378 -0.8215618 0.5259046 -0.2201377 -0.8215618 0.5259047 -0.2201372 -0.8215594 0.5259085 -0.6014229 -0.601423 0.5259096 -0.6014322 -0.6014335 0.525887 -0.8215628 -0.2201375 0.5259031 -0.8215574 -0.2201357 0.5259123 0 0 1 0 0 1 -0.04949617 0.03229576 0.998252 -0.03997993 0.05153119 -0.9978708 -0.5655254 0.8005548 -0.1982246 0 0 1 0 0 1 -0.2576197 0.9614492 -0.09616482 -0.1462156 0.5304142 0.835034 0.1742285 0.6124549 0.7710664 0 0 1 0 0 1 0.1777698 0.1874447 0.9660551 0.2313399 0.08076494 0.9695147 0.05800014 0.01554107 0.9981955 0.1757809 0.01144891 0.9843628 0.1755465 -0.05287092 0.9830504 0 0 1 0.06179058 -0.05938374 0.9963209 0.05021655 -0.06613582 -0.9965462 0 0 1 0 0 1 0.5402106 -0.7966641 -0.2711067 0.2576197 -0.9614492 -0.09616482 0.1462156 -0.5304142 0.835034 -0.1742285 -0.6124549 0.7710664 0 0 1 0 0 1 -0.1777698 -0.1874447 0.9660551 -0.2313399 -0.08076494 0.9695147 -0.05800038 -0.01554113 0.9981955 -0.1757809 -0.01144897 0.9843627 -0.1755466 0.05287081 0.9830505 0 0 1 0.9518675 -0.2550507 0.1699922 0.696816 -0.696816 0.1699852 0.6968197 -0.6968211 0.1699489 0.2550529 -0.9518693 0.169979 0.2550532 -0.9518716 0.1699661 -0.2550535 -0.9518715 0.1699661 -0.2550526 -0.9518694 0.169979 -0.6968204 -0.6968204 0.1699488 -0.6968153 -0.6968166 0.1699852 -0.9518674 -0.2550514 0.1699923 -0.9518719 -0.2550519 0.1699661 -0.9518718 0.2550522 0.1699661 -0.9518676 0.2550504 0.1699922 -0.696816 0.696816 0.1699852 -0.6968197 0.6968211 0.1699489 -0.2550529 0.9518693 0.169979 -0.2550532 0.9518716 0.1699661 0.2550535 0.9518715 0.1699661 0.2550526 0.9518694 0.169979 0.6968204 0.6968204 0.1699488 0.6968153 0.6968166 0.1699852 0.9518674 0.255051 0.1699923 0.951872 0.2550516 0.1699661 0.9518718 -0.2550526 0.1699661 -0.1066094 0.1156912 0.9875475 -0.08651572 0.1011112 0.9911063 -0.1210069 0.1255222 0.9846835 0.7302144 -0.1956592 0.6546025 0.5329616 -0.1505748 0.8326338 0.5335701 0.1429686 0.8335844 0.5335999 0.1429778 0.8335638 0.390624 0.390624 0.8335621 0.564611 0.5795693 0.5876342 0.2102711 0.7847443 0.5830631 0.1523251 0.5328364 0.8323956 -0.1429744 0.5335892 0.8335711 -0.1429778 0.5335999 0.8335638 0.1588901 -0.1588901 0.974427 0.1169767 -0.1227959 0.9855139 0.1185306 -0.1238495 0.9851963 0.04949617 -0.03229576 0.998252 0.6190588 -0.4358822 0.6532786 0.1280347 -0.1301959 0.9831867 0.121007 -0.1255223 0.9846835 0.06473553 -0.06387621 0.995856 0.06609123 -0.06581163 0.9956409 0.5655254 -0.8005548 -0.1982246 0.03998029 -0.05153149 -0.9978708 0.04131841 -0.05343317 -0.9977163 0.1155945 -0.121855 0.9857937 0.1066093 -0.1156911 0.9875475 0.08651572 -0.1011112 0.9911063 -0.01509582 0.00956726 -0.9998403 0.2944639 -0.4522778 0.8418645 0.1429778 -0.5336 0.8335636 0.1429744 -0.5335891 0.8335712 -0.1523252 -0.5328366 0.8323954 -0.2102711 -0.7847442 0.5830631 -0.5646109 -0.5795692 0.5876343 -0.3906242 -0.3906242 0.833562 -0.5336 -0.142978 0.8335636 -0.5335699 -0.1429687 0.8335845 -0.5329617 0.1505746 0.8326339 -0.7302143 0.1956589 0.6546027 -0.6190589 0.4358822 0.6532785 -0.1280347 0.1301959 0.9831867 -0.06179058 0.05938374 0.996321 -0.06473553 0.06387621 0.995856 -0.06609123 0.06581163 0.9956409 -0.1185306 0.1238496 0.9851963 -0.1169798 0.1227986 0.9855132 -0.115594 0.1218543 0.9857939 -0.04131841 0.05343317 -0.9977163 -0.05021655 0.06613582 -0.9965462 -0.5402106 0.7966641 -0.2711068 0.01509577 -0.00956726 -0.9998403 -0.2944639 0.4522778 0.8418645 -0.15889 0.15889 0.974427 -0.8215622 0.2201353 0.5259049 -0.8215608 0.220135 0.5259073 -0.6014242 0.6014242 0.5259068 -0.6014136 0.6014147 0.5259297 -0.2201346 0.8215556 0.5259156 -0.2201368 0.8215619 0.5259048 0.2201364 0.821562 0.5259048 0.220135 0.8215553 0.5259159 0.6014144 0.6014144 0.5259292 0.6014236 0.6014248 0.5259069 0.8215608 0.2201349 0.5259072 0.8215622 0.2201353 0.5259048 0.8215622 -0.2201356 0.5259049 0.8215606 -0.2201352 0.5259075 0.6014242 -0.6014242 0.5259068 0.6014136 -0.6014147 0.5259297 0.2201346 -0.8215556 0.5259156 0.2201368 -0.8215619 0.5259048 -0.2201364 -0.821562 0.5259048 -0.220135 -0.8215553 0.5259159 -0.6014144 -0.6014144 0.5259292 -0.6014236 -0.6014248 0.5259069 -0.8215607 -0.2201352 0.5259073 -0.8215621 -0.2201356 0.525905 -0.984427 0 -0.1757941 -0.984427 0 -0.1757941 -0.842217 0 -0.5391387 -0.842217 0 -0.5391387 -0.8422142 0 -0.5391432 -0.8422142 0 -0.5391432 -0.5391415 0 -0.8422152 -0.5391415 0 -0.8422152 -0.5391387 0 -0.842217 -0.5391387 0 -0.842217 -0.1757946 0 -0.9844269 -0.1757946 0 -0.9844269 0.1757949 0.00106275 -0.9844262 0.1830537 0.03110218 -0.9826109 0.5368908 0.09122169 -0.8387055 0.8337246 0.1416549 -0.5337014 0.536892 0.09122121 -0.8387048 0.8337241 0.1416555 -0.533702 0.9709381 0.1649697 -0.1733906 0.9709389 0.1649693 -0.1733863 0.8223355 0.5428181 -0.1706247 0.8223354 0.5428183 -0.170625 0.8223348 0.5428164 -0.1706333 0.4669184 0.8676809 -0.1706377 0.4669193 0.867681 -0.1706341 0.4669183 0.8676847 -0.1706179 0 0.9853375 -0.1706169 0 0.9853375 -0.1706169 0 0.9853375 -0.1706169 -0.4669183 0.8676847 -0.1706179 -0.4669193 0.867681 -0.1706343 -0.4669187 0.8676809 -0.1706365 -0.8223351 0.5428166 -0.1706312 -0.8223356 0.5428181 -0.1706244 -0.8223348 0.5428184 -0.1706268 -0.9709384 0.1649696 -0.173389 -0.970939 0.1649692 -0.1733855 -0.8337214 0.1416543 -0.5337065 -0.5368908 0.09122151 -0.8387055 -0.1756333 0.04282099 -0.983524 -0.1193486 0.02027815 -0.9926453 -0.1167818 0.0284726 -0.9927493 -0.2993785 0.1976179 -0.933445 0 0.1571112 -0.9875809 -0.007354795 0.1554992 -0.9878086 -0.1026556 0.1907659 -0.9762532 -0.1148193 0.219214 -0.9688972 -0.1150072 0.09365087 -0.9889402 0.1265814 0.2352274 -0.9636624 0.05949729 0.131201 -0.9895688 -0.01264536 0.2672947 -0.9635318 0.1177014 0.0295335 -0.9926098 0.1177015 0.02953314 -0.9926098 0.300288 0.1982181 -0.9330255 0.1079236 0.08970659 -0.9901036 0.1079246 0.08970552 -0.9901036 0.8337268 0.1416556 -0.5336978 0.7090778 0.4680584 -0.5273804 0.7090758 0.4680563 -0.5273851 0.4026108 0.748181 -0.5273801 0.4026074 0.7481696 -0.5273989 0 0.8496169 -0.5274004 0 0.8496169 -0.5274004 -0.4026046 0.7481697 -0.5274007 -0.4026126 0.7481793 -0.5273811 -0.7090747 0.4680562 -0.5273864 -0.7090775 0.4680572 -0.5273818 -0.8337257 0.1416559 -0.5336993 -0.833724 0.1416558 -0.533702 0.5368881 0.09122103 -0.8387073 0.4597856 0.3035014 -0.8345562 0.4597885 0.3035039 -0.8345537 0.2610653 0.4851402 -0.8345561 0.2610695 0.4851517 -0.8345481 0 0.5509366 -0.8345471 0 0.5509366 -0.8345471 -0.2610718 0.485152 -0.8345472 -0.2610636 0.4851408 -0.8345563 -0.459788 0.3035032 -0.8345543 -0.459787 0.3035027 -0.834555 -0.53689 0.09122127 -0.838706 -0.5368936 0.09122145 -0.8387037 0.9844261 0 -0.1757993 0.9844261 0 -0.1757993 0.842217 0 -0.5391387 0.842217 0 -0.5391387 0.8422175 0 -0.539138 0.8422175 0 -0.539138 0.5391399 0 -0.8422163 0.5391399 0 -0.8422163 0.5391387 0 -0.842217 0.5391387 0 -0.842217 0.175795 0 -0.9844268 0.175795 0 -0.9844268 -0.5368909 -0.09122091 -0.8387055 0.9709383 -0.1649682 -0.1733906 0.8337246 -0.1416549 -0.5337014 0.5368908 -0.09122115 -0.8387055 0.1756337 -0.04282116 -0.9835239 0.1193482 -0.02027797 -0.9926454 0.1167812 -0.02847254 -0.9927495 0.2993682 -0.1976118 -0.9334496 0.1150096 -0.09365212 -0.9889399 0.114825 -0.219225 -0.968894 0.1026602 -0.1907745 -0.976251 0.007355093 -0.1555049 -0.9878077 0 -0.1571171 -0.98758 0.01264613 -0.2673113 -0.9635272 -0.0594995 -0.1312044 -0.9895682 -0.1265818 -0.2352281 -0.9636622 -0.1079255 -0.08970952 -0.9901032 -0.1079267 -0.08970838 -0.9901031 -0.3002762 -0.1982114 -0.9330308 -0.1177005 -0.02953296 -0.9926099 -0.1177003 -0.02953338 -0.9926099 -0.183055 -0.03110212 -0.9826106 -0.1757945 -0.001060724 -0.9844264 -0.8337214 -0.1416543 -0.5337065 -0.5368936 -0.09122145 -0.8387037 -0.8337242 -0.141655 -0.5337021 -0.9709392 -0.1649683 -0.1733855 -0.9709385 -0.1649686 -0.1733888 -0.8223348 -0.5428184 -0.1706268 -0.8223332 -0.542819 -0.1706327 -0.4669193 -0.867681 -0.1706342 -0.4669187 -0.8676809 -0.1706365 -0.8223333 -0.5428194 -0.1706313 0 -0.9853304 -0.1706581 0 -0.9853304 -0.1706581 -0.4669205 -0.8676764 -0.1706539 0.4669193 -0.867681 -0.1706342 0.4669205 -0.8676764 -0.1706538 0 -0.9853304 -0.1706581 0.970939 -0.1649689 -0.1733864 0.8223354 -0.5428181 -0.1706247 0.822333 -0.5428192 -0.1706336 0.822333 -0.5428192 -0.1706334 0.4669184 -0.8676809 -0.1706377 -0.8337233 -0.141655 -0.5337035 -0.7090699 -0.468053 -0.5273956 -0.709074 -0.4680571 -0.5273865 -0.402613 -0.7481791 -0.5273811 -0.4026135 -0.7481809 -0.5273782 0 -0.8496326 -0.5273751 0 -0.8496326 -0.5273751 0.4026144 -0.7481815 -0.5273766 0.4026129 -0.7481797 -0.5273803 0.7090754 -0.4680567 -0.5273851 0.7090699 -0.4680546 -0.5273942 0.8337243 -0.1416547 -0.5337019 0.8337242 -0.1416547 -0.5337021 -0.5368928 -0.09122145 -0.8387042 -0.459794 -0.3035087 -0.8345489 -0.4597879 -0.3035033 -0.8345543 -0.2610651 -0.4851397 -0.8345565 -0.261065 -0.4851393 -0.8345568 0 -0.5509203 -0.834558 0 -0.5509203 -0.8345579 0.2610644 -0.4851385 -0.8345574 0.2610655 -0.48514 -0.8345562 0.459788 -0.3035044 -0.8345538 0.459793 -0.3035069 -0.8345502 0.5368909 -0.09122115 -0.8387055 0.536892 -0.09122121 -0.8387048 0.2241195 -0.06005263 -0.9727097 0.3003979 -0.300399 -0.9052742 0.1191034 -0.09698599 -0.9881336 0.1191018 -0.09698867 -0.9881336 0.1394798 -0.5205465 -0.8423638 0.05938082 -0.1133715 -0.9917766 0.05938184 -0.1133708 -0.9917767 -0.1236114 -0.4613246 -0.8785783 0.005475878 -0.1157524 -0.993263 0.005476057 -0.1157524 -0.993263 -0.1177402 -0.09786224 -0.9882107 -0.1177389 -0.09786432 -0.9882106 -0.274362 -0.274363 -0.9216564 -0.05001163 -0.1102828 -0.9926412 -0.05001121 -0.110283 -0.9926412 -0.2291114 -0.0574885 -0.9717011 -0.1875966 -0.05026632 -0.9809591 -0.1757945 -0.001060903 -0.9844264 -0.1756333 0.04282104 -0.9835239 -0.2241201 0.06005281 -0.9727095 -0.1191068 0.09698718 -0.9881331 -0.1191059 0.09698873 -0.9881331 -0.3003858 0.3003853 -0.9052829 -0.05938041 0.113368 -0.9917771 -0.05937927 0.1133686 -0.991777 -0.1394653 0.5204925 -0.8423995 -0.005475878 0.1157492 -0.9932634 -0.005475759 0.1157492 -0.9932634 0.1235991 0.461279 -0.8786039 0.05000984 0.1102799 -0.9926416 0.05001026 0.1102797 -0.9926416 0.2743487 0.2743481 -0.9216647 0.1177387 0.09786415 -0.9882106 0.1756337 -0.04282128 -0.9835239 0.1757949 0.00106275 -0.9844262 0.1875966 0.05026632 -0.9809591 0.2291159 0.05748927 -0.9717 0.1177371 0.09786683 -0.9882104 0.9518684 -0.2550529 -0.1699842 0.6968172 -0.696815 -0.1699845 0.6968132 -0.6968137 -0.1700062 0.2550508 -0.9518636 -0.170014 0.2550545 -0.9518678 -0.1699849 -0.2550522 -0.9518684 -0.1699851 -0.2550533 -0.9518632 -0.1700127 -0.6968149 -0.6968128 -0.1700025 -0.6968161 -0.6968166 -0.1699826 -0.9518688 -0.2550529 -0.1699817 -0.951869 -0.2550531 -0.1699801 -0.9518693 0.255052 -0.1699801 -0.951869 0.2550522 -0.1699816 -0.6968156 0.6968172 -0.1699825 -0.6968172 0.6968176 -0.1699735 -0.2550528 0.9518705 -0.1699728 -0.2550512 0.9518687 -0.1699851 0.2550521 0.9518685 -0.1699851 0.2550517 0.9518705 -0.1699742 0.6968163 0.6968176 -0.1699771 0.6968159 0.6968163 -0.1699844 0.9518686 0.2550521 -0.1699841 0.9518685 0.255052 -0.1699851 0.9518682 -0.255053 -0.1699851 0.8215569 -0.220136 -0.5259128 0.8215571 0.2201353 -0.5259128 0.8215565 0.220135 -0.5259141 0.6014206 0.6014202 -0.5259155 0.6014221 0.6014226 -0.525911 0.2201339 0.8215594 -0.52591 0.2201335 0.8215536 -0.5259191 -0.2201325 0.8215538 -0.5259192 -0.2201348 0.8215585 -0.525911 -0.6014215 0.6014212 -0.5259132 -0.6014197 0.6014201 -0.5259166 -0.8215554 0.2201347 -0.5259156 -0.8215553 0.2201347 -0.525916 -0.8215551 -0.2201355 -0.5259159 -0.8215552 -0.2201355 -0.5259158 -0.60142 -0.6014198 -0.5259166 -0.6014212 -0.6014215 -0.5259132 -0.2201368 -0.8215578 -0.5259112 -0.2201365 -0.8215531 -0.5259187 0.2201355 -0.8215532 -0.5259189 0.2201378 -0.821558 -0.5259105 0.6014226 -0.6014222 -0.5259109 0.6014202 -0.6014206 -0.5259155 0.8215561 -0.2201359 -0.5259143 0.5336002 -0.1429781 -0.8335635 0.5336003 0.1429777 -0.8335636 0.5335996 0.1429774 -0.833564 0.3906213 0.3906205 -0.833565 0.3906232 0.3906229 -0.833563 0.1429776 0.5336007 -0.8335633 0.1429789 0.5336099 -0.8335571 -0.1429802 0.5336098 -0.833557 -0.1429766 0.5336012 -0.8335632 -0.3906235 0.3906228 -0.8335629 -0.3906211 0.390621 -0.8335649 -0.5335996 0.1429775 -0.833564 -0.5336012 0.1429777 -0.8335629 -0.5336012 -0.142978 -0.8335629 -0.5336035 -0.1429789 -0.8335612 -0.3906286 -0.3906301 -0.8335571 -0.3906231 -0.390623 -0.833563 -0.1429777 -0.5336006 -0.8335633 -0.1429768 -0.5335944 -0.8335675 0.1429759 -0.5335945 -0.8335675 0.1429784 -0.5336003 -0.8335635 0.3906223 -0.3906236 -0.8335632 0.3906293 -0.3906291 -0.8335573 0.5336037 -0.1429786 -0.8335611 0 0 1 0 0 1 0 0 1 0 0 1 0 0 1 0 0 1 0 0 1 0 0 1 0 0 1 0 0 1 0 0 1 0 0 1 0 0 1 0 0 1 0 0 1 0 0 1 0 0 1 0 0 1 0 0 1 0 0 1 0 0 1 0 0 1 0 0 1 0 0 1 0 0 1 0 0 1 0 0 1 0 0 1 0 0 1 0 0 1 0 0 1 0 0 1 0 0 1 0 0 1 0 0 1 0 0 1 0 0 1 0 0 1 0 0 1 0 0 1 0 0 1 0 0 1 0 0 1 0 0 1 0 0 1 0 0 1 0 0 1 0 0 1 0 0 1 0 0 1 0 0 1 0 0 1 0 0 1 0 0 1 0 0 1 0 0 1 0 0 1 0 0 1 0 0 1 0 0 1 0 0 1 0 0 1 0 0 1 0 0 1 0 0 1 0 0 1 0 0 1 0 0 1 0 0 1 0 0 1 0 0 1 0 0 1 0 0 1 0 0 1 0 0 1 0 0 1 0 0 1 0 0 1 0 0 1 0 0 1 0 0 1 0 0 1 0 0 1 0 0 1 0 0 1 0 0 1 0 0 1 0 0 1 0 0 1 0 0 1 0 0 1 0 0 1 0 0 1 0 0 1 0 0 1 0 0 1 0 0 1 0 0 1 0 0 1 0 0 1 0 0 1 0 0 1 0 0 1 0 0 1 0 0 1 0 0 1 0 0 1 0 0 1 0 0 1 0 0 1 0 0 1 0 0 1 0 0 1 0 0 1 0 0 1 0 0 1 0 0 1 0 0 1 0 0 1 0 0 1 0 0 1 0 0 1 0 0 1 0 0 1 -0.3680846 -0.7643344 0.5294399 0.6632725 -0.5289427 0.5294235 0.6632568 0.5289301 0.5294557 -0.6632821 0.5289503 0.5294039 0.4274553 0.8876193 0.1715052 0 0.9851818 0.1715134 0.4274533 -0.887616 0.1715264 0.7702409 -0.6142469 0.1715507 0.7702417 -0.6142479 0.1715438 0.7702427 -0.6142479 0.1715394 0.960477 -0.2192229 0.1715373 -0.7702409 -0.6142469 0.1715507 -0.4274533 -0.887616 0.1715264 -0.4274547 -0.8876175 0.1715158 -0.4274553 -0.8876193 0.1715055 0 -0.9851818 0.1715134 -0.4274475 0.88761 0.1715727 -0.770237 0.6142429 0.1715828 -0.7702417 0.6142479 0.1715438 -0.7702427 0.6142479 0.1715394 -0.9604771 0.2192232 0.1715373 0.4274475 0.88761 0.1715727 0.7702369 0.6142429 0.1715827 0.7702416 0.6142477 0.1715448 0.7702427 0.614248 0.1715393 0.05857932 0.291153 0.9548814 0.05857872 0.2911531 0.9548813 0.3128924 0.9481344 0.05603182 0.03740632 0.06961184 0.9968726 0.4412542 0.6687789 0.5983557 0.2820507 0.2755314 0.9189831 -0.2949932 0.1810991 0.9381802 -0.8897606 0.330936 0.3143365 -0.4917845 0.02405375 0.8703846 -0.4915552 -0.04288655 0.8697897 -0.08065015 -0.01270508 0.9966615 -0.9062494 -0.3389436 0.2526444 -0.2464926 -0.124235 0.9611488 -0.2464925 -0.1242352 0.9611488 -0.05857872 -0.2911531 0.9548813 -0.05857932 -0.291153 0.9548814 -0.09320884 -0.6384103 0.7640317 0.009608745 -0.09626752 0.9953091 0.05876719 -0.3839675 0.9214745 0.03869092 -0.3876505 0.9209941 0.2928156 -0.1797622 0.9391191 0.8872949 -0.3299388 0.3222548 0.0746116 -0.0188986 0.9970336 0.9688851 -0.09574389 0.2282428 0.4908632 -0.02400857 0.8709058 -0.8270422 0.1887668 0.5294982 0.3680869 0.7643403 0.5294299 0.8270422 -0.1887666 0.5294982 0 -0.848329 0.5294697 -0.9604828 -0.2192242 0.1715034 -0.9604769 -0.2192235 0.1715373 -0.827042 -0.1887677 0.5294981 -0.8270678 -0.1887725 0.5294562 -0.306707 0.0700038 -0.9492262 -0.215518 0.09127318 0.9722249 -0.2053683 0.1113385 0.9723311 -0.3010191 0.1698077 0.9383778 -0.1019182 0.06256729 0.9928233 -0.9604826 0.2192251 0.1715036 -0.8270674 0.1887738 0.5294563 -0.6632577 0.528929 0.5294559 -0.2459678 0.1961523 -0.9492229 -0.1258081 0.1493754 0.9807443 -0.2457576 0.2726218 0.9302046 -0.1877198 0.2163347 0.9581025 -0.03055864 0.07066947 0.9970316 -0.2521756 0.775166 0.5792454 -0.07189399 0.2475828 0.9661957 -0.4274553 0.8876193 0.1715055 -0.4274547 0.8876175 0.1715158 -0.3680875 0.7643403 0.5294294 -0.3680919 0.7643507 0.5294115 -0.1365024 0.2834501 -0.9492224 -0.1177009 0.1560076 0.9807182 -0.5467444 0.8372662 0.007481634 -0.1877208 0.216334 0.9581025 -0.03869092 0.3876505 0.9209941 -0.05876719 0.3839675 0.9214745 -0.04261326 0.2537476 0.9663313 0 0.314605 -0.9492227 0 0.8483486 0.5294381 0 0.8483485 0.5294381 0 0.9851818 0.1715134 0 0.9851818 0.1715134 -0.009608745 0.09626758 0.9953091 0.09320884 0.6384102 0.7640317 0.03883659 0.19857 0.979317 0.05120176 0.1958465 0.9792969 0.1365024 0.2834501 -0.9492224 0.1502553 0.2132385 0.9653769 0.1740892 0.1936013 0.965511 0.2670023 0.2885982 0.9194677 0.07135367 0.06970393 0.9950126 0.4274547 0.8876175 0.1715158 0.3680922 0.7643501 0.5294122 0.663283 0.5289493 0.5294038 0.2459677 0.1961522 -0.9492229 0.1668325 0.08472847 0.982338 0.5319319 0.3082574 0.7886861 0.248266 0.1251291 0.9605763 0.9604827 0.2192244 0.1715036 0.9604769 0.2192237 0.1715374 0.8270421 0.188768 0.5294981 0.8270677 0.1887727 0.5294563 0.306707 0.0700038 -0.9492262 0.1703033 0.07762026 0.9823299 0.9076585 0.339585 0.2466535 0.2482661 0.1251289 0.9605762 0.08065021 0.01270514 0.9966615 0.4904859 0.04280996 0.870397 0.3222635 0.02531856 0.9463114 0.3222332 -0.02531361 0.9463219 0.3067063 -0.07000356 -0.9492264 0.2177513 -0.09194594 0.9716637 0.2072625 -0.1126483 0.9717781 0.2987636 -0.1685953 0.9393168 0.1019182 -0.06256729 0.9928233 0.9604827 -0.2192248 0.1715037 0.8270674 -0.1887735 0.5294564 0.6632573 -0.5289295 0.5294557 0.2459659 -0.196151 -0.9492236 0.1258279 -0.149394 0.9807389 0.245753 -0.272615 0.9302078 0.1877075 -0.2163205 0.9581081 0.4274553 -0.8876193 0.1715055 0.4274547 -0.8876175 0.1715158 0.3680797 -0.7643243 0.5294579 0.3680842 -0.7643347 0.5294399 0.1364995 -0.2834441 -0.9492247 0.1177148 -0.1560315 0.9807127 0.5467435 -0.8372662 0.007543623 0.1877084 -0.2163198 0.9581083 -0.4412541 -0.6687788 0.5983558 -0.1502593 -0.2132448 0.965375 -0.1364995 -0.2834441 -0.9492247 -0.368079 -0.764324 0.5294589 0 -0.8483289 0.5294696 0 -0.9851818 0.1715134 0 -0.9851818 0.1715134 0.03055864 -0.07066947 0.9970316 0.2521756 -0.775166 0.5792454 0.07189679 -0.247591 0.9661933 0.0426144 -0.2537564 0.966329 0 -0.3145974 -0.9492253 -0.03883749 -0.1985768 0.9793155 -0.0512039 -0.1958529 0.9792956 -0.3128924 -0.9481344 0.05603122 -0.03740632 -0.06961184 0.9968726 -0.2820507 -0.2755314 0.9189831 -0.2670023 -0.2885982 0.9194677 -0.1740939 -0.1936061 0.9655092 -0.2459658 -0.1961509 -0.9492237 -0.6632731 -0.5289421 0.5294235 -0.6632568 -0.5289301 0.5294557 -0.7702417 -0.6142479 0.171544 -0.7702427 -0.614248 0.1715393 -0.07135361 -0.06970393 0.9950127 -0.5299791 -0.3072721 0.7903835 -0.1688217 -0.08610039 0.9818788 -0.172626 -0.07832306 0.9818685 -0.3067063 -0.07000356 -0.9492264 -0.321703 -0.02522885 0.9465044 -0.3217386 0.02523458 0.9464923 -0.9691305 0.0957551 0.2271938 -0.0746116 0.0188986 0.9970336 -0.3680923 -0.7643504 0.5294116 0.6632821 -0.5289503 0.5294039 0.6632568 0.5289301 0.5294557 -0.6632725 0.5289427 0.5294235 0.4274553 0.8876193 0.1715052 0 0.9851818 0.1715134 0.4274475 -0.88761 0.1715727 0.770237 -0.6142429 0.1715828 0.7702417 -0.6142479 0.1715438 0.7702427 -0.6142479 0.1715394 0.9604771 -0.2192232 0.1715373 -0.770237 -0.6142429 0.1715828 -0.4274475 -0.88761 0.1715727 -0.4274547 -0.8876175 0.1715158 -0.4274553 -0.8876193 0.1715055 0 -0.9851818 0.1715134 -0.4274533 0.887616 0.1715264 -0.7702409 0.6142469 0.1715507 -0.7702417 0.6142479 0.1715438 -0.7702427 0.6142479 0.1715394 -0.960477 0.2192229 0.1715373 0.4274533 0.887616 0.1715264 0.7702409 0.614247 0.1715507 0.7702416 0.6142477 0.1715448 0.7702427 0.614248 0.1715393 0.05857932 0.291153 0.9548814 0.05857872 0.2911531 0.9548813 0.3128924 0.9481344 0.05603182 0.03740632 0.06961184 0.9968726 0.4412542 0.6687789 0.5983557 0.2820507 0.2755314 0.9189831 -0.2949932 0.1810991 0.9381802 -0.8897606 0.330936 0.3143365 -0.4917831 0.02405357 0.8703855 -0.4915578 -0.04288685 0.8697882 -0.08065021 -0.01270514 0.9966615 -0.9062494 -0.3389436 0.2526444 -0.2464926 -0.124235 0.9611488 -0.2464925 -0.1242352 0.9611488 -0.05857872 -0.2911531 0.9548813 -0.05857932 -0.291153 0.9548814 -0.09320884 -0.6384103 0.7640317 0.009608745 -0.09626752 0.9953091 0.05876719 -0.3839675 0.9214745 0.03869092 -0.3876505 0.9209941 0.2928156 -0.1797622 0.9391191 0.8872949 -0.3299388 0.3222548 0.0746116 -0.0188986 0.9970336 0.9688851 -0.09574389 0.2282428 0.4908646 -0.02400875 0.870905 -0.8270422 0.1887666 0.5294982 0.3680793 0.7643244 0.5294582 0.8270422 -0.1887668 0.5294982 0 -0.8483486 0.5294381 -0.9604827 -0.2192244 0.1715036 -0.9604769 -0.2192237 0.1715374 -0.8270421 -0.188768 0.5294981 -0.8270677 -0.1887727 0.5294563 -0.3067063 0.07000356 -0.9492264 -0.215518 0.09127318 0.9722249 -0.2053683 0.1113385 0.9723311 -0.3010191 0.1698077 0.9383778 -0.1019182 0.06256729 0.9928233 -0.9604827 0.2192248 0.1715037 -0.8270674 0.1887735 0.5294564 -0.6632573 0.5289295 0.5294557 -0.2459659 0.196151 -0.9492236 -0.1258116 0.1493791 0.9807433 -0.2457576 0.2726218 0.9302046 -0.1877198 0.2163347 0.9581025 -0.03055864 0.07066947 0.9970316 -0.2521875 0.7752044 0.5791888 -0.07189351 0.2475829 0.9661957 -0.4274553 0.8876193 0.1715055 -0.4274547 0.8876175 0.1715158 -0.3680797 0.7643243 0.5294579 -0.3680842 0.7643347 0.5294399 -0.1364995 0.2834441 -0.9492247 -0.1177038 0.1560121 0.9807171 -0.5467444 0.8372662 0.007481634 -0.1877208 0.216334 0.9581025 -0.03869253 0.3876665 0.9209873 -0.05876994 0.3839833 0.9214678 -0.0426138 0.2537475 0.9663314 0 0.3145974 -0.9492253 0 0.848329 0.5294697 0 0.8483289 0.5294697 0 0.9851818 0.1715134 0 0.9851818 0.1715134 -0.009608745 0.09626758 0.9953091 0.09320884 0.6384102 0.7640317 0.03883749 0.1985768 0.9793155 0.0512039 0.1958529 0.9792956 0.1364994 0.2834439 -0.9492247 0.1502594 0.2132449 0.9653749 0.1740939 0.1936061 0.9655092 0.2670023 0.2885982 0.9194677 0.07135367 0.06970393 0.9950126 0.4274547 0.8876175 0.1715158 0.3680844 0.764334 0.5294407 0.663273 0.528942 0.5294235 0.2459658 0.196151 -0.9492237 0.1668325 0.08472847 0.982338 0.5319319 0.3082574 0.7886861 0.248266 0.1251291 0.9605763 0.9604828 0.2192242 0.1715034 0.9604769 0.2192235 0.1715373 0.827042 0.1887677 0.5294981 0.8270678 0.1887725 0.5294562 0.3067063 0.07000356 -0.9492264 0.1703033 0.07762026 0.9823299 0.9076585 0.339585 0.2466535 0.2482661 0.1251289 0.9605762 0.08065015 0.01270508 0.9966615 0.4904832 0.04280966 0.8703985 0.3222644 0.02531862 0.9463111 0.3222323 -0.02531355 0.9463221 0.306707 -0.0700038 -0.9492262 0.2177513 -0.09194594 0.9716637 0.2072625 -0.1126483 0.9717781 0.2987636 -0.1685953 0.9393168 0.1019182 -0.06256729 0.9928233 0.9604826 -0.2192251 0.1715036 0.8270674 -0.1887738 0.5294563 0.6632577 -0.528929 0.5294559 0.2459678 -0.1961523 -0.9492229 0.1258243 -0.1493903 0.98074 0.245753 -0.272615 0.9302078 0.1877075 -0.2163205 0.9581081 0.4274553 -0.8876193 0.1715055 0.4274547 -0.8876175 0.1715158 0.3680875 -0.7643403 0.5294294 0.3680919 -0.7643507 0.5294115 0.1365024 -0.2834501 -0.9492224 0.117712 -0.156027 0.9807137 0.5467435 -0.8372662 0.007543623 0.1877084 -0.2163198 0.9581083 -0.4412541 -0.6687788 0.5983558 -0.1502553 -0.2132385 0.965377 -0.1365024 -0.2834501 -0.9492224 -0.3680868 -0.7643401 0.5294302 0 -0.8483486 0.5294381 0 -0.9851818 0.1715134 0 -0.9851818 0.1715134 0.03055864 -0.07066947 0.9970316 0.2521756 -0.775166 0.5792454 0.07189399 -0.2475828 0.9661957 0.04261326 -0.2537476 0.9663314 0 -0.314605 -0.9492227 -0.03883659 -0.19857 0.979317 -0.05120176 -0.1958465 0.9792969 -0.3128924 -0.9481344 0.05603122 -0.03740632 -0.06961184 0.9968726 -0.2820507 -0.2755314 0.9189831 -0.2670023 -0.2885982 0.9194677 -0.1740891 -0.1936013 0.9655111 -0.2459678 -0.1961523 -0.9492229 -0.6632831 -0.5289493 0.5294037 -0.6632568 -0.5289301 0.5294557 -0.7702417 -0.6142479 0.171544 -0.7702427 -0.614248 0.1715393 -0.07135361 -0.06970393 0.9950127 -0.5299791 -0.3072721 0.7903835 -0.1688217 -0.08610039 0.9818788 -0.172626 -0.07832306 0.9818685 -0.306707 -0.0700038 -0.9492262 -0.3217022 -0.02522873 0.9465048 -0.3217395 0.02523463 0.9464919 -0.9691305 0.0957551 0.2271938 -0.0746116 0.0188986 0.9970336 -0.697253 0.6841984 0.2138009 -0.6972532 0.6841982 0.2138009 -0.6972532 0.7070248 -0.1181265 -0.6972531 0.707025 -0.1181266 -0.697253 0.5775362 -0.4246059 -0.6972528 0.5775364 -0.4246061 -0.6972528 0.323628 -0.6396119 -0.6972523 0.3236281 -0.6396124 -0.6972521 0 -0.716826 -0.6972521 0 -0.716826 -0.6972523 -0.3236283 -0.6396124 -0.6972528 -0.323628 -0.639612 -0.6972528 -0.5775364 -0.4246061 -0.6972529 -0.5775362 -0.424606 -0.697253 -0.707025 -0.1181265 -0.6972532 -0.7070248 -0.1181266 -0.6972532 -0.6841983 0.2138009 -0.6972529 -0.6841984 0.213801 0 0 1 0 0 1 -0.04950094 0.0322988 0.9982517 -0.03989249 0.05140697 -0.9978807 -0.5654783 0.8004837 -0.198646 0 0 1 0 0 1 -0.2576277 0.9614786 -0.09584891 -0.1461983 0.5303518 0.8350766 0.174201 0.6123573 0.7711501 0 0 1 0 0 1 0.1777722 0.1874468 0.9660542 0.2313437 0.08076655 0.9695137 0.05799996 0.01554107 0.9981957 0.1757809 0.01144862 0.9843627 0.1755466 -0.05287086 0.9830505 0 0 1 0.06179952 -0.05939239 0.99632 0.05022311 -0.06614494 -0.9965453 0 0 1 0 0 1 0.5402566 -0.7967274 -0.2708289 0.2576277 -0.9614786 -0.09584891 0.1461983 -0.5303518 0.8350766 -0.174201 -0.6123573 0.7711501 0 0 1 0 0 1 -0.1777722 -0.1874468 0.9660542 -0.2313437 -0.08076655 0.9695137 -0.05799955 -0.01554089 0.9981957 -0.175781 -0.0114485 0.9843628 -0.1755466 0.05287098 0.9830504 0 0 1 0.9518672 -0.2550514 0.1699932 0.6968123 -0.696813 0.1700125 0.6968144 -0.6968159 0.1699922 0.2550538 -0.9518662 0.1699949 0.2550543 -0.9518713 0.169966 -0.2550551 -0.951871 0.169966 -0.2550531 -0.9518664 0.1699948 -0.6968148 -0.6968155 0.1699921 -0.6968119 -0.6968134 0.1700125 -0.9518672 -0.2550516 0.1699932 -0.9518685 -0.2550518 0.1699848 -0.9518683 0.2550526 0.1699847 -0.9518671 0.2550521 0.1699932 -0.6968123 0.696813 0.1700125 -0.6968144 0.6968159 0.1699922 -0.2550538 0.9518662 0.1699949 -0.2550543 0.9518713 0.169966 0.2550551 0.951871 0.169966 0.2550531 0.9518664 0.1699948 0.6968148 0.6968155 0.1699921 0.6968119 0.6968134 0.1700125 0.9518669 0.2550523 0.1699932 0.9518684 0.2550525 0.1699847 0.9518685 -0.255052 0.1699847 -0.1066038 0.1156872 0.9875485 -0.08651906 0.1011137 0.9911057 -0.1209597 0.12549 0.9846934 0.7302225 -0.1956623 0.6545926 0.5329905 -0.1505826 0.832614 0.5335987 0.1429776 0.8335645 0.5336002 0.142978 0.8335635 0.3906239 0.3906241 0.8335621 0.5645995 0.5795568 0.5876575 0.2102662 0.7847214 0.5830957 0.1523298 0.5328555 0.8323825 -0.1429805 0.5336083 0.833558 -0.1429775 0.5335989 0.8335645 0.1588881 -0.1588881 0.9744277 0.1171268 -0.1228973 0.9854834 0.1185383 -0.1238544 0.9851948 0.04950094 -0.0322988 0.9982517 0.6190666 -0.4358833 0.6532704 0.1280373 -0.1301968 0.9831863 0.1209596 -0.1254898 0.9846934 0.06477111 -0.06392514 0.9958506 0.06609064 -0.06580889 0.9956411 0.5654788 -0.8004845 -0.1986414 0.03989285 -0.05140745 -0.9978807 0.04137557 -0.05351454 -0.9977095 0.1154803 -0.1217765 0.9858168 0.1066038 -0.1156871 0.9875485 0.08651906 -0.1011137 0.9911057 -0.01509493 0.009565949 -0.9998403 0.2944605 -0.4522764 0.8418664 0.1429775 -0.5335988 0.8335645 0.1429804 -0.5336081 0.833558 -0.1523298 -0.5328557 0.8323824 -0.2102663 -0.7847214 0.5830956 -0.5645998 -0.5795571 0.5876569 -0.3906242 -0.3906242 0.833562 -0.5336001 -0.1429776 0.8335636 -0.5335986 -0.1429771 0.8335647 -0.5329902 0.1505829 0.8326141 -0.7302221 0.1956628 0.6545928 -0.6190666 0.4358833 0.6532704 -0.1280373 0.1301968 0.9831863 -0.06179952 0.05939239 0.99632 -0.06477111 0.06392514 0.9958506 -0.06609064 0.06580889 0.9956411 -0.1185383 0.1238544 0.9851948 -0.1171256 0.1228965 0.9854837 -0.1154788 0.1217758 0.985817 -0.04137557 0.05351454 -0.9977095 -0.05022311 0.06614494 -0.9965453 -0.5402566 0.7967275 -0.2708286 0.01509493 -0.009565949 -0.9998403 -0.2944605 0.4522764 0.8418664 -0.1588881 0.1588881 0.9744277 -0.8215573 0.220136 0.5259124 -0.821563 0.2201372 0.5259031 -0.6014328 0.6014329 0.5258871 -0.6014223 0.6014235 0.5259097 -0.220137 0.8215594 0.5259086 -0.2201378 0.8215618 0.5259046 0.2201377 0.8215618 0.5259047 0.2201372 0.8215594 0.5259085 0.6014229 0.601423 0.5259096 0.6014322 0.6014335 0.525887 0.8215628 0.2201375 0.5259031 0.8215574 0.2201357 0.5259123 0.8215574 -0.2201354 0.5259125 0.8215631 -0.2201366 0.5259031 0.6014328 -0.6014329 0.5258871 0.6014223 -0.6014235 0.5259097 0.220137 -0.8215594 0.5259086 0.2201378 -0.8215618 0.5259046 -0.2201377 -0.8215618 0.5259047 -0.2201372 -0.8215594 0.5259085 -0.6014229 -0.601423 0.5259096 -0.6014322 -0.6014335 0.525887 -0.821563 -0.220137 0.5259031 -0.8215573 -0.220135 0.5259127 -0.7515965 0.5281776 -0.3951342 -0.8925915 0.4325759 -0.1271157 -0.7528091 0.634861 -0.1738678 -0.7521684 0.6327191 -0.1841448 -0.7514723 0.6362594 -0.1745377 -0.7452651 0.5406513 -0.3902257 -0.7510873 0.531596 -0.3915018 -0.7464926 0.60811 0.2700945 -0.7565665 0.652046 0.04942733 -0.753522 0.654163 0.06538659 -0.7505893 0.6588972 0.04970252 -0.7493427 0.6589195 0.06565487 -0.7498257 0.6597627 0.04974347 -0.756514 0.6279124 -0.1827916 -0.7467644 0.601445 0.2839139 -0.7467632 0.6014403 0.2839267 -0.7523014 0.6019142 0.267847 -0.9040836 0.3996512 -0.151367 -0.1707501 0.97725 -0.125805 -0.9837287 0.1701722 0.05761563 -0.9837288 0.1701705 0.05761533 -0.8366702 0.5187791 0.1756452 -0.8366693 0.5187804 0.1756454 -0.5306169 0.802844 0.2718218 -0.5306137 0.8028461 0.2718219 -0.1720296 0.9330631 0.3159098 -0.1720356 0.9330618 0.3159103 -0.1707566 0.9772463 -0.1258255 -0.5012986 0.706988 -0.4988663 -0.2468332 0.8076568 -0.5355034 -0.08205461 0.8344268 -0.5449762 -0.1731043 0.8396032 -0.51488 -0.5331604 0.7219013 -0.4411331 -0.5585672 0.7109187 -0.4273139 -0.8422018 0.5008271 -0.1996704 -0.868477 0.4444765 -0.2195185 -0.8684746 0.4444812 -0.2195185 -0.9903321 0.1372736 -0.01995408 -0.9743659 0.2008654 -0.1013126 -0.9743657 0.200864 -0.1013165 -0.1707506 0.9772492 -0.1258106 -0.170748 0.9772497 -0.1258103 -0.527687 0.8424859 -0.1084609 -0.5276868 0.8424861 -0.1084609 -0.8347305 0.5461515 -0.07031106 -0.8347319 0.5461493 -0.07031112 -0.9918357 0.1264787 -0.01628279 -0.984372 0.1758059 0.01019418 -0.6962584 -0.5532869 -0.4572722 -0.6962587 -0.5532875 -0.457271 -0.6962589 -0.553287 -0.4572713 -0.696259 -0.7035438 -0.1423012 -0.6962589 -0.7035437 -0.1423016 -0.6962584 -0.6875044 0.2063052 -0.6962586 -0.6875044 0.206305 -0.6962586 -0.6875041 0.2063059 -0.6962587 -0.7035442 -0.1423011 -0.6905795 -0.5824941 -0.4287197 -0.6577296 -0.4048225 -0.6352246 -0.551679 -0.660494 -0.5093114 -0.5998438 -0.4225782 -0.6794226 -0.4848898 -0.6882156 -0.5396676 -0.5785716 -0.3643129 -0.7297473 -0.4146493 -0.7118511 -0.5668634 -0.552267 -0.3609414 -0.7514802 -0.2688298 -0.632237 -0.7266408 -0.3902591 -0.3026914 -0.8695262 0.6991491 -0.6772521 0.2291725 0.6991492 -0.6772521 0.2291724 0.6991491 -0.7117326 -0.0680226 0.6991496 -0.7117322 -0.06802308 0.6991495 -0.6215822 -0.3533067 0.699149 -0.6215829 -0.3533063 0.6991491 -0.422588 -0.5767233 0.6991496 -0.4225874 -0.5767233 0.6991494 -0.1495943 -0.6991507 0.6991493 -0.1495944 -0.6991508 0 -0.9544844 0.2982609 0 -0.9544844 0.2982609 0 -0.9863284 -0.1647913 0 -0.9863284 -0.1647913 0 -0.8056863 -0.5923425 0 -0.8056863 -0.5923425 0 -0.4514741 -0.8922842 0 -0.4514741 -0.8922842 0 0 -1 0 0 -1 0 0.4514741 -0.8922842 0 0.4514741 -0.8922842 0 0.8056863 -0.5923425 0 0.8056863 -0.5923425 0 0.9863284 -0.1647913 0 0.9863284 -0.1647913 0 0.9544844 0.2982609 0 0.9544844 0.2982609 0.9922079 -0.124594 0 0.879962 -0.4749457 0.00967288 0.8799605 -0.4749485 0.009672641 0.8799611 -0.4749473 0.00967282 0.844656 -0.5353087 -9.32026e-4 0.9532188 -0.3022812 3.047e-4 0.982324 -0.1871775 0.002054393 0.953154 -0.3024783 0.00203377 0.9823138 -0.1871788 0.004882454 0.9524441 -0.3041808 0.01801002 0.9922084 -0.1245892 -2.58321e-7 0.3274656 -0.9448614 -0.001788496 0.546073 -0.837717 0.00587666 0.5460739 -0.8377164 0.005876719 0.2500109 -0.967975 -0.02277857 0.7126305 -0.7013026 0.01822876 0.5886084 -0.8084114 -0.003354549 0.7269269 -0.6867051 -0.003686606 0.7268732 -0.6867619 -0.003686606 0.1106337 -0.9938612 0 0.3168793 -0.9484508 0.005350589 0.2500754 -0.9682264 -5.00224e-5 0.3274606 -0.9448632 -0.001788556 0.3274625 -0.9448625 -0.001788556 0.649754 -0.7601155 0.006648302 0.9015035 -0.4053167 -0.15169 0.9199238 -0.3920722 -0.00443536 0.9752861 -0.2202788 -0.01715546 0.9068782 -0.4213901 0.001526951 0.9999793 -0.006438314 -2.74317e-4 0.9986385 -0.05210542 -0.002503097 0.9986383 -0.05210894 -0.002502977 0.9793404 -0.2022181 -2.46374e-4 0.9793383 -0.2022288 -2.46262e-4 0.9122297 0.4096791 0 0.8743481 0.4852162 -0.00898832 0.8743488 0.4852147 -0.008988261 0.9511717 0.3086577 -0.001703858 0.9122275 0.4096806 -0.001726806 0.950109 0.3119181 -1.49857e-4 0.9999777 -0.006436586 0.001774251 0.9652517 0.2601576 -0.0246421 0.9946634 0.1026953 -0.009910225 0.4465216 -0.8947712 -0.001696646 0.1123965 -0.9936634 0 0.2751393 -0.9613963 -0.003919541 0.2705221 -0.9627044 -0.004235029 0.2705199 -0.9627051 -0.004235088 0.8111534 -0.5848335 -3.13708e-5 0.8111547 -0.5848316 -3.13704e-5 0.701107 -0.7130536 -0.001854062 0.7011226 -0.7130385 -0.001853227 0.5954641 -0.8033496 -0.007197558 0.6497639 -0.7601307 -0.002879023 0.588936 -0.8081787 -0.001286447 0.2751408 -0.9613996 0.002874195 0.4465253 -0.8947693 -0.001696646 0.4465202 -0.894772 -0.001696646 0.9539483 0.2999711 1.22646e-4 0.8663933 0.4993623 0 0.8079372 -0.5892686 0 0.7352538 -0.6773154 0.02541154 0.8144791 -0.5801331 0.008328855 0.8144781 -0.5801345 0.008329033 0.8980674 0.439858 1.68962e-4 0.9457039 0.3247019 0.01458609 0.9457055 0.3246971 0.01458656 0.8874579 -0.4608858 0.001657247 0.8874511 -0.4608989 0.001657605 0.8079353 -0.5892687 0.001719415 0.955791 -0.2938827 0.009828984 0.9642072 -0.2650766 -0.006239414 0.9017446 -0.4307245 0.03651243 0.9557925 -0.2938776 0.009828388 0.9935879 -0.1130307 -0.002686798 0.993588 -0.11303 -0.002686858 0.9956216 0.0934382 -0.002634048 0.9970782 -0.07211738 0.02518355 0.8974198 0.439549 -0.03787285 0.9935372 0.1132116 0.00818485 0.9935365 0.1132175 0.008184194 0.6511834 -0.7589204 0 0.638275 -0.7697587 0.008749961 0.5712234 -0.8207739 -0.005834996 0.5712252 -0.8207726 -0.005834996 0.5289812 -0.8485534 0.01166737 0.4854391 -0.8742511 -0.005834817 0.4854398 -0.8742507 -0.005834817 0.4101144 -0.9119922 0.008750021 0.3946996 -0.9188103 0 0.1060145 -0.9943505 0.005293548 0.2823651 -0.959307 0 0.1519901 -0.9883437 0.008706033 0.2748609 -0.9609737 0.03132122 0.10602 -0.9943499 0.005294203 -0.445972 -0.8950212 -0.006784319 -0.4459707 -0.8950219 -0.006784319 -0.1658791 -0.9860113 0.01630407 -0.2499065 -0.968255 0.005403697 -0.1413531 -0.9899519 -0.003815412 0.1519917 -0.988376 0.003350615 -0.1497951 -0.9887121 0.003111124 0.1060158 -0.9943503 0.005293548 -0.4459706 -0.8950219 -0.006784319 -0.6113396 -0.7913532 0.004904031 -0.4838717 -0.874907 0.02014589 -0.8735228 -0.4861572 -0.02468121 -0.7397472 -0.672879 -0.002792298 -0.911064 -0.412265 0 -0.7668513 -0.6415257 0.01959407 -0.8737867 -0.4863091 5.1881e-4 -0.7397461 -0.6728803 -0.002792298 -0.7397467 -0.6728798 -0.002792298 0.9111961 -0.411956 -0.003755688 0.644896 -0.7613608 -0.06662565 0.911202 -0.4119598 0 0.9456133 -0.3252169 -0.0070315 0.9456129 -0.3252182 -0.00703144 0.8558576 -0.5171982 -0.003715395 0.8558643 -0.5171871 -0.003715455 -0.9346999 -0.3554378 0 -0.8579779 -0.5136709 -0.004025638 -0.8655574 -0.5007935 -0.004045963 -0.8565105 -0.516104 -0.005147814 -0.8565111 -0.5161029 -0.005147755 -0.8579911 -0.5136488 -0.004025638 -0.8655576 -0.5007947 -0.003864347 -0.5710368 -0.8209002 0.006307184 -0.1684798 -0.9856956 -0.00435549 -0.3563175 -0.9343633 0.001800596 -0.5710453 -0.8209108 -0.00358957 -0.5669898 -0.8237168 -0.003654539 -0.6699281 -0.7424172 -0.003626048 -0.5648085 -0.8205506 -0.08768248 0.8607561 -0.5090177 9.25928e-5 0.7022583 -0.7119223 -1.2102e-4 0.650082 -0.7598553 -0.003654599 0.6463267 -0.7630521 -0.003654539 0.6500833 -0.7598546 -0.00358951 0.4477446 -0.8941596 0.001800656 0.2659639 -0.9639732 -0.00435549 0.1869431 -0.9823654 -0.003242611 0.2659634 -0.9639776 -0.003262519 0.1869456 -0.9823703 0 -0.1684808 -0.985705 0 -0.08802139 -0.9961133 -0.003242611 -0.08801686 -0.9961137 -0.003242611 0.9203464 -0.3911043 0 0.7083638 -0.7058351 0.004176378 0.9209028 -0.3897914 7.30103e-4 0.9179385 -0.3967221 7.29613e-4 0.9203469 -0.391103 -2.5836e-7 0.9203455 -0.3911062 0 0.1855899 -0.9820209 0.03451538 0.4120398 -0.9111636 -0.002036869 0.4120352 -0.9111656 -0.002036273 0.4120274 -0.9111692 -0.002036094 0.6872359 -0.7264317 -0.001945316 0.4723607 -0.8802793 0.04453867 0.9162393 -0.3959885 -0.06081581 0.7083628 -0.7058361 0.004176437 0.7083628 -0.7058361 0.004176437 -0.1977095 -0.9802606 0 -0.04926228 -0.9987303 0.01052898 -0.05264288 -0.9985665 0.009673774 -0.1907328 -0.9810314 0.03461849 -0.04926091 -0.9987304 0.0105288 0.3452347 -0.9384733 -0.008992731 -0.05264616 -0.9986129 7.27873e-4 0.1492629 -0.9887974 5.68596e-4 0.1492705 -0.9887962 5.68416e-4 -0.3009633 -0.9536357 0 -0.3328074 -0.942834 0.01741123 -0.5715253 -0.8205639 -0.005806744 -0.4859466 -0.8739114 0.01160651 -0.4859468 -0.8739113 0.01160633 -0.3954753 -0.9184583 -0.005806803 -0.3954757 -0.9184581 -0.005806803 -0.5715242 -0.8205647 -0.005806744 -0.6252976 -0.7801921 0.01741129 -0.6512758 -0.7588412 0 -0.8448402 -0.5350148 0.002070188 -0.7369836 -0.6759106 0 -0.8078939 -0.589237 0.01035004 -0.8448446 -0.5350078 0.002069115 -0.8448391 -0.5350165 0.002070248 -0.9999831 0.003173232 -0.00487703 -0.9543937 -0.2984756 0.006707489 -0.9543937 -0.2984757 0.006707489 -0.8448387 -0.5350171 0.002070188 -0.807936 -0.5892693 0.001033544 -0.9642254 -0.2650815 -0.001080632 -0.8980371 0.4398516 -0.007734537 -0.9997269 0.02225047 0.007143259 -0.9956251 0.0934385 1.79679e-4 -0.999983 0.003169834 -0.004876971 -0.9999831 0.003170192 -0.004876971 -0.8255097 0.564388 0 -0.9275034 0.3737831 0.004866063 -0.8980649 0.4398568 -0.002307772 -0.9331884 0.3593702 -0.00352323 -0.9331884 0.3593703 -0.00352323 -0.8131971 0.5819883 0 -0.9193457 0.3934463 -0.00187993 -0.8854393 0.4646834 -0.008163213 -0.8854365 0.4646887 -0.008163392 -0.9193451 0.3934471 -0.002010047 -0.9591751 0.2827765 -0.00452876 -0.9591746 0.2827786 -0.00452876 -0.9941435 -0.1079691 -0.004639565 -0.9997693 -0.02061551 -0.006031334 -0.9997705 -0.02056103 -0.006032347 -0.9982102 -0.05957239 -0.005234062 -0.995288 0.09696197 3.9343e-4 -0.9566844 0.2911265 -5.19071e-4 -0.9941438 -0.107966 -0.004639565 -0.9982153 -0.05957412 -0.004140913 -0.9944132 -0.1055191 -0.002848386 -0.8660139 -0.499993 -0.005185008 -0.9120575 -0.4100618 -6.6835e-4 -0.9685949 -0.2486443 3.18965e-4 -0.6647408 -0.747074 -1.70529e-4 -0.6647388 -0.7470759 -1.70606e-4 -0.8660252 -0.5000002 4.85269e-4 -0.7394559 -0.6731379 -0.009501278 -0.8111429 -0.5848252 -0.005158543 -0.5477049 -0.8366562 -0.005073964 -0.5506991 -0.8346893 -0.004934847 -0.5475304 -0.8367713 -0.004934787 -0.5507022 -0.8346984 0.002375721 -0.4070996 -0.9133379 -0.009154975 -0.5475285 -0.8367726 -0.004934847 -0.1189382 -0.9929017 0 -0.0174303 -0.999806 -0.009177684 -0.01743292 -0.9998059 -0.009177625 -0.2141724 -0.9767858 -0.00444585 -0.1189367 -0.9928917 -0.004477143 -0.2070946 -0.9783203 -0.001154005 -0.2071057 -0.9783179 -0.001153826 -0.4353238 -0.9002737 -6.90641e-4 -0.06810486 -0.9976767 -0.001716375 -0.0828672 -0.9965606 2.69451e-7 -0.08286446 -0.9965608 0 -0.4168918 -0.9089559 -6.90025e-4 -0.4313395 -0.9021874 0.002010345 -0.06806051 -0.9970856 -0.03447049 -0.4242775 -0.9055069 0.006763577 -0.08608925 -0.9962859 -0.001719474 -0.8194756 -0.5720802 0.0344085 -0.6921443 -0.7217589 6.2636e-4 -0.6921444 -0.7217587 6.26384e-4 -0.6921354 -0.7217674 6.26185e-4 -0.9142909 -0.4050583 0 -0.9590685 -0.2816646 0.0291996 -0.9155672 -0.4020686 0.008801937 -0.9155666 -0.40207 0.008801758 -0.7116659 -0.7024886 -0.006446719 -0.9142883 -0.4050613 0.00151211 -0.8379382 -0.5457633 0.001440644 -0.8379356 -0.5457673 0.001440525 -0.9843617 -0.1761595 0 -0.9875668 -0.1567471 0.01192051 -0.9982268 -0.0589925 -0.00794965 -0.9982268 -0.05899167 -0.00794965 -0.9998736 0 0.01589536 -0.9982268 0.05899167 -0.00794965 -0.9982268 0.0589925 -0.00794965 -0.9875668 0.1567471 0.01192051 -0.9843617 0.1761595 0 -0.8857579 0.4641429 0.002070128 -0.9538487 0.3002876 0 -0.9142419 0.4050366 0.01035022 -0.88576 0.464139 0.002071022 -0.8857556 0.4641473 0.002070009 -0.497245 0.8675963 -0.00487709 -0.4972455 0.8675962 -0.00487709 -0.7356845 0.6772912 0.00670737 -0.7356848 0.6772909 0.00670737 -0.8857522 0.4641539 0.002070128 -0.9142888 0.4050615 0.001033306 -0.7116803 0.7025027 -0.001080751 -0.4729754 0.8809857 0.01258271 -0.4972465 0.8675957 -0.00487709 -0.4168919 0.9089561 1.79607e-4 -0.06806063 0.9970877 -0.03440946 0.07601922 0.9971064 0 -0.1400471 0.9901329 0.004866123 -0.06810474 0.9976755 -0.002307891 -0.1553672 0.9878505 -0.003523349 -0.1553706 0.98785 -0.003523349 0.08294588 0.9965541 0 -0.1189376 0.992896 -0.003363072 -0.06617599 0.9977829 -0.007071137 -0.06617623 0.9977829 -0.007071137 -0.1189377 0.9929002 -0.00172472 -0.2609573 0.9653382 -0.004835426 -0.2609613 0.9653372 -0.004835426 -0.5897363 0.8075827 -0.004622578 -0.4462466 0.8948801 -0.007327198 -0.5506968 0.8346902 -0.005038797 -0.434638 0.9006052 -9.32932e-5 -0.2507998 0.968039 9.66449e-5 -0.5897365 0.8075826 -0.004622578 -0.550701 0.8346923 -0.004134058 -0.5877781 0.8090171 -0.002870142 -0.8660136 0.4999935 -0.005185008 -0.8111536 0.5848329 -6.68426e-4 -0.6996292 0.714506 3.18896e-4 -0.9982125 0.05957394 -0.004757642 -0.9966684 0.08146703 -0.003903329 -0.9966618 0.08154749 -0.003901004 -0.9756936 0.219139 -2.18076e-5 -0.8660255 0.4999998 7.22949e-5 -0.9513883 0.3078523 -0.009341418 -0.9120456 0.4100564 -0.005158543 -0.9999297 -0.009819746 -0.006647288 -0.9965614 0.08272188 -0.004755616 -0.9965633 0.08269852 -0.004756093 -0.9193474 -0.393447 0 -0.8746383 -0.4846895 -0.009165525 -0.874638 -0.4846898 -0.009165525 -0.9511037 -0.3088375 -0.004606366 -0.919337 -0.3934435 -0.004633367 -0.9489888 -0.3153061 -0.001527547 -0.9982164 0.05957275 0.00388211 -0.9616629 -0.2734029 -0.02133768 -0.9932057 -0.1159648 -0.009726583 -0.9956248 -0.0934385 -6.89748e-4 -0.9969868 -0.07754558 0.002010047 -0.9969869 -0.07754433 0.002010166 -0.8980619 -0.4398636 -0.002157628 -0.9058537 -0.4235872 -0.001719415 -0.898066 -0.4398573 -0.001716256 -0.9044801 -0.4265159 2.16702e-7 -0.9044792 -0.4265179 0 -0.9051731 0.4236479 0.03440898 -0.9711341 0.2385336 6.26267e-4 -0.9711338 0.2385343 6.26352e-4 -0.9711334 0.2385364 6.26385e-4 -0.9973239 -0.07310682 -6.9036e-4 -0.8079372 0.5892686 0 -0.723467 0.6897412 0.0291987 -0.8059836 0.5918725 0.008802413 -0.8059862 0.5918689 0.008801877 -0.9642059 0.2650762 -0.006446719 -0.8079356 0.5892689 0.001512229 -0.8916152 0.4527918 0.001440763 -0.8916162 0.4527897 0.001440703 -0.6512758 0.7588412 0 -0.6252976 0.7801921 0.01741129 -0.3954753 0.9184583 -0.005806803 -0.4859466 0.8739114 0.01160627 -0.4859468 0.8739113 0.01160645 -0.5715253 0.8205639 -0.005806744 -0.5715242 0.8205647 -0.005806744 -0.3954757 0.9184581 -0.005806803 -0.3328074 0.942834 0.01741123 -0.3009633 0.9536357 0 -0.00630176 0.9999662 0.005293905 -0.1852638 0.9826889 0 -0.05264335 0.9985755 0.008706033 -0.1776266 0.9835994 0.03132027 -0.006305873 0.9999661 0.005294382 0.5330306 0.8460687 -0.006784439 0.5330258 0.8460718 -0.006784319 0.2634043 0.9645477 0.01630425 0.3452436 0.9384976 0.005403637 0.2393959 0.9709146 -0.003815472 -0.05264586 0.9986076 0.003350555 0.2477211 0.9688264 0.003111064 -0.006306409 0.9999661 0.005294024 0.5330263 0.8460716 -0.006784439 0.6872289 0.7264243 0.004903912 0.5687276 0.8222792 0.02014625 0.9176585 0.3966026 -0.02468085 0.8031778 0.5957329 -0.002792418 0.9476438 0.3193294 0 0.8270197 0.5618314 0.01959401 0.9179387 0.3967221 5.18777e-4 0.8031771 0.595734 -0.002792298 0.8031765 0.5957347 -0.002792298 -0.8655579 0.5007948 -0.003755629 -0.5657324 0.8218928 -0.06662672 -0.8655645 0.5007976 0 -0.9084565 0.4179204 -0.00703144 -0.9084572 0.4179188 -0.0070315 -0.7999961 0.5999937 -0.003715395 -0.7999966 0.5999932 -0.003715395 0.9654931 0.2604285 0 0.9049483 0.4255025 -0.004025638 0.9111945 0.4119564 -0.004045963 0.90372 0.428093 -0.005147814 0.9037196 0.428094 -0.005147874 0.9049473 0.4255046 -0.004025638 0.9111956 0.4119558 -0.003864347 0.6500734 0.7598452 0.006307303 0.6438428 0.7601174 -0.08768171 0.7406433 0.6718886 -0.003625988 0.6463267 0.7630521 -0.003654539 0.6500833 0.7598546 -0.00358951 0.4477446 0.8941596 0.001800656 0.2659639 0.9639732 -0.00435549 -0.8056887 0.5923391 9.25467e-5 -0.6277411 0.7784222 -1.21081e-4 -0.5710444 0.8209111 -0.003654599 -0.5669898 0.8237168 -0.003654539 -0.5710453 0.8209108 -0.00358957 -0.3563175 0.9343633 0.001800596 -0.1684798 0.9856956 -0.00435549 -0.08801686 0.9961137 -0.003242611 -0.1684799 0.9856997 -0.003262519 -0.08802187 0.9961186 0 0.2659649 0.9639827 0 0.1869446 0.9823651 -0.003242611 0.1869431 0.9823654 -0.003242611 -0.8767424 0.4809603 0 -0.634422 0.7729756 0.004176497 -0.877429 0.4797061 7.30134e-4 -0.8737866 0.486309 7.29643e-4 -0.8767437 0.4809579 -2.5836e-7 -0.8767426 0.4809601 0 -0.08670949 0.9956356 0.03451478 -0.3190861 0.9477236 -0.002035498 -0.3190901 0.9477221 -0.002036035 -0.3190902 0.9477222 -0.002036035 -0.6113458 0.7913612 -0.001945197 -0.3821945 0.9230079 0.04453903 -0.8721715 0.4854052 -0.06081658 -0.6344239 0.7729741 0.004176199 -0.6344222 0.7729755 0.004176437 0.2945043 0.9556502 0 0.1486375 0.9888357 0.01052862 0.1519888 0.9883349 0.009673655 0.2876314 0.9571154 0.03461664 0.1486464 0.9888343 0.01052969 -0.2499 0.9682299 -0.008992731 0.1519924 0.9883814 7.27752e-4 -0.04989057 0.9987545 5.68473e-4 -0.04988473 0.9987549 5.6861e-4 0.3946996 0.9188103 0 0.4101144 0.9119922 0.008749961 0.4854398 0.8742507 -0.005834817 0.4854391 0.8742511 -0.005834817 0.5289812 0.8485534 0.01166737 0.5712252 0.8207726 -0.005834996 0.5712234 0.8207739 -0.005834996 0.638275 0.7697587 0.008749902 0.6511834 0.7589204 0 0.9508069 -0.3097839 2.30434e-4 0.8980649 -0.4398568 0.002308785 0.942893 -0.3328137 0.01370334 0.8645926 -0.5024737 0 0.7288524 0.6846708 0 0.8079005 0.5892418 0.009534955 0.8093562 0.5872462 0.009181797 0.8093566 0.5872458 0.009181797 0.993708 0.1119706 -0.002646744 0.9937084 0.1119665 -0.002646803 0.9552597 0.2956051 0.009824097 0.9552605 0.2956026 0.009823799 0.9642187 0.2650797 0.003873288 0.8823772 0.4705404 -0.001488804 0.8079354 0.5892688 0.001625239 0.8837234 0.468007 0.001568555 0.8837271 0.4679999 0.001568377 0.9508094 -0.3097764 2.30431e-4 0.9929236 -0.1185212 0.00745666 0.9929232 -0.1185246 0.007456302 0.9937081 0.1119697 -0.002646803 0.9956111 -0.09343719 0.00529015 0.8974197 -0.4395491 -0.0378738 0.8000131 0.5767987 -0.1651733 0.6392639 0.7689734 -0.00465244 0.2751414 0.9614016 -0.002054572 0.3591426 0.9332824 -8.28998e-4 0.6497656 0.7601326 0.00177586 0.5296283 0.8481417 -0.01222747 0.5296252 0.8481437 -0.01222771 0.2751415 0.9614038 0 0.1874481 0.9822378 -0.00849241 0.1874514 0.9822372 -0.008492231 0.3613451 0.93243 -0.002041637 0.3613445 0.9324302 -0.002041637 0.9654797 -0.2604741 -0.001493692 0.823172 -0.5677922 0 0.9122247 -0.4096769 -0.003299295 0.8981292 -0.4396898 -0.006068766 0.8981294 -0.4396895 -0.006068766 0.9946085 0.1036957 -0.001157939 0.9946087 0.103693 -0.001157939 0.9982624 -0.05850023 -0.007073223 0.998263 -0.05848884 -0.007072806 0.9748882 -0.2217746 -0.0202192 0.9654789 -0.260477 -0.001493692 0.9122288 -0.4096812 -1.16665e-4 0.9999766 0.006436586 0.002322316 0.811067 0.5847712 -0.01458942 0.9120538 0.4100601 -0.002940177 0.9999663 0.006438136 0.005097568 0.9683732 0.2495056 -6.19491e-4 0.9683757 0.2494959 -6.19493e-4 0.6392619 0.7689751 -0.004652559 0.7550239 0.6556973 -4.91549e-5 0.6497684 0.7601323 -7.74077e-5 0.9068779 0.4213899 0.001694262 0.2500751 0.968225 0.001694023 0.4890426 0.8718134 0.02790504 0.2290071 0.9734248 -2.20013e-7 0.2290099 0.9734241 0 0.2499812 0.9678598 -0.0275104 0.518927 0.8548172 0.001602113 0.5189284 0.8548162 0.001602232 0.5189282 0.8548163 0.001602232 0.8820421 0.4710595 0.01022553 0.739355 0.6733087 -0.003082275 0.588609 0.8084122 -0.003021657 0.7243599 0.6890993 0.02109128 0.7243918 0.6890657 0.02109736 0.9976291 0.06882065 0 0.9976255 0.06887114 2.65367e-6 0.9688966 0.2472745 0.009732484 0.9823207 0.1871802 0.003085851 0.9689491 0.2472552 0.00158143 0.9823248 0.1871777 0.001587867 0.968948 0.2472639 6.84611e-4 0.8446559 0.5353086 -0.001116812 0.8820397 0.471064 0.01022487 0.8820418 0.4710602 0.01022547 1 0 0 1 0 0 1 0 0 1 0 0 1 0 0 1 0 0 1 0 0 1 0 0 1 0 0 1 0 0 1 0 0 1 0 0 1 0 0 1 0 0 1 0 0 1 0 0 1 0 0 1 0 0 1 0 0 1 0 0 1 0 0 1 0 0 1 0 0 1 0 0 1 0 0 1 0 0 1 0 0 1 0 0 1 0 0 1 0 0 1 0 0 1 0 0 1 0 0 1 0 0 -0.6962584 0.6875045 0.2063052 -0.6962586 0.6875044 0.206305 -0.6962586 0.6875041 0.206306 -0.6962586 0.7035442 -0.1423012 -0.6962589 0.7035437 -0.1423016 -0.6962584 0.5532869 -0.4572722 -0.6962587 0.5532875 -0.4572711 -0.6962589 0.553287 -0.4572713 -0.696259 0.7035439 -0.1423012 0.6991493 0.1495943 -0.6991508 0.6991494 0.1495944 -0.6991507 0.6991495 0.4225879 -0.576723 0.6991492 0.4225876 -0.5767236 0.6991491 0.6215825 -0.3533068 0.6991496 0.6215825 -0.3533061 0.6991496 0.7117323 -0.06802254 0.6991491 0.7117326 -0.0680232 0.6991493 0.6772521 0.2291725 0.6991491 0.6772522 0.2291724 -0.3905998 0.3023623 -0.8694877 -0.2999476 0.6566233 -0.6920097 -0.5769901 0.367706 -0.7292975 -0.5769942 0.3676922 -0.7293012 -0.5406938 0.6249223 -0.5631362 -0.5974314 0.4295223 -0.6771899 -0.6881211 0.5933015 -0.4177112 -0.6556619 0.4102408 -0.6338848 -0.5360975 0.6836444 -0.4952067 -0.5623967 0.6191774 -0.5480232 0.9659261 -0.258818 0 0.9659261 -0.258818 0 0.7071068 -0.7071068 0 0.7071068 -0.7071068 0 0.2588193 -0.9659258 0 0.2588193 -0.9659258 0 -0.2588193 -0.9659258 0 -0.2588193 -0.9659258 0 -0.7071068 -0.7071068 0 -0.7071068 -0.7071068 0 -0.9659261 -0.258818 0 -0.9659261 -0.258818 0 -0.965926 0.2588184 0 -0.965926 0.2588184 0 -0.7071068 0.7071068 0 -0.7071068 0.7071068 0 -0.2588193 0.9659258 0 -0.2588193 0.9659258 0 0.2588193 0.9659258 0 0.2588193 0.9659258 0 0.7071068 0.7071068 0 0.7071068 0.7071068 0 0.965926 0.2588184 0 0.965926 0.2588184 0 0.965926 -0.2588184 0 0.965926 -0.2588184 0 0.7071068 -0.7071068 0 0.7071068 -0.7071068 0 0.2588193 -0.9659258 0 0.2588193 -0.9659258 0 -0.2588193 -0.9659258 0 -0.2588193 -0.9659258 0 -0.7071068 -0.7071068 0 -0.7071068 -0.7071068 0 -0.965926 -0.2588184 0 -0.965926 -0.2588184 0 -0.9659261 0.258818 0 -0.9659261 0.258818 0 -0.7071068 0.7071068 0 -0.7071068 0.7071068 0 -0.2588193 0.9659258 0 -0.2588193 0.9659258 0 0.2588193 0.9659258 0 0.2588193 0.9659258 0 0.7071068 0.7071068 0 0.7071068 0.7071068 0 0.9659261 0.258818 0 0.9659261 0.258818 0 0.9659258 -0.2588194 0 0.9659258 -0.2588194 0 0.7071065 -0.7071072 0 0.7071065 -0.7071072 0 0.2588209 -0.9659254 0 0.2588209 -0.9659254 0 -0.2588209 -0.9659254 0 -0.2588209 -0.9659254 0 -0.7071065 -0.7071072 0 -0.7071065 -0.7071072 0 -0.9659258 -0.2588194 0 -0.9659258 -0.2588194 0 -0.9659259 0.2588187 0 -0.9659259 0.2588187 0 -0.7071065 0.7071072 0 -0.7071065 0.7071072 0 -0.2588209 0.9659254 0 -0.2588209 0.9659254 0 0.2588209 0.9659254 0 0.2588209 0.9659254 0 0.7071065 0.7071072 0 0.7071065 0.7071072 0 0.9659259 0.2588187 0 0.9659259 0.2588187 0 0.9659261 -0.258818 0 0.9659261 -0.258818 0 0.7071068 -0.7071068 0 0.7071068 -0.7071068 0 0.2588193 -0.9659258 0 0.2588193 -0.9659258 0 -0.2588193 -0.9659258 0 -0.2588193 -0.9659258 0 -0.7071068 -0.7071068 0 -0.7071068 -0.7071068 0 -0.9659261 -0.258818 0 -0.9659261 -0.258818 0 -0.965926 0.2588184 0 -0.965926 0.2588184 0 -0.7071068 0.7071068 0 -0.7071068 0.7071068 0 -0.2588193 0.9659258 0 -0.2588193 0.9659258 0 0.2588193 0.9659258 0 0.2588193 0.9659258 0 0.7071068 0.7071068 0 0.7071068 0.7071068 0 0.965926 0.2588184 0 0.965926 0.2588184 0 0.9659259 -0.2588187 0 0.9659259 -0.2588187 0 0.7071065 -0.7071072 0 0.7071065 -0.7071072 0 0.2588209 -0.9659254 0 0.2588209 -0.9659254 0 -0.2588209 -0.9659254 0 -0.2588209 -0.9659254 0 -0.7071065 -0.7071072 0 -0.7071065 -0.7071072 0 -0.9659259 -0.2588187 0 -0.9659259 -0.2588187 0 -0.9659258 0.2588194 0 -0.9659258 0.2588194 0 -0.7071065 0.7071072 0 -0.7071065 0.7071072 0 -0.2588209 0.9659254 0 -0.2588209 0.9659254 0 0.2588209 0.9659254 0 0.2588209 0.9659254 0 0.7071065 0.7071072 0 0.7071065 0.7071072 0 0.9659258 0.2588194 0 0.9659258 0.2588194 0 0.965926 -0.2588184 0 0.965926 -0.2588184 0 0.7071068 -0.7071068 0 0.7071068 -0.7071068 0 0.2588193 -0.9659258 0 0.2588193 -0.9659258 0 -0.2588193 -0.9659258 0 -0.2588193 -0.9659258 0 -0.7071068 -0.7071068 0 -0.7071068 -0.7071068 0 -0.965926 -0.2588184 0 -0.965926 -0.2588184 0 -0.9659261 0.258818 0 -0.9659261 0.258818 0 -0.7071068 0.7071068 0 -0.7071068 0.7071068 0 -0.2588193 0.9659258 0 -0.2588193 0.9659258 0 0.2588193 0.9659258 0 0.2588193 0.9659258 0 0.7071068 0.7071068 0 0.7071068 0.7071068 0 0.9659261 0.258818 0 0.9659261 0.258818 0 -1 0 0 -1 0 0 -0.985871 0.1675062 0 -0.9658214 0.2587905 0.01471734 -0.8344982 0.5508473 -0.01342058 -0.8344991 0.550846 -0.01342058 -0.7070204 0.707022 0.01555919 -0.4738216 0.8805087 -0.01405155 -0.4738197 0.8805097 -0.01405155 -0.2587859 0.9658026 0.01598 0 0.9998983 -0.01426243 0 0.9998983 -0.01426243 0.2587857 0.9658026 0.01598 0.4738197 0.8805099 -0.01405161 0.4738214 0.8805088 -0.01405161 0.7070205 0.7070219 0.01555919 0.8344991 0.550846 -0.01342058 0.8344985 0.5508469 -0.01342058 0.9658213 0.2587907 0.01471728 0.9858708 0.1675069 0 1 0 0 1 0 0 0.985871 -0.167506 0 0.9658213 -0.2587907 0.01471745 0.8344984 -0.5508469 -0.0134201 0.8344972 -0.5508487 -0.0134201 0.7070205 -0.7070219 0.01555919 0.4738214 -0.8805088 -0.01405161 0.4738249 -0.880507 -0.01405161 0.2587857 -0.9658026 0.01598083 0 -0.9998983 -0.01426154 0 -0.9998983 -0.01426154 -0.2587859 -0.9658026 0.01598083 -0.473825 -0.880507 -0.01405155 -0.4738216 -0.8805087 -0.01405155 -0.7070204 -0.707022 0.01555919 -0.8344972 -0.5508487 -0.0134201 -0.8344981 -0.5508474 -0.0134201 -0.9658214 -0.2587905 0.01471757 -0.9858711 -0.1675053 0 0.9659256 -0.2588196 0 0.9659256 -0.2588196 0 0.7071079 -0.7071056 0 0.7071079 -0.7071056 0 0.2588188 -0.9659259 0 0.2588188 -0.9659259 0 -0.2588189 -0.9659258 0 -0.2588189 -0.9659258 0 -0.7071077 -0.7071057 0 -0.7071077 -0.7071057 0 -0.9659258 -0.2588195 0 -0.9659258 -0.2588195 0 -0.965926 0.2588186 0 -0.965926 0.2588186 0 -0.707106 0.7071076 0 -0.707106 0.7071076 0 -0.2588189 0.9659258 0 -0.2588189 0.9659258 0 0.2588188 0.9659259 0 0.2588188 0.9659259 0 0.7071061 0.7071074 0 0.7071061 0.7071074 0 0.9659259 0.2588188 0 0.9659259 0.2588188 0 -0.983784 -0.1786879 -0.01548236 -0.03364223 -0.8367764 -0.5465102 -0.1457827 -0.8273032 -0.5425098 -0.3426399 -0.7792553 -0.5247467 -0.1726029 -0.8313953 -0.5281952 -0.1707563 -0.9772469 -0.1258202 -0.1707518 -0.977249 -0.1258107 -0.1720356 -0.9330618 0.3159104 -0.1720296 -0.9330631 0.3159099 -0.5306168 -0.8028443 0.2718213 -0.5306137 -0.8028459 0.2718225 -0.8366703 -0.518779 0.1756449 -0.8366694 -0.5187802 0.1756456 -0.9837286 -0.1701721 0.05761587 -0.9837288 -0.1701706 0.05761516 -0.9910189 -0.1329302 -0.01452726 -0.8421077 -0.4966049 -0.2103285 -0.8883702 -0.3891101 -0.2437043 -0.5929582 -0.6835825 -0.4255766 -0.5930663 -0.6835151 -0.4255344 -0.5334333 -0.7235366 -0.4381139 -0.8319549 -0.4926284 -0.2552807 -0.8883312 -0.3891987 -0.2437047 -0.1707501 -0.97725 -0.125805 -0.1707482 -0.9772496 -0.1258103 -0.5276869 -0.842486 -0.108461 -0.5276871 -0.8424859 -0.1084609 -0.8347319 -0.5461493 -0.07031077 -0.8347305 -0.5461513 -0.07031142 -0.9906561 -0.135267 -0.01741421 -0.9910179 -0.1329436 -0.01447528 -0.3680952 -0.7643569 0.5294002 0.6632768 -0.5289458 0.529415 0.6632696 0.52894 0.5294299 -0.6632577 0.5289305 0.5294544 0.4274526 0.8876099 0.1715599 0 0.9851729 0.1715649 0.4274485 -0.8876053 0.171594 0.7702386 -0.6142446 0.1715696 0.77024 -0.614246 0.1715583 0.770247 -0.6142467 0.1715245 0.9604803 -0.2192237 0.1715186 -0.7702386 -0.6142446 0.1715696 -0.4274485 -0.8876053 0.171594 -0.4274486 -0.8876053 0.1715943 -0.4274503 -0.8876112 0.1715592 0 -0.9851729 0.1715649 -0.4274556 0.8876199 0.1715013 -0.7702464 0.6142527 0.1715055 -0.77024 0.614246 0.1715583 -0.770247 0.6142467 0.1715245 -0.9604804 0.2192233 0.1715185 0.4274556 0.8876199 0.1715013 0.7702464 0.6142527 0.1715055 0.77024 0.614246 0.1715582 0.7702469 0.6142467 0.1715243 0.05857729 0.2911434 0.9548845 0.05857568 0.2911437 0.9548844 0.3128964 0.9481363 0.05597674 0.03740727 0.06961369 0.9968724 0.4412688 0.668805 0.5983159 0.282055 0.2755317 0.9189817 -0.2950106 0.1811054 0.9381735 -0.8897697 0.3309397 0.3143071 -0.4917742 0.02405428 0.8703905 -0.491553 -0.04288727 0.869791 -0.08065241 -0.01270538 0.9966613 -0.9063015 -0.338961 0.2524344 -0.2464964 -0.1242381 0.9611474 -0.2464966 -0.1242375 0.9611474 -0.05857568 -0.2911437 0.9548844 -0.05857729 -0.2911434 0.9548844 -0.0932002 -0.6383388 0.7640925 0.009608507 -0.09626495 0.9953094 0.05876535 -0.3839519 0.9214812 0.03868919 -0.3876345 0.9210008 0.2928382 -0.1797718 0.9391102 0.8873135 -0.3299463 0.3221961 0.0746116 -0.0188986 0.9970336 0.9688854 -0.09574443 0.2282411 0.4908794 -0.02401071 0.8708966 -0.827075 0.1887741 0.5294445 0.3680768 0.7643193 0.5294672 0.8270748 -0.1887745 0.5294444 0 -0.8483682 0.5294067 -0.9604786 -0.2192233 0.1715287 -0.9604803 -0.2192235 0.1715185 -0.8270748 -0.1887746 0.5294445 -0.8270766 -0.1887749 0.5294416 -0.3067135 0.07000523 -0.9492239 -0.2155084 0.09126985 0.9722273 -0.2053599 0.1113334 0.9723333 -0.3010351 0.1698175 0.9383709 -0.1019194 0.0625683 0.9928231 -0.9604787 0.2192227 0.1715288 -0.8270769 0.1887747 0.5294412 -0.6632692 0.5289406 0.5294298 -0.2459682 0.1961534 -0.9492225 -0.1258177 0.1493848 0.9807416 -0.2457587 0.2726219 0.9302042 -0.1877216 0.2163357 0.9581021 -0.03055864 0.07066935 0.9970316 -0.2521889 0.7752087 0.5791826 -0.07189369 0.2475835 0.9661955 -0.4274526 0.8876099 0.1715602 -0.4274556 0.8876199 0.1715011 -0.3680768 0.7643188 0.5294679 -0.3680796 0.7643251 0.5294569 -0.1364989 0.283443 -0.949225 -0.117708 0.1560194 0.9807154 -0.5467434 0.8372659 0.00759536 -0.1877206 0.2163366 0.9581021 -0.03869241 0.3876668 0.9209872 -0.05877077 0.3839834 0.9214677 -0.0426144 0.2537477 0.9663313 0 0.3145899 -0.9492278 0 0.8483288 0.5294696 0 0.8483288 0.5294696 0 0.9851728 0.1715649 0 0.9851729 0.1715649 -0.009608507 0.09626495 0.9953094 0.09320026 0.6383389 0.7640923 0.0388385 0.1985854 0.9793138 0.0512073 0.1958615 0.9792937 0.136499 0.2834431 -0.949225 0.1502644 0.2132535 0.9653722 0.1741011 0.1936129 0.9655065 0.2670048 0.2885999 0.9194664 0.07135409 0.06970417 0.9950126 0.4274556 0.8876199 0.1715016 0.3680799 0.7643251 0.5294567 0.6632572 0.528931 0.5294544 0.2459682 0.1961535 -0.9492225 0.1668329 0.08472931 0.9823379 0.5319159 0.3082493 0.7887001 0.2482593 0.1251259 0.9605783 0.9604787 0.2192229 0.1715283 0.9604803 0.2192231 0.1715185 0.8270747 0.1887742 0.5294448 0.8270767 0.1887745 0.5294415 0.3067135 0.07000523 -0.9492239 0.1703042 0.07762014 0.9823297 0.9076866 0.3395915 0.2465415 0.2482591 0.1251266 0.9605784 0.08065223 0.01270532 0.9966613 0.4904981 0.04281139 0.8703901 0.3222531 0.02531754 0.9463149 0.3222209 -0.02531254 0.9463261 0.3067151 -0.07000577 -0.9492233 0.2177382 -0.09194153 0.9716671 0.207251 -0.1126405 0.9717814 0.298785 -0.1686072 0.9393078 0.1019155 -0.06256598 0.9928236 0.9604786 -0.2192232 0.1715288 0.8270767 -0.188775 0.5294415 0.6632698 -0.5289397 0.52943 0.2459648 -0.1961503 -0.9492241 0.125825 -0.1493914 0.9807397 0.2457275 -0.2725896 0.930222 0.1877106 -0.216323 0.958107 0.4274503 -0.8876112 0.1715592 0.4274486 -0.8876053 0.1715943 0.3680923 -0.7643509 0.5294109 0.3680949 -0.764357 0.5294002 0.1365049 -0.2834554 -0.9492204 0.1177121 -0.1560278 0.9807137 0.5467429 -0.8372658 0.007625877 0.1877096 -0.2163239 0.958107 -0.4412688 -0.668805 0.5983159 -0.1502563 -0.2132411 0.9653763 -0.1365049 -0.2834554 -0.9492204 -0.3680921 -0.7643511 0.5294108 0 -0.8483682 0.5294067 0 -0.9851728 0.1715649 0 -0.9851729 0.1715649 0.03055864 -0.07066935 0.9970316 0.2521651 -0.7751314 0.5792962 0.0718947 -0.2475833 0.9661954 0.04261338 -0.2537479 0.9663313 0 -0.314605 -0.9492228 -0.03883683 -0.1985719 0.9793165 -0.05120301 -0.1958487 0.9792965 -0.3128964 -0.9481362 0.05597734 -0.03740727 -0.06961369 0.9968724 -0.282055 -0.2755317 0.9189817 -0.2670039 -0.2886006 0.9194665 -0.1740911 -0.1936036 0.9655103 -0.2459648 -0.1961503 -0.9492241 -0.6632772 -0.5289456 0.5294147 -0.6632696 -0.52894 0.5294299 -0.77024 -0.614246 0.1715582 -0.7702469 -0.6142467 0.1715243 -0.07135117 -0.06970125 0.9950129 -0.529946 -0.3072496 0.7904145 -0.1688132 -0.08609467 0.9818807 -0.1726164 -0.07831984 0.9818704 -0.3067151 -0.07000577 -0.9492233 -0.3216984 -0.02522897 0.946506 -0.3217375 0.02523511 0.9464926 -0.9691142 0.09575492 0.2272633 -0.0746116 0.0188986 0.9970336 -0.3680923 -0.7643504 0.5294116 0.6632821 -0.5289503 0.5294039 0.6632568 0.5289301 0.5294557 -0.6632725 0.5289427 0.5294235 0.4274553 0.8876193 0.1715052 0 0.9851818 0.1715134 0.4274475 -0.88761 0.1715727 0.770237 -0.6142429 0.1715828 0.7702417 -0.6142479 0.1715438 0.7702427 -0.6142479 0.1715394 0.9604771 -0.2192232 0.1715373 -0.770237 -0.6142429 0.1715828 -0.4274475 -0.88761 0.1715727 -0.4274547 -0.8876175 0.1715158 -0.4274553 -0.8876193 0.1715055 0 -0.9851818 0.1715134 -0.4274533 0.887616 0.1715264 -0.7702409 0.6142469 0.1715507 -0.7702417 0.6142479 0.1715438 -0.7702427 0.6142479 0.1715394 -0.960477 0.2192229 0.1715373 0.4274533 0.887616 0.1715264 0.7702409 0.614247 0.1715507 0.7702416 0.6142477 0.1715448 0.7702427 0.614248 0.1715393 0.05857932 0.291153 0.9548814 0.05857872 0.2911531 0.9548813 0.3128924 0.9481344 0.05603182 0.03740632 0.06961184 0.9968726 0.4412542 0.6687789 0.5983557 0.2820507 0.2755314 0.9189831 -0.2949932 0.1810991 0.9381802 -0.8897606 0.330936 0.3143365 -0.4917831 0.02405357 0.8703855 -0.4915578 -0.04288685 0.8697882 -0.08065021 -0.01270514 0.9966615 -0.9062494 -0.3389436 0.2526444 -0.2464926 -0.124235 0.9611488 -0.2464925 -0.1242352 0.9611488 -0.05857872 -0.2911531 0.9548813 -0.05857932 -0.291153 0.9548814 -0.09320884 -0.6384103 0.7640317 0.009608745 -0.09626752 0.9953091 0.05876719 -0.3839675 0.9214745 0.03869092 -0.3876505 0.9209941 0.2928156 -0.1797622 0.9391191 0.8872949 -0.3299388 0.3222548 0.0746116 -0.0188986 0.9970336 0.9688851 -0.09574389 0.2282428 0.4908646 -0.02400875 0.870905 -0.8270422 0.1887666 0.5294982 0.3680793 0.7643244 0.5294582 0.8270422 -0.1887668 0.5294982 0 -0.8483486 0.5294381 -0.9604827 -0.2192244 0.1715036 -0.9604769 -0.2192237 0.1715374 -0.8270421 -0.188768 0.5294981 -0.8270677 -0.1887727 0.5294563 -0.3067063 0.07000356 -0.9492264 -0.215518 0.09127318 0.9722249 -0.2053683 0.1113385 0.9723311 -0.3010191 0.1698077 0.9383778 -0.1019182 0.06256729 0.9928233 -0.9604827 0.2192248 0.1715037 -0.8270674 0.1887735 0.5294564 -0.6632573 0.5289295 0.5294557 -0.2459659 0.196151 -0.9492236 -0.1258116 0.1493791 0.9807433 -0.2457576 0.2726218 0.9302046 -0.1877198 0.2163347 0.9581025 -0.03055864 0.07066947 0.9970316 -0.2521875 0.7752044 0.5791888 -0.07189351 0.2475829 0.9661957 -0.4274553 0.8876193 0.1715055 -0.4274547 0.8876175 0.1715158 -0.3680797 0.7643243 0.5294579 -0.3680842 0.7643347 0.5294399 -0.1364995 0.2834441 -0.9492247 -0.1177038 0.1560121 0.9807171 -0.5467444 0.8372662 0.007481634 -0.1877208 0.216334 0.9581025 -0.03869253 0.3876665 0.9209873 -0.05876994 0.3839833 0.9214678 -0.0426138 0.2537475 0.9663314 0 0.3145974 -0.9492253 0 0.848329 0.5294697 0 0.8483289 0.5294697 0 0.9851818 0.1715134 0 0.9851818 0.1715134 -0.009608745 0.09626758 0.9953091 0.09320884 0.6384102 0.7640317 0.03883749 0.1985768 0.9793155 0.0512039 0.1958529 0.9792956 0.1364994 0.2834439 -0.9492247 0.1502594 0.2132449 0.9653749 0.1740939 0.1936061 0.9655092 0.2670023 0.2885982 0.9194677 0.07135367 0.06970393 0.9950126 0.4274547 0.8876175 0.1715158 0.3680844 0.764334 0.5294407 0.663273 0.528942 0.5294235 0.2459658 0.196151 -0.9492237 0.1668325 0.08472847 0.982338 0.5319319 0.3082574 0.7886861 0.248266 0.1251291 0.9605763 0.9604828 0.2192242 0.1715034 0.9604769 0.2192235 0.1715373 0.827042 0.1887677 0.5294981 0.8270678 0.1887725 0.5294562 0.3067063 0.07000356 -0.9492264 0.1703033 0.07762026 0.9823299 0.9076585 0.339585 0.2466535 0.2482661 0.1251289 0.9605762 0.08065015 0.01270508 0.9966615 0.4904832 0.04280966 0.8703985 0.3222644 0.02531862 0.9463111 0.3222323 -0.02531355 0.9463221 0.306707 -0.0700038 -0.9492262 0.2177513 -0.09194594 0.9716637 0.2072625 -0.1126483 0.9717781 0.2987636 -0.1685953 0.9393168 0.1019182 -0.06256729 0.9928233 0.9604826 -0.2192251 0.1715036 0.8270674 -0.1887738 0.5294563 0.6632577 -0.528929 0.5294559 0.2459678 -0.1961523 -0.9492229 0.1258243 -0.1493903 0.98074 0.245753 -0.272615 0.9302078 0.1877075 -0.2163205 0.9581081 0.4274553 -0.8876193 0.1715055 0.4274547 -0.8876175 0.1715158 0.3680875 -0.7643403 0.5294294 0.3680919 -0.7643507 0.5294115 0.1365024 -0.2834501 -0.9492224 0.117712 -0.156027 0.9807137 0.5467435 -0.8372662 0.007543623 0.1877084 -0.2163198 0.9581083 -0.4412541 -0.6687788 0.5983558 -0.1502553 -0.2132385 0.965377 -0.1365024 -0.2834501 -0.9492224 -0.3680868 -0.7643401 0.5294302 0 -0.8483486 0.5294381 0 -0.9851818 0.1715134 0 -0.9851818 0.1715134 0.03055864 -0.07066947 0.9970316 0.2521756 -0.775166 0.5792454 0.07189399 -0.2475828 0.9661957 0.04261326 -0.2537476 0.9663314 0 -0.314605 -0.9492227 -0.03883659 -0.19857 0.979317 -0.05120176 -0.1958465 0.9792969 -0.3128924 -0.9481344 0.05603122 -0.03740632 -0.06961184 0.9968726 -0.2820507 -0.2755314 0.9189831 -0.2670023 -0.2885982 0.9194677 -0.1740891 -0.1936013 0.9655111 -0.2459678 -0.1961523 -0.9492229 -0.6632831 -0.5289493 0.5294037 -0.6632568 -0.5289301 0.5294557 -0.7702417 -0.6142479 0.171544 -0.7702427 -0.614248 0.1715393 -0.07135361 -0.06970393 0.9950127 -0.5299791 -0.3072721 0.7903835 -0.1688217 -0.08610039 0.9818788 -0.172626 -0.07832306 0.9818685 -0.306707 -0.0700038 -0.9492262 -0.3217022 -0.02522873 0.9465048 -0.3217395 0.02523463 0.9464919 -0.9691305 0.0957551 0.2271938 -0.0746116 0.0188986 0.9970336 0 0 1 0 0 1 -0.04949617 0.03229576 0.998252 -0.03997993 0.05153119 -0.9978708 -0.5655254 0.8005548 -0.1982246 0 0 1 0 0 1 -0.2576197 0.9614492 -0.09616482 -0.1462156 0.5304142 0.835034 0.1742285 0.6124549 0.7710664 0 0 1 0 0 1 0.1777698 0.1874447 0.9660551 0.2313399 0.08076494 0.9695147 0.05800038 0.01554113 0.9981955 0.1757809 0.01144897 0.9843627 0.1755466 -0.05287081 0.9830505 0 0 1 0.06179058 -0.05938374 0.9963209 0.05021655 -0.06613582 -0.9965462 0 0 1 0 0 1 0.5402106 -0.7966641 -0.2711067 0.2576197 -0.9614492 -0.09616482 0.1462156 -0.5304142 0.835034 -0.1742285 -0.6124549 0.7710664 0 0 1 0 0 1 -0.1777698 -0.1874447 0.9660551 -0.2313399 -0.08076494 0.9695147 -0.05800014 -0.01554107 0.9981955 -0.1757809 -0.01144891 0.9843628 -0.1755465 0.05287092 0.9830504 0 0 1 -0.9518675 0.2550507 0.1699922 -0.696816 0.696816 0.1699852 -0.6968197 0.6968211 0.1699489 -0.2550529 0.9518693 0.169979 -0.2550532 0.9518716 0.1699661 0.2550535 0.9518715 0.1699661 0.2550526 0.9518694 0.169979 0.6968204 0.6968204 0.1699488 0.6968153 0.6968166 0.1699852 0.9518674 0.2550514 0.1699923 0.9518719 0.2550519 0.1699661 0.9518718 -0.2550522 0.1699661 0.9518676 -0.2550504 0.1699922 0.696816 -0.696816 0.1699852 0.6968197 -0.6968211 0.1699489 0.2550529 -0.9518693 0.169979 0.2550532 -0.9518716 0.1699661 -0.2550535 -0.9518715 0.1699661 -0.2550526 -0.9518694 0.169979 -0.6968204 -0.6968204 0.1699488 -0.6968153 -0.6968166 0.1699852 -0.9518674 -0.255051 0.1699923 -0.951872 -0.2550516 0.1699661 -0.9518718 0.2550526 0.1699661 -0.1066094 0.1156912 0.9875475 -0.08651572 0.1011112 0.9911063 -0.1210069 0.1255222 0.9846835 0.7302145 -0.1956589 0.6546025 0.5329617 -0.1505746 0.8326338 0.5335701 0.1429688 0.8335843 0.5336003 0.1429781 0.8335635 0.390624 0.390624 0.8335621 0.564611 0.5795693 0.5876342 0.2102711 0.7847443 0.5830631 0.1523251 0.5328364 0.8323956 -0.1429744 0.5335892 0.8335711 -0.1429778 0.5335999 0.8335638 0.1588901 -0.1588901 0.974427 0.1169767 -0.1227959 0.9855139 0.1185306 -0.1238495 0.9851963 0.04949617 -0.03229576 0.998252 0.6190588 -0.4358822 0.6532786 0.1280347 -0.1301959 0.9831867 0.121007 -0.1255223 0.9846835 0.06473553 -0.06387621 0.995856 0.06609123 -0.06581163 0.9956409 0.5655254 -0.8005548 -0.1982246 0.03998029 -0.05153149 -0.9978708 0.04131841 -0.05343317 -0.9977163 0.1155945 -0.121855 0.9857937 0.1066093 -0.1156911 0.9875475 0.08651572 -0.1011112 0.9911063 -0.01509582 0.00956726 -0.9998403 0.2944639 -0.4522778 0.8418645 0.1429778 -0.5336 0.8335636 0.1429744 -0.5335891 0.8335712 -0.1523252 -0.5328366 0.8323954 -0.2102711 -0.7847442 0.5830631 -0.5646109 -0.5795692 0.5876343 -0.3906242 -0.3906242 0.833562 -0.5336 -0.1429778 0.8335636 -0.5335701 -0.1429686 0.8335845 -0.5329616 0.1505748 0.8326338 -0.7302143 0.1956592 0.6546025 -0.6190589 0.4358822 0.6532785 -0.1280347 0.1301959 0.9831867 -0.06179058 0.05938374 0.996321 -0.06473553 0.06387621 0.995856 -0.06609123 0.06581163 0.9956409 -0.1185306 0.1238496 0.9851963 -0.1169798 0.1227986 0.9855132 -0.115594 0.1218543 0.9857939 -0.04131841 0.05343317 -0.9977163 -0.05021655 0.06613582 -0.9965462 -0.5402106 0.7966641 -0.2711068 0.01509577 -0.00956726 -0.9998403 -0.2944639 0.4522778 0.8418645 -0.15889 0.15889 0.974427 -0.8215622 0.2201356 0.5259049 -0.8215606 0.2201352 0.5259075 -0.6014242 0.6014242 0.5259068 -0.6014136 0.6014147 0.5259297 -0.2201346 0.8215556 0.5259156 -0.2201368 0.8215619 0.5259048 0.2201364 0.821562 0.5259048 0.220135 0.8215553 0.5259159 0.6014144 0.6014144 0.5259292 0.6014236 0.6014248 0.5259069 0.8215607 0.2201352 0.5259073 0.8215621 0.2201356 0.525905 0.8215622 -0.2201353 0.5259049 0.8215608 -0.220135 0.5259073 0.6014242 -0.6014242 0.5259068 0.6014136 -0.6014147 0.5259297 0.2201346 -0.8215556 0.5259156 0.2201368 -0.8215619 0.5259048 -0.2201364 -0.821562 0.5259048 -0.220135 -0.8215553 0.5259159 -0.6014144 -0.6014144 0.5259292 -0.6014236 -0.6014248 0.5259069 -0.8215608 -0.2201349 0.5259072 -0.8215622 -0.2201353 0.5259048 -0.6690244 -0.7430284 -0.01776087 -0.7816539 -0.6233485 0.02130299 -0.913544 -0.4067318 -0.002584278 -0.7818304 -0.6234888 -0.001721978 -0.9133816 -0.406663 -0.01894897 -0.9746898 -0.2224669 0.02209436 -0.999813 0 -0.01934534 -0.9998129 0 -0.01934534 -0.9746898 0.2224671 0.0220943 -0.9133816 0.406663 -0.01894897 -0.7818304 0.6234888 -0.001721978 -0.913544 0.4067318 -0.002584278 -0.7816544 0.623348 0.02130293 -0.6690244 0.7430284 -0.01776117 -0.433797 0.9007949 0.0197196 -0.4337996 0.9007935 0.0197196 -0.3089789 0.9509379 -0.01578199 0 0.9998496 0.01734638 0.1045295 0.994493 0.007579088 0.1045243 0.9944935 0.007579147 0 0.9997767 -0.02113121 0.4999013 0.8658519 0.0199843 0.433884 0.9009687 4.28993e-4 0.4999995 0.8660256 3.19725e-4 0.4338428 0.90089 -0.01332712 0.8089526 0.5877398 0.01255798 0.78183 0.623488 -0.002173483 0.8090163 0.587782 -0.002200484 0.7818161 0.6234775 -0.006280362 0.9781305 0.2079088 0.005894541 0.9749279 0.2225214 0 0.9781475 -0.2079121 0 0.9749131 -0.2225179 0.005507528 0.8090077 -0.5877758 -0.005119442 0.7818297 -0.6234883 -0.002173483 0.8090144 -0.5877847 -0.002200484 0.7817903 -0.6234574 0.01023709 0.4999772 -0.865987 -0.009458661 0.4338837 -0.9009688 4.28998e-4 0.4999996 -0.8660256 3.19725e-4 0.4338403 -0.9008781 0.01418435 0.1045198 -0.9944376 -0.01301413 0 -0.9999697 0.007780134 0.1045253 -0.9944934 0.007579147 0 -0.9998496 0.01734596 -0.3089779 -0.9509382 -0.01578229 -0.4337996 -0.9007935 0.0197196 -0.4337993 -0.9007937 0.0197196 -0.6690244 -0.7430284 -0.01776117 -0.7816544 -0.623348 0.02130293 -0.913544 -0.4067318 -0.002584278 -0.7818304 -0.6234888 -0.001721978 -0.9133816 -0.406663 -0.01894897 -0.9746898 -0.2224671 0.0220943 -0.9998129 0 -0.01934534 -0.999813 0 -0.01934534 -0.9746898 0.2224669 0.02209436 -0.9133816 0.406663 -0.01894897 -0.7818304 0.6234888 -0.001721978 -0.913544 0.4067318 -0.002584278 -0.7816539 0.6233485 0.02130299 -0.6690244 0.7430284 -0.01776087 -0.4337993 0.9007937 0.0197196 -0.4337996 0.9007935 0.0197196 -0.3089779 0.9509382 -0.01578229 0 0.9998496 0.01734596 0.1045253 0.9944934 0.007579147 0.1045256 0.9944933 0.007579088 0 0.9997767 -0.02113163 0.4998997 0.8658527 0.01998382 0.433884 0.9009687 4.28993e-4 0.4999995 0.8660256 3.19725e-4 0.4338452 0.9008889 -0.01332664 0.8089526 0.5877398 0.01255822 0.7818295 0.6234886 -0.002173483 0.8090163 0.587782 -0.002200484 0.7818161 0.6234775 -0.006280362 0.9781305 0.2079085 0.005894541 0.9749279 0.2225213 0 0.9781475 -0.2079123 0 0.9749131 -0.222518 0.005507528 0.8090077 -0.5877758 -0.005119442 0.7818297 -0.6234883 -0.002173483 0.8090144 -0.5877847 -0.002200484 0.7817908 -0.6234568 0.01023691 0.4999772 -0.865987 -0.009459018 0.4338813 -0.9009699 4.29003e-4 0.5000011 -0.8660247 3.19723e-4 0.4338403 -0.9008781 0.01418471 0.1045184 -0.9944379 -0.01301383 0 -0.9999697 0.007780134 0.1045295 -0.994493 0.007579088 0 -0.9998496 0.01734638 -0.3089789 -0.9509379 -0.01578199 -0.4337996 -0.9007935 0.0197196 -0.433797 -0.9007949 0.0197196 -1 0 0 -1 0 0 -1 0 0 -1 0 0 -1 0 0 -1 0 0 -1 0 0 -1 0 0 -1 0 0 -1 0 0 -1 0 0 -1 0 0 -1 0 0 -1 0 0 -1 0 0 -1 0 0 -1 0 0 -1 0 0 -1 0 0 -1 0 0 -1 0 0 -1 0 0 -1 0 0 -1 0 0 -1 0 0 -1 0 0 -1 0 0 -1 0 0 -1 0 0 -1 0 0 -1 0 0 -1 0 0 -1 0 0 -1 0 0 -1 0 0 -1 0 0 -1 0 0 -1 0 0 -1 0 0 -1 0 0 -1 0 0 -1 0 0 -1 0 0 -1 0 0 0 0 1 0 0 1 0 0 1 0 0 1 0 0 1 0 0 1 0 0 1 0 0 1 0 0 1 0 0 1 0 0 1 0 0 1 0 0 1 0 0 1 0 0 1 0 0 1 0 0 1 0 0 1 0 0 1 0 0 1 0 0 1 0 0 1 0 0 1 0 0 1 0 0 1 0 0 1 0 0 1 0 0 1 0 0 1 0 0 1 0 0 1 0 0 1 0 0 1 0 0 1 0 0 1 0 0 1 0 0 1 0 0 1 0 0 1 0 0 1 -0.007412075 0.9917882 -0.1276766 0 0.8157846 -0.5783559 0.01163351 0.8371935 -0.5467831 0 0.928169 0.3721589 0.01118832 0.9471244 0.3206715 0.02086609 0.9282219 0.3714413 -0.01132547 0.9982902 0.05734592 -0.009015381 0.9610921 -0.2760812 -0.00901544 0.9610924 -0.2760797 -0.00587666 0.9917956 -0.1276988 -0.006052255 0.9611157 -0.2760794 0.02674645 0.9914599 -0.1276401 -0.007701873 0.998328 0.0572884 -0.007701992 0.9983279 0.05728942 0 -0.3827682 -0.9238444 0 -0.3827682 -0.9238444 0.009860277 -0.3827496 -0.9237995 -0.04140847 -0.3838651 -0.9224603 0.03564339 -0.4049622 -0.9136384 -0.1454806 -0.3648558 -0.919628 0.009012222 -0.4964973 -0.8679915 -0.2439148 -0.3343732 -0.9103296 -0.07437628 -0.5521103 -0.8304471 -0.07438051 -0.5521055 -0.8304499 0 -0.06324052 -0.9979983 0 -0.20923 -0.9778664 -0.001345038 -0.4707192 -0.882282 -0.001345038 -0.4707171 -0.8822832 0.002282559 -0.2005279 -0.9796853 0.004824876 -0.2323052 -0.972631 0.004824876 -0.2323052 -0.972631 0.01221716 -0.7707611 -0.6370071 -0.004736125 -0.5910456 -0.8066243 -0.004885315 -0.7708102 -0.6370462 0.003260195 -0.8693708 -0.4941495 -0.004055023 -0.9801437 -0.1982473 -0.004055023 -0.9801437 -0.198247 0.002028703 -0.9954619 -0.0951395 -0.002423942 -0.9578024 0.2874171 -0.002422451 -0.947235 0.3205309 0 -0.9578056 0.2874167 0.7071061 0 -0.7071075 0.7071061 0 -0.7071075 0.1783995 -0.6907165 -0.7007741 0.1783994 -0.6907156 -0.700775 0.1783997 -0.6907153 -0.7007752 0.4199054 -0.5767095 -0.700775 0.4199062 -0.5767111 -0.7007732 0.6025656 -0.3818819 -0.7007717 0.7007736 -0.1335316 -0.700775 0.7007745 -0.133532 -0.7007741 0.7007766 -0.1335299 -0.7007725 0.6025646 -0.3818809 -0.7007731 0.6524596 0.2930184 -0.6988825 0.6524659 0.2930201 -0.6988759 0.652464 0.293021 -0.6988772 0.7152264 -0.004603743 -0.6988776 0.7152226 -0.004604399 -0.6988816 0.7152227 -0.004604935 -0.6988816 0.6486341 -0.3013944 -0.6988814 0.6486325 -0.3013939 -0.6988831 0.4647374 -0.5436736 -0.6988835 0.4647364 -0.5436742 -0.6988837 0.1967915 -0.6876323 -0.6988812 0.1967915 -0.6876325 -0.698881 0.196792 -0.6876326 -0.6988807 0.464738 -0.5436769 -0.6988807 0.575979 -0.4200903 -0.7012648 0.5759781 -0.4200893 -0.7012662 0.5759781 -0.4200904 -0.7012656 0.6873966 -0.1889767 -0.7012659 0.6873968 -0.1889768 -0.7012656 0.687398 -0.1889762 -0.7012646 0.7097824 0.0666126 -0.7012645 0.6402326 0.3135749 -0.7012652 0.6402306 0.3135744 -0.7012673 0.6402313 0.3135803 -0.701264 0.7097834 0.06661254 -0.7012633 0.4518589 -0.5449413 -0.706302 0.2903359 -0.6456347 -0.7063009 0.290336 -0.645635 -0.7063006 0.4518588 -0.5449412 -0.7063021 0.3744971 -0.6007407 -0.706302 0.3744964 -0.60074 -0.706303 0.3744966 -0.6007406 -0.7063024 0.2903346 -0.6456333 -0.7063027 -0.6242105 -0.347406 -0.6997644 -0.6242077 -0.347405 -0.6997674 -0.6242111 -0.3474034 -0.6997653 -0.4367289 -0.5653275 -0.6997661 -0.4367302 -0.5653287 -0.6997645 -0.1785294 -0.6917064 -0.6997638 0.1085821 -0.7060751 -0.6997627 0.1085821 -0.706075 -0.6997628 0.1085794 -0.7060736 -0.6997646 -0.1785293 -0.6917061 -0.6997643 0.4652168 -0.5437728 -0.6984872 0.6520737 -0.2948061 -0.6984908 0.6520745 -0.2948067 -0.6984897 0.6520751 -0.2948062 -0.6984894 0.6520751 -0.2948062 -0.6984894 0.4652152 -0.5437717 -0.6984893 0.4652163 -0.5437714 -0.6984887 0.1903312 -0.6898461 -0.6984886 0.1903302 -0.6898446 -0.6984905 0.1903301 -0.6898463 -0.6984888 -0.12057 -0.7053911 -0.6984887 -0.1205681 -0.7053893 -0.6984907 -0.1205682 -0.705389 -0.6984909 -0.6194154 -0.3583809 -0.6984896 -0.6194159 -0.358381 -0.6984891 -0.6194141 -0.3583809 -0.6984907 -0.6194165 -0.3583816 -0.6984881 -0.4086542 -0.5874654 -0.6984885 -0.4086543 -0.5874655 -0.6984884 -0.4086539 -0.5874638 -0.69849 -0.1205686 -0.7053898 -0.6984901 -0.03760886 -0.7133854 -0.6997621 -0.0376085 -0.7133835 -0.699764 -0.03760904 -0.7133839 -0.6997636 0.2466372 -0.6704486 -0.6997635 0.2466377 -0.6704508 -0.6997611 0.4909455 -0.518947 -0.6997618 0.6557502 -0.2834074 -0.6997656 0.6557511 -0.2834081 -0.6997646 0.6557502 -0.2834085 -0.6997652 0.4909433 -0.5189438 -0.6997657 -0.4430018 -0.5527392 -0.7058532 -0.4430011 -0.5527385 -0.7058542 -0.2357828 -0.6679659 -0.7058527 -0.2357826 -0.6679657 -0.7058531 -0.2357784 -0.6679643 -0.7058557 -0.3442463 -0.6190817 -0.7058557 -0.3442462 -0.6190815 -0.7058559 -0.3442499 -0.6190823 -0.7058534 -0.6402324 0.3135753 -0.7012653 -0.6402307 0.313574 -0.7012674 -0.6402314 0.3135803 -0.701264 -0.7097834 0.06661272 -0.7012633 -0.7097823 0.06661242 -0.7012645 -0.687398 -0.1889762 -0.7012646 -0.6873969 -0.1889767 -0.7012655 -0.5759792 -0.4200901 -0.7012648 -0.5759781 -0.4200896 -0.7012659 -0.5759781 -0.4200904 -0.7012656 -0.6873965 -0.1889767 -0.7012659 -0.08523571 -0.7115519 -0.6974446 -0.3946558 -0.5981769 -0.6974461 -0.08523547 -0.7115548 -0.6974416 -0.08523589 -0.7115555 -0.6974408 -0.3946575 -0.5981817 -0.6974411 -0.3946568 -0.5981776 -0.697445 -0.6206259 -0.3583188 -0.6974462 -0.6206265 -0.3583195 -0.6974452 -0.6206288 -0.35832 -0.697443 -0.7153671 -0.04269355 -0.6974433 -0.7153663 -0.04269319 -0.6974442 -0.6588413 0.2819598 -0.6974431 -0.6588436 0.2819616 -0.6974402 -0.6588434 0.2819616 -0.6974403 -0.7153692 -0.04269266 -0.6974412 -0.651799 -0.2887669 -0.7012645 -0.6518004 -0.2887672 -0.701263 -0.6517978 -0.288769 -0.7012647 -0.5073583 -0.5008155 -0.7012643 -0.507358 -0.5008152 -0.7012646 -0.2972025 -0.6479958 -0.7012647 -0.04855191 -0.7112438 -0.7012667 -0.04855239 -0.7112454 -0.701265 -0.04854941 -0.7112476 -0.701263 -0.2972031 -0.6479966 -0.7012637 -0.6994463 -0.1110165 -0.7060101 -0.6994463 0.1110164 -0.7060101 -0.699447 0.1110166 -0.7060095 -0.7082028 0 -0.7060091 -0.7082028 0 -0.7060091 -0.7082028 0 -0.7060091 -0.6994472 -0.1110165 -0.7060092 -0.04855227 0.7112438 -0.7012666 -0.04855203 0.7112457 -0.7012649 -0.04854935 0.7112476 -0.701263 -0.2972029 0.6479967 -0.7012637 -0.2972027 0.6479957 -0.7012647 -0.507358 0.5008152 -0.7012646 -0.6517991 0.2887666 -0.7012645 -0.6518002 0.2887673 -0.7012632 -0.6517978 0.288769 -0.7012647 -0.5073582 0.5008155 -0.7012642 -0.6588412 -0.2819599 -0.6974432 -0.7153663 0.04269319 -0.6974442 -0.6588435 -0.2819616 -0.6974403 -0.6588434 -0.2819616 -0.6974403 -0.7153692 0.04269266 -0.6974412 -0.7153671 0.04269355 -0.6974433 -0.6206288 0.35832 -0.697443 -0.6206265 0.3583195 -0.6974452 -0.6206259 0.3583188 -0.6974462 -0.3946568 0.5981776 -0.697445 -0.3946558 0.5981768 -0.6974462 -0.08523577 0.7115519 -0.6974446 -0.08523547 0.7115547 -0.6974416 -0.08523589 0.7115554 -0.6974408 -0.3946575 0.5981817 -0.6974411 -0.575979 0.4200903 -0.7012648 -0.5759781 0.4200893 -0.7012662 -0.5759781 0.4200904 -0.7012656 -0.6873964 0.1889771 -0.7012659 -0.6873953 0.1889764 -0.7012672 -0.687398 0.1889761 -0.7012646 -0.7097824 -0.0666126 -0.7012645 -0.6402326 -0.3135749 -0.7012652 -0.6402306 -0.3135744 -0.7012673 -0.6402313 -0.3135803 -0.701264 -0.7097834 -0.06661254 -0.7012633 -0.443001 0.5527383 -0.7058545 -0.2357828 0.6679659 -0.7058528 -0.2357826 0.6679657 -0.7058531 -0.4430017 0.5527393 -0.7058533 -0.3442476 0.6190838 -0.7058533 -0.3442465 0.619082 -0.7058554 -0.3442464 0.6190818 -0.7058557 -0.2357784 0.6679643 -0.7058557 0.6557501 0.2834076 -0.6997656 0.6557506 0.2834076 -0.6997651 0.6557511 0.283408 -0.6997646 0.6557502 0.2834085 -0.6997652 0.4909429 0.5189442 -0.6997657 0.4909459 0.5189466 -0.6997617 0.246638 0.6704506 -0.6997611 -0.03760856 0.7133854 -0.699762 -0.0376088 0.7133837 -0.6997638 -0.03760904 0.7133839 -0.6997636 0.2466369 0.6704487 -0.6997635 -0.6194153 0.3583808 -0.6984899 -0.6194154 0.3583809 -0.6984896 -0.6194162 0.3583821 -0.6984883 -0.4086542 0.5874654 -0.6984885 -0.4086543 0.5874655 -0.6984884 -0.4086539 0.5874637 -0.69849 -0.1205683 0.7053899 -0.6984901 -0.1205683 0.7053886 -0.6984914 -0.1205681 0.7053893 -0.6984907 -0.12057 0.7053911 -0.6984887 0.19033 0.6898463 -0.6984888 0.1903302 0.6898446 -0.6984905 0.1903312 0.6898461 -0.6984886 0.4652163 0.5437714 -0.6984887 0.4652168 0.5437728 -0.6984872 0.6520735 0.2948063 -0.6984908 0.6520755 0.2948067 -0.6984888 0.6520751 0.2948062 -0.6984894 0.4652152 0.5437717 -0.6984893 0.1085821 0.7060751 -0.6997627 0.1085821 0.706075 -0.6997629 0.1085794 0.7060737 -0.6997646 -0.1785293 0.691706 -0.6997642 -0.1785293 0.6917065 -0.6997638 -0.43673 0.565329 -0.6997644 -0.6242104 0.3474065 -0.6997644 -0.4367291 0.5653274 -0.6997662 -0.6242111 0.3474034 -0.6997653 -0.6242091 0.3474044 -0.6997666 -0.6242094 0.3474057 -0.6997657 0.4518589 0.5449413 -0.7063021 0.4518589 0.5449412 -0.7063021 0.3744969 0.6007409 -0.7063019 0.3744967 0.6007406 -0.7063024 0.2903357 0.6456328 -0.7063027 0.2903339 0.6456326 -0.7063036 0.290336 0.6456349 -0.7063007 0.2903359 0.6456347 -0.7063009 0.6402324 -0.3135753 -0.7012653 0.5759792 0.4200901 -0.7012648 0.5759781 0.4200896 -0.7012659 0.5759781 0.4200904 -0.7012656 0.6873964 0.1889771 -0.7012659 0.6873953 0.1889764 -0.7012672 0.687398 0.1889761 -0.7012646 0.7097824 -0.06661242 -0.7012645 0.7097834 -0.06661272 -0.7012634 0.6402313 -0.3135803 -0.701264 0.6402307 -0.313574 -0.7012674 0.1967915 0.6876323 -0.6988812 0.1967916 0.6876325 -0.698881 0.196792 0.6876326 -0.6988807 0.464738 0.5436769 -0.6988806 0.4647364 0.5436742 -0.6988837 0.4647374 0.5436736 -0.6988835 0.6486327 0.3013937 -0.6988831 0.648634 0.3013946 -0.6988815 0.7152227 0.004604935 -0.6988816 0.7152226 0.004604399 -0.6988816 0.65246 -0.2930175 -0.6988824 0.6524647 -0.2930207 -0.6988767 0.652464 -0.293021 -0.6988772 0.7152264 0.004603743 -0.6988776 0.7007735 0.1335318 -0.700775 0.7007747 0.1335318 -0.700774 0.7007766 0.1335299 -0.7007725 0.6025644 0.3818812 -0.700773 0.6025659 0.3818818 -0.7007716 0.4199064 0.5767109 -0.7007733 0.1783996 0.6907164 -0.7007741 0.1783993 0.6907158 -0.7007749 0.1783997 0.6907153 -0.7007752 0.4199051 0.5767097 -0.7007751 0.7071061 0 -0.7071075 0.7071061 0 -0.7071075 0 0.9472377 0.3205319 0.002028703 0.9954619 -0.0951395 -0.002423942 0.9578024 0.2874171 -0.002423942 0.9578028 0.2874159 0.003260195 0.8693708 -0.4941495 -0.004055023 0.9801437 -0.1982473 -0.004055023 0.9801437 -0.1982471 0 0.07695758 -0.9970343 0.006553769 0.2645981 -0.9643365 0 0.20923 -0.9778664 0.006553828 0.2645987 -0.9643363 0.02703559 0.4861313 -0.8734675 -6.15366e-4 0.211573 -0.977362 -6.4345e-4 0.4881036 -0.8727855 0.003688454 0.5910482 -0.8066278 -0.004885315 0.7708095 -0.637047 -0.004885315 0.7708102 -0.6370462 -0.07141125 0.5539854 -0.8294581 -0.04307687 0.3824129 -0.9229869 0.02022719 0.4027312 -0.9150947 -0.1849322 0.3458312 -0.9198918 -0.05259215 0.5793706 -0.8133658 -0.07141268 0.5539839 -0.8294588 0 0.3827689 -0.9238441 -1.49354e-7 0.3827682 -0.9238444 -0.9518676 -0.2550504 -0.1699921 -0.696816 -0.696816 -0.1699851 -0.6968197 -0.6968211 -0.1699488 -0.2550529 -0.9518693 -0.1699789 -0.2550532 -0.9518716 -0.1699659 0.2550535 -0.9518715 -0.1699659 0.2550526 -0.9518694 -0.1699788 0.6968204 -0.6968204 -0.1699487 0.6968153 -0.6968166 -0.1699851 0.9518675 -0.255051 -0.1699921 0.951872 -0.2550516 -0.169966 0.9518717 0.2550525 -0.1699659 0.9518676 0.2550507 -0.1699921 0.696816 0.696816 -0.1699851 0.6968197 0.6968211 -0.1699488 0.2550529 0.9518693 -0.1699789 0.2550532 0.9518716 -0.1699659 -0.2550535 0.9518715 -0.1699659 -0.2550526 0.9518694 -0.1699788 -0.6968204 0.6968204 -0.1699487 -0.6968153 0.6968166 -0.1699851 -0.9518674 0.2550514 -0.1699921 -0.9518719 0.2550519 -0.169966 -0.9518719 -0.2550522 -0.169966 -0.1756061 0.04705357 -0.9833354 -0.1285517 0.1285517 -0.9833356 -0.1285517 0.1285517 -0.9833356 -0.04705166 0.1755995 -0.9833366 -0.04705238 0.1756017 -0.9833362 0.04705232 0.1756017 -0.9833362 0.04705172 0.1755994 -0.9833366 0.1285517 0.1285517 -0.9833356 0.1285517 0.1285517 -0.9833356 0.175606 0.04705369 -0.9833353 0.1756017 0.04705244 -0.9833362 0.1756017 -0.0470525 -0.9833362 0.1756061 -0.04705351 -0.9833354 0.1285517 -0.1285519 -0.9833356 0.1285566 -0.1285566 -0.9833343 0.04705435 -0.1756085 -0.9833349 0.04705238 -0.1756017 -0.9833362 -0.04705256 -0.1756017 -0.9833362 -0.04705417 -0.1756086 -0.9833349 -0.1285565 -0.1285567 -0.9833343 -0.1285517 -0.1285517 -0.9833356 -0.1756061 -0.04705363 -0.9833354 -0.1756017 -0.04705238 -0.9833362 -0.1756017 0.04705256 -0.9833362 -0.821562 0.2201356 -0.5259051 -0.8215605 0.2201351 -0.5259077 -0.6014236 0.6014246 -0.5259069 -0.6014146 0.6014146 -0.5259286 -0.220135 0.8215552 -0.5259159 -0.2201363 0.8215616 -0.5259054 0.2201367 0.8215618 -0.525905 0.2201346 0.8215556 -0.5259156 0.6014137 0.6014148 -0.5259295 0.6014245 0.6014245 -0.525906 0.8215605 0.2201352 -0.5259075 0.8215621 0.2201356 -0.5259049 0.8215621 -0.2201353 -0.5259051 0.8215606 -0.2201349 -0.5259076 0.6014236 -0.6014246 -0.5259069 0.6014146 -0.6014146 -0.5259286 0.220135 -0.8215552 -0.5259159 0.2201363 -0.8215616 -0.5259054 -0.2201367 -0.8215618 -0.525905 -0.2201346 -0.8215556 -0.5259156 -0.6014137 -0.6014148 -0.5259295 -0.6014245 -0.6014245 -0.525906 -0.8215606 -0.220135 -0.5259076 -0.8215619 -0.2201352 -0.5259055 -0.5335704 0.1429689 -0.8335843 -0.5336005 0.1429781 -0.8335633 -0.3906242 0.3906241 -0.833562 -0.3906239 0.3906239 -0.8335622 -0.1429775 0.5336005 -0.8335634 -0.142975 0.5335896 -0.8335708 0.1429745 0.5335894 -0.833571 0.1429778 0.5336002 -0.8335636 0.3906241 0.3906242 -0.833562 0.3906239 0.3906239 -0.8335622 0.5336008 0.142977 -0.8335633 0.5335701 0.14297 -0.8335841 0.5335704 -0.1429687 -0.8335842 0.5336002 -0.1429778 -0.8335636 0.3906242 -0.3906241 -0.833562 0.3906239 -0.3906239 -0.8335622 0.1429775 -0.5336005 -0.8335634 0.142975 -0.5335896 -0.8335708 -0.1429745 -0.5335894 -0.833571 -0.1429778 -0.5336002 -0.8335636 -0.3906241 -0.3906242 -0.833562 -0.3906239 -0.3906239 -0.8335622 -0.5336008 -0.1429768 -0.8335633 -0.5335705 -0.1429699 -0.833584 -0.9518676 -0.2550507 -0.1699921 -0.696816 -0.696816 -0.1699851 -0.6968197 -0.6968211 -0.1699488 -0.2550529 -0.9518693 -0.1699789 -0.2550532 -0.9518716 -0.1699659 0.2550535 -0.9518715 -0.1699659 0.2550526 -0.9518694 -0.1699788 0.6968204 -0.6968204 -0.1699487 0.6968153 -0.6968166 -0.1699851 0.9518674 -0.2550514 -0.1699921 0.9518719 -0.2550519 -0.169966 0.9518719 0.2550522 -0.169966 0.9518676 0.2550504 -0.1699921 0.696816 0.696816 -0.1699851 0.6968197 0.6968211 -0.1699488 0.2550529 0.9518693 -0.1699789 0.2550532 0.9518716 -0.1699659 -0.2550535 0.9518715 -0.1699659 -0.2550526 0.9518694 -0.1699788 -0.6968204 0.6968204 -0.1699487 -0.6968153 0.6968166 -0.1699851 -0.9518675 0.255051 -0.1699921 -0.951872 0.2550516 -0.169966 -0.9518717 -0.2550525 -0.1699659 -0.1756061 0.04705351 -0.9833354 -0.1285517 0.1285519 -0.9833356 -0.1285566 0.1285566 -0.9833343 -0.04705435 0.1756085 -0.9833349 -0.04705238 0.1756017 -0.9833362 0.04705256 0.1756017 -0.9833362 0.04705417 0.1756086 -0.9833349 0.1285565 0.1285567 -0.9833343 0.1285517 0.1285517 -0.9833356 0.1756061 0.04705363 -0.9833354 0.1756017 0.04705238 -0.9833362 0.1756017 -0.04705256 -0.9833362 0.1756061 -0.04705357 -0.9833354 0.1285517 -0.1285517 -0.9833356 0.1285517 -0.1285517 -0.9833356 0.04705166 -0.1755995 -0.9833366 0.04705238 -0.1756017 -0.9833362 -0.04705232 -0.1756017 -0.9833362 -0.04705172 -0.1755994 -0.9833366 -0.1285517 -0.1285517 -0.9833356 -0.1285517 -0.1285517 -0.9833356 -0.175606 -0.04705369 -0.9833353 -0.1756017 -0.04705244 -0.9833362 -0.1756017 0.0470525 -0.9833362 -0.8215621 0.2201353 -0.5259051 -0.8215606 0.2201349 -0.5259076 -0.6014236 0.6014246 -0.5259069 -0.6014146 0.6014146 -0.5259286 -0.220135 0.8215552 -0.5259159 -0.2201363 0.8215616 -0.5259054 0.2201367 0.8215618 -0.525905 0.2201346 0.8215556 -0.5259156 0.6014137 0.6014148 -0.5259295 0.6014245 0.6014245 -0.525906 0.8215606 0.220135 -0.5259076 0.8215619 0.2201352 -0.5259055 0.821562 -0.2201356 -0.5259051 0.8215605 -0.2201351 -0.5259077 0.6014236 -0.6014246 -0.5259069 0.6014146 -0.6014146 -0.5259286 0.220135 -0.8215552 -0.5259159 0.2201363 -0.8215616 -0.5259054 -0.2201367 -0.8215618 -0.525905 -0.2201346 -0.8215556 -0.5259156 -0.6014137 -0.6014148 -0.5259295 -0.6014245 -0.6014245 -0.525906 -0.8215605 -0.2201352 -0.5259075 -0.8215621 -0.2201356 -0.5259049 -0.5335704 0.1429687 -0.8335842 -0.5336002 0.1429778 -0.8335636 -0.3906242 0.3906241 -0.833562 -0.3906239 0.3906239 -0.8335622 -0.1429775 0.5336005 -0.8335634 -0.142975 0.5335896 -0.8335708 0.1429745 0.5335894 -0.833571 0.1429778 0.5336002 -0.8335636 0.3906241 0.3906242 -0.833562 0.3906239 0.3906239 -0.8335622 0.5336008 0.1429768 -0.8335633 0.5335705 0.1429699 -0.833584 0.5335704 -0.1429689 -0.8335843 0.5336005 -0.1429781 -0.8335633 0.3906242 -0.3906241 -0.833562 0.3906239 -0.3906239 -0.8335622 0.1429775 -0.5336005 -0.8335634 0.142975 -0.5335896 -0.8335708 -0.1429745 -0.5335894 -0.833571 -0.1429778 -0.5336002 -0.8335636 -0.3906241 -0.3906242 -0.833562 -0.3906239 -0.3906239 -0.8335622 -0.5336008 -0.142977 -0.8335633 -0.5335701 -0.14297 -0.8335841 -0.951867 -0.2550521 -0.1699931 -0.6968123 -0.6968131 -0.1700124 -0.6968143 -0.6968159 -0.169992 -0.2550538 -0.9518663 -0.1699948 -0.2550543 -0.9518713 -0.1699659 0.255055 -0.9518711 -0.1699658 0.2550531 -0.9518665 -0.1699947 0.6968148 -0.6968156 -0.169992 0.6968119 -0.6968134 -0.1700124 0.951867 -0.2550523 -0.1699931 0.9518684 -0.2550525 -0.1699846 0.9518685 0.255052 -0.1699846 0.9518671 0.2550514 -0.1699931 0.6968123 0.6968131 -0.1700124 0.6968143 0.6968159 -0.169992 0.2550538 0.9518663 -0.1699948 0.2550543 0.9518713 -0.1699659 -0.255055 0.9518711 -0.1699658 -0.2550531 0.9518665 -0.1699947 -0.6968148 0.6968156 -0.169992 -0.6968119 0.6968134 -0.1700124 -0.9518672 0.2550517 -0.1699931 -0.9518685 0.2550518 -0.1699846 -0.9518684 -0.2550527 -0.1699845 -0.1755991 0.0470516 -0.9833367 -0.1285443 0.1285446 -0.9833375 -0.1285517 0.1285517 -0.9833355 -0.04705363 0.1756061 -0.9833354 -0.04705238 0.1756017 -0.9833362 0.0470525 0.1756017 -0.9833362 0.04705357 0.1756061 -0.9833353 0.1285516 0.1285519 -0.9833356 0.1285444 0.1285443 -0.9833375 0.1755992 0.04705154 -0.9833367 0.1756017 0.04705232 -0.9833362 0.1756017 -0.04705238 -0.9833362 0.175599 -0.04705172 -0.9833368 0.1285445 -0.1285443 -0.9833375 0.128542 -0.128542 -0.9833381 0.04704833 -0.175588 -0.9833388 0.04705238 -0.1756017 -0.9833362 -0.04705202 -0.1756017 -0.9833362 -0.04704868 -0.1755878 -0.9833389 -0.128542 -0.1285419 -0.9833381 -0.1285444 -0.1285443 -0.9833375 -0.1755991 -0.04705166 -0.9833368 -0.1756017 -0.04705244 -0.9833363 -0.1756017 0.0470522 -0.9833363 -0.8215573 0.220135 -0.5259127 -0.8215627 0.2201368 -0.5259035 -0.6014321 0.6014333 -0.5258872 -0.6014229 0.601423 -0.5259096 -0.2201371 0.8215592 -0.5259088 -0.2201376 0.8215617 -0.5259048 0.2201377 0.8215616 -0.5259048 0.220137 0.8215593 -0.5259087 0.6014222 0.6014235 -0.5259099 0.6014325 0.6014326 -0.5258877 0.8215629 0.2201366 -0.5259032 0.8215572 0.2201354 -0.5259127 0.8215572 -0.2201356 -0.5259127 0.8215628 -0.2201375 -0.5259031 0.6014321 -0.6014333 -0.5258872 0.6014229 -0.601423 -0.5259096 0.2201371 -0.8215592 -0.5259088 0.2201376 -0.8215617 -0.5259048 -0.2201377 -0.8215616 -0.5259048 -0.220137 -0.8215593 -0.5259087 -0.6014222 -0.6014235 -0.5259099 -0.6014325 -0.6014326 -0.5258877 -0.8215628 -0.2201371 -0.5259033 -0.8215571 -0.2201359 -0.5259127 -0.533599 0.1429772 -0.8335644 -0.5336006 0.1429778 -0.8335633 -0.3906241 0.3906242 -0.8335619 -0.3906214 0.3906213 -0.8335646 -0.1429779 0.5335988 -0.8335645 -0.1429801 0.5336084 -0.8335579 0.1429805 0.5336085 -0.8335578 0.1429776 0.5335991 -0.8335642 0.3906216 0.3906217 -0.8335644 0.3906239 0.3906238 -0.8335622 0.5336004 0.1429777 -0.8335635 0.5335991 0.1429774 -0.8335643 0.533599 -0.1429777 -0.8335644 0.5336004 -0.1429781 -0.8335633 0.3906241 -0.3906242 -0.8335619 0.3906214 -0.3906213 -0.8335646 0.1429779 -0.5335988 -0.8335645 0.1429801 -0.5336084 -0.8335579 -0.1429805 -0.5336085 -0.8335578 -0.1429776 -0.5335991 -0.8335642 -0.3906216 -0.3906217 -0.8335644 -0.3906239 -0.3906238 -0.8335622 -0.5336002 -0.142978 -0.8335635 -0.5335989 -0.1429777 -0.8335644 -0.9518676 -0.2550504 -0.1699921 -0.696816 -0.696816 -0.1699851 -0.6968197 -0.6968211 -0.1699488 -0.2550529 -0.9518693 -0.1699789 -0.2550532 -0.9518716 -0.1699659 0.2550535 -0.9518715 -0.1699659 0.2550526 -0.9518694 -0.1699788 0.6968204 -0.6968204 -0.1699487 0.6968153 -0.6968166 -0.1699851 0.9518675 -0.255051 -0.1699921 0.951872 -0.2550516 -0.169966 0.9518717 0.2550525 -0.1699659 0.9518676 0.2550507 -0.1699921 0.696816 0.696816 -0.1699851 0.6968197 0.6968211 -0.1699488 0.2550529 0.9518693 -0.1699789 0.2550532 0.9518716 -0.1699659 -0.2550535 0.9518715 -0.1699659 -0.2550526 0.9518694 -0.1699788 -0.6968204 0.6968204 -0.1699487 -0.6968153 0.6968166 -0.1699851 -0.9518674 0.2550514 -0.1699921 -0.9518719 0.2550519 -0.169966 -0.9518719 -0.2550522 -0.169966 -0.1756061 0.04705357 -0.9833354 -0.1285517 0.1285517 -0.9833356 -0.1285517 0.1285517 -0.9833356 -0.04705166 0.1755995 -0.9833366 -0.04705238 0.1756017 -0.9833362 0.04705232 0.1756017 -0.9833362 0.04705172 0.1755994 -0.9833366 0.1285517 0.1285517 -0.9833356 0.1285517 0.1285517 -0.9833356 0.175606 0.04705369 -0.9833353 0.1756017 0.04705244 -0.9833362 0.1756017 -0.0470525 -0.9833362 0.1756061 -0.04705351 -0.9833354 0.1285517 -0.1285519 -0.9833356 0.1285566 -0.1285566 -0.9833343 0.04705435 -0.1756085 -0.9833349 0.04705238 -0.1756017 -0.9833362 -0.04705256 -0.1756017 -0.9833362 -0.04705417 -0.1756086 -0.9833349 -0.1285565 -0.1285567 -0.9833343 -0.1285517 -0.1285517 -0.9833356 -0.1756061 -0.04705363 -0.9833354 -0.1756017 -0.04705238 -0.9833362 -0.1756017 0.04705256 -0.9833362 -0.821562 0.2201356 -0.5259051 -0.8215605 0.2201351 -0.5259077 -0.6014236 0.6014246 -0.5259069 -0.6014146 0.6014146 -0.5259286 -0.220135 0.8215552 -0.5259159 -0.2201363 0.8215616 -0.5259054 0.2201367 0.8215618 -0.525905 0.2201346 0.8215556 -0.5259156 0.6014137 0.6014148 -0.5259295 0.6014245 0.6014245 -0.525906 0.8215605 0.2201352 -0.5259075 0.8215621 0.2201356 -0.5259049 0.8215621 -0.2201353 -0.5259051 0.8215606 -0.2201349 -0.5259076 0.6014236 -0.6014246 -0.5259069 0.6014146 -0.6014146 -0.5259286 0.220135 -0.8215552 -0.5259159 0.2201363 -0.8215616 -0.5259054 -0.2201367 -0.8215618 -0.525905 -0.2201346 -0.8215556 -0.5259156 -0.6014137 -0.6014148 -0.5259295 -0.6014245 -0.6014245 -0.525906 -0.8215606 -0.220135 -0.5259076 -0.8215619 -0.2201352 -0.5259055 -0.5335704 0.1429689 -0.8335843 -0.5336005 0.1429781 -0.8335633 -0.3906242 0.3906241 -0.833562 -0.3906239 0.3906239 -0.8335622 -0.1429775 0.5336005 -0.8335634 -0.142975 0.5335896 -0.8335708 0.1429745 0.5335894 -0.833571 0.1429778 0.5336002 -0.8335636 0.3906241 0.3906242 -0.833562 0.3906239 0.3906239 -0.8335622 0.5336008 0.142977 -0.8335633 0.5335701 0.14297 -0.8335841 0.5335704 -0.1429687 -0.8335842 0.5336002 -0.1429778 -0.8335636 0.3906242 -0.3906241 -0.833562 0.3906239 -0.3906239 -0.8335622 0.1429775 -0.5336005 -0.8335634 0.142975 -0.5335896 -0.8335708 -0.1429745 -0.5335894 -0.833571 -0.1429778 -0.5336002 -0.8335636 -0.3906241 -0.3906242 -0.833562 -0.3906239 -0.3906239 -0.8335622 -0.5336008 -0.1429768 -0.8335633 -0.5335705 -0.1429699 -0.833584 -0.9518671 -0.2550514 -0.1699931 -0.6968123 -0.6968131 -0.1700124 -0.6968143 -0.6968159 -0.169992 -0.2550538 -0.9518663 -0.1699948 -0.2550543 -0.9518713 -0.1699659 0.255055 -0.9518711 -0.1699658 0.2550531 -0.9518665 -0.1699947 0.6968148 -0.6968156 -0.169992 0.6968119 -0.6968134 -0.1700124 0.9518672 -0.2550517 -0.1699931 0.9518685 -0.2550518 -0.1699846 0.9518684 0.2550527 -0.1699845 0.951867 0.2550521 -0.1699931 0.6968123 0.6968131 -0.1700124 0.6968143 0.6968159 -0.169992 0.2550538 0.9518663 -0.1699948 0.2550543 0.9518713 -0.1699659 -0.255055 0.9518711 -0.1699658 -0.2550531 0.9518665 -0.1699947 -0.6968148 0.6968156 -0.169992 -0.6968119 0.6968134 -0.1700124 -0.951867 0.2550523 -0.1699931 -0.9518684 0.2550525 -0.1699846 -0.9518685 -0.255052 -0.1699846 -0.175599 0.04705172 -0.9833368 -0.1285445 0.1285443 -0.9833375 -0.128542 0.128542 -0.9833381 -0.04704833 0.175588 -0.9833388 -0.04705238 0.1756017 -0.9833362 0.04705202 0.1756017 -0.9833362 0.04704868 0.1755878 -0.9833389 0.128542 0.1285419 -0.9833381 0.1285444 0.1285443 -0.9833375 0.1755991 0.04705166 -0.9833368 0.1756017 0.04705244 -0.9833363 0.1756017 -0.0470522 -0.9833363 0.1755991 -0.0470516 -0.9833367 0.1285443 -0.1285446 -0.9833375 0.1285517 -0.1285517 -0.9833355 0.04705363 -0.1756061 -0.9833354 0.04705238 -0.1756017 -0.9833362 -0.0470525 -0.1756017 -0.9833362 -0.04705357 -0.1756061 -0.9833353 -0.1285516 -0.1285519 -0.9833356 -0.1285444 -0.1285443 -0.9833375 -0.1755992 -0.04705154 -0.9833367 -0.1756017 -0.04705232 -0.9833362 -0.1756017 0.04705238 -0.9833362 -0.8215572 0.2201356 -0.5259127 -0.8215628 0.2201375 -0.5259031 -0.6014321 0.6014333 -0.5258872 -0.6014229 0.601423 -0.5259096 -0.2201371 0.8215592 -0.5259088 -0.2201376 0.8215617 -0.5259048 0.2201377 0.8215616 -0.5259048 0.220137 0.8215593 -0.5259087 0.6014222 0.6014235 -0.5259099 0.6014325 0.6014326 -0.5258877 0.8215628 0.2201371 -0.5259033 0.8215571 0.2201359 -0.5259127 0.8215573 -0.220135 -0.5259127 0.8215627 -0.2201368 -0.5259035 0.6014321 -0.6014333 -0.5258872 0.6014229 -0.601423 -0.5259096 0.2201371 -0.8215592 -0.5259088 0.2201376 -0.8215617 -0.5259048 -0.2201377 -0.8215616 -0.5259048 -0.220137 -0.8215593 -0.5259087 -0.6014222 -0.6014235 -0.5259099 -0.6014325 -0.6014326 -0.5258877 -0.8215629 -0.2201366 -0.5259032 -0.8215572 -0.2201354 -0.5259127 -0.533599 0.1429777 -0.8335644 -0.5336004 0.1429781 -0.8335633 -0.3906241 0.3906242 -0.8335619 -0.3906214 0.3906213 -0.8335646 -0.1429779 0.5335988 -0.8335645 -0.1429801 0.5336084 -0.8335579 0.1429805 0.5336085 -0.8335578 0.1429776 0.5335991 -0.8335642 0.3906216 0.3906217 -0.8335644 0.3906239 0.3906238 -0.8335622 0.5336002 0.142978 -0.8335635 0.5335989 0.1429777 -0.8335644 0.533599 -0.1429772 -0.8335644 0.5336006 -0.1429778 -0.8335633 0.3906241 -0.3906242 -0.8335619 0.3906214 -0.3906213 -0.8335646 0.1429779 -0.5335988 -0.8335645 0.1429801 -0.5336084 -0.8335579 -0.1429805 -0.5336085 -0.8335578 -0.1429776 -0.5335991 -0.8335642 -0.3906216 -0.3906217 -0.8335644 -0.3906239 -0.3906238 -0.8335622 -0.5336004 -0.1429777 -0.8335635 -0.5335991 -0.1429774 -0.8335643 -0.9518676 -0.2550507 -0.1699921 -0.696816 -0.696816 -0.1699851 -0.6968197 -0.6968211 -0.1699488 -0.2550529 -0.9518693 -0.1699789 -0.2550532 -0.9518716 -0.1699659 0.2550535 -0.9518715 -0.1699659 0.2550526 -0.9518694 -0.1699788 0.6968204 -0.6968204 -0.1699487 0.6968153 -0.6968166 -0.1699851 0.9518674 -0.2550514 -0.1699921 0.9518719 -0.2550519 -0.169966 0.9518719 0.2550522 -0.169966 0.9518676 0.2550504 -0.1699921 0.696816 0.696816 -0.1699851 0.6968197 0.6968211 -0.1699488 0.2550529 0.9518693 -0.1699789 0.2550532 0.9518716 -0.1699659 -0.2550535 0.9518715 -0.1699659 -0.2550526 0.9518694 -0.1699788 -0.6968204 0.6968204 -0.1699487 -0.6968153 0.6968166 -0.1699851 -0.9518675 0.255051 -0.1699921 -0.951872 0.2550516 -0.169966 -0.9518717 -0.2550525 -0.1699659 -0.1756061 0.04705351 -0.9833354 -0.1285517 0.1285519 -0.9833356 -0.1285566 0.1285566 -0.9833343 -0.04705435 0.1756085 -0.9833349 -0.04705238 0.1756017 -0.9833362 0.04705256 0.1756017 -0.9833362 0.04705417 0.1756086 -0.9833349 0.1285565 0.1285567 -0.9833343 0.1285517 0.1285517 -0.9833356 0.1756061 0.04705363 -0.9833354 0.1756017 0.04705238 -0.9833362 0.1756017 -0.04705256 -0.9833362 0.1756061 -0.04705357 -0.9833354 0.1285517 -0.1285517 -0.9833356 0.1285517 -0.1285517 -0.9833356 0.04705166 -0.1755995 -0.9833366 0.04705238 -0.1756017 -0.9833362 -0.04705232 -0.1756017 -0.9833362 -0.04705172 -0.1755994 -0.9833366 -0.1285517 -0.1285517 -0.9833356 -0.1285517 -0.1285517 -0.9833356 -0.175606 -0.04705369 -0.9833353 -0.1756017 -0.04705244 -0.9833362 -0.1756017 0.0470525 -0.9833362 -0.8215621 0.2201353 -0.5259051 -0.8215606 0.2201349 -0.5259076 -0.6014236 0.6014246 -0.5259069 -0.6014146 0.6014146 -0.5259286 -0.220135 0.8215552 -0.5259159 -0.2201363 0.8215616 -0.5259054 0.2201367 0.8215618 -0.525905 0.2201346 0.8215556 -0.5259156 0.6014137 0.6014148 -0.5259295 0.6014245 0.6014245 -0.525906 0.8215606 0.220135 -0.5259076 0.8215619 0.2201352 -0.5259055 0.821562 -0.2201356 -0.5259051 0.8215605 -0.2201351 -0.5259077 0.6014236 -0.6014246 -0.5259069 0.6014146 -0.6014146 -0.5259286 0.220135 -0.8215552 -0.5259159 0.2201363 -0.8215616 -0.5259054 -0.2201367 -0.8215618 -0.525905 -0.2201346 -0.8215556 -0.5259156 -0.6014137 -0.6014148 -0.5259295 -0.6014245 -0.6014245 -0.525906 -0.8215605 -0.2201352 -0.5259075 -0.8215621 -0.2201356 -0.5259049 -0.5335704 0.1429687 -0.8335842 -0.5336002 0.1429778 -0.8335636 -0.3906242 0.3906241 -0.833562 -0.3906239 0.3906239 -0.8335622 -0.1429775 0.5336005 -0.8335634 -0.142975 0.5335896 -0.8335708 0.1429745 0.5335894 -0.833571 0.1429778 0.5336002 -0.8335636 0.3906241 0.3906242 -0.833562 0.3906239 0.3906239 -0.8335622 0.5336008 0.1429768 -0.8335633 0.5335705 0.1429699 -0.833584 0.5335704 -0.1429689 -0.8335843 0.5336005 -0.1429781 -0.8335633 0.3906242 -0.3906241 -0.833562 0.3906239 -0.3906239 -0.8335622 0.1429775 -0.5336005 -0.8335634 0.142975 -0.5335896 -0.8335708 -0.1429745 -0.5335894 -0.833571 -0.1429778 -0.5336002 -0.8335636 -0.3906241 -0.3906242 -0.833562 -0.3906239 -0.3906239 -0.8335622 -0.5336008 -0.142977 -0.8335633 -0.5335701 -0.14297 -0.8335841 -0.7071067 0 -0.7071069 -0.7071068 0 -0.7071069 -0.7071068 0 -0.7071068 -0.6947466 0.1861564 -0.6947467 -0.6947472 0.1861568 -0.694746 -0.5085905 0.5085916 -0.6947448 -0.5085897 0.5085896 -0.6947469 -0.1861566 0.6947465 -0.6947467 -0.1861567 0.6947459 -0.6947473 0.1861564 0.694746 -0.6947473 0.1861569 0.6947466 -0.6947466 0.5085893 0.5085904 -0.6947465 0.5085909 0.5085909 -0.694745 0.6947472 0.1861567 -0.694746 0.6947472 0.1861567 -0.694746 0.7071074 0 -0.7071061 0.7071074 0 -0.7071062 0.7071074 0 -0.7071062 0.6947472 -0.1861568 -0.694746 0.6947472 -0.1861567 -0.694746 0.5085905 -0.5085915 -0.6947449 0.5085899 -0.5085899 -0.6947465 0.1861566 -0.6947467 -0.6947465 0.1861567 -0.6947459 -0.6947473 -0.1861565 -0.694746 -0.6947473 -0.1861568 -0.6947464 -0.6947468 -0.508589 -0.5085902 -0.6947471 -0.508591 -0.5085908 -0.694745 -0.6947473 -0.1861565 -0.694746 -0.6947466 -0.1861566 -0.6947467 0.508589 -0.5085874 -0.694749 0.5085899 -0.5085899 -0.6947465 0.1861566 -0.6947467 -0.6947465 0.1861567 -0.6947459 -0.6947473 -0.1861565 -0.694746 -0.6947473 -0.1861568 -0.6947464 -0.6947468 -0.5085904 -0.508589 -0.6947468 -0.5085883 -0.5085881 -0.6947489 -0.6947456 -0.1861568 -0.6947475 -0.6947466 -0.1861566 -0.6947467 -0.6947466 0.1861564 -0.6947467 -0.6947472 0.1861568 -0.694746 -0.5085905 0.5085916 -0.6947448 -0.5085897 0.5085896 -0.6947469 -0.1861566 0.6947465 -0.6947467 -0.1861567 0.6947459 -0.6947473 0.1861564 0.694746 -0.6947473 0.1861569 0.6947466 -0.6947466 0.5085893 0.5085904 -0.6947465 0.5085909 0.5085909 -0.694745 0.6947472 0.1861567 -0.694746 0.6947472 0.1861567 -0.694746 0.6947471 -0.1861574 -0.6947459 0.6947458 -0.1861563 -0.6947475 0 -0.7455565 -0.6664423 0.01530098 -0.8371523 -0.5467558 0.006869018 -0.9858227 -0.1676499 0.01946347 -0.9916268 -0.1276617 -5.17583e-4 -0.9950121 0.09975385 0.006869554 -0.9858232 -0.1676467 0.004159986 -0.8750734 -0.4839724 0.004639506 -0.9918027 -0.1276942 -0.004789412 -0.8750087 -0.4840834 -0.004789769 -0.87501 -0.4840812 -5.17573e-4 -0.995013 0.0997439 -0.01499843 -0.9917039 -0.1276657 -0.004427492 -0.9949946 0.09983062 0.01285517 -0.9471054 0.3206651 0 -0.9328883 0.3601658 -0.6690245 -0.7430281 -0.01776117 -0.7816541 -0.6233482 0.02130275 -0.9135426 -0.4067349 -0.002584159 -0.7818326 -0.6234859 -0.001721918 -0.9133814 -0.4066637 -0.01894867 -0.9746899 -0.222467 0.02209472 -0.9998129 0 -0.01934486 -0.9998129 0 -0.01934486 -0.9746899 0.2224665 0.02209484 -0.9133814 0.4066637 -0.01894867 -0.7818326 0.6234859 -0.001721918 -0.9135426 0.4067349 -0.002584159 -0.7816532 0.6233494 0.02130287 -0.6690245 0.7430281 -0.01776057 -0.4337996 0.9007936 0.01971977 -0.4338012 0.9007928 0.01971977 -0.3089779 0.9509382 -0.01578259 0 0.9998496 0.01734554 0.1045204 0.9944939 0.007579147 0.1045256 0.9944933 0.007579147 0 0.9997768 -0.02113163 0.4998999 0.8658527 0.01998382 0.4338855 0.9009679 4.29443e-4 0.4999997 0.8660256 3.20183e-4 0.4338455 0.9008888 -0.01332616 0.8089531 0.5877391 0.01255869 0.7818288 0.6234894 -0.002173602 0.809017 0.587781 -0.002200603 0.7818184 0.6234745 -0.006280243 0.9781306 0.2079082 0.005894541 0.974928 0.2225209 0 0.9781476 -0.2079122 0 0.9749131 -0.2225179 0.005507528 0.8090084 -0.5877748 -0.005119383 0.781832 -0.6234854 -0.002173602 0.8090149 -0.587784 -0.002200603 0.7817906 -0.6234571 0.01023709 0.4999772 -0.8659868 -0.009458839 0.433884 -0.9009686 4.28753e-4 0.4999997 -0.8660256 3.1951e-4 0.4338394 -0.9008785 0.01418429 0.1045198 -0.9944376 -0.01301413 0 -0.9999697 0.007780134 0.1045289 -0.994493 0.007579147 0 -0.9998496 0.01734638 -0.3089798 -0.9509376 -0.01578205 -0.4337988 -0.900794 0.01971906 -0.4337996 -0.9007936 0.01971906 -0.6690244 -0.7430284 -0.01776117 -0.7816544 -0.623348 0.02130293 -0.913544 -0.4067318 -0.002584278 -0.7818304 -0.6234888 -0.001721978 -0.9133816 -0.406663 -0.01894897 -0.9746898 -0.2224671 0.0220943 -0.9998129 0 -0.01934534 -0.999813 0 -0.01934534 -0.9746898 0.2224669 0.02209436 -0.9133816 0.406663 -0.01894897 -0.7818304 0.6234888 -0.001721978 -0.913544 0.4067318 -0.002584278 -0.7816539 0.6233485 0.02130299 -0.6690244 0.7430284 -0.01776087 -0.4337993 0.9007937 0.0197196 -0.4337996 0.9007935 0.0197196 -0.3089779 0.9509382 -0.01578229 0 0.9998496 0.01734596 0.1045253 0.9944934 0.007579147 0.1045256 0.9944933 0.007579088 0 0.9997767 -0.02113163 0.4998997 0.8658527 0.01998382 0.433884 0.9009687 4.28993e-4 0.4999995 0.8660256 3.19725e-4 0.4338452 0.9008889 -0.01332664 0.8089526 0.5877398 0.01255822 0.7818295 0.6234886 -0.002173483 0.8090163 0.587782 -0.002200484 0.7818161 0.6234775 -0.006280362 0.9781305 0.2079085 0.005894541 0.9749279 0.2225213 0 0.9781475 -0.2079123 0 0.9749131 -0.222518 0.005507528 0.8090077 -0.5877758 -0.005119442 0.7818297 -0.6234883 -0.002173483 0.8090144 -0.5877847 -0.002200484 0.7817908 -0.6234568 0.01023691 0.4999772 -0.865987 -0.009459018 0.4338813 -0.9009699 4.29003e-4 0.5000011 -0.8660247 3.19723e-4 0.4338403 -0.9008781 0.01418471 0.1045184 -0.9944379 -0.01301383 0 -0.9999697 0.007780134 0.1045295 -0.994493 0.007579088 0 -0.9998496 0.01734638 -0.3089789 -0.9509379 -0.01578199 -0.4337996 -0.9007935 0.0197196 -0.433797 -0.9007949 0.0197196 0 0 1 0 0 1 0 0 1 0 0 1 0 0 1 0 0 1 0 0 1 0 0 1 0 0 1 0 0 1 0 0 1 0 0 1 0 0 1 0 0 1 0 0 1 0 0 1 0 0 1 0 0 1 0 0 1 0 0 1 0 0 1 0 0 1 0 0 1 0 0 1 0 0 1 0 0 1 0 0 1 0 0 1 0 0 1 0 0 1 0 0 1 0 0 1 0 0 1 0 0 1 0 0 1 0 0 1 0 0 1 0 0 1 0 0 1 0 0 1 0.7969535 0.5790191 0.1720525 0.492541 0.8531073 0.1720793 0.492541 0.853107 0.1720803 0.7969473 0.5790174 0.1720868 -0.6591508 0.7320613 0.1720651 -0.3044087 0.9368723 0.1720628 -0.3044086 0.9368715 0.1720679 0.1029735 0.9796897 0.1720602 0.1029697 0.9796869 0.1720781 0.1029685 0.9796911 0.1720545 0.4925444 0.8531093 0.1720603 -0.8999195 0.4006716 0.1720672 -0.8999259 0.4006686 0.1720409 -0.6591523 0.7320642 0.1720473 -0.9850795 0 0.1721 -0.9850795 0 0.1721 -0.8999153 0.4006674 0.1720991 -0.3044089 -0.9368722 0.1720628 -0.6591502 -0.7320619 0.1720651 -0.6591529 -0.7320637 0.1720473 -0.8999259 -0.4006686 0.1720409 -0.8999195 -0.4006716 0.1720672 -0.8999152 -0.4006674 0.1720992 -0.9850795 0 0.1721 0.1029697 -0.9796869 0.1720781 0.102969 -0.9796865 0.1720808 -0.3044064 -0.9368686 0.1720876 0.492541 -0.8531073 0.1720793 0.4925412 -0.8531073 0.1720782 0.1029695 -0.9796874 0.172075 0.7969534 0.5790179 0.1720572 0.9635604 0.2048118 0.1720567 0.9635574 0.2048119 0.1720734 0.9635576 -0.2048109 0.1720734 0.9635602 -0.2048124 0.1720567 0.7969534 -0.5790179 0.1720572 0.7969535 -0.5790191 0.1720525 0.7969473 -0.5790174 0.1720868 0.492541 -0.853107 0.1720803 -0.1757698 -0.01847422 0.9842579 -0.1640751 -0.07305097 0.9837393 -0.1640705 -0.07304912 0.9837402 -0.1201747 -0.1334674 0.98374 -0.1201771 -0.1334699 0.9837394 -0.05550014 -0.1708121 0.9837393 -0.05549937 -0.1708101 0.9837396 0.01877337 -0.1786167 0.9837396 0.01877355 -0.1786195 0.9837391 0.08980107 -0.1555401 0.9837393 0.0897994 -0.1555369 0.98374 0.1452971 -0.1055644 0.9837403 0.145303 -0.1055691 0.9837389 0.1756802 -0.03734207 0.9837388 0.1756739 -0.03734046 0.98374 0.1756739 0.03734081 0.98374 0.1756803 0.03734183 0.9837388 0.1453031 0.1055688 0.9837389 0.1452988 0.1055659 0.9837399 0.08980095 0.1555399 0.9837393 0.08980107 0.1555401 0.9837393 0.01877367 0.1786194 0.9837391 0.01877325 0.1786166 0.9837396 -0.05549949 0.1708101 0.9837397 -0.05550003 0.1708121 0.9837393 -0.120177 0.1334699 0.9837394 -0.1201766 0.1334695 0.9837396 -0.1640721 0.0730496 0.9837399 -0.1640751 0.07305109 0.9837392 -0.1757698 0.01847428 0.9842579 -0.08415186 0 0.996453 0.8290488 0.176221 0.5306829 0.8290368 0.1762171 0.5307029 0.6856872 0.4981796 0.5307072 0.6856967 0.4981883 0.5306869 0.4237818 0.7340127 0.5306924 0.4237787 0.7340055 0.5307046 0.08859395 0.8429121 0.5307074 0.08859395 0.8429127 0.5307066 -0.2619097 0.8060733 0.5307063 -0.2619082 0.8060701 0.5307118 -0.5671235 0.6298546 0.530711 -0.5671257 0.6298565 0.5307064 -0.7742817 0.3447338 0.5307036 -0.7742831 0.3447343 0.5307015 -0.8475568 0 0.5307047 -0.8475568 0 0.5307047 -0.7742827 -0.3447343 0.5307019 -0.774282 -0.3447338 0.5307032 -0.5671256 -0.629857 0.530706 -0.567124 -0.6298545 0.5307106 -0.2619086 -0.80607 0.530712 -0.2619093 -0.8060735 0.5307063 0.08859401 -0.8429126 0.5307065 0.0885939 -0.842912 0.5307074 0.4237778 -0.7340058 0.530705 0.4237826 -0.7340123 0.5306923 0.6856976 -0.4981871 0.5306869 0.6856907 -0.4981832 0.5306994 0.829038 -0.1762186 0.5307003 0.8290489 -0.1762197 0.530683 0.5356249 0.1138505 0.8367461 0.5356201 0.1138491 0.8367494 0.4430102 0.321866 0.8367462 0.4430133 0.3218687 0.8367435 0.2737966 0.4742292 0.8367449 0.2737985 0.474233 0.8367422 0.05723953 0.5445964 0.8367428 0.05723977 0.5446034 0.8367382 -0.1692193 0.5208031 0.8367371 -0.169216 0.5207951 0.8367427 -0.3664128 0.4069424 0.8367435 -0.3664134 0.406943 0.8367428 -0.5002534 0.222728 0.836743 -0.5002565 0.2227291 0.8367409 -0.5476008 0 0.8367397 -0.5476009 0 0.8367397 -0.5002565 -0.2227293 0.8367407 -0.5002563 -0.2227292 0.8367409 -0.3664174 -0.4069474 0.836739 -0.3664132 -0.4069421 0.8367434 -0.1692166 -0.5207949 0.8367428 -0.1692187 -0.5208032 0.8367372 0.0572403 -0.5446034 0.8367381 0.05723905 -0.5445965 0.8367426 0.2737988 -0.474233 0.8367421 0.2738004 -0.4742353 0.8367403 0.4430177 -0.3218711 0.8367403 0.4430061 -0.3218638 0.8367492 0.5356184 -0.1138491 0.8367505 0.535625 -0.1138501 0.8367462 -0.3792064 0.9087509 0.174282 -0.2089409 0.5007144 0.8400171 -0.06828975 0.1636523 0.9841517 -0.06828987 0.1636526 0.9841516 -0.1151325 0.1362408 0.983963 -0.1151345 0.1362435 0.9839623 -0.1544787 0.08918845 0.9839622 -0.1544745 0.08918577 0.9839631 -0.1755529 0.03158694 0.9839631 -0.175556 0.03158766 0.9839625 -0.8374621 -0.1080246 0.5357125 -0.9766021 -0.1259713 0.1742975 -0.9766047 -0.1259726 0.1742821 -0.9693093 0.1744107 0.173264 -0.9693144 0.1744064 0.1732394 -0.8529281 0.4924402 0.1732524 -0.8529292 0.4924402 0.1732467 -0.9693136 0.1744059 0.173245 -0.3792099 0.9087547 0.1742552 -0.6356959 0.7522518 0.1732277 -0.6356973 0.7522438 0.1732575 -0.6356921 0.752241 0.1732894 -0.8529239 0.4924328 0.1732936 -0.175865 -0.02268511 0.9841529 -0.1758736 -0.02268564 0.9841513 -0.538104 -0.06940913 0.8400158 -0.5362716 0.09649056 0.838512 -0.5362708 0.09649032 0.8385125 -0.4718831 0.2724424 0.8385114 -0.4718797 0.27244 0.8385142 -0.3516969 0.4161768 0.8385142 -0.351692 0.41617 0.8385196 -0.2089368 0.5007066 0.8400229 -0.3251778 0.7792722 0.5357184 -0.3251757 0.7792688 0.5357245 -0.5459665 0.646062 0.5334085 -0.5459667 0.6460623 0.5334078 -0.7325342 0.4229305 0.5334073 -0.7325255 0.422924 0.5334245 -0.8324789 0.1497859 0.5334258 -0.8324841 0.1497875 0.5334172 -0.8374491 -0.1080209 0.5357335 -0.5381019 -0.06940865 0.8400171 -0.1853463 0.6920942 0.6976047 -0.04550027 0.1698096 0.984426 -0.02704501 0.09884923 0.9947348 -0.256691 0.9579842 0.1279681 -0.2550282 0.9508187 0.1757964 -0.6202672 0.6974076 0.3590143 -0.1853302 0.6920342 0.6976685 -0.2240132 0.8342801 0.5037806 -0.2181211 0.8134828 0.5391373 -0.2422921 0.9046791 0.3505001 -0.2422857 0.9046554 0.3505656 -0.02705764 0.09889709 0.9947298 -0.1123018 0.4211662 0.9000041 -0.1390312 0.5209054 0.842216 -0.1136124 0.4220964 0.8994037 -0.1136252 0.4221459 0.8993787 -0.9508795 -0.2547875 0.1758161 -0.9616849 -0.2570834 0.0952388 -0.9229029 -0.2473974 0.2950336 -0.2888016 -0.07738411 0.9542565 -0.169569 -0.0463711 0.9844267 -0.2871644 -0.07788974 0.9547092 -0.6457375 -0.1732602 0.7436424 -0.7228869 -0.1239853 0.6797515 -0.01311624 -0.1581821 0.9873228 -0.2434218 -0.0633853 0.9678471 -0.5205869 -0.1402186 0.8422162 -0.9229261 -0.2474036 0.2949555 -0.8327295 -0.222943 0.5068116 -0.8136302 -0.2175918 0.5391288 -0.6683064 -0.1793263 0.7219479 -0.6681894 -0.179295 0.7220639 0.7969535 0.5790191 0.1720525 0.492541 0.8531073 0.1720793 0.492541 0.853107 0.1720803 0.7969473 0.5790174 0.1720868 -0.6591508 0.7320613 0.1720651 -0.3044077 0.9368727 0.1720628 -0.3044076 0.9368682 0.1720875 0.102969 0.9796865 0.1720808 0.1029697 0.9796869 0.1720781 0.1029695 0.9796874 0.172075 0.4925412 0.8531073 0.1720782 -0.8999195 0.4006716 0.1720672 -0.8999259 0.4006686 0.1720409 -0.6591523 0.7320642 0.1720473 -0.9850795 0 0.1721 -0.9850795 0 0.1721 -0.8999153 0.4006674 0.1720991 -0.3044089 -0.9368722 0.1720628 -0.6591502 -0.7320619 0.1720651 -0.6591529 -0.7320637 0.1720473 -0.8999259 -0.4006686 0.1720409 -0.8999195 -0.4006716 0.1720672 -0.8999152 -0.4006674 0.1720992 -0.9850795 0 0.1721 0.1029697 -0.9796869 0.1720781 0.1029735 -0.9796897 0.1720602 -0.3044084 -0.9368715 0.1720679 0.492541 -0.8531073 0.1720793 0.4925444 -0.8531093 0.1720603 0.1029685 -0.9796911 0.1720545 0.7969534 0.5790179 0.1720572 0.9635605 0.2048115 0.1720567 0.9635574 0.2048118 0.1720734 0.9635576 -0.2048112 0.1720734 0.9635602 -0.2048126 0.1720567 0.7969534 -0.5790179 0.1720572 0.7969535 -0.5790191 0.1720525 0.7969473 -0.5790174 0.1720868 0.492541 -0.853107 0.1720803 -0.1757698 -0.01847428 0.9842579 -0.1640751 -0.07305097 0.9837393 -0.164072 -0.07304972 0.9837399 -0.1201766 -0.1334695 0.9837395 -0.120177 -0.1334699 0.9837394 -0.05550014 -0.1708121 0.9837393 -0.05549937 -0.1708101 0.9837396 0.01877337 -0.1786167 0.9837396 0.01877355 -0.1786195 0.9837391 0.08980107 -0.1555401 0.9837393 0.08980095 -0.1555399 0.9837394 0.145299 -0.1055657 0.9837399 0.145303 -0.105569 0.9837389 0.1756802 -0.03734213 0.9837388 0.1756739 -0.03734046 0.98374 0.1756739 0.03734076 0.98374 0.1756803 0.03734183 0.9837388 0.1453031 0.1055688 0.9837389 0.1452969 0.1055647 0.9837403 0.08979928 0.155537 0.9837399 0.08980125 0.15554 0.9837393 0.01877367 0.1786194 0.9837391 0.01877325 0.1786166 0.9837396 -0.05549949 0.1708101 0.9837397 -0.05550003 0.1708121 0.9837393 -0.120177 0.1334699 0.9837394 -0.1201748 0.1334673 0.9837401 -0.1640706 0.07304894 0.9837401 -0.1640751 0.07305115 0.9837393 -0.1757698 0.01847422 0.9842579 -0.08415186 0 0.996453 0.8290487 0.1762208 0.5306829 0.8290383 0.1762174 0.5307003 0.6856909 0.4981823 0.5306999 0.6856969 0.4981877 0.5306869 0.4237818 0.7340127 0.5306924 0.4237787 0.7340055 0.5307046 0.08859395 0.8429121 0.5307074 0.08859395 0.8429127 0.5307066 -0.2619097 0.8060733 0.5307063 -0.2619082 0.8060701 0.5307118 -0.5671235 0.6298546 0.530711 -0.5671257 0.6298565 0.5307064 -0.7742817 0.3447338 0.5307036 -0.7742831 0.3447343 0.5307015 -0.8475568 0 0.5307047 -0.8475568 0 0.5307047 -0.7742827 -0.3447343 0.5307019 -0.774282 -0.3447338 0.5307032 -0.5671256 -0.629857 0.530706 -0.567124 -0.6298545 0.5307106 -0.2619086 -0.80607 0.530712 -0.2619093 -0.8060735 0.5307063 0.08859401 -0.8429126 0.5307065 0.0885939 -0.842912 0.5307074 0.4237778 -0.7340058 0.530705 0.4237826 -0.7340123 0.5306923 0.6856976 -0.4981871 0.5306869 0.6856865 -0.4981809 0.530707 0.8290365 -0.1762185 0.530703 0.8290489 -0.1762197 0.530683 0.5356249 0.1138505 0.8367461 0.5356184 0.1138486 0.8367505 0.4430066 0.3218629 0.8367493 0.443017 0.3218718 0.8367404 0.2738001 0.4742353 0.8367403 0.273799 0.474233 0.8367421 0.05723953 0.5445964 0.8367428 0.05723977 0.5446034 0.8367382 -0.1692193 0.5208031 0.8367371 -0.169216 0.5207951 0.8367427 -0.3664128 0.4069424 0.8367435 -0.3664177 0.4069471 0.836739 -0.5002564 0.2227293 0.8367408 -0.5002565 0.2227293 0.8367407 -0.5476008 0 0.8367397 -0.5476009 0 0.8367397 -0.5002565 -0.2227293 0.8367407 -0.5002536 -0.2227278 0.836743 -0.3664133 -0.406943 0.8367429 -0.3664129 -0.4069424 0.8367434 -0.1692166 -0.5207949 0.8367428 -0.1692187 -0.5208032 0.8367372 0.0572403 -0.5446034 0.8367381 0.05723905 -0.5445965 0.8367426 0.2737988 -0.474233 0.8367421 0.2737964 -0.4742295 0.8367447 0.4430136 -0.3218685 0.8367434 0.4430103 -0.3218665 0.836746 0.53562 -0.1138495 0.8367494 0.5356248 -0.1138501 0.8367462 -0.976602 0.1259723 0.1742975 -0.5381018 0.06940889 0.8400172 -0.175865 0.02268511 0.9841529 -0.1758736 0.02268564 0.9841513 -0.175556 -0.03158748 0.9839625 -0.1755529 -0.03158712 0.9839631 -0.1544744 -0.08918601 0.9839632 -0.1544789 -0.08918827 0.9839623 -0.1151347 -0.1362434 0.9839622 -0.1151323 -0.1362408 0.9839629 -0.3251772 -0.7792724 0.5357185 -0.3792081 -0.9087503 0.1742819 -0.3792082 -0.9087553 0.1742554 -0.6356959 -0.7522518 0.1732277 -0.6356973 -0.7522438 0.1732575 -0.8529281 -0.4924402 0.1732524 -0.852924 -0.4924329 0.1732934 -0.6356921 -0.752241 0.1732893 -0.9766047 0.1259716 0.1742823 -0.9693093 -0.1744107 0.173264 -0.9693144 -0.1744064 0.1732394 -0.9693136 -0.1744059 0.173245 -0.8529292 -0.4924402 0.1732468 -0.06828975 -0.1636523 0.9841517 -0.06828987 -0.1636526 0.9841516 -0.2089375 -0.5007062 0.8400229 -0.3516915 -0.4161704 0.8385196 -0.3516974 -0.4161764 0.8385143 -0.4718795 -0.2724403 0.8385141 -0.4718834 -0.2724421 0.8385115 -0.5362708 -0.09649038 0.8385125 -0.5362716 -0.0964905 0.838512 -0.538104 0.06940895 0.8400158 -0.8374625 0.1080226 0.5357124 -0.837449 0.1080229 0.5357334 -0.8324843 -0.1497869 0.5334172 -0.8324788 -0.1497865 0.5334259 -0.7325249 -0.4229251 0.5334244 -0.7325349 -0.4229294 0.5334073 -0.5459668 -0.6460623 0.5334078 -0.5459664 -0.646062 0.5334085 -0.3251762 -0.7792686 0.5357246 -0.2089402 -0.5007146 0.8400172 -0.6920561 0.1855357 0.6975922 -0.1698027 0.04549843 0.9844273 -0.09912711 0.02600252 0.994735 -0.9579791 0.2566898 0.1280092 -0.9509438 0.2545477 0.1758162 -0.9140965 -0.1884288 0.3590574 -0.6919789 0.185515 0.6976743 -0.8345011 0.2231355 0.5038039 -0.8135634 0.2178444 0.5391275 -0.9046649 0.2425201 0.3503788 -0.9046198 0.242508 0.3505039 -0.0991804 0.02601701 0.9947293 -0.4208742 0.1133221 0.9000128 -0.5206316 0.1400477 0.8422169 -0.4224296 0.1126783 0.8993647 -0.4224019 0.1126707 0.8993787 -0.2547883 -0.950883 0.1757966 -0.2582035 -0.9613907 0.09517818 -0.247196 -0.9229451 0.2950699 -0.07738232 -0.288795 0.9542586 -0.04462772 -0.1700434 0.9844255 -0.07613813 -0.2876754 0.9546967 -0.172822 -0.6458588 0.7436391 -0.2539584 -0.6879799 0.6798447 0.1304597 -0.090424 0.9873215 -0.06681811 -0.242504 0.9678467 -0.1388603 -0.5209495 0.8422169 -0.2472007 -0.9229626 0.2950114 -0.2232933 -0.8326478 0.5067917 -0.2183735 -0.8134142 0.5391384 -0.1788457 -0.66841 0.721971 -0.1788417 -0.6683951 0.7219859 -0.1751475 0.8868489 0.4275774 -0.53767 0.7594916 0.3661741 -0.9841241 0.1636299 0.06873726 -0.9954282 0.0860356 0.04148042 -0.9954493 0.08785563 0.03690612 -0.951191 0.2978457 0.08076965 -0.9907397 0.1344057 -0.01924061 -0.9907693 0.1345571 -0.01644766 -0.8308926 0.3088566 -0.4628447 -0.9931042 0.08930826 -0.07594805 -0.9931012 0.08958739 -0.07565748 -0.9924877 0.09320026 -0.07925784 -0.9692879 0.2148637 -0.1196436 -0.9957564 0.08384889 -0.03792768 -0.9957565 0.08384883 -0.03792768 -0.9939782 0.03412634 -0.1041289 -0.9675744 -0.1929773 -0.1629712 -0.9955928 -0.06631499 -0.06631255 -0.9955928 -0.06631499 -0.06631261 -0.9926248 -0.1058633 -0.0590682 -0.9685107 -0.236733 -0.07710123 -0.9870349 -0.1602752 -0.008611857 -0.9870349 -0.1602751 -0.008612096 -0.9756202 -0.2189038 0.01569801 -0.995561 -0.09320551 0.01307618 -0.9523733 -0.294305 0.07980948 -0.9944845 -0.09627717 0.04160791 -0.53767 -0.7594915 0.3661744 -0.1751474 -0.8868491 0.427577 -0.17514 -0.8868501 0.4275779 -0.1726236 -0.9710874 0.1648952 -0.1726261 -0.9710869 0.164895 -0.1726311 -0.971086 0.1648954 -0.1726323 -0.9616217 -0.2132644 -0.1726229 -0.9616234 -0.2132645 -0.1726275 -0.9616236 -0.2132602 -0.1726278 -0.8103291 -0.5599699 -0.1726301 -0.8103289 -0.5599697 -0.1726318 -0.53952 -0.8240852 -0.1726277 -0.5395209 -0.8240855 -0.1726315 -0.5395207 -0.8240849 -0.1726318 -0.1891384 -0.9666566 -0.1726229 -0.1891393 -0.966658 -0.1726296 -0.1891393 -0.9666568 -0.1726296 0.1891393 -0.9666568 -0.1726232 0.1891393 -0.9666579 -0.1726318 0.1891384 -0.9666566 -0.1726315 0.5395207 -0.8240849 -0.1726282 0.5395209 -0.8240854 -0.1726318 0.53952 -0.8240852 -0.1726301 0.8103289 -0.5599697 -0.1726278 0.8103292 -0.5599699 -0.1751405 0.8868502 0.4275776 -0.1726236 0.9710874 0.1648952 -0.1726261 0.9710869 0.164895 -0.1726311 0.971086 0.1648954 -0.1726323 0.9616218 -0.2132642 -0.172623 0.9616233 -0.2132648 -0.1726275 0.9616236 -0.2132602 -0.8412616 0.4869833 0.2347897 -0.8412607 0.4869846 0.2347902 -0.8410608 0.5220845 0.1415786 0.7589821 0.6419228 0.1090015 0.7589832 0.6356653 -0.1409751 -0.8410629 0.5369408 -0.06563329 -0.8410628 0.5395519 0.03869235 -0.9756202 0.2189038 0.01569801 -0.9946787 0.1021682 0.01326906 -0.8375601 0.2992575 -0.4570976 -0.8410603 0.4132819 -0.3490207 0.7589861 0.5356526 -0.3701574 -0.8410631 0.472607 -0.2631642 -0.8410632 0.5143452 -0.1675164 -0.9573403 0.2747579 -0.08948552 -0.9944438 0.1042068 -0.01491761 0.02684873 0.5475466 -0.8363443 -0.8375623 0.2992556 -0.4570949 -0.8410624 0.154596 -0.5183764 0.7589867 0.1250265 -0.6389896 -0.8410642 0.0521785 -0.538413 -0.8410642 -0.0521785 -0.538413 0.7589867 -0.1250265 -0.6389896 -0.8410624 -0.154596 -0.5183764 -0.9939781 0.03412628 -0.1041289 -0.9869584 0.04600554 -0.1542614 -0.9790002 0.01073372 -0.2035763 -0.9943578 0.01023221 -0.1055832 -0.994384 0.005572438 -0.1056853 -0.953477 -0.02907925 -0.3000599 -0.9958807 -0.02001535 -0.08843684 -0.9779641 -0.05966567 -0.2000652 -0.9888966 -0.06902539 -0.1316022 -0.8410623 -0.2512587 -0.4790441 0.7589818 -0.3566427 -0.54475 0.7589861 -0.5356526 -0.3701574 -0.8410602 -0.4132822 -0.3490209 -0.8410604 -0.3385715 -0.4218851 -0.9565677 -0.1824541 -0.2273513 -0.9944571 -0.05111044 -0.0918852 0.7589832 -0.6356653 -0.1409751 -0.8410632 -0.5143451 -0.1675164 -0.8410632 -0.472607 -0.2631641 -0.9926256 -0.1059083 -0.05897349 -0.9927832 -0.104724 -0.05843257 -0.984167 -0.1627001 0.07031375 -0.9944627 -0.09466218 0.04563957 -0.8412606 -0.4869847 0.2347903 -0.8410608 -0.5220845 0.1415786 0.758982 -0.6419228 0.1090015 -0.8410628 -0.5395519 0.03869235 -0.8410629 -0.5369408 -0.06563335 -0.9523126 -0.3028699 -0.03702151 -0.9951359 -0.09571599 -0.02330422 -0.5376738 0.7594893 0.3661733 -0.5319759 0.8348097 0.1417545 -0.5319724 0.8348119 0.1417551 -0.5319716 0.8266764 -0.1833366 -0.5319755 0.826674 -0.1833362 -0.5319762 0.696612 -0.4813867 -0.5319756 0.6966122 -0.4813869 -0.5319757 0.4638077 -0.708438 -0.5319725 0.4638088 -0.7084395 -0.5319725 0.1625968 -0.831004 -0.5319756 0.1625962 -0.831002 -0.5319756 -0.1625964 -0.8310021 -0.5319725 -0.1625967 -0.831004 -0.5319725 -0.4638087 -0.7084397 -0.5319757 -0.4638077 -0.7084379 -0.5319757 -0.6966122 -0.4813869 -0.5319762 -0.6966119 -0.4813867 -0.5319756 -0.8266741 -0.1833361 -0.5319717 -0.8266763 -0.1833367 -0.5319724 -0.8348119 0.1417549 -0.5319759 -0.8348097 0.1417546 -0.5376738 -0.7594894 0.366173 -0.8412616 -0.4869834 0.2347896 0.9659259 -0.2588189 0 0.9659259 -0.2588189 0 0.7071065 -0.707107 0 0.7071065 -0.707107 0 0.2588191 -0.9659259 0 0.2588191 -0.9659259 0 -0.2588191 -0.9659259 0 -0.2588191 -0.9659259 0 -0.7071065 -0.707107 0 -0.7071065 -0.707107 0 -0.9659259 -0.2588189 0 -0.9659259 -0.2588189 0 -0.9659258 0.2588193 0 -0.9659258 0.2588193 0 -0.7071065 0.707107 0 -0.7071065 0.707107 0 -0.2588191 0.9659259 0 -0.2588191 0.9659259 0 0.2588191 0.9659259 0 0.2588191 0.9659259 0 0.7071065 0.707107 0 0.7071065 0.707107 0 0.9659258 0.2588193 0 0.9659258 0.2588193 0 0.5973984 0.7827789 0.1742768 0.3291532 0.4312939 0.840026 0.1075836 0.1409684 0.9841513 0.1075831 0.1409675 0.9841514 0.0604223 0.167829 0.9839627 0.06042087 0.1678257 0.9839633 0 0.1783707 0.9839633 0 0.1783708 0.9839633 -0.0604211 0.1678257 0.9839633 -0.06042212 0.1678291 0.9839627 -0.5122842 0.6712526 0.5357096 -0.5973984 0.7827789 0.1742768 -0.5973983 0.7827787 0.174278 -0.3336139 0.9266521 0.1732559 -0.3336161 0.926653 0.1732472 0 0.9848778 0.1732501 0 0.9848779 0.1732501 -0.3336161 0.9266523 0.1732504 0.5973984 0.7827786 0.1742777 0.3336139 0.9266521 0.1732559 0.3336161 0.926653 0.1732471 0.3336162 0.9266524 0.1732501 0 0.9848779 0.1732501 -0.1075836 0.1409684 0.9841513 -0.1075831 0.1409675 0.9841514 -0.3291613 0.4313045 0.8400175 -0.1845723 0.5126682 0.8385132 -0.1845713 0.5126645 0.8385157 0 0.5448772 0.8385158 0 0.5448772 0.8385159 0.184571 0.5126646 0.8385157 0.1845725 0.5126681 0.8385133 0.3291602 0.4313051 0.8400176 0.5122826 0.6712539 0.5357095 0.5122757 0.6712415 0.5357316 0.2865224 0.7958453 0.5334184 0.2865245 0.7958496 0.5334107 0 0.8458563 0.5334109 0 0.8458563 0.5334109 -0.2865241 0.7958498 0.5334107 -0.2865229 0.7958451 0.5334184 -0.512274 0.6712427 0.5357317 -0.3291524 0.4312948 0.8400259 0.5066349 0.5064987 0.6976964 0.1243109 0.1243109 0.9844256 0.07208603 0.07284897 0.9947345 0.7012927 0.7012928 0.1279726 0.6959193 0.6962707 0.1757937 0.2937999 0.8859044 0.358964 0.5066421 0.5065059 0.697686 0.6105076 0.6111478 0.5037648 0.5954414 0.5956452 0.5391256 0.6623182 0.66216 0.3505406 0.6623207 0.6621626 0.3505309 0.07210922 0.07287198 0.9947311 0.3085845 0.3078343 0.9000076 0.3815926 0.3808484 0.8422242 0.3087691 0.309468 0.8993838 0.3087854 0.309484 0.8993727 -0.6960946 0.6960948 0.1757966 -0.7034823 0.7043009 0.09525126 -0.6757121 0.6755671 0.2949955 -0.211416 0.211416 0.9542571 -0.1249492 0.1236717 0.9844253 -0.2110938 0.209804 0.9546841 -0.4729411 0.4726194 0.7436112 -0.4688634 0.5638163 0.6799105 -0.1435475 -0.06773746 0.9873225 -0.1765974 0.1791102 0.9678496 -0.3817173 0.3807232 0.8422242 -0.6756978 0.6755527 0.2950612 -0.6094413 0.6096956 0.5068063 -0.5952551 0.5958284 0.5391287 -0.4894359 0.4890885 0.721973 -0.4893803 0.4890329 0.7220484 -0.7057696 0.1767309 -0.6860433 -0.7057715 0.1767264 -0.6860424 0 0 -1 0 0 -1 0 0 -1 0 0 -1 0 0 -1 0 0 -1 0 0 -1 0 0 -1 0 0 -1 0 0 -1 0 0 -1 0 0 -1 0 0 -1 0 0 -1 0 0 -1 0 0 -1 0 0 -1 0 0 -1 0 0 -1 0 0 -1 0 0 -1 0 0 -1 0 0 -1 0 0 -1 0 0 -1 0 0 -1 0 0 -1 0 0 -1 0 0 -1 0 0 -1 0 0 -1 0 0 -1 0 0 -1 0 0 -1 0 0 -1 0 0 -1 0 0 -1 0 0 -1 0 0 -1 0 0 -1 0 0 -1 0 0 -1 0 0 -1 0 0 -1 0 0 -1 0 0 -1 0 0 -1 0 0 -1 0 0 -1 0 0 -1 0 0 -1 0 0 -1 0 0 -1 0 0 -1 0 0 -1 0 0 -1 0 0 -1 0 0 -1 0 0 -1 0 0 -1 0 0 -1 0 0 -1 0 0 -1 0 0 -1 0 0 -1 0 0 -1 0 0 -1 0 0 -1 0 0 -1 0 0 -1 0 0 -1 0 0 -1 0 0 -1 0 0 -1 0 0 -1 0 0 -1 0 0 -1 0 0 -1 0 0 -1 0 0 -1 0 0 -1 0 0 -1 0 0 -1 0 0 -1 0 0 -1 0 0 -1 0 0 -1 0 0 -1 0 0 -1 0 0 -1 0 0 -1 0 0 -1 0 0 -1 0 0 -1 0 0 -1 0 0 -1 0 0 -1 0 0 -1 0 0 -1 0 0 -1 0 0 -1 0 0 -1 0 0 -1 0 0 -1 0 0 -1 0 0 -1 0 0 -1 0 0 -1 0 0 -1 0 0 -1 0 0 -1 0 0 -1 0 0 -1 0 0 -1 0 0 -1 0 0 -1 0 0 -1 0 0 -1 0 0 -1 0 0 -1 0 0 -1 0 0 -1 0 0 -1 0 0 -1 0 0 -1 0 0 -1 0 0 -1 0 0 -1 0 0 -1 0 0 -1 0 0 -1 0 0 -1 0 0 -1 0 0 -1 0 0 -1 0 0 -1 0 0 -1 0 0 -1 0 0 -1 0 0 -1 0 0 -1 0 0 -1 0 0 -1 0 0 -1 0 0 -1 0 0 -1 0 0 -1 0 0 -1 0 0 -1 0 0 -1 0 0 -1 0 0 -1 0 0 -1 0 0 -1 0 0 -1 0 0 -1 0 0 -1 0 0 -1 0 0 -1 0 0 -1 0 0 -1 0 0 -1 0 0 -1 0 0 -1 0 0 -1 0 0 -1 0 0 -1 0 0 -1 0 0 -1 0 0 -1 0 0 -1 0 0 -1 0 0 -1 0 0 -1 0 0 -1 0 0 -1 0 0 -1 0 0 -1 0 0 -1 0 0 -1 0 0 -1 0 0 -1 0 0 -1 0 0 -1 0 0 -1 0 0 -1 0 0 -1 0 0 -1 0 0 -1 0 0 -1 0 0 -1 0 0 -1 0 0 -1 0 0 -1 0 0 -1 0 0 -1 0 0 -1 0 0 -1 0 0 -1 0 0 -1 0 0 -1 0 0 -1 0 0 -1 0 0 -1 0 0 -1 0 0 -1 0 0 -1 0 0 -1 0 0 -1 0 0 -1 0 0 -1 0 0 -1 0 0 -1 0 0 -1 0 0 -1 0 0 -1 0 0 -1 0 0 -1 0 0 -1 0 0 -1 0 0 -1 0 0 -1 0 0 -1 0 0 -1 0 0 -1 0 0 -1 0 0 -1 0 0 -1 0 0 -1 0 0 -1 0 0 -1 0 0 -1 0 0 -1 0 0 -1 0 0 -1 0 0 -1 0 0 -1 0 0 -1 0 0 -1 0 0 -1 0 0 -1 0 0 -1 0 0 -1 0 0 -1 0 0 -1 0 0 -1 0 0 -1 0 0 -1 0 0 -1 0 0 -1 0 0 -1 0 0 -1 0 0 -1 0 0 -1 0 0 -1 0 0 -1 0 0 -1 0 0 -1 0 0 -1 0 0 -1 0 0 -1 0 0 -1 0 0 -1 0 0 -1 0 0 -1 0 0 -1 0 0 -1 0 0 -1 0 0 -1 0 0 -1 0 0 -1 0 0 -1 0 0 -1 0 0 -1 0 0 -1 0 0 -1 0 0 -1 0 0 -1 0 0 -1 0 0 -1 0 0 -1 0 0 -1 0 0 -1 0 0 -1 0 0 -1 0 0 -1 0 0 -1 0 0 -1 0 0 -1 0 0 -1 0 0 -1 0 0 -1 0 0 -1 0 0 -1 0 0 -1 0 0 -1 0 0 -1 0 0 -1 0 0 -1 -0.705771 -0.1767328 -0.6860414 -0.7057729 -0.1767287 -0.6860405 0.796953 0.57902 0.1720518 0.4925435 0.8531091 0.1720631 0.4925436 0.8531112 0.1720523 0.7969518 0.5790197 0.1720581 -0.6591505 0.7320621 0.1720634 -0.3044077 0.9368728 0.1720619 -0.3044075 0.9368656 0.1721016 0.1029639 0.9796831 0.1721033 0.1029697 0.9796872 0.1720768 0.1029695 0.9796876 0.1720741 0.4925417 0.8531081 0.1720737 -0.8999201 0.4006699 0.1720681 -0.8999204 0.4006698 0.1720669 -0.6591503 0.7320616 0.1720662 -0.9850849 0 0.1720691 -0.9850848 0 0.1720691 -0.8999208 0.4006707 0.1720625 -0.3044096 -0.9368721 0.172062 -0.6591506 -0.7320619 0.1720634 -0.6591501 -0.7320617 0.1720662 -0.8999204 -0.4006698 0.1720669 -0.8999201 -0.4006699 0.1720681 -0.8999208 -0.4006707 0.1720628 -0.9850849 0 0.1720691 0.1029697 -0.9796872 0.1720768 0.1029729 -0.9796893 0.172062 -0.3044096 -0.9368721 0.1720625 0.4925435 -0.8531091 0.1720631 0.4925417 -0.8531079 0.172074 0.1029695 -0.9796876 0.1720741 0.7969527 0.5790158 0.1720677 0.9635584 0.2048107 0.1720693 0.9635586 0.2048107 0.1720684 0.9635584 -0.2048112 0.1720684 0.9635583 -0.2048111 0.1720693 0.7969527 -0.5790158 0.1720677 0.796953 -0.57902 0.1720517 0.7969518 -0.5790197 0.1720581 0.4925436 -0.8531112 0.1720522 -0.1757698 -0.01847416 0.9842579 -0.1640751 -0.07305091 0.9837393 -0.1640772 -0.07305175 0.9837388 -0.1201804 -0.1334738 0.9837385 -0.1201797 -0.133473 0.9837387 -0.05550163 -0.170816 0.9837385 -0.05550074 -0.1708137 0.983739 0.01877391 -0.1786203 0.983739 0.01877409 -0.1786234 0.9837384 0.08980339 -0.1555439 0.9837385 0.0898025 -0.1555423 0.9837389 0.1453025 -0.1055686 0.983739 0.1452994 -0.1055661 0.9837397 0.1756767 -0.03734123 0.9837394 0.1756775 -0.03734141 0.9837393 0.1756775 0.03734129 0.9837393 0.1756768 0.03734117 0.9837394 0.1452993 0.1055663 0.9837397 0.1453027 0.1055685 0.983739 0.08980244 0.1555423 0.9837389 0.08980345 0.1555439 0.9837386 0.01877427 0.1786234 0.9837384 0.01877266 0.1786128 0.9837403 -0.0554986 0.1708068 0.9837403 -0.05549925 0.1708092 0.9837398 -0.1201759 0.1334688 0.9837397 -0.1201766 0.1334696 0.9837395 -0.1640743 0.07305055 0.9837394 -0.1640751 0.07305097 0.9837393 -0.1757698 0.0184741 0.9842579 -0.08415228 0 0.9964529 0.8290376 0.1762174 0.5307015 0.8290349 0.1762165 0.5307059 0.6856854 0.4981794 0.5307097 0.6856855 0.4981794 0.5307096 0.4237763 0.734001 0.5307128 0.4237777 0.7340041 0.5307075 0.08859395 0.8429117 0.5307079 0.08859384 0.8429284 0.5306817 -0.2619149 0.8060873 0.5306824 -0.2619106 0.8060779 0.5306988 -0.5671278 0.6298603 0.5306996 -0.5671282 0.6298606 0.5306988 -0.7742837 0.3447331 0.5307012 -0.7742834 0.3447329 0.5307018 -0.8475568 0 0.5307048 -0.8475567 0 0.5307048 -0.7742832 -0.3447329 0.530702 -0.7742839 -0.3447332 0.5307009 -0.5671281 -0.6298607 0.5306987 -0.5671211 -0.6298509 0.5307179 -0.2619071 -0.8060632 0.530723 -0.2619091 -0.8060735 0.5307063 0.08859401 -0.8429126 0.5307065 0.08859384 -0.8429118 0.530708 0.4237781 -0.734004 0.5307073 0.423776 -0.7340011 0.530713 0.6856855 -0.4981794 0.5307096 0.6856855 -0.4981794 0.5307096 0.8290348 -0.1762171 0.530706 0.8290376 -0.1762174 0.5307015 0.5356307 0.1138516 0.8367422 0.5356315 0.1138519 0.8367417 0.4430183 0.3218716 0.8367398 0.4430171 0.3218706 0.8367408 0.2737998 0.4742349 0.8367406 0.2737985 0.4742321 0.8367426 0.05723839 0.5445965 0.8367428 0.05723839 0.5445958 0.8367432 -0.1692163 0.5207945 0.8367431 -0.1692169 0.5207957 0.8367422 -0.3664136 0.4069442 0.8367422 -0.3664177 0.4069481 0.8367385 -0.5002577 0.222729 0.8367401 -0.5002549 0.2227279 0.8367421 -0.5475988 0 0.836741 -0.5475988 0 0.836741 -0.5002551 -0.2227278 0.8367421 -0.5002518 -0.2227261 0.8367444 -0.3664099 -0.4069389 0.8367464 -0.3664141 -0.4069441 0.8367421 -0.1692168 -0.5207959 0.8367422 -0.1692165 -0.5207943 0.8367431 0.05723947 -0.5445958 0.8367431 0.05723953 -0.5445962 0.8367429 0.2737982 -0.4742321 0.8367427 0.2738001 -0.4742349 0.8367406 0.443017 -0.3218706 0.8367409 0.4430184 -0.3218715 0.8367397 0.5356315 -0.113852 0.8367416 0.5356308 -0.1138519 0.8367422 0.6960946 -0.6960948 0.1757966 0.7034823 -0.7043009 0.09525126 0.6757121 -0.6755671 0.2949955 0.2912553 -0.8879418 0.3559908 0.211416 -0.211416 0.9542571 0.1249492 -0.1236717 0.9844253 0.2110938 -0.209804 0.9546841 0.3817172 -0.3807231 0.8422244 0.3334883 -0.3333706 0.8818444 0.6756978 -0.6755527 0.2950612 0.6094413 -0.6096956 0.5068063 0.5952551 -0.5958284 0.5391287 0.4894359 -0.4890885 0.721973 0.4893803 -0.4890329 0.7220484 -0.5066349 -0.5064987 0.6976964 -0.1243109 -0.1243109 0.9844256 -0.07208603 -0.07284897 0.9947345 -0.7012927 -0.7012928 0.1279726 -0.6959193 -0.6962707 0.1757937 -0.2937999 -0.8859044 0.358964 -0.5066421 -0.5065059 0.697686 -0.6105076 -0.6111478 0.5037648 -0.5954414 -0.5956452 0.5391256 -0.6623182 -0.66216 0.3505406 -0.6623207 -0.6621626 0.3505309 -0.07210922 -0.07287198 0.9947311 -0.3085845 -0.3078343 0.9000076 -0.3815926 -0.3808484 0.8422242 -0.3087691 -0.309468 0.8993838 -0.3087854 -0.309484 0.8993727 -0.5973984 -0.7827789 0.1742768 -0.3291532 -0.4312939 0.840026 -0.1075836 -0.1409684 0.9841513 -0.1075831 -0.1409675 0.9841514 -0.0604223 -0.167829 0.9839627 -0.06042087 -0.1678257 0.9839633 0 -0.1783707 0.9839633 0 -0.1783708 0.9839633 0.0604211 -0.1678257 0.9839633 0.06042212 -0.1678291 0.9839627 0.5122842 -0.6712526 0.5357096 0.5973984 -0.7827789 0.1742768 0.5973983 -0.7827787 0.174278 0.3336139 -0.9266521 0.1732559 0.3336161 -0.926653 0.1732472 0 -0.9848778 0.1732501 0 -0.9848779 0.1732501 0.3336161 -0.9266523 0.1732504 -0.5973984 -0.7827786 0.1742777 -0.3336139 -0.9266521 0.1732559 -0.3336161 -0.926653 0.1732471 -0.3336162 -0.9266524 0.1732501 0 -0.9848779 0.1732501 0.1075836 -0.1409684 0.9841513 0.1075831 -0.1409675 0.9841514 0.3291613 -0.4313045 0.8400175 0.1845723 -0.5126682 0.8385132 0.1845713 -0.5126645 0.8385157 0 -0.5448772 0.8385158 0 -0.5448772 0.8385159 -0.184571 -0.5126646 0.8385157 -0.1845725 -0.5126681 0.8385133 -0.3291602 -0.4313051 0.8400176 -0.5122826 -0.6712539 0.5357095 -0.5122757 -0.6712415 0.5357316 -0.2865224 -0.7958453 0.5334184 -0.2865245 -0.7958496 0.5334107 0 -0.8458563 0.5334109 0 -0.8458563 0.5334109 0.2865241 -0.7958498 0.5334107 0.2865229 -0.7958451 0.5334184 0.512274 -0.6712427 0.5357317 0.3291524 -0.4312948 0.8400259 0.7969535 0.5790191 0.1720525 0.492541 0.8531073 0.1720793 0.492541 0.853107 0.1720803 0.7969473 0.5790174 0.1720868 -0.6591508 0.7320613 0.1720651 -0.3044077 0.9368727 0.1720628 -0.3044076 0.9368682 0.1720875 0.102969 0.9796865 0.1720808 0.1029697 0.9796869 0.1720781 0.1029695 0.9796874 0.172075 0.4925412 0.8531073 0.1720782 -0.8999195 0.4006716 0.1720672 -0.8999259 0.4006686 0.1720409 -0.6591523 0.7320642 0.1720473 -0.9850795 0 0.1721 -0.9850795 0 0.1721 -0.8999153 0.4006674 0.1720991 -0.3044089 -0.9368722 0.1720628 -0.6591502 -0.7320619 0.1720651 -0.6591529 -0.7320637 0.1720473 -0.8999259 -0.4006686 0.1720409 -0.8999195 -0.4006716 0.1720672 -0.8999152 -0.4006674 0.1720992 -0.9850795 0 0.1721 0.1029697 -0.9796869 0.1720781 0.1029735 -0.9796897 0.1720602 -0.3044084 -0.9368715 0.1720679 0.492541 -0.8531073 0.1720793 0.4925444 -0.8531093 0.1720603 0.1029685 -0.9796911 0.1720545 0.7969534 0.5790179 0.1720572 0.9635605 0.2048115 0.1720567 0.9635574 0.2048118 0.1720734 0.9635576 -0.2048112 0.1720734 0.9635602 -0.2048126 0.1720567 0.7969534 -0.5790179 0.1720572 0.7969535 -0.5790191 0.1720525 0.7969473 -0.5790174 0.1720868 0.492541 -0.853107 0.1720803 -0.1757698 -0.01847428 0.9842579 -0.1640751 -0.07305097 0.9837393 -0.164072 -0.07304972 0.9837399 -0.1201766 -0.1334695 0.9837395 -0.120177 -0.1334699 0.9837394 -0.05550014 -0.1708121 0.9837393 -0.05549937 -0.1708101 0.9837396 0.01877337 -0.1786167 0.9837396 0.01877355 -0.1786195 0.9837391 0.08980107 -0.1555401 0.9837393 0.08980095 -0.1555399 0.9837394 0.145299 -0.1055657 0.9837399 0.145303 -0.105569 0.9837389 0.1756802 -0.03734213 0.9837388 0.1756739 -0.03734046 0.98374 0.1756739 0.03734076 0.98374 0.1756803 0.03734183 0.9837388 0.1453031 0.1055688 0.9837389 0.1452969 0.1055647 0.9837403 0.08979928 0.155537 0.9837399 0.08980125 0.15554 0.9837393 0.01877367 0.1786194 0.9837391 0.01877325 0.1786166 0.9837396 -0.05549949 0.1708101 0.9837397 -0.05550003 0.1708121 0.9837393 -0.120177 0.1334699 0.9837394 -0.1201748 0.1334673 0.9837401 -0.1640706 0.07304894 0.9837401 -0.1640751 0.07305115 0.9837393 -0.1757698 0.01847422 0.9842579 -0.08415186 0 0.996453 0.8290487 0.1762208 0.5306829 0.8290383 0.1762174 0.5307003 0.6856909 0.4981823 0.5306999 0.6856969 0.4981877 0.5306869 0.4237818 0.7340127 0.5306924 0.4237787 0.7340055 0.5307046 0.08859395 0.8429121 0.5307074 0.08859395 0.8429127 0.5307066 -0.2619097 0.8060733 0.5307063 -0.2619082 0.8060701 0.5307118 -0.5671235 0.6298546 0.530711 -0.5671257 0.6298565 0.5307064 -0.7742817 0.3447338 0.5307036 -0.7742831 0.3447343 0.5307015 -0.8475568 0 0.5307047 -0.8475568 0 0.5307047 -0.7742827 -0.3447343 0.5307019 -0.774282 -0.3447338 0.5307032 -0.5671256 -0.629857 0.530706 -0.567124 -0.6298545 0.5307106 -0.2619086 -0.80607 0.530712 -0.2619093 -0.8060735 0.5307063 0.08859401 -0.8429126 0.5307065 0.0885939 -0.842912 0.5307074 0.4237778 -0.7340058 0.530705 0.4237826 -0.7340123 0.5306923 0.6856976 -0.4981871 0.5306869 0.6856865 -0.4981809 0.530707 0.8290365 -0.1762185 0.530703 0.8290489 -0.1762197 0.530683 0.5356249 0.1138505 0.8367461 0.5356184 0.1138486 0.8367505 0.4430066 0.3218629 0.8367493 0.443017 0.3218718 0.8367404 0.2738001 0.4742353 0.8367403 0.273799 0.474233 0.8367421 0.05723953 0.5445964 0.8367428 0.05723977 0.5446034 0.8367382 -0.1692193 0.5208031 0.8367371 -0.169216 0.5207951 0.8367427 -0.3664128 0.4069424 0.8367435 -0.3664177 0.4069471 0.836739 -0.5002564 0.2227293 0.8367408 -0.5002565 0.2227293 0.8367407 -0.5476008 0 0.8367397 -0.5476009 0 0.8367397 -0.5002565 -0.2227293 0.8367407 -0.5002536 -0.2227278 0.836743 -0.3664133 -0.406943 0.8367429 -0.3664129 -0.4069424 0.8367434 -0.1692166 -0.5207949 0.8367428 -0.1692187 -0.5208032 0.8367372 0.0572403 -0.5446034 0.8367381 0.05723905 -0.5445965 0.8367426 0.2737988 -0.474233 0.8367421 0.2737964 -0.4742295 0.8367447 0.4430136 -0.3218685 0.8367434 0.4430103 -0.3218665 0.836746 0.53562 -0.1138495 0.8367494 0.5356248 -0.1138501 0.8367462 0.3792064 -0.9087509 0.174282 0.3251778 -0.7792722 0.5357184 0.06828975 -0.1636523 0.9841517 0.1755529 -0.03158694 0.9839631 0.1544745 -0.08918577 0.9839631 0.1544787 -0.08918845 0.9839622 0.1151345 -0.1362435 0.9839623 0.1151325 -0.1362407 0.983963 0.06828987 -0.1636526 0.9841516 0.2089409 -0.5007144 0.8400171 0.1826998 0.02405291 0.9828745 0.1758015 -4.47667e-4 0.9844256 0.175556 -0.03158766 0.9839625 0.8374621 0.1080246 0.5357125 0.9766021 0.1259713 0.1742975 0.9766047 0.1259726 0.1742821 0.9693093 -0.1744107 0.173264 0.9693144 -0.1744064 0.1732394 0.8529281 -0.4924402 0.1732524 0.8529292 -0.4924402 0.1732467 0.9693136 -0.1744059 0.173245 0.3792099 -0.9087547 0.1742552 0.6356959 -0.7522518 0.1732277 0.6356973 -0.7522438 0.1732575 0.6356921 -0.752241 0.1732894 0.8529239 -0.4924328 0.1732936 0.2089368 -0.5007066 0.8400229 0.3516921 -0.4161701 0.8385196 0.3516969 -0.4161768 0.8385142 0.4718797 -0.27244 0.8385142 0.4718831 -0.2724424 0.8385114 0.5362708 -0.09649032 0.8385125 0.5362716 -0.09649056 0.838512 0.538104 0.06940913 0.8400158 0.1758651 0.02268451 0.9841529 0.3251757 -0.7792688 0.5357245 0.5459665 -0.646062 0.5334085 0.5459667 -0.6460623 0.5334078 0.7325342 -0.4229305 0.5334073 0.7325255 -0.422924 0.5334245 0.8324789 -0.1497859 0.5334258 0.8324841 -0.1497875 0.5334172 0.8374491 0.1080209 0.5357335 0.5381019 0.06940865 0.8400171 0.1853463 -0.6920942 0.6976047 0.04550027 -0.1698096 0.984426 0.02704501 -0.09884923 0.9947348 0.256691 -0.9579842 0.1279681 0.2550282 -0.9508187 0.1757964 0.6202672 -0.6974076 0.3590143 0.1853302 -0.6920342 0.6976685 0.2240132 -0.8342801 0.5037806 0.2181211 -0.8134828 0.5391373 0.2422921 -0.9046791 0.3505001 0.2422857 -0.9046554 0.3505656 0.02705764 -0.09889709 0.9947298 0.1123018 -0.4211662 0.9000041 0.1390312 -0.5209054 0.842216 0.1136124 -0.4220964 0.8994037 0.1136252 -0.4221459 0.8993787 0.9508795 0.2547875 0.1758161 0.9616849 0.2570834 0.0952388 0.9229029 0.2473974 0.2950336 0.2888016 0.07738411 0.9542565 0.169569 0.0463711 0.9844267 0.2871644 0.07788974 0.9547092 0.6457375 0.1732602 0.7436424 0.7228869 0.1239853 0.6797515 0.01311624 0.1581821 0.9873228 0.2434218 0.0633853 0.9678471 0.5205869 0.1402186 0.8422162 0.9229261 0.2474036 0.2949555 0.8327295 0.222943 0.5068116 0.8136302 0.2175918 0.5391288 0.6683064 0.1793263 0.7219479 0.6681894 0.179295 0.7220639 0.9659258 -0.2588189 0 0.9659258 -0.2588189 0 0.7071064 -0.7071073 0 0.7071064 -0.7071073 0 0.2588192 -0.9659258 0 0.2588192 -0.9659258 0 -0.2588192 -0.9659258 0 -0.2588192 -0.9659258 0 -0.7071064 -0.7071073 0 -0.7071064 -0.7071073 0 -0.9659258 -0.2588189 0 -0.9659258 -0.2588189 0 -0.9659258 0.2588192 0 -0.9659258 0.2588192 0 -0.7071064 0.7071073 0 -0.7071064 0.7071073 0 -0.2588192 0.9659258 0 -0.2588192 0.9659258 0 0.2588192 0.9659258 0 0.2588192 0.9659258 0 0.7071064 0.7071073 0 0.7071064 0.7071073 0 0.9659258 0.2588192 0 0.9659258 0.2588192 0 0.976602 -0.1259723 0.1742975 0.5381018 -0.06940889 0.8400172 0.1757458 -0.02313739 0.9841637 0.1825588 -0.02354794 0.9829129 0.1758015 4.47693e-4 0.9844255 0.175556 0.03158748 0.9839625 0.1755529 0.03158712 0.9839631 0.1544744 0.08918601 0.9839632 0.1544789 0.08918827 0.9839623 0.1151347 0.1362434 0.9839622 0.1151323 0.1362408 0.9839629 0.3251772 0.7792724 0.5357185 0.3792081 0.9087503 0.1742819 0.3792082 0.9087553 0.1742554 0.6356959 0.7522518 0.1732277 0.6356973 0.7522438 0.1732575 0.8529281 0.4924402 0.1732524 0.852924 0.4924329 0.1732934 0.6356921 0.752241 0.1732893 0.9766047 -0.1259716 0.1742823 0.9693093 0.1744107 0.173264 0.9693144 0.1744064 0.1732394 0.9693136 0.1744059 0.173245 0.8529292 0.4924402 0.1732468 0.06828975 0.1636523 0.9841517 0.06828987 0.1636526 0.9841516 0.2089375 0.5007062 0.8400229 0.3516915 0.4161704 0.8385196 0.3516974 0.4161764 0.8385143 0.4718795 0.2724403 0.8385141 0.4718834 0.2724421 0.8385115 0.5362708 0.09649038 0.8385125 0.5362716 0.0964905 0.838512 0.538104 -0.06940895 0.8400158 0.8374625 -0.1080226 0.5357124 0.837449 -0.1080229 0.5357334 0.8324843 0.1497869 0.5334172 0.8324788 0.1497865 0.5334259 0.7325249 0.4229251 0.5334244 0.7325349 0.4229294 0.5334073 0.5459668 0.6460623 0.5334078 0.5459664 0.646062 0.5334085 0.3251762 0.7792686 0.5357246 0.2089402 0.5007146 0.8400172 0.6920561 -0.1855357 0.6975922 0.1698027 -0.04549843 0.9844273 0.09912711 -0.02600252 0.994735 0.9579791 -0.2566898 0.1280092 0.9509438 -0.2545477 0.1758162 0.9140965 0.1884288 0.3590574 0.6919789 -0.185515 0.6976743 0.8345011 -0.2231355 0.5038039 0.8135634 -0.2178444 0.5391275 0.9046649 -0.2425201 0.3503788 0.9046198 -0.242508 0.3505039 0.0991804 -0.02601701 0.9947293 0.4208742 -0.1133221 0.9000128 0.5206316 -0.1400477 0.8422169 0.4224296 -0.1126783 0.8993647 0.4224019 -0.1126707 0.8993787 0.2547883 0.950883 0.1757966 0.2582035 0.9613907 0.09517818 0.247196 0.9229451 0.2950699 0.07738232 0.288795 0.9542586 0.04462772 0.1700434 0.9844255 0.07613813 0.2876754 0.9546967 0.172822 0.6458588 0.7436391 0.2539584 0.6879799 0.6798447 -0.1304597 0.090424 0.9873215 0.06681811 0.242504 0.9678467 0.1388603 0.5209495 0.8422169 0.2472007 0.9229626 0.2950114 0.2232933 0.8326478 0.5067917 0.2183735 0.8134142 0.5391384 0.1788457 0.66841 0.721971 0.1788417 0.6683951 0.7219859 -0.258819 0.9659258 2.4042e-6 -0.2588192 0.9659258 -4.08386e-7 -0.2588191 0.9659258 0 -0.2588195 0.9659258 -6.72769e-7 -0.258819 0.9659259 0 -0.258819 0.9659258 0 -0.3851018 0.9228742 0 -0.9957144 -0.09244424 0.002636551 -0.9952601 -0.09724843 0 -0.9917818 -0.1279293 -0.001708328 -0.9841945 0.177089 8.40704e-4 -0.8668236 0.4986105 0.002119302 -0.9273108 0.3742748 0.003626048 -0.8660248 0.5000009 3.3023e-4 -0.928078 0.3723857 -3.91206e-4 -0.9823704 0.1869421 0.001039385 -0.9841951 0.1770834 0.001194894 -0.9822728 0.1874511 0.001493275 -0.9822741 0.1874444 0.001493275 -0.3374891 0.9413256 0.00267589 -0.4983866 0.8669543 -0.001030862 -0.6454539 0.763799 5.1695e-4 -0.5021637 0.864771 0.001654446 -0.6454563 0.7637953 0.001687169 -0.5124753 0.8586547 0.009021461 -0.6672262 0.7448546 9.37877e-4 -0.8660194 0.4999935 -0.004114091 -0.6741504 0.7385317 0.009610652 -0.7880992 0.6155378 0.003579735 -0.7880972 0.6155405 0.003579795 -0.8668187 0.4986188 0.002119243 -0.8667052 0.498816 0.002119302 -0.9659258 -0.2588191 0 -0.9659258 -0.2588191 0 -0.9659257 -0.2588195 2.47627e-7 -0.9659259 -0.2588186 -1.14827e-6 -0.9659259 -0.2588191 -4.39883e-7 -0.9659258 -0.2588191 0 0 0 1 0 0 1 0 0 1 0 0 1 0 0 1 0 0 1 0 0 1 0 0 1 0 0 1 0 0 1 0 0 1 0 0 1 0 0 1 0 0 1 0 0 1 0 0 1 0 0 1 0 0 1 0 0 1 0 0 1 0 0 1 0 0 1 0 0 1 0 0 1 0 0 1 0 0 1 0 0 1 -0.9659258 0.2588192 -2.45301e-6 -0.9659258 0.2588194 1.03888e-6 -0.9659258 0.2588189 -4.30168e-7 -0.9659257 0.2588196 6.20345e-7 -0.9659258 0.2588193 1.4862e-7 -0.9659258 0.258819 0 -0.9917833 0.1279295 0 -0.4134098 -0.9105451 0 -0.3851011 -0.9228727 -0.001708269 -0.4109495 -0.9116569 -0.001476883 -0.6454533 -0.7637982 0.001538813 -0.6534676 -0.756953 0.001493215 -0.653474 -0.7569474 0.001493215 -0.6454567 -0.7637959 0.001194834 -0.6530784 -0.7572895 0.001039445 -0.8651836 -0.5014508 0.002119183 -0.8652238 -0.5013814 0.002119183 -0.8660248 -0.4999967 0.00210148 -0.7865326 -0.6175487 -3.91302e-4 -0.7865382 -0.6175417 -3.91257e-4 -0.8660175 -0.4999967 -0.004114031 -0.9839569 0.1783862 0.002675712 -0.9999977 0.001861691 -0.001030981 -0.9841947 -0.177089 5.1693e-4 -0.9999955 -0.002493798 0.001654565 -0.9841944 -0.1770833 0.001687228 -0.9998545 -0.01447933 0.009021937 -0.9786756 -0.2054101 9.37865e-4 -0.8342961 -0.4816613 0.2682392 -0.9022784 -0.4311487 0.002119183 -0.9271237 -0.3747383 0.003579974 -0.9766608 -0.2145721 0.009610354 -0.2588191 -0.9659258 0 -0.2588191 -0.9659258 0 -0.2588189 -0.9659259 1.21062e-7 -0.2588204 -0.9659255 -2.28967e-6 -0.2588191 -0.9659258 1.25681e-7 -0.258819 -0.9659259 2.72609e-7 0 0 1 0 0 1 0 0 1 0 0 1 0 0 1 0 0 1 0 0 1 0 0 1 0 0 1 0 0 1 0 0 1 0 0 1 0 0 1 0 0 1 0 0 1 0 0 1 0 0 1 0 0 1 0 0 1 0 0 1 0 0 1 0 0 1 0 0 1 0 0 1 0 0 1 0 0 1 0 0 1 0.7071067 -0.7071069 0 0.7071069 -0.7071067 0 0.7071067 -0.7071068 0 0.7071075 -0.7071061 1.5952e-6 0.7071069 -0.7071068 0 0.7071067 -0.7071069 -5.3409e-7 -0.06994807 0.9952937 0.06706362 0 -0.8911458 0.4537169 -0.01627522 -0.9006538 0.4342327 0.02693516 -0.9624903 0.2699756 -0.001701891 -0.9858862 0.1674081 -0.1598553 -0.9483142 0.2741288 -0.08319377 -0.9906659 0.1079815 -0.1204292 -0.9588315 -0.2571749 -0.0338689 -0.9757192 -0.2163909 -0.02027648 -0.9658098 -0.2584576 0.008230686 -0.99781 -0.06563115 0.008230507 -0.99781 -0.06563228 -0.02782404 -0.9855059 0.167344 -0.08289521 -0.9959196 0.03567385 -0.08319419 -0.9906569 0.1080632 -0.02262449 -0.5845774 -0.8110225 -0.006024062 -0.5477337 -0.8366311 0.00111252 -0.7209033 -0.6930348 -0.06660109 -0.8237439 -0.5630366 -0.06429409 -0.8209779 -0.5673285 -0.05448526 -0.8245466 -0.5631646 0.074992 -0.9735312 -0.215901 -0.01148813 -0.9090477 -0.4165336 -0.01148808 -0.9090436 -0.4165425 -0.02262449 -0.5845773 -0.8110226 -0.07637906 -0.5461442 -0.8342019 0.008559703 -0.406557 -0.9135853 0.008559882 -0.4065594 -0.9135842 -0.0310043 -0.191929 -0.980919 -0.05006909 -0.220895 -0.9740116 -0.07237052 -0.1915187 -0.9788172 -0.05006885 -0.2208937 -0.9740118 -0.05006891 -0.2208721 -0.9740167 -0.0395568 0.1918719 -0.9806225 0.01095014 0.1132817 -0.9935025 -0.004187762 -0.05495703 -0.99848 -0.09246689 0.1911987 -0.9771863 -0.08809006 0.1124903 -0.9897404 -0.08808994 0.1124761 -0.9897421 -0.01917809 0.6781443 -0.7346785 -0.1166322 0.5154187 -0.8489644 -0.07637906 0.5461442 -0.8342019 0.017403 0.3912253 -0.9201304 -0.02553379 0.2778915 -0.9602731 0.1469126 0.5418003 -0.8275682 -0.01917809 0.6781437 -0.7346791 -0.01917803 0.6781464 -0.7346766 -0.07043933 0.9834387 0.166993 -0.1605706 0.977487 -0.1368803 -0.06520086 0.9742019 -0.2160544 0.01970058 0.9900116 -0.139603 -0.01212435 0.9977585 0.0658102 -0.02926224 0.949193 -0.3133311 0.01565957 0.8836316 -0.467921 0.01414501 0.9761825 -0.216489 0.03448516 0.8834123 -0.4673259 -0.03156143 0.8222702 -0.5682216 -0.2247084 0.8586032 -0.4607677 -0.05401885 0.7902811 -0.6103587 0 0.8764147 0.4815572 -0.02052468 0.9005833 0.4341986 -0.009234249 0.9088495 0.417022 0.0355854 0.9852632 0.1673023 -0.1441606 0.9543997 0.2614171 -0.1441598 0.9544001 0.2614158 0.7071067 0.7071069 -1.72077e-6 0.7071068 0.7071068 2.43599e-7 0.7071068 0.7071068 2.23464e-7 0.7071058 0.7071079 -1.93967e-6 0.7071067 0.707107 -1.25755e-7 0.7071068 0.7071068 0 0.6066827 0.7949441 0 -0.5818509 0.8132954 0 -0.6066818 0.7949429 -0.001708328 -0.5840405 0.8117231 -0.001476824 -0.3387362 0.9408801 0.001538813 -0.3287899 0.9444019 0.001493155 -0.3288002 0.9443983 0.001493155 -0.3387384 0.9408798 0.001194894 -0.3292952 0.9442265 0.001039505 -0.001535177 0.9999966 0.002119243 -0.001595497 0.9999965 0.002119243 0 0.9999978 0.00210154 -0.1415519 0.9899308 -3.91299e-4 -0.1415371 0.9899329 -3.91223e-4 -0.009402155 0.9583921 0.2853004 0.6464688 0.7629356 0.00267589 0.501612 0.8650922 -0.001030862 0.3387367 0.9408811 5.17023e-4 0.4978244 0.8672762 0.001654505 0.3387382 0.9408792 0.001687228 1.77001e-5 0.9633511 0.2682435 0.07775527 0.9969702 0.002119183 0.2053785 0.9786691 0.00516045 0 0.9999915 -0.004114031 0.3114468 0.9502631 9.37818e-4 0.4873878 0.873139 0.009021937 -0.7071067 0.7071069 0 -0.7071069 0.7071067 0 -0.7071067 0.7071068 0 -0.7071075 0.7071061 1.5952e-6 -0.7071069 0.7071068 0 -0.7071067 0.7071069 -5.3409e-7 0 0 1 0 0 1 0 0 1 0 0 1 0 0 1 0 0 1 0 0 1 0 0 1 0 0 1 0 0 1 0 0 1 0 0 1 0 0 1 0 0 1 0 0 1 0 0 1 0 0 1 0 0 1 0 0 1 0 0 1 0 0 1 0 0 1 0 0 1 -0.7278761 0.6705363 0.1434488 -0.8062871 0.5619993 0.1845476 -0.7592673 0.6002784 0.2513542 -0.7473354 0.5768129 0.3298133 -0.7136656 0.6203681 0.3253074 -0.7521575 0.5561946 0.3534214 -0.7662385 0.5553737 -0.3231698 -0.7691264 0.5563967 -0.3144315 -0.7569022 0.6152718 -0.2203173 -0.7630333 0.6112628 -0.2100904 -0.7516912 0.6513036 -0.1037493 -0.7639435 0.6395189 -0.08605647 -0.7643278 0.6368135 -0.1013487 -0.7890614 0.6088697 -0.08160728 -0.755651 0.654713 0.01850807 -0.7751579 0.6288862 0.06027019 -0.7548542 0.6409757 0.1390877 -0.6563231 0.7516384 0.06542122 -0.7243141 0.6577617 0.2066851 -0.7476519 0.4256228 -0.5097665 -0.7611078 0.4208467 -0.4935616 -0.7507475 0.5037375 -0.4273485 -0.7568182 0.5033423 -0.4169802 -0.747668 0.5744662 -0.3331384 -0.7577953 0.568358 -0.3204926 -0.7577953 0.5683585 -0.3204918 -0.745644 0.3247281 -0.5818648 -0.7495027 0.3248447 -0.5768203 -0.7402727 0.4313098 -0.515721 -0.7475612 0.4317736 -0.5047017 -0.7475616 0.4318056 -0.5046737 -0.7146347 -0.1036052 -0.6917827 -0.7132223 -0.1035315 -0.6932498 -0.7132223 0.1035315 -0.6932497 -0.7146347 0.1036052 -0.6917827 -0.7126339 0.103315 -0.6938869 -0.6898195 0.20822 -0.6933927 -0.6898216 0.2082205 -0.6933906 -0.6898211 0.2082202 -0.6933911 -0.6454344 0.3203478 -0.6933914 -0.6454321 0.3203462 -0.6933944 -0.6454322 0.3203463 -0.6933941 -0.6454302 0.3203448 -0.6933968 -0.5829663 0.423499 -0.6933967 -0.5829662 0.4234989 -0.6933968 -0.5829668 0.4234985 -0.6933965 -0.1938008 0.6940046 -0.6933967 -0.582967 0.4234986 -0.6933963 -0.5041742 0.5147908 -0.6933965 -0.5041742 0.5147909 -0.6933965 -0.5041748 0.5147917 -0.6933955 -0.4112612 0.5916653 -0.6933949 -0.411261 0.5916648 -0.6933955 -0.4112625 0.5916665 -0.6933931 -0.4112613 0.5916641 -0.6933957 -0.3068277 0.6519654 -0.6933959 -0.3068277 0.6519653 -0.693396 -0.306829 0.6519666 -0.6933942 -0.3068295 0.6519685 -0.6933921 -0.1938024 0.6940088 -0.6933919 -0.1938012 0.6940075 -0.6933936 -0.07534623 0.716609 -0.6933935 -0.07534635 0.7166097 -0.6933928 -0.07534652 0.7166085 -0.693394 -0.07534664 0.7166087 -0.6933937 0.04521971 0.7191387 -0.6933938 0.04521971 0.719139 -0.6933933 0.04521906 0.7191358 -0.6933967 0.1645183 0.7015233 -0.6933966 0.1645185 0.7015246 -0.6933951 0.164518 0.7015233 -0.6933966 0.2792091 0.6642615 -0.6933966 0.2792094 0.6642621 -0.693396 0.2792094 0.6642629 -0.6933952 0.2792086 0.6642616 -0.6933968 0.3860798 0.6083943 -0.6933966 0.3860822 0.608399 -0.6933911 0.3860818 0.6083984 -0.6933919 0.4821396 0.5354904 -0.6933913 0.4821379 0.5354897 -0.6933931 0.4821346 0.5354852 -0.6933987 0.482137 0.5354874 -0.6933954 0.5646892 0.4475811 -0.6933954 0.5646873 0.4475798 -0.6933979 0.5646874 0.4475798 -0.6933979 0.6804774 0.2369731 -0.6933933 0.5646881 0.4475802 -0.693397 0.6314241 0.3471378 -0.6933967 0.6314244 0.347138 -0.6933963 0.6314272 0.3471392 -0.6933931 0.6804776 0.2369732 -0.6933932 0.6804794 0.2369735 -0.6933912 0.7104703 0.1201699 -0.6933911 0.7104687 0.1201695 -0.6933928 0.7104678 0.1201694 -0.6933937 0.720559 0 -0.6933937 0.720559 0 -0.6933937 0.720559 0 -0.6933937 0.720559 0 -0.6933937 0.7104679 -0.1201695 -0.6933937 0.7104688 -0.1201695 -0.6933926 0.7104701 -0.1201698 -0.6933913 0.680479 -0.2369735 -0.6933916 0.6804774 -0.2369731 -0.6933934 0.6804776 -0.2369732 -0.6933932 0.6314272 -0.3471392 -0.6933931 0.6314244 -0.347138 -0.6933963 0.6314242 -0.3471379 -0.6933966 0.5646879 -0.4475803 -0.693397 0.5646862 -0.4475787 -0.6933995 0.564686 -0.4475783 -0.6933999 0.5646892 -0.4475813 -0.6933954 0.4821371 -0.5354874 -0.6933953 0.4821347 -0.5354853 -0.6933987 0.4821393 -0.5354912 -0.693391 0.3860819 -0.6083983 -0.6933917 0.3860822 -0.608399 -0.693391 0.3860823 -0.6083991 -0.693391 0.3860798 -0.6083943 -0.6933966 0.2792086 -0.6642616 -0.6933968 0.2792094 -0.6642629 -0.6933952 0.2792093 -0.6642619 -0.6933962 0.2792091 -0.6642616 -0.6933966 0.164518 -0.7015233 -0.6933966 0.1645185 -0.7015246 -0.6933951 0.1645183 -0.7015233 -0.6933966 0.04521906 -0.7191358 -0.6933967 0.04521971 -0.719139 -0.6933933 0.04521971 -0.7191387 -0.6933937 -0.07534664 -0.7166087 -0.6933937 -0.07534652 -0.7166085 -0.693394 -0.07534635 -0.7166097 -0.6933928 -0.07534623 -0.716609 -0.6933935 -0.1938012 -0.6940075 -0.6933936 -0.1938008 -0.6940045 -0.6933968 -0.1938024 -0.6940088 -0.693392 -0.3068295 -0.6519685 -0.6933923 -0.306829 -0.6519666 -0.6933942 -0.3068276 -0.6519653 -0.693396 -0.3068277 -0.6519654 -0.6933959 -0.4112609 -0.5916643 -0.6933959 -0.4112631 -0.5916666 -0.6933926 -0.4112625 -0.5916666 -0.6933931 -0.4112613 -0.5916652 -0.6933949 -0.5041747 -0.5147916 -0.6933956 -0.5041742 -0.5147909 -0.6933965 -0.5041743 -0.514791 -0.6933963 -0.5829672 -0.4234983 -0.6933963 -0.5829655 -0.4234976 -0.6933981 -0.5829656 -0.4234986 -0.6933976 -0.5829663 -0.423499 -0.6933967 -0.6454302 -0.3203448 -0.6933969 -0.6454322 -0.3203463 -0.6933941 -0.6454322 -0.3203463 -0.6933942 -0.6454344 -0.3203478 -0.6933914 -0.6898211 -0.2082202 -0.6933911 -0.6898216 -0.2082205 -0.6933906 -0.6898196 -0.20822 -0.6933927 -0.7126338 -0.103315 -0.6938869 -0.7487532 -0.5338452 -0.3929097 -0.7487507 -0.533824 -0.3929432 -0.7506664 -0.5350576 -0.3875734 -0.7992112 -0.5196059 -0.3021112 -0.7551268 -0.4740919 -0.4527917 -0.7422937 -0.580472 -0.3347423 -0.7422967 -0.5804764 -0.3347278 -0.7678068 -0.6179019 -0.1693223 -0.7490408 -0.6535559 -0.1086391 -0.7472805 -0.6409321 -0.1754367 -0.7435508 -0.6596245 -0.1096714 -0.7657082 -0.6399305 0.06465286 -0.7620968 -0.6426969 0.07841664 -0.7621018 -0.6426964 0.07837206 -0.7619014 -0.644436 0.06487333 -0.7608766 -0.6441216 0.07857602 -0.7382413 -0.6103479 0.2871851 -0.7519551 -0.6058759 0.2597652 -0.694607 -0.5834035 -0.4209054 -0.6849669 -0.5321595 -0.4976209 -0.7446113 -0.37022 -0.5554197 -0.7315083 -0.4740546 -0.4900692 -0.7801417 -0.3446848 -0.5220836 -0.7885829 -0.3663466 -0.4938898 -0.8205214 -0.282152 -0.4971266 -0.7372583 -0.6083053 -0.2939642 -0.6938553 -0.6628157 -0.2814963 -0.6946074 -0.5833946 -0.4209171 -0.8662648 -0.3563202 -0.3501732 -0.7764176 -0.5250147 -0.3486193 -0.7109755 -0.7027409 -0.0258674 -0.7280964 -0.6845234 -0.03610193 -0.7819954 -0.6081272 -0.1366179 -0.814072 -0.5598404 -0.1544849 -0.7370176 -0.6215887 -0.2653913 -0.7376403 -0.6511778 -0.1784782 -0.6707284 -0.6689653 -0.320326 -0.7631656 -0.6387919 0.09758752 -0.7628567 -0.6402263 0.09033286 -0.7519163 -0.6588525 -0.02313673 -0.6575998 -0.7523178 0.03975522 -0.7110955 -0.7020967 -0.03746366 -0.7527585 -0.5658742 0.3363643 -0.7556435 -0.5639358 0.3331355 -0.7484359 -0.6266903 0.2170324 -0.7555947 -0.6211546 0.207951 -0.7553989 -0.61897 0.2150549 -0.767505 -0.6075076 0.204623 -0.7560417 -0.6482349 0.09051257 0 0 1 0 0 1 0 0 1 0 0 1 0 0 1 0 0 1 0 0 1 0 0 1 0 0 1 0 0 1 0 0 1 0 0 1 0 0 1 0 0 1 0 0 1 0 0 1 0 0 1 0 0 1 0 0 1 0 0 1 0 0 1 0 0 1 0 0 1 0 0 1 0 0 1 0 0 1 0 0 1 -0.7071067 -0.7071069 -1.72077e-6 -0.7071068 -0.7071068 2.43599e-7 -0.7071068 -0.7071068 2.23464e-7 -0.7071058 -0.7071079 -1.93967e-6 -0.7071067 -0.707107 -1.25755e-7 -0.7071068 -0.7071068 0 0.001535177 -0.9999966 0.002119243 -0.6066827 -0.7949441 0 0.5818509 -0.8132954 0 0.6066818 -0.7949429 -0.001708328 0.5840405 -0.8117231 -0.001476824 0.3387362 -0.9408801 0.001538813 0.3287899 -0.9444019 0.001493155 -0.0107184 -0.9577016 0.2875634 0.2123345 -0.9771824 0.005343258 0.1395318 -0.990211 0.003626167 0.001595556 -0.9999965 0.002119243 0.3288002 -0.9443983 0.001493155 0.3387384 -0.9408798 0.001194894 0 -0.9999915 -0.004126965 0.009402155 -0.9583921 0.2853004 -0.6464688 -0.7629356 0.00267589 -0.501612 -0.8650922 -0.001030862 -0.3387367 -0.9408811 5.17023e-4 -0.4978244 -0.8672762 0.001654505 -0.3387382 -0.9408792 0.001687228 -0.4873877 -0.8731391 0.009021937 -0.3114469 -0.9502631 9.37818e-4 -0.2096358 -0.9777793 -7.5996e-4 0 -1 2.64149e-4 -0.1390259 -0.9902823 0.003579854 0.001596093 -0.9999965 0.002119243 0.258819 -0.9659258 2.4042e-6 0.2588192 -0.9659258 -4.08386e-7 0.2588191 -0.9659258 0 0.2588195 -0.9659258 -6.72769e-7 0.258819 -0.9659259 0 0.258819 -0.9659258 0 0.3851018 -0.9228742 0 0.9888071 0.1491997 0 0.9917829 0.1279295 8.71498e-4 0.9998226 0.01883149 2.02302e-5 0.9957395 -0.09221166 -8.40969e-5 0.9841946 -0.177089 6.53005e-4 0.9955704 -0.09401142 0.001201629 0.8346647 -0.4817648 0.2669034 0.9955704 -0.09401106 0.001201629 0.9841927 -0.177083 0.002549946 0.9651642 -0.2616448 9.09583e-5 0.9005895 -0.4346649 0.002210855 0.8660247 -0.5000009 4.41817e-4 0.9150848 -0.4032616 -7.42958e-5 0.9651628 -0.2616501 9.08715e-5 0.3460487 -0.938214 0.002198934 0.5126619 -0.8585901 -9.45837e-4 0.645454 -0.7637991 4.70596e-4 0.5159898 -0.8565934 0.001495599 0.6454564 -0.7637956 0.001524686 0.5250656 -0.8510223 0.008206903 0.6676298 -0.7444926 0.001112937 0.8549449 -0.5187141 0.002215743 0.8660252 -0.4999969 0.001922249 0.7776285 -0.6287239 -4.42583e-4 0.7451286 -0.6669204 -6.83588e-4 0.8350666 -0.4699699 0.2859929 0.9659258 0.2588191 0 0.9659258 0.2588191 0 0.9659257 0.2588195 2.47627e-7 0.9659259 0.2588186 -1.14827e-6 0.9659259 0.2588191 -4.39883e-7 0.9659258 0.2588191 0 0 0 1 0 0 1 0 0 1 0 0 1 0 0 1 0 0 1 0 0 1 0 0 1 0 0 1 0 0 1 0 0 1 0 0 1 0 0 1 0 0 1 0 0 1 0 0 1 0 0 1 0 0 1 0 0 1 0 0 1 0 0 1 0 0 1 0 0 1 0 0 1 0 0 1 0 0 1 0 0 1 0 0 1 0.9659258 -0.2588192 -2.45301e-6 0.9659258 -0.2588194 1.03888e-6 0.9659258 -0.2588189 -4.30168e-7 0.9659257 -0.2588196 6.20345e-7 0.9659258 -0.2588193 1.4862e-7 0.9659258 -0.258819 0 0.8335657 0.4818855 0.2701011 0.9841948 0.1770891 -1.61757e-4 0.9917833 -0.1279295 0 0.974501 -0.2243248 0.005127549 0.9944269 -0.1054285 1.03695e-4 0.3654021 0.9308498 0 0.3851016 0.9228738 8.63993e-4 0.5496556 0.8353912 -5.72967e-4 0.6454539 0.763799 4.86058e-4 0.5518826 0.8339208 0.001220524 0.8341062 0.4751639 0.2801538 0.7416408 0.6707782 0.005066514 0.697175 0.7168936 0.003289282 0.5518797 0.8339228 0.001220524 0.998574 0.05335199 0.001864969 0.9985744 0.05334472 0.001864969 0.9841941 0.1770833 0.001881003 0.998098 0.06123417 0.007132709 0.9818255 0.1897798 0.00152117 0.8660181 0.4999971 -0.003955781 0.9797732 0.1998308 0.0105884 0.9374849 0.3479986 0.004345059 0.9022443 0.4312196 0.002204775 0.8660246 0.4999966 0.002212107 0.8803621 0.4742925 0.003050327 0.6454387 0.7637746 -0.007565319 0.880141 0.4743428 0.01872825 0.8074651 0.5898308 0.009998917 0.2588191 0.9659258 0 0.2588191 0.9659258 0 0.2588189 0.9659259 1.21062e-7 0.2588204 0.9659255 -2.28967e-6 0.2588191 0.9659258 1.25681e-7 0.258819 0.9659259 2.72609e-7 0 0 1 0 0 1 0 0 1 0 0 1 0 0 1 0 0 1 0 0 1 0 0 1 0 0 1 0 0 1 0 0 1 0 0 1 0 0 1 0 0 1 0 0 1 0 0 1 0 0 1 0 0 1 0 0 1 0 0 1 0 0 1 0 0 1 0 0 1 0 0 1 -0.3592557 0.8610377 0.3599296 -0.2763473 0.2673456 0.9231243 -0.146808 0.2255384 0.9631094 -0.2025746 0.1850196 0.9616295 -0.1801569 0.2604395 0.9485329 -0.1123867 0.4212297 0.8999638 -0.533461 0.5409017 0.6502652 -0.2409627 0.4636108 0.8526442 -0.2282339 0.5035477 0.8332761 -0.3592585 0.8609964 0.3600256 -0.2150458 0.8142992 0.5391401 -0.2929518 0.7125585 0.6375263 -0.292936 0.7126133 0.6374722 -0.2891324 0.5433951 0.7881143 -0.5701881 0.7882972 0.2312425 -0.3977439 0.8601629 0.3192486 -0.3460717 0.8875885 0.3040083 -0.4302322 0.8709339 0.2374326 -0.8473334 0.3322686 0.4142747 -0.5400549 0.3426256 0.7687317 -0.8839304 0.2179826 0.4137036 -0.6131025 0.3867155 0.6888806 -0.8796889 0.3567353 0.3144638 -0.7884808 0.5570767 0.260698 -0.8226317 0.4862885 0.2946195 -0.8212594 0.5265862 0.2196359 -0.7319515 0.458355 0.5041407 -0.4684196 0.473532 0.745889 -0.5062577 0.3273093 0.7978546 -0.4171954 0.3551604 0.8365458 -0.5933166 0.2061557 0.7781229 -0.1706306 0.1600446 0.9722505 -0.8666624 0.3817197 0.3212264 -0.8666639 0.3817068 0.3212375 -0.7337419 0.3826291 0.5614427 -0.8161242 0.4749644 0.3291658 -0.5127157 0.683406 0.5196912 -0.5454034 0.6856395 0.4821137 -0.3011026 0.7538178 0.5840341 -0.3592566 0.8610414 0.35992 -0.4467313 0.8880886 0.1083037 -0.4641438 0.8808361 0.09326493 -0.4188217 0.9055718 0.06729263 -0.4188218 0.9055717 0.06729227 -0.483751 0.8721863 0.07263624 -0.483739 0.8721935 0.07262969 -0.5084868 0.856107 0.09231418 -0.4469102 0.8880337 0.1080164 -0.4617269 0.8792541 0.1171345 -0.4655991 0.8782013 0.1094539 -0.4762502 0.8716351 0.1159225 -0.4663843 0.8801885 0.0880565 -0.753727 0.6219388 0.2123385 -0.9166728 0.1835583 0.3549891 -0.9305433 0.1797071 0.3190525 -0.9125453 0.3029869 0.2746996 -0.8138144 0.5278009 0.2431715 -0.8250867 0.4521102 0.3388634 -0.8250853 0.4521105 0.3388663 -0.8312516 0.4398649 0.3399111 -0.8596588 0.3539744 0.3683597 -0.8596593 0.3539739 0.3683589 -0.8596641 0.3539596 0.3683615 -0.7486684 0.5876709 0.3068199 -0.7454429 0.5928818 0.3046408 -0.7426538 0.5975779 0.3022679 -0.7426554 0.5975779 0.3022642 -0.4643681 0.8826657 0.07254993 -0.8909272 0.3521616 0.2867596 -0.8759267 0.4224511 0.2329964 -0.8487382 0.4502863 0.2772828 -0.8388156 0.4501198 0.306236 -0.8371381 0.5270605 0.1463112 -0.8280369 0.4888813 0.2744995 -0.8488073 0.4902623 0.1979118 -0.8575667 0.4942431 0.1424897 -0.7378423 0.6749669 -0.00289762 -0.8233326 0.5059842 0.257106 -0.8195527 0.5499296 0.1609687 -0.7840018 0.5924082 -0.1854545 -0.8221967 0.5497317 0.1476065 -0.8221978 0.5497303 0.1476055 -0.773703 0.6143279 0.1548714 -0.7737016 0.614329 0.154873 -0.5819289 0.8123981 -0.03698617 -0.6882058 0.7102088 0.148244 -0.6841741 0.7164411 0.1364478 -0.6933915 0.7041571 0.1528761 -0.9133591 0.3697373 0.1704977 -0.9532134 0.302272 -0.003983736 -0.9133588 0.3697385 0.1704965 -0.9786518 0.1994336 0.04966711 -0.9863774 0.1632652 -0.02009987 -0.9622941 0.1967085 0.1878725 -0.9735348 0.1749721 0.1470197 -0.964801 0.2165688 0.1491881 -0.9650403 0.1938424 0.1764155 -0.9625445 0.2019702 0.1808763 -0.9985934 -0.02593326 0.04624563 -0.973343 0.1704992 0.1534065 -0.9989103 -0.02307671 0.04056787 -0.7715638 0.5709379 0.2805693 -0.7715643 0.5709377 0.2805686 -0.8024532 0.5401287 0.2536333 -0.7794228 0.5939306 0.1993654 -0.779423 0.5939303 0.1993654 -0.8485359 0.4907315 0.1979125 -0.8488025 0.4902587 0.1979414 -0.8401347 0.4764949 0.2590873 -0.8925546 0.4274753 0.143566 -0.9017943 0.4029876 0.1561025 -0.8439657 0.4683769 0.2614287 -0.8759265 0.4224521 0.2329956 -0.6933928 0.7041563 0.1528739 0.3727738 0.846829 -0.3793685 -0.6608802 0.7302223 0.173242 -0.4741486 0.8789049 0.05205172 -0.759851 0.5926125 0.2672769 -0.8882032 0.4359461 0.1450729 -0.8882029 0.4359467 0.1450726 -0.9040375 0.3837256 -0.1883376 -0.8575723 0.4942348 0.1424841 -0.8574294 0.4944812 0.1424894 -0.9924708 -0.08656269 0.08665239 -0.9964532 -0.0197122 0.08180785 -0.6863979 0.6702306 0.2822216 -0.8636457 0.4400382 0.2459322 -0.8707402 0.4142601 0.2649527 -0.5614569 0.7577288 0.3325856 -0.5614567 0.7577282 0.3325875 -0.9924708 -0.08656287 0.08665269 -0.9934239 -0.05594706 0.0998944 -0.9932524 -0.05654829 0.1012525 -0.9944816 -0.0114091 0.1042892 -0.9938331 -0.09085488 0.0635699 -0.9940645 -0.08996373 0.06117576 -0.9958108 -0.02165359 0.08883732 -0.888946 0.3447217 0.3015658 -0.8889456 0.3447211 0.3015676 -0.9924356 -0.05729222 0.1085785 -0.9924355 -0.05729097 0.1085792 -0.9920417 -0.0289641 0.1225334 -0.8764368 0.3664871 0.3123233 -0.8615728 0.3920396 0.3224862 -0.8615783 0.39203 0.322483 -0.8644101 0.4029675 0.3006866 -0.8459674 0.4313502 0.3134903 -0.8431218 0.4365431 0.3139679 -0.8431209 0.4365404 0.3139738 -0.6962765 0.5858865 0.4146517 -0.9733129 -0.05856645 0.2218828 -0.8726845 -0.111373 0.4754133 -0.7585369 -0.08359235 0.6462461 -0.937445 -0.1463081 0.3158967 -0.3316279 -0.06354701 0.9412676 -0.6303436 0.6569207 0.4136692 -0.5667062 0.2964381 0.7687448 -0.5363408 0.2747061 0.7980446 -0.5454075 0.3250555 0.7725734 -0.2346571 0.05510491 0.970515 -0.3821678 0.1226596 0.9159162 -0.5217349 0.002909421 0.8531028 -0.5217494 0.002893447 0.8530939 -0.7586166 -0.08367192 0.6461423 -0.7871572 -0.1539483 0.5972298 -0.8602421 0.09043049 0.5018026 -0.8508155 0.1325448 0.508473 -0.8472229 0.33841 0.4095022 -0.7745939 0.5621815 0.2897522 -0.7861711 0.4693966 0.4019973 -0.8570011 0.4529256 0.2457796 -0.7428297 0.5740608 0.3444682 -0.9388444 -0.1300752 0.3188285 -0.9422816 -0.1327373 0.3073862 -0.9247965 0.1159118 0.3623754 -0.9764433 -0.05490607 0.2086716 -0.861398 0.4348717 0.26245 -0.7485303 0.5819242 0.31791 -0.6415315 0.338123 0.6885566 -0.7626999 0.4048284 0.5043839 -0.6437013 0.1690893 0.7463627 -0.7347885 0.1916819 0.6506489 -0.5234335 -0.02093458 0.8518092 -0.7586076 -0.08365231 0.6461554 -0.8497818 0.325788 0.4144069 -0.1659383 0.1344906 0.9769221 -0.1659424 0.134494 0.976921 -0.5868245 0.2249757 0.7778322 -0.1994386 0.07646036 0.9769228 -0.1659426 0.1344941 0.9769209 -0.1788175 0.1170245 0.9768979 -0.1788176 0.1170246 0.9768979 -0.190755 0.09634828 0.9768979 -0.1907539 0.09634774 0.9768982 -0.1994451 0.0764628 0.9769213 -0.1994486 0.07646429 0.9769204 -0.8505117 0.3238365 0.4144393 -0.218771 0.1098709 0.9695709 -0.8733339 0.3354666 0.3531999 -0.8352461 0.4218735 0.3526849 -0.8133786 0.4084938 0.4141835 -0.7615816 0.4984058 0.4142284 -0.7817864 0.5141889 0.352732 -0.7057006 0.5746418 0.4144553 -0.2045333 0.134523 0.9695719 -0.7086471 0.5710871 0.4143415 -0.7268095 0.5890688 0.3531937 -0.4882467 0.395717 0.7778324 -0.4882486 0.3957183 0.7778305 -0.4882445 0.3957152 0.7778346 -0.5260322 0.344254 0.7776756 -0.5260331 0.3442546 0.7776747 -0.5611498 0.2834308 0.7776747 -0.5611553 0.2834334 0.7776697 -0.5868286 0.2249773 0.7778286 -0.5868268 0.2249767 0.7778302 -0.9253444 0.1194329 0.3598244 -0.3696979 -0.1056506 0.9231259 -0.2687261 -0.01436859 0.9631094 -0.2615191 -0.08292829 0.9616292 -0.3156349 -0.02579313 0.9485301 -0.4209825 0.1132757 0.899968 -0.7351573 -0.1915382 0.6502745 -0.5219824 0.02312189 0.8526428 -0.550265 0.05418151 0.8332303 -0.9252986 0.1194022 0.3599524 -0.8127269 0.220898 0.5391467 -0.7635731 0.1025649 0.6375238 -0.7636214 0.1026151 0.6374579 -0.6151689 0.02129691 0.7881076 -0.9677785 -0.09965455 0.2312441 -0.9437925 0.0856285 0.3192548 -0.9417081 0.1440814 0.3040172 -0.969359 0.06289249 0.2374609 -0.7114146 -0.5676726 0.414291 -0.5667455 -0.296384 0.7687367 -0.6307424 -0.6565272 0.4136859 -0.641457 -0.337603 0.6888812 -0.7487876 -0.5834628 0.3144653 -0.8766773 -0.4043176 0.2606993 -0.8324512 -0.4692816 0.294618 -0.8666659 -0.4479433 0.2196295 -0.7629195 -0.4047071 0.5041489 -0.6443009 -0.1688976 0.7458887 -0.536588 -0.2747769 0.797854 -0.5161777 -0.1837242 0.836544 -0.4751924 -0.4107542 0.7781216 -0.2239187 -0.06775128 0.9722501 -0.7639113 -0.5596894 0.3212279 -0.7638983 -0.5596991 0.3212418 -0.6982328 -0.4441202 0.5614519 -0.8193995 -0.4692999 0.3291534 -0.8482083 -0.1023105 0.5196877 -0.8664957 -0.129516 0.4820901 -0.803381 0.1161634 0.5840249 -0.925282 0.1194149 0.3599908 -0.992473 0.05715596 0.1083077 -0.9948983 0.03845685 0.09326541 -0.9936587 0.09007996 0.06729054 -0.9936585 0.09008049 0.06729197 -0.9972113 0.01716071 0.07262921 -0.9972115 0.01716703 0.07262623 -0.9956534 -0.01231837 0.0923174 -0.9925148 0.0570023 0.1080053 -0.99232 0.03976321 0.1171327 -0.9933442 0.03588372 0.1094522 -0.9929832 0.02337318 0.1159225 -0.9954575 0.03619331 0.08805823 -0.9154763 -0.3417815 0.2123408 -0.6173093 -0.7020775 0.354988 -0.6209099 -0.7160159 0.319049 -0.7186902 -0.6387704 0.2746942 -0.8639945 -0.4408861 0.2431724 -0.8040792 -0.4884943 0.3388657 -0.8040789 -0.4884935 0.3388676 -0.7965682 -0.4999422 0.3399071 -0.7363798 -0.5674998 0.3683597 -0.7363798 -0.5674995 0.36836 -0.7362992 -0.5675899 0.3683818 -0.8832678 -0.3545387 0.3068229 -0.8861947 -0.3490907 0.3046224 -0.8888413 -0.344374 0.302271 -0.8888537 -0.3443948 0.3022109 -0.9965951 0.03917002 0.07255285 -0.7504463 -0.5954831 0.2867583 -0.8038206 -0.5473384 0.233009 -0.8143284 -0.5098868 0.2772808 -0.8092204 -0.5013816 0.3062334 -0.8749984 -0.4614619 0.1463927 -0.8374021 -0.47266 0.2745 -0.8489882 -0.4899657 0.1978705 -0.8568055 -0.4955545 0.1425135 -0.9534571 -0.3015151 -0.002887427 -0.8498577 -0.4600394 0.2571102 -0.8860041 -0.4348132 0.1610413 -0.9050439 -0.382761 -0.1854441 -0.8871847 -0.4371729 0.1475905 -0.887187 -0.4371677 0.1475933 -0.9188738 -0.3628864 0.1548691 -0.9188745 -0.3628831 0.1548722 -0.9945232 -0.09774667 -0.03700256 -0.9591602 -0.2408995 0.1482535 -0.9625478 -0.2342796 0.1364356 -0.9565116 -0.2484202 0.1528825 -0.7768774 -0.6061291 0.1704964 -0.7383698 -0.6743842 -0.004010379 -0.7768805 -0.6061263 0.1704924 -0.6620403 -0.7478208 0.04966551 -0.6345823 -0.772594 -0.02009671 -0.651503 -0.7350122 0.1878858 -0.6382936 -0.755624 0.1470156 -0.6699504 -0.7272627 0.1491824 -0.650387 -0.7388342 0.1764111 -0.6561903 -0.7325955 0.1808819 -0.4768558 -0.8777635 0.04625785 -0.6343236 -0.7576943 0.1534036 -0.4794632 -0.876624 0.04056394 -0.8802262 -0.3827288 0.2805718 -0.8802263 -0.3827177 0.2805865 -0.8689855 -0.4248884 0.2536415 -0.9040576 -0.3780541 0.1993864 -0.9040567 -0.3780577 0.1993836 -0.8490968 -0.4897774 0.1978707 -0.8489898 -0.4899582 0.1978819 -0.832722 -0.4893341 0.2590875 -0.8164801 -0.5592392 0.143568 -0.799895 -0.5794824 0.1561027 -0.8276135 -0.4966887 0.2614504 -0.8038181 -0.5473408 0.233012 -0.9565114 -0.2484237 0.1528775 -0.5470155 0.746231 -0.3793591 -0.962836 -0.2072128 0.1732335 -0.9982282 0.02884858 0.05203968 -0.8931437 -0.3617427 0.267276 -0.8216447 -0.5512304 0.1450693 -0.8216407 -0.5512354 0.1450724 -0.7843362 -0.5910588 -0.1883246 -0.856805 -0.4955551 0.1425141 -0.85679 -0.4955812 0.1425135 -0.421271 -0.9027857 0.08665299 -0.481157 -0.8728089 0.08180767 -0.9236468 -0.2592747 0.2822289 -0.8129058 -0.5279226 0.2459306 -0.7941364 -0.5469417 0.2649567 -0.9369394 -0.1073843 0.3325856 -0.93694 -0.1073843 0.332584 -0.421271 -0.9027857 0.08665317 -0.4482578 -0.8883053 0.09989303 -0.4476523 -0.8884571 0.101249 -0.4873508 -0.8669567 0.1042851 -0.4182305 -0.9061138 0.06356936 -0.4191184 -0.9058684 0.06117415 -0.4791607 -0.8732195 0.08884066 -0.7430047 -0.5974892 0.3015806 -0.7430106 -0.5974892 0.3015657 -0.4465947 -0.8881243 0.1085745 -0.4466208 -0.8881093 0.1085898 -0.4709394 -0.873614 0.1225346 -0.7557415 -0.5755379 0.3124272 -0.7703028 -0.5501242 0.3224858 -0.7702998 -0.5501291 0.3224844 -0.7811874 -0.5471128 0.3006889 -0.7965402 -0.5169615 0.3134877 -0.7996242 -0.5118843 0.3139678 -0.7996213 -0.5118849 0.313974 -0.8555361 -0.3100576 0.4146351 -0.4359607 -0.8721957 0.22184 -0.3398792 -0.8114635 0.4754041 -0.3068535 -0.6988126 0.6461438 -0.3419672 -0.8850135 0.3159263 -0.1107825 -0.3189675 0.9412688 -0.8840717 -0.2174402 0.4136869 -0.5400835 -0.3425613 0.7687403 -0.5060713 -0.3271262 0.7980479 -0.5542083 -0.3098039 0.7725766 -0.165049 -0.1756638 0.9705159 -0.297306 -0.269632 0.9159191 -0.2633697 -0.4504386 0.8530776 -0.2633771 -0.4504158 0.8530874 -0.3068579 -0.6987965 0.6461593 -0.2602431 -0.7586808 0.5972245 -0.5084433 -0.6997823 0.5017871 -0.5402082 -0.6705561 0.5084581 -0.7166753 -0.5645254 0.4094967 -0.8741675 -0.3897243 0.2897347 -0.7995947 -0.4461502 0.401993 -0.820744 -0.5157228 0.2457827 -0.8685667 -0.3562715 0.3444743 -0.3567579 -0.8780943 0.3188639 -0.3561698 -0.8824115 0.3073973 -0.5627896 -0.7429243 0.3623967 -0.4406705 -0.8730766 0.2086788 -0.8073051 -0.5285597 0.2624561 -0.8782342 -0.3572773 0.3178955 -0.6135888 -0.3865177 0.6885585 -0.7319356 -0.4580957 0.5043994 -0.4682856 -0.4729128 0.7463659 -0.533405 -0.5405101 0.6506366 -0.2435945 -0.4637811 0.8518033 -0.3068606 -0.6987735 0.6461827 -0.7070385 -0.5730447 0.4143868 -0.1994386 -0.07646036 0.9769228 -0.1994486 -0.07646429 0.9769204 -0.4882486 -0.3957183 0.7778305 -0.1659383 -0.1344906 0.9769221 -0.1994451 -0.0764628 0.9769213 -0.1907539 -0.0963478 0.9768982 -0.190755 -0.09634828 0.976898 -0.1788176 -0.1170246 0.9768979 -0.1788175 -0.1170245 0.9768979 -0.1659426 -0.1344941 0.9769209 -0.1659424 -0.134494 0.976921 -0.7057006 -0.5746418 0.4144557 -0.2045335 -0.1345232 0.9695719 -0.727189 -0.5885963 0.3532006 -0.7829763 -0.5124073 0.3526854 -0.7604555 -0.5001594 0.4141836 -0.8124231 -0.4103459 0.4142283 -0.8361941 -0.4199523 0.3527315 -0.8505117 -0.3238365 0.4144394 -0.2187712 -0.1098712 0.9695708 -0.8488907 -0.3281608 0.4143612 -0.8735535 -0.3349015 0.353193 -0.5868268 -0.2249767 0.7778302 -0.5868246 -0.2249757 0.7778322 -0.5868282 -0.2249771 0.7778289 -0.561155 -0.2834334 0.77767 -0.56115 -0.2834306 0.7776746 -0.5260329 -0.3442545 0.7776748 -0.5260322 -0.344254 0.7776756 -0.4882446 -0.3957153 0.7778345 -0.4882467 -0.395717 0.7778324 0.5712017 -0.8162231 0.08665204 0.5152939 -0.8530999 0.08180981 -0.2373471 -0.9295196 0.2822405 0.05072957 -0.9679583 0.2459338 0.07660055 -0.9612132 0.2649556 -0.3754792 -0.8651024 0.3325858 -0.3754786 -0.8651021 0.3325871 0.5712016 -0.8162232 0.0866518 0.5451689 -0.8323538 0.099891 0.5456046 -0.8319036 0.1012523 0.5071209 -0.855542 0.1042897 0.5755969 -0.8152588 0.06357145 0.5749407 -0.8159047 0.06117707 0.5166774 -0.8515597 0.0888285 0.1459144 -0.9422327 0.301507 0.1459267 -0.9422108 0.3015697 0.545836 -0.8308273 0.1085774 0.5458177 -0.8308379 0.1085882 0.5211045 -0.8446512 0.122533 0.1202142 -0.9422608 0.3125591 0.09126263 -0.9421635 0.3224887 0.09126591 -0.9421635 0.3224878 0.08320981 -0.9500843 0.3006924 0.04943799 -0.9483053 0.3134852 0.043509 -0.9484369 0.3139655 0.04350709 -0.948439 0.3139596 -0.1592465 -0.8959418 0.4146431 0.5373966 -0.8136172 0.2218827 0.5328056 -0.7000698 0.475416 0.4516711 -0.6151346 0.6462219 0.5954254 -0.7387166 0.3158582 0.2208449 -0.2554216 0.941269 -0.2537434 -0.8743554 0.4136628 0.02662682 -0.6390033 0.7687431 0.03026485 -0.6018389 0.7980439 -0.008800089 -0.6348614 0.772576 0.06960642 -0.2307713 0.9705151 0.08485728 -0.3922885 0.9159197 0.2584415 -0.4533115 0.8530632 0.2583864 -0.4532995 0.8530862 0.4517418 -0.6151537 0.6461544 0.5269134 -0.6047268 0.5972167 0.3518131 -0.7902154 0.5017841 0.3106112 -0.8031141 0.5084569 0.1305572 -0.9029206 0.4094988 -0.09955114 -0.9519104 0.2897515 -0.01340883 -0.9155434 0.4019957 0.03626728 -0.9686443 0.2457907 -0.1257355 -0.9303373 0.3444751 0.5820579 -0.7479916 0.3189313 0.5861222 -0.7496539 0.3073759 0.3619985 -0.85886 0.3623763 0.5357662 -0.8181773 0.2086637 0.0540775 -0.963432 0.2624394 -0.1296945 -0.9392046 0.3179217 0.02793937 -0.7246463 0.6885544 0.03075408 -0.8629209 0.5044022 0.1754069 -0.6420076 0.7463635 0.2013843 -0.7321905 0.650647 0.2798398 -0.442856 0.851803 0.4517204 -0.6151523 0.6461705 -0.7427891 0.2471465 -0.6222402 -0.7701252 0.2486878 -0.5874195 -0.7308902 0.1819109 -0.6578055 -0.6878723 0.1649819 -0.7068328 -0.7963289 -0.1273522 -0.591305 -0.7963261 -0.1271394 -0.5913548 -0.7968384 -0.1524985 -0.5846305 -0.7989082 -0.1265729 -0.5879838 -0.6887415 -0.06998908 -0.7216209 -0.7337712 -0.03614735 -0.6784345 -0.7712287 0.04242467 -0.6351429 -0.8009015 0.06480872 -0.5952787 -0.7925075 0.1367862 -0.5943242 -0.7942235 0.06582832 -0.6040495 -0.7941691 0.06589055 -0.6041142 -0.7675175 -0.162564 -0.6200725 -0.7271182 -0.2533566 -0.6380513 -0.7298533 -0.2624975 -0.6311967 -0.729826 -0.252187 -0.6354179 -0.7434106 -0.2562214 -0.6178117 0.5660346 0.7416275 0.3599911 0.09335339 0.3729926 0.923126 0.1219254 0.239907 0.9631089 0.05894577 0.2679464 0.9616289 0.1354371 0.2862344 0.9485392 0.3085973 0.3079431 0.899966 0.2016988 0.7324286 0.6502814 0.2810128 0.4404827 0.852647 0.3220031 0.4494361 0.8332594 0.5660426 0.7416314 0.3599704 0.5977067 0.5933727 0.5391248 0.4706015 0.609978 0.6375429 0.4705867 0.6099744 0.6375573 0.3260421 0.5221265 0.7880866 0.3975949 0.8879492 0.2312239 0.5460468 0.7745491 0.3192282 0.5956467 0.7435041 0.3039848 0.5391626 0.808041 0.2374309 -0.135907 0.8999439 0.4142827 0.02670383 0.6390114 0.7687336 -0.2531926 0.8745071 0.4136798 0.02834582 0.7243368 0.6888634 -0.1308962 0.9401959 0.3144804 0.08823829 0.961385 0.2606779 0.009819507 0.9555651 0.2946166 0.04539704 0.9745223 0.2196487 0.03096091 0.8630653 0.5041427 0.1758775 0.642422 0.7458962 0.03033763 0.6020829 0.7978571 0.09897917 0.5388864 0.8365432 -0.1181121 0.6169064 0.7781233 0.05328863 0.2277955 0.9722497 -0.1027668 0.941406 0.3212379 -0.1027564 0.9414104 0.3212282 -0.03549885 0.8267615 0.5614315 0.003272056 0.9442642 0.3291723 0.3354943 0.7857202 0.5196992 0.3210803 0.8151551 0.4821096 0.5022736 0.6376733 0.5840325 0.5660537 0.7416459 0.359923 0.5457367 0.8309279 0.1083067 0.5307562 0.8423774 0.09326463 0.5748395 0.8154945 0.06729185 0.5748397 0.8154945 0.06729185 0.5134873 0.8550186 0.07262289 0.5134695 0.8550285 0.07263249 0.4871679 0.8684155 0.09231424 0.5456075 0.8310507 0.1080147 0.5305908 0.8394954 0.1171352 0.527743 0.8423224 0.1094549 0.5167339 0.8482618 0.1159218 0.5290746 0.8439944 0.08805459 0.1617608 0.9637153 0.2123358 -0.2993696 0.885641 0.35499 -0.3096407 0.8957287 0.31905 -0.1939347 0.9417663 0.27471 0.0501697 0.9686842 0.2431747 -0.02100282 0.9405999 0.3388669 -0.02100354 0.9406006 0.3388647 -0.03470778 0.9398153 0.3399157 -0.1232836 0.9214724 0.368361 -0.1232839 0.9214723 0.3683612 -0.123309 0.9214671 0.3683658 0.1345846 0.9422019 0.3068265 0.1406792 0.9420146 0.3046601 0.1461908 0.941946 0.302268 0.146187 0.941953 0.3022479 0.5322223 0.84349 0.07255375 -0.1394159 0.9486755 0.2838624 -0.3865408 0.9198223 0.06718099 -0.03401494 0.9601022 0.2775728 0.03809136 0.988622 0.1455185 0.009176373 0.9612634 0.2754785 0.005712687 0.9703302 0.2417162 -7.59416e-4 0.9897919 0.1425182 0.2156124 0.9764747 -0.002892553 0.02703702 0.9661805 0.2564455 0.06851214 0.984654 0.1605071 0.1210348 0.9751768 -0.1854206 0.06498306 0.9869088 0.1476084 0.06498014 0.9869092 0.147607 0.1451605 0.9772092 0.1548894 0.1451561 0.9772105 0.1548851 0.4126009 0.9101604 -0.03699195 0.2709497 0.9511078 0.1482571 0.2783776 0.9507317 0.1364374 0.2631329 0.9525722 0.1528634 -0.1364708 0.9758597 0.17051 -0.2148322 0.9766428 -0.003987729 -0.1364664 0.975861 0.1705057 -0.3165908 0.9472602 0.0496844 -0.351789 0.9358633 -0.02010703 -0.3107718 0.9317223 0.1879215 -0.3352519 0.9305881 0.1470098 -0.3865391 0.9198231 0.06717932 -0.04351574 0.9506672 0.3071456 -0.3063231 0.9345813 0.1808975 -0.5217404 0.8518493 0.04625582 -0.3390311 0.9281847 0.1533985 -0.5194423 0.853542 0.04056739 0.09738326 0.9530971 0.2865702 0.09738451 0.9530965 0.2865722 0.07267588 0.9657652 0.2490295 0.1185216 0.9711662 0.2068547 0.1185213 0.9711663 0.2068544 0.006521522 0.9703252 0.2417158 -0.01182764 0.9701525 0.2422075 -0.01170307 0.9699248 0.2431234 -0.04404813 0.9684606 0.2452424 -0.03757673 0.9694697 0.242315 -0.1181217 0.9810578 0.1535343 -0.1181205 0.9810582 0.1535331 0.2631348 0.9525712 0.1528664 0.9197621 0.1005833 -0.3793686 0.301962 0.9374477 0.1732364 0.5240826 0.8500756 0.05204981 0.1332945 0.9543566 0.2672756 -0.06655037 0.9871791 0.1450813 -0.0665614 0.9871774 0.1450867 -0.1197045 0.9747837 -0.1883279 -7.59235e-4 0.9897922 0.142516 -6.49866e-4 0.9897919 0.1425181 -0.5712017 0.8162231 0.08665204 -0.5152939 0.8530999 0.08180981 0.2373471 0.9295196 0.2822405 -0.05072957 0.9679583 0.2459338 -0.07660055 0.9612132 0.2649556 0.3754792 0.8651024 0.3325858 0.3754786 0.8651021 0.3325871 -0.5712016 0.8162232 0.0866518 -0.5451689 0.8323538 0.099891 -0.5456046 0.8319036 0.1012523 -0.5071209 0.855542 0.1042897 -0.5755969 0.8152588 0.06357145 -0.5749407 0.8159047 0.06117707 -0.5166774 0.8515597 0.0888285 -0.1459144 0.9422327 0.301507 -0.1459267 0.9422108 0.3015697 -0.545836 0.8308273 0.1085774 -0.5458177 0.8308379 0.1085882 -0.5211045 0.8446512 0.122533 -0.1202142 0.9422608 0.3125591 -0.09126263 0.9421635 0.3224887 -0.09126591 0.9421635 0.3224878 -0.08320981 0.9500843 0.3006924 -0.04943799 0.9483053 0.3134852 -0.043509 0.9484369 0.3139655 -0.04350709 0.948439 0.3139596 0.1592465 0.8959418 0.4146431 -0.5373966 0.8136172 0.2218827 -0.5328056 0.7000698 0.475416 -0.4516711 0.6151346 0.6462219 -0.5954254 0.7387166 0.3158582 -0.2208449 0.2554216 0.941269 0.2537434 0.8743554 0.4136628 -0.02662682 0.6390033 0.7687431 -0.03026485 0.6018389 0.7980439 0.008800089 0.6348614 0.772576 -0.06960642 0.2307713 0.9705151 -0.08485728 0.3922885 0.9159197 -0.2584415 0.4533115 0.8530632 -0.2583864 0.4532995 0.8530862 -0.4517418 0.6151537 0.6461544 -0.5269134 0.6047268 0.5972167 -0.3518131 0.7902154 0.5017841 -0.3106112 0.8031141 0.5084569 -0.1305572 0.9029206 0.4094988 0.09955114 0.9519104 0.2897515 0.01340883 0.9155434 0.4019957 -0.03626728 0.9686443 0.2457907 0.1257355 0.9303373 0.3444751 -0.5820579 0.7479916 0.3189313 -0.5861222 0.7496539 0.3073759 -0.3619985 0.85886 0.3623763 -0.5357662 0.8181773 0.2086637 -0.0540775 0.963432 0.2624394 0.1296945 0.9392046 0.3179217 -0.02793937 0.7246463 0.6885544 -0.03075408 0.8629209 0.5044022 -0.1754069 0.6420076 0.7463635 -0.2013843 0.7321905 0.650647 -0.2798398 0.442856 0.851803 -0.4517204 0.6151523 0.6461705 0.03350311 0.2109522 0.9769221 0.09857743 0.6206924 0.7778326 0.1448051 0.8984791 0.4144474 0.01423388 0.2443931 0.9695717 0.140253 0.8992524 0.4143358 0.03350389 0.2109568 0.9769211 -0.09857749 0.6206924 0.7778326 -0.03350311 0.2109522 0.9769221 0.033504 0.2109575 0.9769209 0.01193743 0.2133731 0.9768979 0.01193749 0.2133739 0.9768976 -0.01193743 0.2133739 0.9768977 -0.01193743 0.2133731 0.9768978 -0.033504 0.2109575 0.9769209 -0.03350389 0.2109568 0.9769211 -0.1448051 0.8984792 0.4144473 -0.01423382 0.2443932 0.9695718 0.146743 0.9239669 0.3532019 0.05440741 0.9341381 0.3527405 0.05084168 0.9087517 0.4142288 -0.05292308 0.9086533 0.4141839 -0.05226975 0.9342777 0.3526939 -0.1461442 0.9240592 0.3532088 -0.1427522 0.8988384 0.4143809 0.09857749 0.6206923 0.7778326 0.09857761 0.6206933 0.7778317 0.03511679 0.6276876 0.7776729 0.03511673 0.6276819 0.7776774 -0.03511649 0.6276819 0.7776775 -0.03511703 0.6276876 0.777673 -0.09857761 0.6206935 0.7778317 -0.09857743 0.6206923 0.7778326 -0.998484 -0.04993194 0.02316242 -0.9982628 -0.05709367 0.01454824 -0.9931804 -0.1160865 0.0107997 -0.991287 -0.1095287 0.07316774 -0.9921101 -0.1140221 0.05211949 -0.9922811 -0.1176667 0.03914898 -0.9922812 -0.117667 0.03914815 -0.9920115 -0.1224251 0.03041881 -0.9916555 -0.126707 0.02376586 -0.988336 -0.1513512 0.01687401 -0.9894368 -0.1447927 0.007058799 -0.9894372 -0.1447904 0.007054448 -0.9900078 -0.1409785 -0.003116905 -0.9902989 -0.1384405 -0.01192778 -0.990269 -0.1389024 -0.008568227 -0.9902691 -0.1389006 -0.008583664 -0.989919 -0.1410833 0.01248747 -0.9968384 -0.0775116 0.01747131 -0.987738 -0.1431987 0.06219077 -0.9891543 -0.1425356 0.03545832 -0.9899189 -0.1410838 0.01249319 -0.9967675 0.07828521 0.01805251 -0.9876983 0.143193 0.06283068 -0.9888614 0.1428771 0.04170483 -0.9891529 0.1425376 0.03549027 -0.9899189 0.1410835 0.01249152 -0.9899199 0.14108 0.01245337 -0.990269 0.1389023 -0.008568763 -0.9903075 0.1382618 -0.0132246 -0.9898974 0.1417841 5.17891e-4 -0.9898973 0.1417856 5.22093e-4 -0.9890685 0.1470935 0.01034051 -0.9912679 0.1304183 0.01946842 -0.9912679 0.1304187 0.01946789 -0.9917654 0.1254263 0.02587729 -0.9921565 0.1205581 0.03303682 -0.9921565 0.1205567 0.03303927 -0.9922373 0.1168071 0.04267561 -0.9920207 0.1121674 0.05756103 -0.9920205 0.1121662 0.05756694 -0.9929651 0.1160613 0.02345371 -0.9982598 0.05640554 0.01719915 -0.9985335 0.04993444 0.02091306 -0.9573073 -0.2889604 -0.008036017 -0.9726704 -0.2305271 0.02773922 -0.9896399 -0.1434744 0.005293726 -0.9932193 -0.1160875 0.0062536 -0.9896608 -0.1432906 0.006266832 -0.9916554 -0.1267076 0.02376508 -0.8090274 -0.5877223 -0.007558465 -0.8352338 -0.5493416 0.02466636 -0.8957215 -0.4445712 0.006290972 -0.8936192 -0.4487925 0.005483686 -0.8957254 -0.4445739 0.005480349 -0.8936318 -0.448799 0.001270711 -0.9566066 -0.2887486 0.03908973 -0.9396475 -0.3420035 0.009808182 -0.9396472 -0.3420043 0.009808182 -0.4258134 -0.9047932 -0.005685985 -0.4997795 -0.8656427 0.02971786 -0.5707538 -0.8211191 -0.001917421 -0.4999982 -0.8660244 -0.001846849 -0.5707449 -0.8211079 -0.005668103 -0.5970366 -0.8019602 0.0201776 -0.6996389 -0.7143718 0.01335853 -0.6862221 -0.7273522 0.007611632 -0.6996812 -0.7144148 0.007597804 -0.6862175 -0.7273479 -0.008403956 -0.8079866 -0.5869651 0.05128151 -0.7660345 -0.6427786 0.005182564 -0.7660328 -0.6427807 0.005182564 -0.1045634 -0.9944894 -0.00756675 -0.1735752 -0.9843934 0.02900522 -0.2689587 -0.9631488 -0.00236535 -0.2868029 -0.9579893 -6.67292e-4 -0.2689605 -0.963151 -6.6032e-4 -0.2867743 -0.9578918 0.01427394 -0.4257192 -0.9045919 0.0218324 -0.3960693 -0.9181913 0.007334053 -0.3960683 -0.9181918 0.007334053 0.2283139 -0.9735544 -0.008034229 0.1735855 -0.9844519 0.02687871 0.06275564 -0.9980261 0.002349138 0.05814403 -0.9983024 0.003403127 0.06275612 -0.9980231 0.003404736 0.05814307 -0.998284 0.006955623 -0.1045143 -0.9940178 0.03170686 -0.05814421 -0.9982973 0.004651248 -0.05814307 -0.9982974 0.004651248 0.6691115 -0.7431532 -0.003639578 0.5969 -0.8017767 0.02940398 0.535794 -0.844319 -0.007089197 0.4999867 -0.8660079 -0.006601393 0.5357964 -0.8443214 -0.006597638 0.4998641 -0.8657894 0.02333706 0.3874766 -0.9218406 0.008474767 0.3960737 -0.9182047 0.005069077 0.3874862 -0.9218616 0.0050655 0.3960793 -0.9182146 -0.001775979 0.22811 -0.9726865 0.04297339 0.2868032 -0.9579894 -4.35726e-4 0.2868048 -0.9579889 -4.35731e-4 0.8762828 -0.4817538 -0.0064646 0.8351209 -0.5492673 0.02963858 0.7836753 -0.6211526 -0.004731178 0.7660444 -0.6427873 -5.89539e-4 0.7836837 -0.6211598 -5.90547e-4 0.7659149 -0.6426792 0.01837986 0.6690312 -0.743062 0.01600843 0.6862356 -0.7273665 0.004329085 0.6862352 -0.7273668 0.004329025 0.9859648 -0.1667674 -0.007877886 0.9726508 -0.2305224 0.02845788 0.9443735 -0.3288735 -9.61012e-4 0.9396883 -0.342019 0.003018379 0.9443695 -0.3288723 0.003017723 0.939625 -0.3419954 0.01200765 0.8760285 -0.4816135 0.02494657 0.8936321 -0.4487986 0.001183986 0.8936313 -0.4488002 0.001183986 0.9443735 0.3288734 -9.61029e-4 0.9726508 0.2305224 0.02845782 0.9859648 0.1667674 -0.007877886 0.993229 0.116091 -0.004365265 0.9859859 0.1667709 -0.004382789 0.9929061 0.1160543 0.02586263 0.9999911 0 0.004220783 0.9999911 0 0.004220783 0.9999911 0 0.004220783 0.9999911 0 0.004220783 0.9853815 -0.1666687 0.03528255 0.9932289 -0.116092 -0.004365265 0.993229 -0.116091 -0.004365265 0.7836753 0.6211526 -0.004731178 0.8351209 0.5492673 0.02963858 0.8762828 0.4817538 -0.0064646 0.8936313 0.4488002 0.001183986 0.8763007 0.4817631 0.001167476 0.8934194 0.4486918 0.02185255 0.9443187 0.3288546 0.01081305 0.9396883 0.3420185 0.003018379 0.9396883 0.342019 0.003018379 0.535794 0.844319 -0.007089197 0.5969 0.8017767 0.02940398 0.6691115 0.7431532 -0.003639578 0.6862352 0.7273668 0.004329085 0.6691107 0.7431502 0.004318833 0.6861494 0.7272751 0.01642692 0.7835452 0.62105 0.01881223 0.7660442 0.6427876 -5.89526e-4 0.7660444 0.6427873 -5.89541e-4 0.2283209 0.9735859 -4.79967e-4 0.2866927 0.9576204 0.02775585 0.3874912 0.9218733 5.98634e-4 0.3960748 0.9182043 0.005069136 0.3874856 0.9218619 0.0050655 0.3960606 0.9181743 0.009586334 0.5355948 0.8440037 0.02821421 0.4999894 0.8660064 -0.006601452 0.4999867 0.8660079 -0.006601393 -0.2689587 0.9631488 -0.00236535 -0.1735752 0.9843934 0.02900528 -0.1045634 0.9944894 -0.00756675 -0.05814307 0.9982974 0.004651248 -0.1045657 0.9945073 0.004613578 -0.0581271 0.9980038 0.02469211 0.06275528 0.9980094 0.00624752 0.05814415 0.9983024 0.003403127 0.06275546 0.9980232 0.003404736 0.05814433 0.9983073 0.001331806 0.2281475 0.9728447 0.03901118 0.1736287 0.9846968 -0.01501405 0.2868048 0.9579889 -4.35731e-4 -0.5707538 0.8211191 -0.001917421 -0.4997795 0.8656427 0.02971786 -0.4258134 0.9047932 -0.005685985 -0.3960683 0.9181918 0.007334053 -0.4258093 0.9047834 0.007308185 -0.395999 0.9180284 0.02021312 -0.2689367 0.9630659 0.01330566 -0.2868035 0.9579892 -6.67303e-4 -0.2868029 0.9579893 -6.67293e-4 -0.8090406 0.5877307 0.005109846 -0.7657222 0.6425166 0.0290156 -0.6996994 0.7144333 -0.00239247 -0.6862219 0.7273525 0.007611632 -0.6996811 0.7144149 0.007597804 -0.6861717 0.7272987 0.01431888 -0.5706188 0.8209265 0.0217697 -0.5971429 0.8021031 -0.007141649 -0.4999982 0.8660244 -0.001846849 -0.9894843 0.1445046 0.006267309 -0.9932193 0.1160875 0.0062536 -0.9896399 0.1434744 0.005293726 -0.9726704 0.2305271 0.02773922 -0.9573073 0.2889604 -0.008036017 -0.9396472 0.3420043 0.009808182 -0.9572928 0.2889557 0.009746789 -0.9393528 0.3418962 0.02689802 -0.8957365 0.4445794 0.002312302 -0.8936191 0.4487926 0.005483746 -0.8957257 0.4445732 0.005480349 -0.8936107 0.4487882 0.007010459 -0.8086456 0.587445 0.03163474 -0.8353809 0.5494382 -0.01601672 -0.7660328 0.6427807 0.005182564 -0.03350311 -0.2109522 0.9769221 -0.09857743 -0.6206924 0.7778326 -0.1448051 -0.8984791 0.4144474 -0.01423388 -0.2443931 0.9695717 -0.140253 -0.8992524 0.4143358 -0.03350389 -0.2109568 0.9769211 0.09857749 -0.6206924 0.7778326 0.03350311 -0.2109522 0.9769221 -0.033504 -0.2109575 0.9769209 -0.01193743 -0.2133731 0.9768979 -0.01193749 -0.2133739 0.9768976 0.01193743 -0.2133739 0.9768977 0.01193743 -0.2133731 0.9768978 0.033504 -0.2109575 0.9769209 0.03350389 -0.2109568 0.9769211 0.1448051 -0.8984792 0.4144473 0.01423382 -0.2443932 0.9695718 -0.146743 -0.9239669 0.3532019 -0.05440741 -0.9341381 0.3527405 -0.05084168 -0.9087517 0.4142288 0.05292308 -0.9086533 0.4141839 0.05226975 -0.9342777 0.3526939 0.1461442 -0.9240592 0.3532088 0.1427522 -0.8988384 0.4143809 -0.09857749 -0.6206923 0.7778326 -0.09857761 -0.6206933 0.7778317 -0.03511679 -0.6276876 0.7776729 -0.03511673 -0.6276819 0.7776774 0.03511649 -0.6276819 0.7776775 0.03511703 -0.6276876 0.777673 0.09857761 -0.6206935 0.7778317 0.09857743 -0.6206923 0.7778326 -0.5660346 -0.7416275 0.3599911 -0.09335339 -0.3729926 0.923126 -0.1219254 -0.239907 0.9631089 -0.05894577 -0.2679464 0.9616289 -0.1354371 -0.2862344 0.9485392 -0.3085973 -0.3079431 0.899966 -0.2016988 -0.7324286 0.6502814 -0.2810128 -0.4404827 0.852647 -0.3220031 -0.4494361 0.8332594 -0.5660426 -0.7416314 0.3599704 -0.5977067 -0.5933727 0.5391248 -0.4706015 -0.609978 0.6375429 -0.4705867 -0.6099744 0.6375573 -0.3260421 -0.5221265 0.7880866 -0.3975949 -0.8879492 0.2312239 -0.5460468 -0.7745491 0.3192282 -0.5956467 -0.7435041 0.3039848 -0.5391626 -0.808041 0.2374309 0.135907 -0.8999439 0.4142827 -0.02670383 -0.6390114 0.7687336 0.2531926 -0.8745071 0.4136798 -0.02834582 -0.7243368 0.6888634 0.1308962 -0.9401959 0.3144804 -0.08823829 -0.961385 0.2606779 -0.009819507 -0.9555651 0.2946166 -0.04539704 -0.9745223 0.2196487 -0.03096091 -0.8630653 0.5041427 -0.1758775 -0.642422 0.7458962 -0.03033763 -0.6020829 0.7978571 -0.09897917 -0.5388864 0.8365432 0.1181121 -0.6169064 0.7781233 -0.05328863 -0.2277955 0.9722497 0.1027668 -0.941406 0.3212379 0.1027564 -0.9414104 0.3212282 0.03549885 -0.8267615 0.5614315 -0.003272056 -0.9442642 0.3291723 -0.3354943 -0.7857202 0.5196992 -0.3210803 -0.8151551 0.4821096 -0.5022736 -0.6376733 0.5840325 -0.5660537 -0.7416459 0.359923 -0.5457367 -0.8309279 0.1083067 -0.5307562 -0.8423774 0.09326463 -0.5748395 -0.8154945 0.06729185 -0.5748397 -0.8154945 0.06729185 -0.5134873 -0.8550186 0.07262289 -0.5134695 -0.8550285 0.07263249 -0.4871679 -0.8684155 0.09231424 -0.5456075 -0.8310507 0.1080147 -0.5305908 -0.8394954 0.1171352 -0.527743 -0.8423224 0.1094549 -0.5167339 -0.8482618 0.1159218 -0.5290746 -0.8439944 0.08805459 -0.1617608 -0.9637153 0.2123358 0.2993696 -0.885641 0.35499 0.3096407 -0.8957287 0.31905 0.1939347 -0.9417663 0.27471 -0.0501697 -0.9686842 0.2431747 0.02100282 -0.9405999 0.3388669 0.02100354 -0.9406006 0.3388647 0.03470778 -0.9398153 0.3399157 0.1232836 -0.9214724 0.368361 0.1232839 -0.9214723 0.3683612 0.123309 -0.9214671 0.3683658 -0.1345846 -0.9422019 0.3068265 -0.1406792 -0.9420146 0.3046601 -0.1461908 -0.941946 0.302268 -0.146187 -0.941953 0.3022479 -0.5322223 -0.84349 0.07255375 0.1394159 -0.9486755 0.2838624 0.3865408 -0.9198223 0.06718099 0.03401494 -0.9601022 0.2775728 -0.03809136 -0.988622 0.1455185 -0.009176373 -0.9612634 0.2754785 -0.005712687 -0.9703302 0.2417162 7.59416e-4 -0.9897919 0.1425182 -0.2156124 -0.9764747 -0.002892553 -0.02703702 -0.9661805 0.2564455 -0.06851214 -0.984654 0.1605071 -0.1210348 -0.9751768 -0.1854206 -0.06498306 -0.9869088 0.1476084 -0.06498014 -0.9869092 0.147607 -0.1451605 -0.9772092 0.1548894 -0.1451561 -0.9772105 0.1548851 -0.4126009 -0.9101604 -0.03699195 -0.2709497 -0.9511078 0.1482571 -0.2783776 -0.9507317 0.1364374 -0.2631329 -0.9525722 0.1528634 0.1364708 -0.9758597 0.17051 0.2148322 -0.9766428 -0.003987729 0.1364664 -0.975861 0.1705057 0.3165908 -0.9472602 0.0496844 0.351789 -0.9358633 -0.02010703 0.3107718 -0.9317223 0.1879215 0.3352519 -0.9305881 0.1470098 0.3865391 -0.9198231 0.06717932 0.04351574 -0.9506672 0.3071456 0.3063231 -0.9345813 0.1808975 0.5217404 -0.8518493 0.04625582 0.3390311 -0.9281847 0.1533985 0.5194423 -0.853542 0.04056739 -0.09738326 -0.9530971 0.2865702 -0.09738451 -0.9530965 0.2865722 -0.07267588 -0.9657652 0.2490295 -0.1185216 -0.9711662 0.2068547 -0.1185213 -0.9711663 0.2068544 -0.006521522 -0.9703252 0.2417158 0.01182764 -0.9701525 0.2422075 0.01170307 -0.9699248 0.2431234 0.04404813 -0.9684606 0.2452424 0.03757673 -0.9694697 0.242315 0.1181217 -0.9810578 0.1535343 0.1181205 -0.9810582 0.1535331 -0.2631348 -0.9525712 0.1528664 -0.9197621 -0.1005833 -0.3793686 -0.301962 -0.9374477 0.1732364 -0.5240826 -0.8500756 0.05204981 -0.1332945 -0.9543566 0.2672756 0.06655037 -0.9871791 0.1450813 0.0665614 -0.9871774 0.1450867 0.1197045 -0.9747837 -0.1883279 7.59235e-4 -0.9897922 0.142516 6.49866e-4 -0.9897919 0.1425181 0.3592557 -0.8610377 0.3599296 0.2763473 -0.2673456 0.9231243 0.146808 -0.2255384 0.9631094 0.2025746 -0.1850196 0.9616295 0.1801569 -0.2604395 0.9485329 0.1123867 -0.4212297 0.8999638 0.533461 -0.5409017 0.6502652 0.2409627 -0.4636108 0.8526442 0.2282339 -0.5035477 0.8332761 0.3592585 -0.8609964 0.3600256 0.2150458 -0.8142992 0.5391401 0.2929518 -0.7125585 0.6375263 0.292936 -0.7126133 0.6374722 0.2891324 -0.5433951 0.7881143 0.5701881 -0.7882972 0.2312425 0.3977439 -0.8601629 0.3192486 0.3460717 -0.8875885 0.3040083 0.4302322 -0.8709339 0.2374326 0.8473334 -0.3322686 0.4142747 0.5400549 -0.3426256 0.7687317 0.8839304 -0.2179826 0.4137036 0.6131025 -0.3867155 0.6888806 0.8796889 -0.3567353 0.3144638 0.7884808 -0.5570767 0.260698 0.8226317 -0.4862885 0.2946195 0.8212594 -0.5265862 0.2196359 0.7319515 -0.458355 0.5041407 0.4684196 -0.473532 0.745889 0.5062577 -0.3273093 0.7978546 0.4171954 -0.3551604 0.8365458 0.5933166 -0.2061557 0.7781229 0.1706306 -0.1600446 0.9722505 0.8666624 -0.3817197 0.3212264 0.8666639 -0.3817068 0.3212375 0.7337419 -0.3826291 0.5614427 0.8161242 -0.4749644 0.3291658 0.5127157 -0.683406 0.5196912 0.5454034 -0.6856395 0.4821137 0.3011026 -0.7538178 0.5840341 0.3592566 -0.8610414 0.35992 0.7426554 -0.5975779 0.3022642 0.4467382 -0.8880847 0.1083078 0.4655991 -0.8782013 0.1094539 0.8596589 -0.3539741 0.3683598 0.8312518 -0.4398645 0.3399112 0.8250853 -0.4521105 0.3388663 0.8250867 -0.4521102 0.3388634 0.4762502 -0.871635 0.1159225 0.4663843 -0.8801885 0.0880565 0.4641438 -0.8808361 0.09326493 0.4188217 -0.9055718 0.06729263 0.4188218 -0.9055717 0.06729227 0.483751 -0.8721863 0.07263624 0.483739 -0.8721935 0.07262969 0.5084868 -0.856107 0.09231418 0.753727 -0.6219388 0.2123385 0.9166728 -0.1835583 0.3549891 0.9305433 -0.1797071 0.3190525 0.9125453 -0.3029869 0.2746996 0.8138144 -0.5278009 0.2431715 0.8596593 -0.353974 0.3683589 0.8596642 -0.3539593 0.3683617 0.7486684 -0.5876709 0.3068199 0.4467332 -0.8880875 0.1083049 0.4617981 -0.8792353 0.1169945 0.4482759 -0.8872478 0.1088125 0.7454429 -0.5928818 0.3046407 0.7426538 -0.5975779 0.3022679 0.8488849 -0.4903081 0.1974648 0.4660604 -0.8820545 0.0690478 0.7011814 -0.6962923 0.1533682 0.6874778 -0.7149208 0.1275247 0.693421 -0.7055457 0.1461942 0.5661324 -0.8226159 -0.05288869 0.7662866 -0.6266387 0.1418758 0.766282 -0.6266431 0.1418815 0.7400205 -0.6725822 0.001719176 0.8179172 -0.556572 0.1457362 0.8179139 -0.5565761 0.1457388 0.7814943 -0.59317 -0.1934318 0.8529183 -0.5055832 0.1300618 0.9066442 -0.4124138 -0.0889452 0.8529184 -0.505583 0.1300618 0.9182357 -0.3729772 0.1331588 0.918235 -0.3729799 0.1331564 0.9460212 -0.3229438 0.02740842 0.8881976 -0.4431812 0.1212255 0.888196 -0.4431844 0.1212239 0.9994533 0.03209924 -0.007919073 0.9622892 -0.2476146 0.1126342 0.962289 -0.2476168 0.1126312 0.8762233 -0.4220843 0.2325453 0.962289 -0.2476166 0.112631 0.9962658 -0.02181357 -0.08353751 0.9609811 -0.2575607 0.1008846 0.8491334 -0.4498468 0.2767855 0.9645123 -0.2174456 0.1497783 0.8909272 -0.3521616 0.2867596 0.8280332 -0.4890313 0.2742431 0.8371413 -0.5270305 0.1464014 0.8195629 -0.5498923 0.1610445 0.8232767 -0.5063181 0.2566271 0.7793375 -0.5940982 0.1991994 0.7793374 -0.5940983 0.1991995 0.8021891 -0.5408007 0.2530361 0.7711718 -0.5716624 0.2801719 0.9976395 0.03298121 0.06022799 0.6612268 0.6727269 -0.3319904 0.9985977 0.0258848 0.04618126 0.9631708 -0.2000501 0.1796721 0.9982473 0.02900451 0.05158728 0.9647496 -0.1948216 0.1769256 0.8388157 -0.4501197 0.306236 0.8486136 -0.4907773 0.1974654 0.8488802 -0.4903045 0.1974939 0.8402714 -0.4764672 0.2586947 0.892422 -0.4276214 0.1439546 0.9016316 -0.4032175 0.1564482 0.8441985 -0.4682245 0.2609493 0.8762231 -0.4220854 0.2325446 0.7011793 -0.6962936 0.1533715 -0.404511 -0.8267908 -0.3908808 0.6594961 -0.7317566 0.1720381 0.4741664 -0.8789013 0.05195039 0.7722523 -0.5710181 0.2785046 0.4667848 -0.8814864 0.07136976 0.7593256 -0.5927833 0.2683889 0.9924708 0.08656269 0.08665239 0.9924355 0.05730128 0.1085738 0.9964532 0.0197122 0.08180785 0.6863979 -0.6702306 0.2822216 0.8636457 -0.4400382 0.2459322 0.8707402 -0.4142601 0.2649527 0.5614569 -0.7577288 0.3325856 0.5614567 -0.7577282 0.3325875 0.9924708 0.08656287 0.08665269 0.9934239 0.05594706 0.0998944 0.9932524 0.05654829 0.1012525 0.9944816 0.0114091 0.1042892 0.9938331 0.09085488 0.0635699 0.9940645 0.08996373 0.06117576 0.9958108 0.02165359 0.08883732 0.888946 -0.3447217 0.3015658 0.8889456 -0.3447211 0.3015676 0.9924356 0.05727851 0.1085854 0.9924344 0.05761253 0.10842 0.9920417 0.0289641 0.1225334 0.8764368 -0.3664871 0.3123233 0.8615728 -0.3920396 0.3224862 0.8615783 -0.39203 0.322483 0.8644101 -0.4029675 0.3006866 0.8459674 -0.4313502 0.3134903 0.8431218 -0.4365431 0.3139679 0.8431209 -0.4365404 0.3139738 0.6962765 -0.5858865 0.4146517 0.9733129 0.05856645 0.2218828 0.8726845 0.111373 0.4754133 0.7585369 0.08359235 0.6462461 0.937445 0.1463081 0.3158967 0.3316279 0.06354701 0.9412676 0.6303436 -0.6569207 0.4136692 0.5667062 -0.2964381 0.7687448 0.5363408 -0.2747061 0.7980446 0.5454075 -0.3250555 0.7725734 0.2346571 -0.05510491 0.970515 0.3821678 -0.1226596 0.9159162 0.5217349 -0.002909421 0.8531028 0.5217494 -0.002893447 0.8530939 0.7586166 0.08367192 0.6461423 0.7871572 0.1539483 0.5972298 0.8602421 -0.09043049 0.5018026 0.8508155 -0.1325448 0.508473 0.8472229 -0.33841 0.4095022 0.7745939 -0.5621815 0.2897522 0.7861711 -0.4693966 0.4019973 0.8570011 -0.4529256 0.2457796 0.7428297 -0.5740608 0.3444682 0.9388444 0.1300752 0.3188285 0.9422816 0.1327373 0.3073862 0.9247965 -0.1159118 0.3623754 0.9764433 0.05490607 0.2086716 0.861398 -0.4348717 0.26245 0.7485303 -0.5819242 0.31791 0.6415315 -0.338123 0.6885566 0.7626999 -0.4048284 0.5043839 0.6437013 -0.1690893 0.7463627 0.7347885 -0.1916819 0.6506489 0.5234335 0.02093458 0.8518092 0.7586076 0.08365231 0.6461554 0.8497818 -0.325788 0.4144069 0.1659383 -0.1344906 0.9769221 0.1659424 -0.134494 0.976921 0.5868245 -0.2249757 0.7778322 0.1994386 -0.07646036 0.9769228 0.1659426 -0.1344941 0.9769209 0.1788175 -0.1170245 0.9768979 0.1788176 -0.1170246 0.9768979 0.190755 -0.09634828 0.9768979 0.1907539 -0.09634774 0.9768982 0.1994451 -0.0764628 0.9769213 0.1994486 -0.07646429 0.9769204 0.8505117 -0.3238365 0.4144393 0.218771 -0.1098709 0.9695709 0.8733339 -0.3354666 0.3531999 0.8352461 -0.4218735 0.3526849 0.8133786 -0.4084938 0.4141835 0.7615816 -0.4984058 0.4142284 0.7817864 -0.5141889 0.352732 0.7057006 -0.5746418 0.4144553 0.2045333 -0.134523 0.9695719 0.7086471 -0.5710871 0.4143415 0.7268095 -0.5890688 0.3531937 0.4882467 -0.395717 0.7778324 0.4882486 -0.3957183 0.7778305 0.4882445 -0.3957152 0.7778346 0.5260322 -0.344254 0.7776756 0.5260331 -0.3442546 0.7776747 0.5611498 -0.2834308 0.7776747 0.5611553 -0.2834334 0.7776697 0.5868286 -0.2249773 0.7778286 0.5868268 -0.2249767 0.7778302 0.9253444 -0.1194329 0.3598244 0.3696979 0.1056506 0.9231259 0.2687261 0.01436859 0.9631094 0.2615191 0.08292829 0.9616292 0.3156349 0.02579313 0.9485301 0.4209825 -0.1132757 0.899968 0.7351573 0.1915382 0.6502745 0.5219824 -0.02312189 0.8526428 0.550265 -0.05418151 0.8332303 0.9252986 -0.1194022 0.3599524 0.8127269 -0.220898 0.5391467 0.7635731 -0.1025649 0.6375238 0.7636214 -0.1026151 0.6374579 0.6151689 -0.02129691 0.7881076 0.9677785 0.09965455 0.2312441 0.9437925 -0.0856285 0.3192548 0.9417081 -0.1440814 0.3040172 0.969359 -0.06289249 0.2374609 0.7114146 0.5676726 0.414291 0.5667455 0.296384 0.7687367 0.6307424 0.6565272 0.4136859 0.641457 0.337603 0.6888812 0.7487876 0.5834628 0.3144653 0.8766773 0.4043176 0.2606993 0.8324512 0.4692816 0.294618 0.8666659 0.4479433 0.2196295 0.7629195 0.4047071 0.5041489 0.6443009 0.1688976 0.7458887 0.536588 0.2747769 0.797854 0.5161777 0.1837242 0.836544 0.4751924 0.4107542 0.7781216 0.2239187 0.06775128 0.9722501 0.7639113 0.5596894 0.3212279 0.7638983 0.5596991 0.3212418 0.6982328 0.4441202 0.5614519 0.8193995 0.4692999 0.3291534 0.8482083 0.1023105 0.5196877 0.8664957 0.129516 0.4820901 0.803381 -0.1161634 0.5840249 0.925282 -0.1194149 0.3599908 0.992473 -0.05716919 0.1083008 0.9948983 -0.03845685 0.09326541 0.9936587 -0.09007996 0.06729054 0.9936585 -0.09008049 0.06729197 0.9972113 -0.01716071 0.07262921 0.9972115 -0.01716703 0.07262623 0.9956534 0.01231837 0.0923174 0.992473 -0.05714172 0.1083152 0.9925148 -0.05703437 0.1079886 0.9923393 -0.03969222 0.116993 0.9933442 -0.03588372 0.1094522 0.9929832 -0.02337318 0.1159225 0.9954575 -0.03619331 0.08805823 0.9154763 0.3417815 0.2123408 0.6173093 0.7020775 0.354988 0.6209099 0.7160159 0.319049 0.7186902 0.6387704 0.2746942 0.8639945 0.4408861 0.2431724 0.8040792 0.4884943 0.3388657 0.8040789 0.4884935 0.3388676 0.7965682 0.4999422 0.3399071 0.7363798 0.5674998 0.3683597 0.7363798 0.5674995 0.36836 0.7362992 0.5675899 0.3683818 0.8832678 0.3545387 0.3068229 0.8861947 0.3490907 0.3046224 0.8888413 0.344374 0.302271 0.8888537 0.3443948 0.3022109 0.8490728 0.4900135 0.1973875 0.9947837 -0.04797476 0.09002155 0.9328779 -0.3367417 -0.1278425 0.9325902 0.3345723 0.1354141 0.93259 0.3345732 0.1354132 0.9939442 0.1056419 -0.03024691 0.9741954 0.2018343 0.1010262 0.963457 0.2269896 0.1422193 0.982867 0.1671265 0.07772487 0.9516649 0.2949764 -0.08557367 0.9019402 0.4025195 0.1564669 0.8943185 0.4232628 0.1450618 0.9068446 0.392697 -0.1530424 0.8665991 0.4815755 0.1307328 0.8156766 0.5749679 -0.06390351 0.8666001 0.4815699 0.1307467 0.865877 0.482881 0.1307014 0.7825348 0.6047483 0.1480502 0.7825352 0.6047479 0.1480497 0.7450492 0.666929 0.01036566 0.8286256 0.5432764 0.1350196 0.8286293 0.5432715 0.1350168 0.7006138 0.7008088 0.1341918 0.6954341 0.7094067 0.1145147 0.7079565 0.6919125 0.1416147 0.7079549 0.6919137 0.1416176 0.8036334 0.5478249 0.2325106 0.5513024 0.8314743 -0.06867396 0.8141283 0.5105001 0.2767392 0.6706311 0.7265006 0.1498357 0.7504463 0.5954831 0.2867583 0.8375416 0.4725748 0.2742209 0.8749865 0.4614738 0.146426 0.8859947 0.4348225 0.1610673 0.8501474 0.4597989 0.2565819 0.904174 0.3778771 0.1991938 0.9041749 0.3778734 0.1991965 0.8694799 0.4242678 0.2529852 0.8807004 0.3819457 0.2801505 0.4703015 0.8804534 0.06015223 -0.250557 0.9096168 -0.3313887 0.4768691 0.8777613 0.04616481 0.6546987 0.7342547 0.1795538 0.4756984 0.8780286 0.05269455 0.6511647 0.7380136 0.1769757 0.8092204 0.5013816 0.3062334 0.8491815 0.4898253 0.1973878 0.8490746 0.4900061 0.1973988 0.8327735 0.489478 0.2586492 0.8165309 0.5590801 0.1438978 0.799996 0.5792647 0.1563938 0.8275964 0.496994 0.2609236 0.803631 0.5478273 0.2325134 0.9828669 0.1671291 0.07772135 0.9041833 -0.3947386 -0.1631994 0.9635254 0.2050837 0.1719288 0.9982346 -0.02878743 0.05195212 0.8806821 0.383224 0.2784574 0.9967811 -0.03819262 0.07048881 0.893029 0.361202 0.2683883 0.421271 0.9027857 0.08665299 0.4465999 0.8881214 0.1085776 0.481157 0.8728089 0.08180767 0.9236468 0.2592747 0.2822289 0.8129058 0.5279226 0.2459306 0.7941364 0.5469417 0.2649567 0.9369394 0.1073843 0.3325856 0.93694 0.1073843 0.332584 0.421271 0.9027857 0.08665317 0.4482578 0.8883053 0.09989303 0.4476523 0.8884571 0.101249 0.4873508 0.8669567 0.1042851 0.4182305 0.9061138 0.06356936 0.4191184 0.9058684 0.06117415 0.4791607 0.8732195 0.08884066 0.7430106 0.5974893 0.3015657 0.7430047 0.5974891 0.3015805 0.4465969 0.888123 0.1085759 0.4480581 0.8872842 0.10941 0.4709394 0.873614 0.1225346 0.7557415 0.5755379 0.3124272 0.7703028 0.5501242 0.3224858 0.7702998 0.5501291 0.3224844 0.7811874 0.5471128 0.3006889 0.7965402 0.5169615 0.3134877 0.7996242 0.5118843 0.3139678 0.7996213 0.5118849 0.313974 0.8555361 0.3100576 0.4146351 0.4359607 0.8721957 0.22184 0.3398792 0.8114635 0.4754041 0.3068535 0.6988126 0.6461438 0.3419672 0.8850135 0.3159263 0.1107825 0.3189675 0.9412688 0.8840717 0.2174402 0.4136869 0.5400835 0.3425613 0.7687403 0.5060713 0.3271262 0.7980479 0.5542083 0.3098039 0.7725766 0.165049 0.1756638 0.9705159 0.297306 0.269632 0.9159191 0.2633697 0.4504386 0.8530776 0.2633771 0.4504158 0.8530874 0.3068579 0.6987965 0.6461593 0.2602431 0.7586808 0.5972245 0.5084433 0.6997823 0.5017871 0.5402082 0.6705561 0.5084581 0.7166753 0.5645254 0.4094967 0.8741675 0.3897243 0.2897347 0.7995947 0.4461502 0.401993 0.820744 0.5157228 0.2457827 0.8685667 0.3562715 0.3444743 0.3567579 0.8780943 0.3188639 0.3561698 0.8824115 0.3073973 0.5627896 0.7429243 0.3623967 0.4406705 0.8730766 0.2086788 0.8073051 0.5285597 0.2624561 0.8782342 0.3572773 0.3178955 0.6135888 0.3865177 0.6885585 0.7319356 0.4580957 0.5043994 0.4682856 0.4729128 0.7463659 0.533405 0.5405101 0.6506366 0.2435945 0.4637811 0.8518033 0.3068606 0.6987735 0.6461827 0.7070385 0.5730447 0.4143868 0.1994386 0.07646036 0.9769228 0.1994486 0.07646429 0.9769204 0.4882486 0.3957183 0.7778305 0.1659383 0.1344906 0.9769221 0.1994451 0.0764628 0.9769213 0.1907539 0.0963478 0.9768982 0.190755 0.09634828 0.976898 0.1788176 0.1170246 0.9768979 0.1788175 0.1170245 0.9768979 0.1659426 0.1344941 0.9769209 0.1659424 0.134494 0.976921 0.7057006 0.5746418 0.4144557 0.2045335 0.1345232 0.9695719 0.727189 0.5885963 0.3532006 0.7829763 0.5124073 0.3526854 0.7604555 0.5001594 0.4141836 0.8124231 0.4103459 0.4142283 0.8361941 0.4199523 0.3527315 0.8505117 0.3238365 0.4144394 0.2187712 0.1098712 0.9695708 0.8488907 0.3281608 0.4143612 0.8735535 0.3349015 0.353193 0.5868268 0.2249767 0.7778302 0.5868246 0.2249757 0.7778322 0.5868282 0.2249771 0.7778289 0.561155 0.2834334 0.77767 0.56115 0.2834306 0.7776746 0.5260329 0.3442545 0.7776748 0.5260322 0.344254 0.7776756 0.4882446 0.3957153 0.7778345 0.4882467 0.395717 0.7778324 -0.4969786 -0.8607915 0.1097735 -0.5935495 -0.797276 0.1097726 -0.5935494 0.7972759 0.1097735 -0.9627006 -0.1125234 0.2460611 -0.2851029 -0.9523101 0.1087287 -0.5936183 -0.7973678 0.1087281 -0.9341215 -0.3399925 0.1087292 -0.9672756 -0.2292505 0.1087289 -0.6821734 0.7230612 0.1087281 -0.3937314 0.9127725 0.1087287 -0.05780035 0.9923896 0.1087295 -0.09072643 0.9186713 0.384463 -0.05700379 0.9787166 0.1971403 -0.8900946 -0.3502739 0.2916157 -0.8731104 0.3036392 0.3814202 -0.7216718 0.6634618 0.1975048 -0.7118219 0.6699898 0.2107684 -0.6945677 0.6826851 0.2269728 -0.6705446 0.7005054 0.2442582 -0.8190912 0.5387247 0.1971428 -0.8190924 0.5387232 0.1971422 -0.7510107 0.6301729 0.1971426 -0.7736431 0.6299664 0.06796008 -0.7310329 0.6583852 0.1792199 -0.8760944 0.4399911 0.1971459 -0.8760948 0.4399911 0.1971439 -0.8190911 0.5387246 0.1971437 -0.9370158 0.2731372 0.2177092 -0.9356707 0.2873665 0.2047947 -0.93567 0.2873776 0.2047822 -0.9353695 0.2998002 0.1876264 -0.934849 0.3402568 0.1014041 -0.9161812 0.3488405 0.197288 -0.8760942 0.4399915 0.1971458 -0.8728182 0.3048491 0.3811238 -0.8728179 0.304849 0.3811248 -0.8929457 0.3447344 0.2894928 -0.8929458 0.3447346 0.2894926 -0.8929456 0.3447346 0.2894932 -0.8629092 0.2986822 0.4076477 -0.8238876 0.4756302 0.3081966 -0.8245359 0.4316284 0.3658382 -0.8365735 0.4254757 0.3451309 -0.836573 0.4254759 0.3451315 -0.8326627 0.4295986 0.3494535 -0.8187463 0.4832185 0.3100878 -0.823888 0.4756302 0.3081958 -0.8236133 0.4761055 0.3081958 -0.7505836 0.5381358 0.3834504 -0.7505871 0.5381383 0.3834397 -0.7653536 0.547613 0.3381624 -0.7937671 0.4959347 0.3521116 -0.7868224 0.5105323 0.3467956 -0.7868222 0.5105331 0.346795 -0.7867097 0.5111292 0.3461717 -0.7867097 0.5111303 0.34617 -0.6983616 0.6011553 0.3884629 -0.6860909 0.6588184 0.3086058 -0.7231893 0.6065354 0.330321 -0.7483942 0.5957068 0.2916154 -0.748394 0.5957067 0.2916161 -0.6949489 0.611415 0.3784413 -0.694949 0.6114183 0.3784358 -0.6938887 0.6104733 0.381891 -0.6899205 0.6161059 0.3800306 -0.6926411 0.5962818 0.4058281 -0.9361383 -0.2814704 0.2107595 -0.9323886 -0.3550115 0.06796014 -0.9356952 -0.3039081 0.1792047 -0.9354108 -0.2932484 0.1975143 -0.8760944 -0.4399911 0.1971459 -0.8190912 -0.5387247 0.1971428 -0.8190911 -0.5387246 0.1971436 -0.8760948 -0.4399911 0.197144 -0.7450219 -0.600946 0.2894933 -0.6705446 -0.7005054 0.2442582 -0.6859976 -0.6892073 0.2332394 -0.7050526 -0.6749099 0.2177094 -0.7167006 -0.6666319 0.2047975 -0.7167121 -0.6666243 0.2047821 -0.7273168 -0.660155 0.187632 -0.7620957 -0.6394744 0.1014032 -0.7601957 -0.6190165 0.1972847 -0.8190924 -0.5387232 0.1971422 -0.7004171 -0.6034567 0.3811247 -0.7004171 -0.6034581 0.3811223 -0.6858123 -0.6482416 0.3308234 -0.7450202 -0.6009476 0.2894941 -0.7450225 -0.6009464 0.2894905 -0.7004175 -0.603457 0.3811231 -0.6995524 -0.6040503 0.3817719 -0.6995142 -0.6043151 0.3814225 -0.7085773 -0.5892796 0.3881595 -0.6901214 -0.5979602 0.407647 -0.6995172 -0.6043177 0.3814128 -0.7860696 -0.4982552 0.3658366 -0.7860692 -0.4982533 0.3658398 -0.7867597 -0.5117579 0.3451275 -0.7867599 -0.5117552 0.3451313 -0.7883793 -0.5062928 0.3494648 -0.783725 -0.52122 0.3377942 -0.7556454 -0.5413987 0.3686292 -0.7502443 -0.537917 0.3844201 -0.8278509 -0.4674496 0.3100868 -0.8238531 -0.47569 0.3081964 -0.8239663 -0.4754942 0.3081964 -0.8413309 -0.380957 0.3834502 -0.841323 -0.3809533 0.3834713 -0.856923 -0.3890101 0.3381627 -0.8263777 -0.4394518 0.3521107 -0.8355449 -0.4261423 0.3467962 -0.8355466 -0.4261405 0.3467943 -0.8360052 -0.4257462 0.3461727 -0.8360033 -0.4257473 0.3461758 -0.8785234 -0.2894359 0.380031 -0.9135982 -0.2647635 0.3086073 -0.8769768 -0.2961348 0.3784387 -0.04965871 -0.9369221 0.3459928 -0.09074616 -0.9190925 0.3834504 -0.09074878 -0.9191191 0.3833858 -0.09156978 -0.9366222 0.3381626 -0.03490155 -0.9355018 0.3515938 -0.04966044 -0.9369225 0.3459914 -0.0458492 -0.9353588 0.3507163 -0.04584801 -0.9353581 0.3507182 -0.04581844 -0.9353339 0.3507867 -0.171401 -0.9053832 0.3884624 -0.2275063 -0.9235816 0.3086063 -0.1636808 -0.9295681 0.3303207 -0.1820325 -0.9075543 0.3784301 -0.1820297 -0.9075526 0.3784356 -0.1817435 -0.9061615 0.381891 -0.1886023 -0.9055416 0.380031 -0.1700746 -0.897986 0.4058272 -0.2137415 -0.9567161 0.1975069 -0.204654 -0.9622908 0.1792012 -0.2243128 -0.9514533 0.2107616 -0.2439526 -0.9428503 0.2269812 -0.2713836 -0.9309613 0.2442581 -0.1417015 -0.9459815 0.2916157 -0.1417014 -0.9459812 0.2916167 -0.1587458 -0.9849777 0.06796133 -0.1702406 -0.9654811 0.1971411 -0.05700218 -0.9787166 0.1971412 -0.05700361 -0.9787164 0.1971417 -0.05700379 -0.9787166 0.1971403 -0.9926964 0.04964256 0.1099531 -0.9923428 0.06520098 0.1049024 -0.9923428 0.06519663 0.1049048 -0.991791 0.04309678 0.1203877 -0.991793 0.04312974 0.1203593 -0.9882782 -0.01239711 0.1521592 -0.9918311 -0.03830289 0.1216717 -0.9918284 -0.03827661 0.121702 -0.1559865 0.9678571 0.1972832 -0.05700218 0.9787166 0.1971412 -0.2538948 0.9386855 0.2332531 -0.2713837 0.9309613 0.2442581 -0.1479239 0.9456807 0.2894933 -0.2319628 0.948049 0.2177073 -0.2189606 0.9540016 0.2047861 -0.2189698 0.9539969 0.2047975 -0.172401 0.9083077 0.3811233 -0.1724 0.9083072 0.3811251 -0.218489 0.9180515 0.3308233 -0.1479259 0.9456806 0.2894931 -0.1479241 0.9456817 0.2894901 -0.172401 0.9083076 0.3811237 -0.1733465 0.9078554 0.3817718 -0.173595 0.9079547 0.3814224 -0.1563146 0.9082362 0.3881657 -0.1727874 0.8966429 0.4076468 -0.1735951 0.9079555 0.3814203 -0.03888523 0.9302346 0.3648992 -0.002363979 0.9511684 0.3086635 -0.001536071 0.9511703 0.3086628 -0.04992103 0.937265 0.345025 -0.04992079 0.9372649 0.3450253 -0.05936539 0.9393469 0.3377915 -0.09062945 0.9252932 0.3682646 -0.09104138 0.9250943 0.3686623 -0.05779939 0.9923895 0.1087301 -0.172619 0.9789693 0.1087289 -0.4970358 0.8608911 0.1087288 -0.7615029 0.6389769 0.1087288 -0.8305343 0.5462517 0.1087288 -0.8883348 0.4461382 0.1087288 -0.9341215 0.3399925 0.1087292 -0.9672756 0.2292505 0.1087289 -0.9873499 -0.1154045 0.1087289 -0.9873498 -0.1154043 0.1087292 -0.9940714 0 0.1087292 -0.8883349 -0.4461383 0.1087285 -0.8305346 -0.5462511 0.1087293 -0.4970358 -0.8608911 0.1087291 -0.172619 -0.9789693 0.1087285 -0.05780035 -0.9923896 0.1087295 -0.05780017 0.9923896 0.1087288 -0.0563572 0.9676145 0.2460609 -0.0563569 0.9676145 0.2460613 -0.05508917 0.9458492 0.3198973 -0.03888463 0.9302341 0.3649005 -0.7861571 0.498492 0.3653254 -0.7892069 0.519069 0.3282071 -0.8098003 0.5326135 0.2460618 -0.8305343 0.5462515 0.1087289 -0.8098 0.5326144 0.2460607 -0.8661573 0.4350008 0.2460607 -0.8468347 0.4252967 0.3193645 -0.8245368 0.4316281 0.3658366 -0.9672761 -0.2292484 0.1087292 -0.9672761 -0.2292485 0.1087294 -0.9431279 -0.2235252 0.2460613 -0.9431281 -0.2235251 0.2460612 -0.9158791 -0.217067 0.3377092 -0.8305343 -0.5462517 0.1087288 -0.8883349 -0.4461381 0.1087288 -0.8661575 -0.4350003 0.2460607 -0.8661571 -0.4350007 0.2460614 -0.8441302 -0.4239384 0.3282079 -0.8247888 -0.4315844 0.3653193 -0.761503 -0.6389769 0.1087284 -0.8305344 -0.5462516 0.1087284 -0.8097998 -0.5326142 0.2460618 -0.8098005 -0.5326136 0.2460607 -0.7917355 -0.5207321 0.3193636 -0.8238493 -0.4756964 0.3081967 -0.05780017 -0.9923896 0.1087296 -0.0563572 -0.9676144 0.2460613 -0.0563569 -0.9676146 0.246061 -0.05490344 -0.94266 0.3292076 -0.004579722 -0.9511615 0.3086599 -0.2851013 0.9523105 0.1087285 -0.1726192 0.9789692 0.1087285 -0.1683097 0.9545289 0.2460616 -0.1683094 0.9545291 0.2460613 -0.1634466 0.9269508 0.3377091 -0.1634466 0.9269508 0.3377091 -0.1602774 0.9089775 0.3848001 -0.09072566 0.9186637 0.3844814 -0.8305346 0.5462511 0.1087284 -0.7615031 0.6389766 0.1087284 -0.7424919 0.6230244 0.2460618 -0.7424918 0.6230247 0.2460615 -0.7210397 0.6050242 0.337709 -0.7210398 0.6050242 0.3377091 -0.7074003 0.5935794 0.3837296 -0.7131627 0.5767449 0.3984526 -0.8844861 0.3219267 0.3377093 -0.8432522 0.4181156 0.3377944 -0.8466876 0.3837099 0.3686283 -0.8627158 -0.3017038 0.4058278 -0.8697918 -0.3042355 0.3884626 -0.8967148 -0.2125253 0.388247 -0.9158789 -0.2170673 0.3377094 -0.934886 -0.1092724 0.3377094 -0.9627006 -0.1125234 0.2460612 -0.9692543 0 0.2460612 -0.9940714 0 0.1087292 -0.9940714 0 0.1087292 -0.9341219 -0.3399919 0.1087285 -0.9341214 -0.3399928 0.1087289 -0.9108009 -0.3315048 0.2460615 -0.910801 -0.3315047 0.2460613 -0.8844861 -0.3219268 0.3377093 -0.8844861 -0.3219267 0.3377092 -0.8676719 -0.3158068 0.3839423 -0.856057 -0.3292446 0.3984525 -0.6821726 -0.723062 0.1087289 -0.7615031 -0.6389766 0.1087288 -0.742492 -0.6230245 0.2460615 -0.7424917 -0.6230247 0.2460618 -0.7210397 -0.6050242 0.3377091 -0.7210398 -0.6050242 0.337709 -0.7071658 -0.5933825 0.3844655 -0.7502235 -0.5379019 0.3844817 -0.05779939 -0.9923896 0.1087288 -0.1726192 -0.9789692 0.1087288 -0.1683097 -0.9545291 0.2460613 -0.1683094 -0.954529 0.2460616 -0.1634466 -0.9269508 0.3377091 -0.1634466 -0.9269508 0.3377091 -0.1603204 -0.9092212 0.3842061 -0.1428947 -0.9059893 0.3984526 -0.87698 -0.2961331 0.3784329 -0.8756307 -0.2956861 0.3818907 -0.8994379 -0.2131711 0.3815358 -0.8967146 -0.2125257 0.3882471 -0.9153241 -0.1069859 0.3882471 -0.934886 -0.1092724 0.3377094 -0.9412504 0 0.3377094 -0.9692543 0 0.2460612 -0.9627006 0.1125234 0.2460612 -0.9873498 0.1154045 0.1087292 -0.9873499 0.1154043 0.1087289 -0.8900951 -0.350274 0.2916143 -0.8868704 -0.3230305 0.3303214 -0.918425 -0.2176707 0.3303254 -0.8994381 -0.2131707 0.3815354 -0.9181041 -0.1073109 0.3815355 -0.915324 -0.106986 0.3882472 -0.9215552 0 0.3882472 -0.9412504 0 0.3377094 -0.934886 0.1092724 0.3377094 -0.9627006 0.1125234 0.2460611 -0.943128 0.2235252 0.2460611 -0.9672761 0.2292485 0.1087294 -0.9672761 0.2292484 0.1087292 -0.9385073 -0.2601668 0.2269742 -0.9419281 -0.2304551 0.2442578 -0.943594 -0.2236356 0.244167 -0.9184253 -0.2176705 0.3303251 -0.937485 -0.1095767 0.3303251 -0.9181039 -0.1073113 0.3815358 -0.924354 0 0.3815358 -0.9215553 0 0.3882472 -0.9153241 0.1069859 0.3882471 -0.934886 0.1092724 0.3377094 -0.915879 0.217067 0.3377094 -0.943128 0.2235251 0.2460613 -0.9108009 0.3315048 0.2460613 -0.9341214 0.3399928 0.1087289 -0.9341219 0.3399919 0.1087285 -0.2851029 0.9523101 0.1087288 -0.2851027 0.9523102 0.1087284 -0.277985 0.9285355 0.2460612 -0.2779853 0.9285353 0.2460616 -0.2699538 0.9017081 0.3377091 -0.2699538 0.9017081 0.3377091 -0.2643052 0.8828403 0.3882471 -0.2643051 0.8828402 0.3882471 -0.2651078 0.8855214 0.381536 -0.2651079 0.8855214 0.381536 -0.2707043 0.9042149 0.3303251 -0.2707041 0.904215 0.3303248 -0.2781224 0.9289941 0.2441676 -0.2781223 0.9289942 0.2441673 -0.393732 0.9127723 0.1087288 -0.3937315 0.9127725 0.1087286 -0.383902 0.889985 0.2460611 -0.3839021 0.8899849 0.2460612 -0.3728103 0.8642713 0.3377096 -0.3728098 0.8642717 0.3377091 -0.365009 0.8461872 0.388247 -0.3650094 0.8461869 0.3882471 -0.366118 0.8487568 0.381536 -0.366118 0.8487566 0.381536 -0.3738468 0.8666741 0.3303252 -0.3738467 0.866674 0.3303251 -0.3840917 0.8904246 0.2441673 -0.3840919 0.8904244 0.2441676 -0.9435938 0.2236361 0.244167 -0.941928 0.2304551 0.2442578 -0.9398705 0.2494841 0.2332406 -0.8731099 0.303639 0.3814215 -0.8728992 0.3038048 0.3817716 -0.899438 0.2131707 0.3815358 -0.9184252 0.2176707 0.3303251 -0.937485 0.1095765 0.3303251 -0.963176 0.1125794 0.2441677 -0.969733 0 0.2441678 -0.9873465 0 0.1585775 -0.9795234 0.02294212 0.2000185 -0.6821734 -0.7230612 0.1087281 -0.682173 -0.7230615 0.1087289 -0.6651424 -0.7050101 0.2460614 -0.6651425 -0.7050102 0.2460614 -0.645925 -0.6846408 0.3377096 -0.6459257 -0.6846406 0.3377091 -0.6324099 -0.6703149 0.3882469 -0.6324098 -0.670315 0.388247 -0.6343303 -0.6723507 0.3815358 -0.63433 -0.6723509 0.381536 -0.6477209 -0.6865444 0.3303249 -0.6477208 -0.6865444 0.330325 -0.6654709 -0.7053584 0.2441679 -0.6654713 -0.7053583 0.2441674 -0.2851013 -0.9523105 0.1087285 -0.2851027 -0.9523102 0.1087284 -0.277985 -0.9285354 0.2460616 -0.2779854 -0.9285354 0.2460612 -0.2699538 -0.9017081 0.3377091 -0.2699539 -0.9017081 0.3377091 -0.2643052 -0.8828403 0.3882471 -0.2643051 -0.8828403 0.3882471 -0.2651078 -0.8855214 0.381536 -0.2651079 -0.8855214 0.381536 -0.2707043 -0.904215 0.3303248 -0.270704 -0.9042149 0.3303251 -0.2781225 -0.9289942 0.2441673 -0.2781223 -0.9289942 0.2441676 -0.05700361 0.9787164 0.1971417 -0.05779331 0.9922751 0.1097727 -0.05779343 0.9922751 0.1097725 -0.0577923 0.9922751 0.1097732 -0.172599 0.9788562 0.1097733 -0.1727533 0.9797313 0.1014038 -0.2080478 0.9599556 0.1876205 -0.1725988 0.9788562 0.1097736 -0.2850697 0.9522001 0.1097736 -0.2850697 0.9522001 0.1097736 -0.2850703 0.9522001 0.1097722 -0.3936864 0.912667 0.1097723 -0.3936864 0.912667 0.1097725 -0.3936853 0.9126673 0.1097736 -0.4969786 0.8607915 0.1097735 -0.4969784 0.8607919 0.1097726 -0.4848665 0.8398135 0.2441673 -0.4848666 0.8398134 0.2441678 -0.4719337 0.8174129 0.3303252 -0.4719336 0.8174132 0.3303249 -0.4621769 0.8005141 0.3815358 -0.462177 0.8005141 0.381536 -0.4607777 0.7980903 0.388247 -0.4607779 0.7980901 0.3882471 -0.4706255 0.8151466 0.3377096 -0.4706253 0.8151468 0.3377094 -0.4846272 0.8393989 0.2460611 -0.484627 0.839399 0.2460609 -0.4970356 0.8608912 0.1087291 -0.5936177 0.7973682 0.1087291 -0.4969775 0.8607923 0.1097727 -0.5935497 0.7972758 0.1097726 -0.5790843 0.7778454 0.2441678 -0.5790845 0.7778452 0.244168 -0.5636385 0.7570978 0.3303248 -0.5636386 0.7570977 0.3303249 -0.551986 0.7414457 0.381536 -0.5519858 0.741446 0.3815357 -0.5503146 0.739201 0.3882471 -0.5503144 0.7392012 0.388247 -0.5620754 0.7549991 0.3377093 -0.5620756 0.7549988 0.3377096 -0.5787985 0.7774615 0.2460609 -0.5787988 0.7774611 0.2460614 -0.5936186 0.7973676 0.1087285 -0.5936183 0.7973678 0.1087281 -0.6820948 0.7229775 0.1097736 -0.6820945 0.7229778 0.1097732 -0.6654711 0.7053582 0.2441679 -0.665471 0.7053585 0.2441673 -0.6477208 0.6865444 0.330325 -0.6477208 0.6865444 0.330325 -0.63433 0.6723509 0.3815358 -0.6343303 0.6723506 0.381536 -0.6324098 0.670315 0.388247 -0.6324099 0.6703149 0.388247 -0.6459255 0.6846404 0.3377096 -0.6459251 0.684641 0.3377091 -0.6651424 0.7050102 0.2460613 -0.6651424 0.7050101 0.2460614 -0.682173 0.7230615 0.1087289 -0.6821726 0.7230619 0.1087288 -0.6820946 0.7229778 0.109773 -0.7614153 0.6389027 0.109773 -0.761415 0.6389032 0.1097719 -0.7614136 0.6389048 0.1097729 -0.8304387 0.5461881 0.1097729 -0.830439 0.5461879 0.1097722 -0.8882322 0.4460871 0.1097722 -0.8882322 0.446087 0.1097722 -0.8882321 0.4460871 0.1097725 -0.934014 0.3399528 0.1097724 -0.9340139 0.339953 0.1097728 -0.9340135 0.3399538 0.1097736 -0.9671643 0.2292224 0.1097736 -0.9671645 0.2292221 0.1097729 -0.9872363 0.1153882 0.1097729 -0.8728193 0.3048482 0.381122 -0.9043002 0.2698088 0.330824 -0.9184251 0.2176704 0.3303254 -0.9435938 0.2236355 0.2441679 -0.963176 0.1125792 0.244168 -0.987236 0.1153914 0.1097726 -0.9872359 0.1153916 0.109773 -0.9872359 -0.1153916 0.109773 -0.9921929 -0.05884599 0.1099568 -0.9971492 -0.04986524 0.05662882 -0.8409489 0.3807616 0.384481 -0.8409488 0.3807615 0.3844813 -0.867409 0.3157112 0.384614 -0.8646607 0.3188921 0.3881621 -0.8967146 0.2125257 0.3882469 -0.899438 0.2131711 0.3815355 -0.918104 0.1073113 0.3815355 -0.937485 0.1095767 0.330325 -0.9438673 0 0.330325 -0.969733 0 0.2441678 -0.963176 -0.1125792 0.2441678 -0.987236 -0.1153914 0.1097726 -0.9872363 -0.1153882 0.1097729 -0.8883349 0.4461382 0.1087285 -0.8661574 0.4350001 0.2460614 -0.9108009 0.3315047 0.2460614 -0.8844861 0.3219268 0.3377092 -0.915879 0.2170673 0.3377092 -0.8967147 0.2125253 0.3882472 -0.915324 0.106986 0.3882471 -0.9181039 0.1073109 0.3815358 -0.9243541 0 0.3815358 -0.9438673 0 0.330325 -0.9374852 -0.1095765 0.330325 -0.963176 -0.1125794 0.244168 -0.9435936 -0.223636 0.244168 -0.9671645 -0.2292224 0.1097729 -0.9671644 -0.2292221 0.1097736 -0.9340135 -0.3399538 0.1097736 -0.934014 -0.3399528 0.1097727 -0.9212505 -0.3353073 0.1971458 -0.8760942 -0.4399915 0.1971458 -0.9340139 -0.339953 0.1097724 -0.8882321 -0.4460871 0.1097725 -0.8882322 -0.446087 0.1097722 -0.8882322 -0.4460871 0.1097722 -0.8304388 -0.5461881 0.1097722 -0.8304389 -0.5461879 0.1097729 -0.7614136 -0.6389048 0.1097729 -0.761415 -0.6389032 0.1097719 -0.7614153 -0.6389027 0.1097729 -0.6820945 -0.7229779 0.1097729 -0.6820946 -0.7229777 0.1097733 -0.6820948 -0.7229775 0.1097736 -0.5935497 -0.7972757 0.1097735 -0.5790843 -0.7778453 0.2441681 -0.5790845 -0.7778453 0.2441678 -0.5636385 -0.7570978 0.3303249 -0.5636386 -0.7570978 0.3303248 -0.5519861 -0.7414458 0.3815357 -0.5519858 -0.741446 0.381536 -0.5503146 -0.7392011 0.388247 -0.5503143 -0.7392012 0.3882471 -0.5620754 -0.7549991 0.3377096 -0.5620757 -0.7549989 0.3377094 -0.5787984 -0.7774614 0.2460614 -0.5787988 -0.7774612 0.2460609 -0.5936186 -0.7973676 0.1087285 -0.5936177 -0.7973682 0.1087291 -0.4969775 -0.8607923 0.1097727 -0.4969784 -0.8607919 0.1097726 -0.4848664 -0.8398134 0.2441678 -0.4848667 -0.8398134 0.2441673 -0.4719338 -0.817413 0.3303249 -0.4719334 -0.817413 0.3303251 -0.4621769 -0.8005141 0.381536 -0.462177 -0.8005141 0.3815359 -0.4607777 -0.7980903 0.3882471 -0.4607779 -0.7980903 0.388247 -0.4706255 -0.8151466 0.3377093 -0.4706252 -0.8151468 0.3377096 -0.4846272 -0.8393989 0.2460609 -0.484627 -0.8393989 0.2460611 -0.4970356 -0.8608912 0.1087288 -0.3937319 -0.9127723 0.1087288 -0.3936853 -0.9126673 0.1097736 -0.3936864 -0.912667 0.1097724 -0.3840919 -0.8904245 0.2441673 -0.3840917 -0.8904245 0.2441676 -0.3738467 -0.866674 0.3303252 -0.3738468 -0.8666741 0.3303251 -0.366118 -0.8487567 0.3815359 -0.3661179 -0.8487567 0.381536 -0.3650094 -0.8461869 0.3882469 -0.365009 -0.8461871 0.3882472 -0.3728098 -0.8642715 0.3377096 -0.3728103 -0.8642714 0.3377091 -0.3839021 -0.8899849 0.246061 -0.383902 -0.889985 0.2460612 -0.3937315 -0.9127725 0.1087285 -0.3937314 -0.9127725 0.1087287 -0.3936864 -0.912667 0.1097723 -0.2850703 -0.9522001 0.1097723 -0.2850697 -0.9522001 0.1097736 -0.2850697 -0.9522001 0.1097736 -0.172599 -0.9788562 0.1097736 -0.05779343 -0.9922751 0.1097727 -0.05779331 -0.9922751 0.1097726 -0.05779236 -0.9922751 0.1097732 -0.1725988 -0.9788562 0.1097732 0.4969786 0.8607915 0.1097735 0.5935495 0.797276 0.1097726 0.5935494 -0.7972759 0.1097735 0.9627006 0.1125234 0.2460611 0.1726189 0.9789693 0.1087285 0.6821733 0.7230613 0.1087289 0.8883349 -0.4461381 0.1087288 0.7615028 -0.6389769 0.1087288 0.2851024 -0.9523102 0.1087285 0.1726194 -0.9789692 0.1087288 0.8900946 0.3502739 0.2916157 0.8731104 -0.3036392 0.3814202 0.09072643 -0.9186713 0.384463 0.05700379 -0.9787166 0.1971403 0.04965871 0.9369221 0.3459928 0.09074616 0.9190925 0.3834504 0.09074878 0.9191191 0.3833858 0.09156978 0.9366222 0.3381626 0.03490155 0.9355018 0.3515938 0.04966044 0.9369225 0.3459914 0.0458492 0.9353588 0.3507163 0.04584801 0.9353581 0.3507182 0.04581844 0.9353339 0.3507867 0.171401 0.9053832 0.3884624 0.2275063 0.9235816 0.3086063 0.1636808 0.9295681 0.3303207 0.1820325 0.9075543 0.3784301 0.1820297 0.9075526 0.3784356 0.1817435 0.9061615 0.381891 0.1886023 0.9055416 0.380031 0.1700746 0.897986 0.4058272 0.2137415 0.9567161 0.1975069 0.204654 0.9622908 0.1792012 0.2243128 0.9514533 0.2107616 0.2439526 0.9428503 0.2269812 0.2713836 0.9309613 0.2442581 0.1417015 0.9459815 0.2916157 0.1417014 0.9459812 0.2916167 0.1587458 0.9849777 0.06796133 0.1702406 0.9654811 0.1971411 0.05700218 0.9787166 0.1971412 0.05700361 0.9787164 0.1971417 0.05700379 0.9787166 0.1971403 0.1559865 -0.9678571 0.1972832 0.05700218 -0.9787166 0.1971412 0.2538948 -0.9386855 0.2332531 0.2713837 -0.9309613 0.2442581 0.1479239 -0.9456807 0.2894933 0.2319628 -0.948049 0.2177073 0.2189606 -0.9540016 0.2047861 0.2189698 -0.9539969 0.2047975 0.172401 -0.9083077 0.3811233 0.1724 -0.9083072 0.3811251 0.218489 -0.9180515 0.3308233 0.1479259 -0.9456806 0.2894931 0.1479241 -0.9456817 0.2894901 0.172401 -0.9083076 0.3811237 0.1733465 -0.9078554 0.3817718 0.173595 -0.9079547 0.3814224 0.1563146 -0.9082362 0.3881657 0.1727874 -0.8966429 0.4076468 0.1735951 -0.9079555 0.3814203 0.03888523 -0.9302346 0.3648992 0.002363979 -0.9511684 0.3086635 0.001536071 -0.9511703 0.3086628 0.04992103 -0.937265 0.345025 0.04992079 -0.9372649 0.3450253 0.05936539 -0.9393469 0.3377915 0.09062945 -0.9252932 0.3682646 0.09104138 -0.9250943 0.3686623 0.7216718 -0.6634618 0.1975048 0.7118219 -0.6699898 0.2107684 0.6945677 -0.6826851 0.2269728 0.6705446 -0.7005054 0.2442582 0.8190912 -0.5387247 0.1971428 0.8190924 -0.5387232 0.1971422 0.7510107 -0.6301729 0.1971426 0.7736431 -0.6299664 0.06796008 0.7310329 -0.6583852 0.1792199 0.8760944 -0.4399911 0.1971459 0.8760948 -0.4399911 0.1971439 0.8190911 -0.5387246 0.1971437 0.9370158 -0.2731372 0.2177092 0.9356707 -0.2873665 0.2047947 0.93567 -0.2873776 0.2047822 0.9353695 -0.2998002 0.1876264 0.934849 -0.3402568 0.1014041 0.9161812 -0.3488405 0.197288 0.8760942 -0.4399915 0.1971458 0.8728182 -0.3048491 0.3811238 0.8728179 -0.304849 0.3811248 0.8929457 -0.3447344 0.2894928 0.8929458 -0.3447346 0.2894926 0.8929456 -0.3447346 0.2894932 0.8629092 -0.2986822 0.4076477 0.8238876 -0.4756302 0.3081966 0.8245359 -0.4316284 0.3658382 0.8245366 -0.4316281 0.3658369 0.8365735 -0.4254757 0.3451309 0.836573 -0.4254759 0.3451315 0.8326627 -0.4295986 0.3494535 0.8187463 -0.4832185 0.3100878 0.823888 -0.4756302 0.3081958 0.8236133 -0.4761055 0.3081958 0.7505836 -0.5381358 0.3834504 0.7505871 -0.5381383 0.3834397 0.7653536 -0.547613 0.3381624 0.7937671 -0.4959347 0.3521116 0.7868224 -0.5105323 0.3467956 0.7868222 -0.5105331 0.346795 0.7867097 -0.5111292 0.3461717 0.7867097 -0.5111303 0.34617 0.6983616 -0.6011553 0.3884629 0.6860909 -0.6588184 0.3086058 0.7231893 -0.6065354 0.330321 0.7483942 -0.5957068 0.2916154 0.748394 -0.5957067 0.2916161 0.6949489 -0.611415 0.3784413 0.694949 -0.6114183 0.3784358 0.6938887 -0.6104733 0.381891 0.6899205 -0.6161059 0.3800306 0.6926411 -0.5962818 0.4058281 0.9361383 0.2814704 0.2107595 0.9323886 0.3550115 0.06796014 0.9356952 0.3039081 0.1792047 0.9354108 0.2932484 0.1975143 0.8760944 0.4399911 0.1971459 0.8190912 0.5387247 0.1971428 0.8190911 0.5387246 0.1971436 0.8760948 0.4399911 0.197144 0.7450219 0.600946 0.2894933 0.6705446 0.7005054 0.2442582 0.6859976 0.6892073 0.2332394 0.7050526 0.6749099 0.2177094 0.7167006 0.6666319 0.2047975 0.7167121 0.6666243 0.2047821 0.7273168 0.660155 0.187632 0.7620957 0.6394744 0.1014032 0.7601957 0.6190165 0.1972847 0.8190924 0.5387232 0.1971422 0.7004171 0.6034567 0.3811247 0.7004171 0.6034581 0.3811223 0.6858123 0.6482416 0.3308234 0.7450202 0.6009476 0.2894941 0.7450225 0.6009464 0.2894905 0.7004175 0.603457 0.3811231 0.6995524 0.6040503 0.3817719 0.6995142 0.6043151 0.3814225 0.7085773 0.5892796 0.3881595 0.6901214 0.5979602 0.407647 0.6995172 0.6043177 0.3814128 0.7860696 0.4982552 0.3658366 0.7860692 0.4982533 0.3658398 0.7867597 0.5117579 0.3451275 0.7867599 0.5117552 0.3451313 0.7883793 0.5062928 0.3494648 0.783725 0.52122 0.3377942 0.7556454 0.5413987 0.3686292 0.7502443 0.537917 0.3844201 0.8278509 0.4674496 0.3100868 0.8238531 0.47569 0.3081964 0.8239663 0.4754942 0.3081964 0.8413309 0.380957 0.3834502 0.841323 0.3809533 0.3834713 0.856923 0.3890101 0.3381627 0.8263777 0.4394518 0.3521107 0.8355449 0.4261423 0.3467962 0.8355466 0.4261405 0.3467943 0.8360052 0.4257462 0.3461727 0.8360033 0.4257473 0.3461758 0.8785234 0.2894359 0.380031 0.9135982 0.2647635 0.3086073 0.8769768 0.2961348 0.3784387 0.05779975 -0.9923896 0.1087295 0.3937315 -0.9127724 0.1087287 0.593618 -0.7973679 0.1087291 0.8883347 -0.4461383 0.108729 0.9672761 -0.2292488 0.1087289 0.9873501 -0.1154029 0.1087292 0.9873501 0.1154029 0.1087292 0.9873499 0.1154045 0.1087284 0.9873499 0.115405 0.1087289 0.9672761 0.2292488 0.1087289 0.9341215 0.3399924 0.1087292 0.8305345 0.5462513 0.1087288 0.5936182 0.7973681 0.1087281 0.3937315 0.9127724 0.1087288 0.05779975 0.9923897 0.1087288 0.05780017 -0.9923896 0.1087288 0.0563572 -0.9676145 0.2460609 0.0563569 -0.9676145 0.2460613 0.05508917 -0.9458492 0.3198973 0.03888463 -0.9302341 0.3649005 0.7861571 -0.498492 0.3653254 0.7892069 -0.519069 0.3282071 0.8098003 -0.5326135 0.2460618 0.8468347 -0.4252967 0.3193645 0.8661573 -0.4350008 0.2460607 0.8098 -0.5326144 0.2460607 0.8305343 -0.5462515 0.1087288 0.8305346 -0.5462514 0.1087284 0.9672766 0.2292463 0.1087292 0.9672761 0.2292485 0.1087294 0.9431279 0.2235252 0.2460613 0.9431281 0.2235251 0.2460612 0.9158791 0.217067 0.3377092 0.8883349 0.4461381 0.1087288 0.8883349 0.4461382 0.1087288 0.8661575 0.4350003 0.2460607 0.8661571 0.4350007 0.2460614 0.8441302 0.4239384 0.3282079 0.8247888 0.4315844 0.3653193 0.761503 0.6389767 0.1087284 0.8305344 0.5462516 0.1087284 0.8097998 0.5326142 0.2460618 0.8098005 0.5326136 0.2460607 0.7917355 0.5207321 0.3193636 0.8238493 0.4756964 0.3081967 0.05780017 0.9923896 0.1087295 0.0563572 0.9676144 0.2460613 0.0563569 0.9676146 0.246061 0.05490344 0.94266 0.3292076 0.004579722 0.9511615 0.3086599 0.1726189 -0.9789693 0.1087285 0.1726192 -0.9789692 0.108729 0.1683097 -0.9545289 0.2460616 0.1683094 -0.9545291 0.2460613 0.1634466 -0.9269508 0.3377091 0.1634466 -0.9269508 0.3377091 0.1602774 -0.9089775 0.3848001 0.09072566 -0.9186637 0.3844814 0.761503 -0.6389767 0.1087284 0.7615031 -0.6389766 0.1087284 0.7424919 -0.6230244 0.2460618 0.7424918 -0.6230247 0.2460615 0.7210397 -0.6050242 0.337709 0.7210398 -0.6050242 0.3377091 0.7074003 -0.5935794 0.3837296 0.7131627 -0.5767449 0.3984526 0.8844861 -0.3219267 0.3377093 0.8432522 -0.4181156 0.3377944 0.8466876 -0.3837099 0.3686283 0.8627158 0.3017038 0.4058278 0.8697918 0.3042355 0.3884626 0.8967148 0.2125253 0.388247 0.9158789 0.2170673 0.3377094 0.934886 0.1092724 0.3377094 0.9627006 0.1125234 0.2460612 0.9692543 0 0.2460612 0.9940714 0 0.1087292 0.9940714 0 0.1087292 0.8883348 0.4461384 0.1087285 0.9341216 0.3399928 0.1087285 0.9108009 0.3315048 0.2460615 0.910801 0.3315047 0.2460613 0.8844861 0.3219268 0.3377093 0.8844861 0.3219267 0.3377092 0.8676719 0.3158068 0.3839423 0.856057 0.3292446 0.3984525 0.7615028 0.6389769 0.1087288 0.7615031 0.6389766 0.1087284 0.742492 0.6230245 0.2460615 0.7424917 0.6230247 0.2460618 0.7210397 0.6050242 0.3377091 0.7210398 0.6050242 0.337709 0.7071658 0.5933825 0.3844655 0.7502235 0.5379019 0.3844817 0.1726194 0.9789692 0.1087288 0.1726192 0.9789692 0.108729 0.1683097 0.9545291 0.2460613 0.1683094 0.954529 0.2460616 0.1634466 0.9269508 0.3377091 0.1634466 0.9269508 0.3377091 0.1603204 0.9092212 0.3842061 0.1428947 0.9059893 0.3984526 0.87698 0.2961331 0.3784329 0.8756307 0.2956861 0.3818907 0.8994379 0.2131711 0.3815358 0.8967146 0.2125257 0.3882471 0.9153241 0.1069859 0.3882471 0.934886 0.1092724 0.3377094 0.9412504 0 0.3377094 0.9692543 0 0.2460612 0.9627006 -0.1125234 0.2460612 0.9873499 -0.1154045 0.1087284 0.9873499 -0.115405 0.1087289 0.8900951 0.350274 0.2916143 0.8868704 0.3230305 0.3303214 0.918425 0.2176707 0.3303254 0.8994381 0.2131707 0.3815354 0.9181041 0.1073109 0.3815355 0.915324 0.106986 0.3882472 0.9215552 0 0.3882472 0.9412504 0 0.3377094 0.934886 -0.1092724 0.3377094 0.9627006 -0.1125234 0.2460611 0.943128 -0.2235252 0.2460611 0.9672761 -0.2292485 0.1087294 0.9672766 -0.2292463 0.1087292 0.9385073 0.2601668 0.2269742 0.9419281 0.2304551 0.2442578 0.943594 0.2236356 0.244167 0.9184253 0.2176705 0.3303251 0.937485 0.1095767 0.3303251 0.9181039 0.1073113 0.3815358 0.924354 0 0.3815358 0.9215553 0 0.3882472 0.9153241 -0.1069859 0.3882471 0.934886 -0.1092724 0.3377094 0.915879 -0.217067 0.3377094 0.943128 -0.2235251 0.2460613 0.9108009 -0.3315048 0.2460613 0.9341214 -0.3399928 0.1087292 0.9341216 -0.3399924 0.1087285 0.2851054 -0.9523093 0.1087288 0.2851027 -0.9523102 0.1087281 0.277985 -0.9285355 0.2460612 0.2779853 -0.9285353 0.2460616 0.2699538 -0.9017081 0.3377091 0.2699538 -0.9017081 0.3377091 0.2643052 -0.8828403 0.3882471 0.2643051 -0.8828402 0.3882471 0.2651078 -0.8855214 0.381536 0.2651079 -0.8855214 0.381536 0.2707043 -0.9042149 0.3303251 0.2707041 -0.904215 0.3303248 0.2781224 -0.9289941 0.2441676 0.2781223 -0.9289942 0.2441673 0.4970359 -0.8608911 0.1087288 0.3937315 -0.9127725 0.1087288 0.383902 -0.889985 0.2460611 0.3839021 -0.8899849 0.2460612 0.3728103 -0.8642713 0.3377096 0.3728098 -0.8642717 0.3377091 0.365009 -0.8461872 0.388247 0.3650094 -0.8461869 0.3882471 0.366118 -0.8487568 0.381536 0.366118 -0.8487566 0.381536 0.3738468 -0.8666741 0.3303252 0.3738467 -0.866674 0.3303251 0.3840917 -0.8904246 0.2441673 0.3840919 -0.8904244 0.2441676 0.9435938 -0.2236361 0.244167 0.941928 -0.2304551 0.2442578 0.9398705 -0.2494841 0.2332406 0.6821743 0.7230604 0.1087281 0.6821731 0.7230616 0.1087285 0.6651424 0.7050101 0.2460614 0.6651425 0.7050102 0.2460614 0.645925 0.6846408 0.3377096 0.6459257 0.6846406 0.3377091 0.6324099 0.6703149 0.3882469 0.6324098 0.670315 0.388247 0.6343303 0.6723507 0.3815358 0.63433 0.6723509 0.381536 0.6477209 0.6865444 0.3303249 0.6477208 0.6865444 0.330325 0.6654709 0.7053584 0.2441679 0.6654713 0.7053583 0.2441674 0.2851024 0.9523102 0.1087285 0.2851027 0.9523102 0.1087281 0.277985 0.9285354 0.2460616 0.2779854 0.9285354 0.2460612 0.2699538 0.9017081 0.3377091 0.2699539 0.9017081 0.3377091 0.2643052 0.8828403 0.3882471 0.2643051 0.8828403 0.3882471 0.2651078 0.8855214 0.381536 0.2651079 0.8855214 0.381536 0.2707043 0.904215 0.3303248 0.270704 0.9042149 0.3303251 0.2781225 0.9289942 0.2441673 0.2781223 0.9289942 0.2441676 0.05700361 -0.9787164 0.1971417 0.05779331 -0.9922751 0.1097727 0.05779314 -0.9922751 0.1097732 0.05779302 -0.992275 0.1097732 0.172599 -0.9788562 0.1097733 0.1727533 -0.9797313 0.1014038 0.2080478 -0.9599556 0.1876205 0.1725988 -0.9788562 0.1097736 0.2850716 -0.9521995 0.1097736 0.2850697 -0.9522002 0.1097729 0.2850701 -0.9522002 0.1097722 0.3936864 -0.912667 0.1097723 0.3936864 -0.912667 0.1097724 0.3936851 -0.9126673 0.1097736 0.4969786 -0.8607915 0.1097735 0.4969784 -0.8607918 0.1097726 0.4848665 -0.8398135 0.2441673 0.4848666 -0.8398134 0.2441678 0.4719337 -0.8174129 0.3303252 0.4719336 -0.8174132 0.3303249 0.4621769 -0.8005141 0.3815358 0.462177 -0.8005141 0.381536 0.4607777 -0.7980903 0.388247 0.4607779 -0.7980901 0.3882471 0.4706255 -0.8151466 0.3377096 0.4706253 -0.8151468 0.3377094 0.4846272 -0.8393989 0.2460611 0.484627 -0.839399 0.2460609 0.4970356 -0.8608912 0.1087291 0.4970355 -0.8608912 0.1087291 0.496976 -0.8607932 0.1097727 0.5935497 -0.7972758 0.1097726 0.5790843 -0.7778454 0.2441678 0.5790845 -0.7778452 0.244168 0.5636385 -0.7570978 0.3303248 0.5636386 -0.7570977 0.3303249 0.551986 -0.7414457 0.381536 0.5519858 -0.741446 0.3815357 0.5503146 -0.739201 0.3882471 0.5503144 -0.7392012 0.388247 0.5620754 -0.7549991 0.3377093 0.5620756 -0.7549988 0.3377096 0.5787985 -0.7774615 0.2460609 0.5787988 -0.7774611 0.2460614 0.5936186 -0.7973676 0.1087281 0.6821743 -0.7230604 0.1087281 0.6820944 -0.7229779 0.1097736 0.6820944 -0.7229778 0.1097736 0.6654711 -0.7053582 0.2441679 0.665471 -0.7053585 0.2441673 0.6477208 -0.6865444 0.330325 0.6477208 -0.6865444 0.330325 0.63433 -0.6723509 0.3815358 0.6343303 -0.6723506 0.381536 0.6324098 -0.670315 0.388247 0.6324099 -0.6703149 0.388247 0.6459255 -0.6846404 0.3377096 0.6459251 -0.684641 0.3377091 0.6651424 -0.7050102 0.2460613 0.6651424 -0.7050101 0.2460614 0.6821731 -0.7230616 0.1087285 0.6821732 -0.7230614 0.1087289 0.6820948 -0.7229775 0.109773 0.7614149 -0.6389032 0.109773 0.7614148 -0.6389032 0.109773 0.7614152 -0.6389029 0.1097729 0.8304387 -0.5461881 0.1097729 0.830439 -0.5461879 0.1097722 0.8882316 -0.4460884 0.1097722 0.8882322 -0.446087 0.109773 0.8882324 -0.4460867 0.1097724 0.934014 -0.3399528 0.1097724 0.9340137 -0.3399531 0.1097732 0.9340136 -0.3399536 0.1097736 0.9671643 -0.2292224 0.1097736 0.9671645 -0.2292221 0.1097729 0.9872361 -0.1153905 0.1097729 0.8728193 -0.3048482 0.381122 0.9043002 -0.2698088 0.330824 0.9184251 -0.2176704 0.3303254 0.9435938 -0.2236355 0.2441679 0.963176 -0.1125792 0.244168 0.987236 -0.1153914 0.1097727 0.9872359 -0.1153916 0.109773 0.8731099 -0.303639 0.3814215 0.8728992 -0.3038048 0.3817716 0.899438 -0.2131707 0.3815358 0.9184252 -0.2176707 0.3303251 0.937485 -0.1095765 0.3303251 0.963176 -0.1125794 0.2441677 0.969733 0 0.2441678 0.9939567 0 0.109773 0.9939566 0 0.109773 0.9939566 0 0.109773 0.9872359 0.1153916 0.109773 0.8409489 -0.3807616 0.384481 0.8409488 -0.3807615 0.3844813 0.867409 -0.3157112 0.384614 0.8646607 -0.3188921 0.3881621 0.8967146 -0.2125257 0.3882469 0.899438 -0.2131711 0.3815355 0.918104 -0.1073113 0.3815355 0.937485 -0.1095767 0.330325 0.9438673 0 0.330325 0.969733 0 0.2441678 0.963176 0.1125792 0.2441678 0.987236 0.1153914 0.1097727 0.9872361 0.1153905 0.1097729 0.8883349 -0.4461382 0.1087285 0.8661574 -0.4350001 0.2460614 0.9108009 -0.3315047 0.2460614 0.8844861 -0.3219268 0.3377092 0.915879 -0.2170673 0.3377092 0.8967147 -0.2125253 0.3882472 0.915324 -0.106986 0.3882471 0.9181039 -0.1073109 0.3815358 0.9243541 0 0.3815358 0.9438673 0 0.330325 0.9374852 0.1095765 0.330325 0.963176 0.1125794 0.244168 0.9435936 0.223636 0.244168 0.9671645 0.2292224 0.1097729 0.9671644 0.2292221 0.1097736 0.9340136 0.3399536 0.1097736 0.9340139 0.3399528 0.1097729 0.9212505 0.3353073 0.1971458 0.8760942 0.4399915 0.1971458 0.9340138 0.3399531 0.1097724 0.8882324 0.4460867 0.1097725 0.8882322 0.446087 0.109773 0.8882316 0.4460884 0.1097722 0.8304388 0.5461881 0.1097722 0.8304389 0.5461879 0.1097729 0.7614152 0.6389029 0.1097729 0.7614148 0.6389032 0.109773 0.7614149 0.6389032 0.109773 0.6820945 0.7229779 0.1097729 0.6820948 0.7229775 0.1097741 0.6820944 0.7229779 0.1097736 0.5935497 0.7972757 0.1097735 0.5790843 0.7778453 0.2441681 0.5790845 0.7778453 0.2441678 0.5636385 0.7570978 0.3303249 0.5636386 0.7570978 0.3303248 0.5519861 0.7414458 0.3815357 0.5519858 0.741446 0.381536 0.5503146 0.7392011 0.388247 0.5503143 0.7392012 0.3882471 0.5620754 0.7549991 0.3377096 0.5620757 0.7549989 0.3377094 0.5787984 0.7774614 0.2460614 0.5787988 0.7774612 0.2460609 0.5936186 0.7973676 0.1087291 0.4970355 0.8608912 0.1087291 0.496976 0.8607932 0.1097727 0.4969784 0.8607918 0.1097726 0.4848664 0.8398134 0.2441678 0.4848667 0.8398134 0.2441673 0.4719338 0.817413 0.3303249 0.4719334 0.817413 0.3303251 0.4621769 0.8005141 0.381536 0.462177 0.8005141 0.3815359 0.4607777 0.7980903 0.3882471 0.4607779 0.7980903 0.388247 0.4706255 0.8151466 0.3377093 0.4706252 0.8151468 0.3377096 0.4846272 0.8393989 0.2460609 0.484627 0.8393989 0.2460611 0.4970356 0.8608912 0.1087291 0.4970359 0.860891 0.1087288 0.3936851 0.9126673 0.1097736 0.3936864 0.912667 0.1097723 0.3840919 0.8904245 0.2441673 0.3840917 0.8904245 0.2441676 0.3738467 0.866674 0.3303252 0.3738468 0.8666741 0.3303251 0.366118 0.8487567 0.3815359 0.3661179 0.8487567 0.381536 0.3650094 0.8461869 0.3882469 0.365009 0.8461871 0.3882472 0.3728098 0.8642715 0.3377096 0.3728103 0.8642714 0.3377091 0.3839021 0.8899849 0.246061 0.383902 0.889985 0.2460612 0.3937315 0.9127725 0.1087287 0.2851054 0.9523093 0.1087288 0.3936864 0.912667 0.1097723 0.2850701 0.9522002 0.1097723 0.2850697 0.9522002 0.1097729 0.2850716 0.9521995 0.1097736 0.172599 0.9788562 0.1097736 0.05779314 0.9922751 0.1097727 0.05779331 0.9922751 0.109773 0.05779302 0.992275 0.1097732 0.1725988 0.9788562 0.1097732 -0.9705347 -0.2300207 0.07178384 -0.9594746 -0.281727 -0.006189405 -0.9730258 -0.2306133 -0.006198048 -0.9954144 -0.09505033 0.01075476 -0.9924671 -0.1160024 0.03940087 -0.8932225 -0.448593 0.03029912 -0.8887094 -0.4581615 0.01683896 -0.9396528 -0.342005 -0.009243011 -0.9396524 -0.3420056 -0.009243011 -0.8354199 -0.549465 -0.01272284 -0.8354202 -0.5494644 -0.01272284 -0.7856381 -0.6178331 0.03248184 -0.766042 -0.6427857 0.002500653 -0.6862393 -0.7273724 -0.002282977 -0.6548594 -0.7557474 -0.00228095 -0.6849992 -0.7260563 0.06015223 -0.5971197 -0.802071 -0.01141774 -0.597119 -0.8020713 -0.01141774 -0.4998784 -0.8658148 0.02205383 -0.4998781 -0.8658149 0.02205419 -0.3960543 -0.9181562 -0.01141738 -0.3960538 -0.9181563 -0.01141738 -0.3268765 -0.9444473 0.03421932 -0.2868025 -0.9579871 -0.002283275 -0.2868009 -0.9579875 -0.002283275 -0.1423137 -0.9898143 0.003801643 -0.1734369 -0.9836076 0.04935503 -0.05813938 -0.9982274 -0.01272273 -0.05814033 -0.9982274 -0.01272273 0.0581178 -0.9978498 0.03029888 0.04757517 -0.9987258 0.0168395 0.2867972 -0.9579713 -0.00619775 0.2356135 -0.9712132 0.0350877 0.173641 -0.9847656 -0.009242475 0.1736415 -0.9847656 -0.009242475 0.2868003 -0.9579704 -0.00619775 0.3960666 -0.9181855 0.008151888 0.4152296 -0.909226 0.02987504 0.4999569 -0.8659504 -0.01315796 0.4999566 -0.8659506 -0.01315796 0.5797982 -0.8142122 0.02987521 0.5971385 -0.8020967 0.008152604 0.6862296 -0.7273587 -0.006197512 0.72372 -0.690066 -0.006188869 0.6844713 -0.7254971 0.07178378 0.7660116 -0.6427603 -0.009242713 0.8935605 -0.4487625 -0.01272237 0.8409605 -0.5404523 0.02639985 0.8353978 -0.5494499 0.01467072 0.7660118 -0.64276 -0.009242653 0.8935604 -0.4487628 -0.01272237 0.9385475 -0.3416033 0.04935485 0.9283611 -0.3716598 0.003801822 0.9730429 -0.2306129 -0.002283275 0.9819262 -0.1892507 -0.002281248 0.9712829 -0.2301984 0.06015235 0.9931736 -0.1160857 -0.01141726 0.9931738 -0.1160836 -0.01141726 0.9997568 0 0.02205407 0.9997568 0 0.02205407 0.9730423 0.2306154 -0.002283275 0.9813537 0.1891403 0.03421938 0.9931736 0.1160857 -0.01141726 0.9931738 0.1160836 -0.01141726 0.8935604 0.4487628 -0.01272237 0.927878 0.3714664 0.03248196 0.9396897 0.342019 0.002500355 0.9730429 0.2306129 -0.002283275 0.8935605 0.4487625 -0.01272237 0.8351042 0.5492568 0.03029948 0.8411344 0.540564 0.01683914 0.7660118 0.64276 -0.009242653 0.7660116 0.6427603 -0.009242653 0.7232882 0.6896542 0.03508794 0.5966947 0.8015005 0.03940081 0.5800236 0.8145287 0.01075518 0.6862296 0.7273587 -0.006197512 0.6862285 0.7273597 -0.006197512 0.4999566 0.8659506 -0.01315796 0.4999569 0.8659504 -0.01315796 0.4152296 0.909226 0.02987504 0.3960666 0.9181855 0.008151888 0.2868003 0.9579704 -0.00619775 0.2357541 0.9717931 -0.006189107 0.2860628 0.9555183 0.0717836 0.0581178 0.9978498 0.03029888 0.04757517 0.9987258 0.0168395 0.1736415 0.9847656 -0.009242475 0.173641 0.9847656 -0.009242475 -0.05814033 0.9982274 -0.01272273 -0.05813938 0.9982274 -0.01272273 -0.1422396 0.9892991 0.03248202 -0.1736479 0.9848047 0.002500176 -0.2868009 0.9579875 -0.002283275 -0.3270672 0.9449983 -0.002281248 -0.2862839 0.9562548 0.06015223 -0.3960538 0.9181563 -0.01141738 -0.3960543 0.9181562 -0.01141738 -0.4998784 0.8658148 0.02205431 -0.4998781 0.865815 0.02205395 -0.597119 0.8020713 -0.01141774 -0.5971197 0.802071 -0.01141774 -0.6544775 0.7553067 0.03421938 -0.7651109 0.6420043 0.04935455 -0.7860472 0.6181548 0.003802061 -0.6862393 0.7273724 -0.002282977 -0.6862401 0.7273716 -0.002282977 -0.8935365 0.4487506 0.01467061 -0.8885256 0.4580668 0.02639955 -0.8354199 0.549465 -0.01272284 -0.8354202 0.5494644 -0.01272284 -0.9730262 0.2306112 -0.006198048 -0.9589022 0.2815589 0.0350877 -0.9396524 0.3420056 -0.009243011 -0.9396528 0.342005 -0.009243011 -0.9730258 0.2306133 -0.006198048 -0.9932053 0.1160887 0.008152127 -0.9950276 0.09501338 0.02987515 -0.9999134 0 -0.01315772 -0.9999134 0 -0.01315772 -0.7055019 0.06736707 0.705499 -0.6800033 0.199667 0.7054988 -0.6800009 0.1996662 0.7055013 -0.6299253 0.3247491 0.7055014 -0.6299245 0.3247487 0.7055023 -0.5570819 0.4380941 0.7055022 -0.5570847 0.4380965 0.7054985 -0.4641075 0.5356086 0.7054981 -0.4641047 0.535605 0.7055028 -0.3543534 0.613758 0.7055032 -0.3543558 0.6137627 0.7054979 -0.231797 0.6697335 0.7054978 -0.2317968 0.6697326 0.7054988 -0.1008599 0.7014975 0.7054988 -0.1008598 0.7014958 0.7055004 0.0337218 0.7079068 0.7055005 0.03372174 0.7079063 0.7055009 0.1670842 0.6887317 0.7055009 0.1670844 0.6887324 0.7055001 0.2944087 0.6446651 0.7055003 0.2944087 0.6446653 0.7055 0.4110921 0.5772981 0.7055 0.4110936 0.5772998 0.7054977 0.5129188 0.4890672 0.7054981 0.5129178 0.4890664 0.7054994 0.5962055 0.3831577 0.7054993 0.5962042 0.383157 0.7055007 0.6579427 0.2634008 0.7055009 0.6579461 0.2634019 0.7054973 0.6959054 0.1341245 0.7054972 0.6959028 0.1341242 0.7054998 0.7087101 0 0.7054998 0.7087101 0 0.7054998 0.6959029 -0.1341241 0.7054998 0.6959054 -0.1341247 0.7054972 0.657946 -0.2634021 0.7054973 0.6579427 -0.2634006 0.7055009 0.5962043 -0.3831569 0.7055007 0.5962054 -0.3831577 0.7054993 0.5129179 -0.4890663 0.7054994 0.5129188 -0.4890673 0.705498 0.4110934 -0.5772999 0.7054977 0.4110922 -0.577298 0.7055 0.2944087 -0.6446653 0.7054999 0.2944086 -0.644665 0.7055002 0.1670844 -0.6887325 0.7055002 0.1670842 -0.6887318 0.7055008 0.03372174 -0.7079064 0.7055009 0.03372174 -0.7079067 0.7055004 -0.1008597 -0.7014958 0.7055005 -0.1008601 -0.7014974 0.7054988 -0.2317967 -0.6697326 0.7054989 -0.231797 -0.6697335 0.7054978 -0.3543561 -0.6137626 0.7054979 -0.3543531 -0.6137582 0.7055032 -0.4641045 -0.5356051 0.7055028 -0.4641077 -0.5356085 0.7054982 -0.5570848 -0.4380964 0.7054985 -0.5570818 -0.4380943 0.7055022 -0.6299244 -0.3247487 0.7055022 -0.6299253 -0.3247491 0.7055014 -0.6800009 -0.1996663 0.7055014 -0.6800034 -0.1996669 0.7054988 -0.7055019 -0.06736701 0.705499 -0.7055004 -0.06736695 0.7055004 -0.7055004 0.06736683 0.7055004 0 0 1 0 0 1 0 0 1 0 0 1 0 0 1 0 0 1 0 0 1 0 0 1 0 0 1 0 0 1 0 0 1 0 0 1 0 0 1 0 0 1 0 0 1 0 0 1 0 0 1 0 0 1 0 0 1 0 0 1 0 0 1 0 0 1 0 0 1 0 0 1 0 0 1 0 0 1 0 0 1 0 0 1 0 0 1 0 0 1 0 0 1 0 0 1 0 0 1</float_array>
          <technique_common>
            <accessor source="#base-mesh-normals-array" count="12256" stride="3">
              <param name="X" type="float"/>
              <param name="Y" type="float"/>
              <param name="Z" type="float"/>
            </accessor>
          </technique_common>
        </source>
        <vertices id="base-mesh-vertices">
          <input semantic="POSITION" source="#base-mesh-positions"/>
        </vertices>
        <triangles count="12256">
          <input semantic="VERTEX" source="#base-mesh-vertices" offset="0"/>
          <input semantic="NORMAL" source="#base-mesh-normals" offset="1"/>
          <p>0 0 1 0 2 0 3 1 4 1 5 1 6 2 7 2 8 2 8 3 7 3 9 3 10 4 11 4 12 4 13 5 11 5 14 5 14 6 11 6 10 6 14 7 10 7 15 7 15 8 10 8 16 8 16 9 10 9 17 9 16 10 17 10 18 10 18 11 17 11 19 11 19 12 17 12 20 12 19 13 20 13 21 13 21 14 20 14 22 14 22 15 20 15 23 15 22 16 23 16 24 16 25 17 26 17 23 17 23 18 26 18 27 18 23 19 27 19 24 19 28 20 29 20 30 20 30 21 29 21 31 21 30 22 31 22 25 22 25 23 31 23 32 23 25 24 32 24 26 24 33 25 28 25 34 25 34 26 28 26 30 26 34 27 30 27 35 27 35 28 30 28 36 28 36 29 37 29 38 29 38 30 37 30 39 30 38 31 39 31 40 31 2 32 1 32 41 32 1 33 42 33 41 33 41 34 42 34 43 34 41 35 43 35 37 35 37 36 43 36 44 36 37 37 44 37 39 37 0 38 2 38 45 38 45 39 2 39 46 39 45 40 46 40 47 40 47 41 46 41 48 41 48 42 46 42 49 42 48 43 49 43 50 43 50 44 49 44 51 44 51 45 49 45 8 45 51 46 8 46 5 46 5 47 8 47 9 47 5 48 9 48 3 48 36 49 30 49 37 49 37 50 30 50 25 50 37 51 25 51 41 51 41 52 25 52 23 52 41 53 23 53 2 53 2 54 23 54 20 54 2 55 20 55 46 55 46 56 20 56 17 56 46 57 17 57 49 57 49 58 17 58 10 58 49 59 10 59 8 59 8 60 10 60 12 60 8 61 12 61 6 61 52 62 53 62 54 62 55 63 56 63 57 63 57 64 56 64 58 64 57 65 58 65 59 65 60 66 61 66 62 66 62 67 61 67 63 67 62 68 63 68 55 68 64 69 65 69 66 69 66 70 60 70 64 70 64 71 60 71 62 71 64 72 62 72 67 72 67 73 62 73 68 73 67 74 68 74 69 74 54 75 53 75 68 75 68 76 53 76 70 76 68 77 70 77 69 77 52 78 54 78 71 78 71 79 54 79 72 79 71 80 72 80 73 80 73 81 72 81 74 81 73 82 74 82 75 82 75 83 74 83 76 83 76 84 74 84 77 84 76 85 77 85 78 85 78 86 77 86 79 86 79 87 77 87 80 87 79 88 80 88 81 88 81 89 80 89 82 89 81 90 82 90 83 90 84 91 85 91 86 91 85 92 84 92 87 92 87 93 84 93 88 93 87 94 88 94 89 94 90 95 91 95 92 95 90 96 92 96 84 96 84 97 92 97 93 97 84 98 93 98 88 98 91 99 90 99 94 99 94 100 90 100 95 100 94 101 95 101 96 101 96 102 95 102 97 102 97 103 95 103 98 103 97 104 98 104 99 104 100 105 101 105 98 105 98 106 101 106 102 106 98 107 102 107 99 107 103 108 104 108 100 108 100 109 104 109 105 109 100 110 105 110 101 110 59 111 106 111 57 111 57 112 106 112 107 112 57 113 107 113 103 113 103 114 107 114 108 114 103 115 108 115 104 115 55 116 57 116 62 116 62 117 57 117 103 117 62 118 103 118 68 118 68 119 103 119 100 119 68 120 100 120 54 120 54 121 100 121 98 121 54 122 98 122 72 122 72 123 98 123 95 123 72 124 95 124 74 124 74 125 95 125 90 125 74 126 90 126 77 126 77 127 90 127 84 127 77 128 84 128 80 128 80 129 84 129 86 129 80 130 86 130 82 130 109 131 110 131 111 131 112 132 113 132 114 132 114 133 113 133 115 133 114 134 115 134 116 134 117 135 118 135 119 135 119 136 118 136 120 136 119 137 120 137 116 137 121 138 117 138 122 138 122 139 117 139 119 139 122 140 119 140 123 140 123 141 119 141 124 141 123 142 124 142 125 142 111 143 110 143 124 143 124 144 110 144 126 144 124 145 126 145 125 145 109 146 111 146 127 146 127 147 111 147 128 147 127 148 128 148 129 148 129 149 128 149 130 149 129 150 130 150 131 150 131 151 130 151 132 151 132 152 130 152 133 152 132 153 133 153 134 153 135 154 136 154 137 154 137 155 136 155 138 155 134 156 133 156 139 156 139 157 133 157 137 157 139 158 137 158 140 158 140 159 137 159 138 159 140 160 138 160 141 160 142 161 143 161 144 161 145 162 143 162 146 162 146 163 143 163 142 163 146 164 142 164 147 164 147 165 142 165 148 165 148 166 142 166 149 166 148 167 149 167 150 167 150 168 149 168 151 168 151 169 149 169 152 169 151 170 152 170 153 170 153 171 152 171 154 171 154 172 152 172 155 172 154 173 155 173 156 173 157 174 158 174 155 174 155 175 158 175 159 175 155 176 159 176 156 176 160 177 161 177 157 177 157 178 161 178 162 178 157 179 162 179 158 179 113 180 163 180 115 180 115 181 163 181 164 181 115 182 164 182 160 182 160 183 164 183 165 183 160 184 165 184 161 184 116 185 115 185 119 185 119 186 115 186 160 186 119 187 160 187 124 187 124 188 160 188 157 188 124 189 157 189 111 189 111 190 157 190 155 190 111 191 155 191 128 191 128 192 155 192 152 192 128 193 152 193 130 193 130 194 152 194 149 194 130 195 149 195 133 195 133 196 149 196 142 196 133 197 142 197 137 197 137 198 142 198 144 198 137 199 144 199 135 199 166 200 167 200 168 200 169 201 170 201 171 201 172 202 173 202 174 202 174 203 173 203 175 203 174 204 175 204 176 204 176 205 175 205 177 205 178 206 179 206 177 206 180 207 179 207 181 207 181 208 179 208 178 208 181 209 178 209 182 209 182 210 178 210 183 210 182 211 183 211 184 211 171 212 170 212 183 212 183 213 170 213 185 213 183 214 185 214 184 214 169 215 171 215 186 215 186 216 171 216 187 216 186 217 187 217 188 217 188 218 187 218 189 218 188 219 189 219 190 219 190 220 189 220 191 220 191 221 189 221 192 221 191 222 192 222 193 222 194 223 195 223 196 223 196 224 195 224 197 224 193 225 192 225 198 225 198 226 192 226 196 226 198 227 196 227 168 227 168 228 196 228 197 228 168 229 197 229 166 229 199 230 200 230 201 230 201 231 200 231 202 231 201 232 202 232 203 232 204 233 205 233 206 233 204 234 206 234 200 234 200 235 206 235 207 235 200 236 207 236 202 236 205 237 204 237 208 237 208 238 204 238 209 238 208 239 209 239 210 239 210 240 209 240 211 240 211 241 209 241 212 241 211 242 212 242 213 242 214 243 215 243 212 243 212 244 215 244 216 244 212 245 216 245 213 245 217 246 218 246 214 246 214 247 218 247 219 247 214 248 219 248 215 248 173 249 220 249 175 249 175 250 220 250 221 250 175 251 221 251 217 251 217 252 221 252 222 252 217 253 222 253 218 253 177 254 175 254 178 254 178 255 175 255 217 255 178 256 217 256 183 256 183 257 217 257 214 257 183 258 214 258 171 258 171 259 214 259 212 259 171 260 212 260 187 260 187 261 212 261 209 261 187 262 209 262 189 262 189 263 209 263 204 263 189 264 204 264 192 264 192 265 204 265 200 265 192 266 200 266 196 266 196 267 200 267 199 267 196 268 199 268 194 268 223 269 224 269 225 269 226 270 227 270 228 270 229 271 230 271 231 271 230 272 229 272 232 272 232 273 229 273 233 273 232 274 233 274 234 274 235 275 236 275 229 275 229 276 236 276 237 276 229 277 237 277 233 277 238 278 239 278 235 278 235 279 239 279 240 279 235 280 240 280 236 280 241 281 242 281 243 281 243 282 242 282 244 282 243 283 244 283 238 283 238 284 244 284 245 284 238 285 245 285 239 285 241 286 243 286 246 286 246 287 243 287 247 287 246 288 247 288 248 288 248 289 247 289 249 289 249 290 247 290 225 290 249 291 225 291 250 291 224 292 251 292 225 292 225 293 251 293 252 293 225 294 252 294 250 294 253 295 254 295 223 295 255 296 256 296 257 296 257 297 256 297 258 297 257 298 258 298 253 298 253 299 258 299 259 299 253 300 259 300 254 300 260 301 261 301 262 301 262 302 263 302 260 302 260 303 263 303 264 303 260 304 264 304 253 304 253 305 264 305 265 305 253 306 265 306 257 306 266 307 267 307 261 307 261 308 267 308 268 308 261 309 268 309 262 309 269 310 270 310 266 310 266 311 270 311 271 311 266 312 271 312 267 312 228 313 272 313 226 313 226 314 272 314 273 314 226 315 273 315 269 315 269 316 273 316 274 316 269 317 274 317 270 317 223 318 225 318 253 318 253 319 225 319 247 319 253 320 247 320 260 320 260 321 247 321 243 321 260 322 243 322 261 322 261 323 243 323 238 323 261 324 238 324 266 324 266 325 238 325 235 325 266 326 235 326 269 326 269 327 235 327 229 327 269 328 229 328 226 328 226 329 229 329 231 329 226 330 231 330 227 330 275 331 276 331 277 331 278 332 279 332 280 332 281 333 282 333 283 333 283 334 282 334 284 334 285 335 286 335 287 335 287 336 286 336 288 336 287 337 288 337 284 337 284 338 288 338 289 338 284 339 289 339 283 339 285 340 287 340 290 340 290 341 287 341 280 341 290 342 280 342 291 342 291 343 280 343 292 343 292 344 280 344 279 344 292 345 279 345 293 345 294 346 295 346 296 346 296 347 295 347 297 347 296 348 297 348 278 348 298 349 294 349 299 349 299 350 294 350 296 350 299 351 296 351 300 351 300 352 296 352 301 352 300 353 301 353 302 353 277 354 276 354 301 354 301 355 276 355 303 355 301 356 303 356 302 356 275 357 277 357 304 357 304 358 277 358 305 358 304 359 305 359 306 359 306 360 305 360 307 360 306 361 307 361 308 361 308 362 307 362 309 362 309 363 307 363 310 363 309 364 310 364 311 364 312 365 313 365 314 365 314 366 313 366 315 366 311 367 310 367 316 367 316 368 310 368 314 368 316 369 314 369 317 369 317 370 314 370 315 370 317 371 315 371 318 371 319 372 320 372 321 372 321 373 320 373 322 373 321 374 322 374 323 374 324 375 325 375 320 375 320 376 325 376 326 376 320 377 326 377 322 377 327 378 328 378 324 378 324 379 328 379 329 379 324 380 329 380 325 380 281 381 330 381 282 381 282 382 330 382 331 382 282 383 331 383 327 383 327 384 331 384 332 384 327 385 332 385 328 385 278 386 280 386 296 386 296 387 280 387 287 387 296 388 287 388 301 388 301 389 287 389 284 389 301 390 284 390 277 390 277 391 284 391 282 391 277 392 282 392 305 392 305 393 282 393 327 393 305 394 327 394 307 394 307 395 327 395 324 395 307 396 324 396 310 396 310 397 324 397 320 397 310 398 320 398 314 398 314 399 320 399 319 399 314 400 319 400 312 400 333 401 4 401 3 401 334 402 335 402 336 402 336 403 335 403 333 403 336 404 333 404 337 404 337 405 333 405 3 405 337 406 3 406 9 406 338 407 339 407 9 407 9 408 339 408 340 408 9 409 340 409 337 409 9 410 7 410 338 410 338 411 7 411 6 411 338 412 6 412 341 412 341 413 6 413 342 413 6 414 12 414 342 414 342 415 12 415 11 415 342 416 11 416 343 416 343 417 11 417 13 417 344 418 345 418 346 418 347 419 348 419 349 419 350 420 293 420 279 420 350 421 279 421 347 421 347 422 279 422 278 422 347 423 278 423 348 423 348 424 278 424 297 424 348 425 297 425 349 425 349 426 297 426 295 426 349 427 295 427 351 427 351 428 295 428 352 428 352 429 295 429 294 429 352 430 294 430 353 430 353 431 294 431 298 431 353 432 298 432 346 432 346 433 298 433 354 433 346 434 354 434 344 434 355 435 356 435 357 435 358 436 359 436 360 436 360 437 355 437 358 437 358 438 355 438 357 438 358 439 357 439 361 439 361 440 357 440 362 440 363 441 364 441 362 441 362 442 364 442 365 442 362 443 365 443 361 443 362 444 86 444 363 444 363 445 86 445 85 445 363 446 85 446 366 446 366 447 85 447 87 447 366 448 87 448 367 448 367 449 87 449 89 449 368 450 83 450 82 450 356 451 369 451 357 451 357 452 369 452 368 452 357 453 368 453 362 453 362 454 368 454 82 454 362 455 82 455 86 455 370 456 371 456 372 456 373 457 374 457 375 457 376 458 377 458 378 458 379 459 380 459 381 459 381 460 380 460 382 460 381 461 383 461 384 461 384 462 385 462 381 462 381 463 385 463 386 463 381 464 386 464 387 464 387 465 388 465 381 465 381 466 388 466 389 466 381 467 389 467 379 467 390 468 391 468 392 468 392 469 391 469 393 469 393 470 394 470 392 470 392 471 394 471 395 471 392 472 395 472 381 472 381 473 395 473 396 473 381 474 396 474 383 474 397 475 398 475 399 475 399 476 398 476 400 476 399 477 400 477 401 477 401 478 400 478 402 478 401 479 402 479 392 479 392 480 402 480 403 480 392 481 403 481 390 481 404 482 405 482 51 482 4 483 406 483 5 483 5 484 406 484 407 484 5 485 407 485 51 485 51 486 407 486 408 486 51 487 408 487 404 487 409 488 410 488 399 488 399 489 410 489 411 489 399 490 411 490 397 490 44 491 412 491 413 491 413 492 414 492 44 492 44 493 414 493 415 493 44 494 415 494 39 494 39 495 415 495 40 495 416 496 417 496 412 496 412 497 417 497 418 497 412 498 418 498 413 498 419 499 420 499 372 499 421 500 422 500 372 500 422 501 423 501 372 501 372 502 423 502 424 502 372 503 424 503 419 503 425 504 426 504 371 504 371 505 426 505 427 505 371 506 427 506 372 506 372 507 427 507 428 507 372 508 428 508 421 508 429 509 430 509 370 509 370 510 430 510 431 510 370 511 431 511 432 511 432 512 433 512 370 512 370 513 433 513 434 513 370 514 434 514 435 514 435 515 436 515 370 515 370 516 436 516 437 516 370 517 437 517 371 517 371 518 437 518 438 518 371 519 438 519 425 519 374 520 429 520 375 520 375 521 429 521 370 521 375 522 370 522 439 522 439 523 370 523 372 523 439 524 372 524 412 524 412 525 372 525 420 525 412 526 420 526 416 526 440 527 441 527 378 527 442 528 441 528 443 528 443 529 441 529 440 529 443 530 440 530 444 530 44 531 43 531 412 531 412 532 43 532 444 532 412 533 444 533 439 533 439 534 444 534 440 534 439 535 440 535 375 535 375 536 440 536 378 536 375 537 378 537 373 537 373 538 378 538 377 538 43 539 42 539 444 539 444 540 42 540 1 540 444 541 1 541 443 541 443 542 1 542 0 542 443 543 0 543 442 543 442 544 0 544 45 544 442 545 45 545 47 545 47 546 401 546 442 546 442 547 401 547 392 547 442 548 392 548 441 548 441 549 392 549 381 549 441 550 381 550 378 550 378 551 381 551 382 551 378 552 382 552 376 552 405 553 409 553 51 553 51 554 409 554 399 554 51 555 399 555 50 555 50 556 399 556 401 556 50 557 401 557 48 557 48 558 401 558 47 558 445 559 446 559 447 559 448 560 449 560 450 560 451 561 33 561 34 561 38 562 40 562 452 562 36 563 453 563 35 563 35 564 453 564 449 564 35 565 449 565 34 565 34 566 449 566 448 566 34 567 448 567 451 567 450 568 449 568 454 568 454 569 449 569 453 569 454 570 453 570 455 570 455 571 453 571 456 571 456 572 453 572 457 572 456 573 457 573 447 573 457 574 458 574 459 574 457 575 459 575 447 575 447 576 459 576 460 576 447 577 460 577 445 577 36 578 38 578 453 578 453 579 38 579 452 579 453 580 452 580 457 580 457 581 452 581 461 581 457 582 461 582 458 582 462 583 60 583 66 583 66 584 65 584 462 584 462 585 65 585 463 585 462 586 463 586 464 586 464 587 463 587 465 587 464 588 465 588 466 588 462 589 467 589 60 589 60 590 467 590 468 590 60 591 468 591 61 591 61 592 468 592 469 592 61 593 469 593 63 593 63 594 469 594 470 594 63 595 470 595 55 595 55 596 470 596 471 596 55 597 471 597 56 597 56 598 471 598 472 598 56 599 472 599 58 599 144 600 473 600 135 600 135 601 473 601 136 601 145 602 474 602 143 602 143 603 474 603 475 603 476 604 477 604 478 604 478 605 477 605 479 605 478 606 479 606 480 606 480 607 479 607 141 607 480 608 141 608 481 608 481 609 141 609 138 609 481 610 138 610 482 610 482 611 138 611 136 611 482 612 136 612 483 612 483 613 136 613 473 613 483 614 473 614 475 614 475 615 473 615 144 615 475 616 144 616 143 616 484 617 65 617 64 617 485 618 486 618 487 618 486 619 488 619 487 619 487 620 488 620 489 620 487 621 489 621 490 621 490 622 491 622 487 622 487 623 491 623 492 623 487 624 492 624 493 624 485 625 494 625 495 625 495 626 494 626 496 626 497 627 498 627 499 627 499 628 498 628 500 628 499 629 500 629 494 629 494 630 500 630 501 630 494 631 501 631 496 631 502 632 503 632 504 632 504 633 503 633 505 633 504 634 505 634 499 634 499 635 505 635 506 635 499 636 506 636 507 636 507 637 508 637 499 637 499 638 508 638 509 638 499 639 509 639 497 639 83 640 510 640 81 640 81 641 510 641 79 641 79 642 510 642 504 642 504 643 510 643 511 643 504 644 511 644 502 644 67 645 512 645 513 645 513 646 514 646 67 646 67 647 514 647 515 647 67 648 515 648 516 648 516 649 517 649 67 649 67 650 517 650 518 650 67 651 518 651 64 651 64 652 518 652 519 652 64 653 519 653 484 653 520 654 521 654 512 654 512 655 521 655 522 655 512 656 522 656 513 656 523 657 524 657 525 657 526 658 527 658 528 658 527 659 529 659 528 659 528 660 529 660 530 660 528 661 530 661 531 661 532 662 533 662 534 662 534 663 533 663 535 663 534 664 535 664 536 664 536 665 537 665 534 665 534 666 537 666 538 666 534 667 538 667 539 667 540 668 541 668 542 668 543 669 540 669 544 669 544 670 540 670 542 670 544 671 542 671 534 671 534 672 542 672 545 672 534 673 545 673 532 673 543 674 544 674 546 674 546 675 544 675 547 675 546 676 547 676 548 676 549 677 550 677 547 677 547 678 550 678 551 678 547 679 551 679 548 679 493 680 552 680 487 680 487 681 552 681 553 681 487 682 553 682 549 682 549 683 553 683 554 683 549 684 554 684 550 684 539 685 526 685 534 685 534 686 526 686 528 686 534 687 528 687 544 687 544 688 528 688 555 688 544 689 555 689 547 689 547 690 555 690 556 690 547 691 556 691 549 691 549 692 556 692 557 692 549 693 557 693 487 693 487 694 557 694 558 694 531 695 523 695 528 695 528 696 523 696 525 696 528 697 525 697 555 697 555 698 525 698 559 698 555 699 559 699 556 699 556 700 559 700 560 700 556 701 560 701 557 701 557 702 560 702 561 702 557 703 561 703 558 703 558 704 561 704 562 704 67 705 69 705 512 705 512 706 69 706 525 706 512 707 525 707 520 707 520 708 525 708 524 708 69 709 70 709 525 709 525 710 70 710 53 710 525 711 53 711 559 711 559 712 53 712 52 712 559 713 52 713 560 713 560 714 52 714 71 714 560 715 71 715 561 715 71 716 73 716 561 716 561 717 73 717 75 717 561 718 75 718 562 718 562 719 75 719 76 719 562 720 76 720 78 720 485 721 487 721 494 721 494 722 487 722 558 722 494 723 558 723 499 723 499 724 558 724 562 724 499 725 562 725 504 725 504 726 562 726 78 726 504 727 78 727 79 727 563 728 564 728 565 728 566 729 567 729 568 729 568 730 567 730 569 730 569 731 567 731 121 731 121 732 567 732 570 732 121 733 570 733 117 733 117 734 570 734 571 734 117 735 571 735 118 735 571 736 572 736 118 736 118 737 572 737 565 737 118 738 565 738 120 738 120 739 565 739 564 739 120 740 564 740 116 740 116 741 564 741 563 741 116 742 563 742 114 742 114 743 563 743 573 743 114 744 573 744 112 744 574 745 167 745 166 745 575 746 576 746 577 746 577 747 576 747 574 747 577 748 574 748 578 748 578 749 574 749 166 749 578 750 166 750 197 750 579 751 580 751 197 751 197 752 580 752 581 752 197 753 581 753 578 753 197 754 195 754 579 754 579 755 195 755 194 755 579 756 194 756 582 756 582 757 194 757 583 757 194 758 199 758 583 758 583 759 199 759 201 759 583 760 201 760 584 760 584 761 201 761 203 761 585 762 121 762 122 762 586 763 587 763 588 763 588 764 587 764 589 764 588 765 590 765 591 765 591 766 592 766 588 766 588 767 592 767 593 767 588 768 593 768 594 768 594 769 595 769 588 769 588 770 595 770 596 770 588 771 596 771 586 771 597 772 598 772 599 772 599 773 598 773 600 773 600 774 601 774 599 774 599 775 601 775 602 775 599 776 602 776 588 776 588 777 602 777 603 777 588 778 603 778 590 778 604 779 605 779 606 779 606 780 605 780 607 780 606 781 607 781 608 781 608 782 607 782 609 782 608 783 609 783 599 783 599 784 609 784 610 784 599 785 610 785 597 785 611 786 612 786 139 786 141 787 613 787 140 787 140 788 613 788 614 788 140 789 614 789 139 789 139 790 614 790 615 790 139 791 615 791 611 791 616 792 617 792 606 792 606 793 617 793 618 793 606 794 618 794 604 794 123 795 619 795 620 795 620 796 621 796 123 796 123 797 621 797 622 797 123 798 622 798 623 798 623 799 624 799 123 799 123 800 624 800 625 800 123 801 625 801 122 801 122 802 625 802 626 802 122 803 626 803 585 803 627 804 628 804 619 804 619 805 628 805 629 805 619 806 629 806 620 806 630 807 631 807 632 807 633 808 634 808 635 808 634 809 636 809 635 809 635 810 636 810 637 810 635 811 637 811 638 811 639 812 640 812 641 812 641 813 640 813 642 813 641 814 642 814 643 814 643 815 644 815 641 815 641 816 644 816 645 816 641 817 645 817 646 817 646 818 647 818 641 818 641 819 647 819 648 819 641 820 648 820 649 820 639 821 641 821 650 821 650 822 641 822 651 822 650 823 651 823 652 823 652 824 651 824 653 824 653 825 651 825 654 825 653 826 654 826 655 826 655 827 654 827 656 827 656 828 654 828 657 828 656 829 657 829 658 829 649 830 633 830 641 830 641 831 633 831 635 831 641 832 635 832 651 832 651 833 635 833 659 833 651 834 659 834 654 834 654 835 659 835 660 835 654 836 660 836 657 836 657 837 660 837 661 837 638 838 630 838 635 838 635 839 630 839 632 839 635 840 632 840 659 840 659 841 632 841 662 841 659 842 662 842 660 842 660 843 662 843 663 843 660 844 663 844 661 844 661 845 663 845 664 845 123 846 125 846 619 846 619 847 125 847 632 847 619 848 632 848 627 848 627 849 632 849 631 849 125 850 126 850 632 850 632 851 126 851 110 851 632 852 110 852 662 852 662 853 110 853 109 853 662 854 109 854 663 854 663 855 109 855 127 855 663 856 127 856 664 856 664 857 127 857 129 857 664 858 129 858 131 858 131 859 608 859 664 859 664 860 608 860 599 860 664 861 599 861 661 861 661 862 599 862 588 862 661 863 588 863 657 863 657 864 588 864 589 864 657 865 589 865 658 865 612 866 616 866 139 866 139 867 616 867 606 867 139 868 606 868 134 868 134 869 606 869 608 869 134 870 608 870 132 870 132 871 608 871 131 871 665 872 666 872 667 872 668 873 669 873 670 873 670 874 665 874 668 874 668 875 665 875 667 875 668 876 667 876 671 876 671 877 667 877 672 877 673 878 674 878 675 878 675 879 674 879 676 879 675 880 676 880 672 880 672 881 676 881 677 881 672 882 677 882 671 882 232 883 234 883 678 883 678 884 673 884 232 884 232 885 673 885 675 885 232 886 675 886 230 886 230 887 675 887 672 887 228 888 227 888 679 888 679 889 227 889 231 889 679 890 231 890 680 890 666 891 681 891 667 891 667 892 681 892 680 892 667 893 680 893 672 893 672 894 680 894 231 894 672 895 231 895 230 895 682 896 683 896 684 896 685 897 686 897 687 897 688 898 689 898 690 898 691 899 692 899 693 899 694 900 695 900 696 900 696 901 695 901 697 901 696 902 697 902 698 902 698 903 699 903 696 903 696 904 699 904 700 904 696 905 700 905 701 905 702 906 703 906 704 906 704 907 703 907 705 907 705 908 706 908 704 908 704 909 706 909 707 909 704 910 707 910 696 910 696 911 707 911 708 911 696 912 708 912 694 912 709 913 710 913 711 913 711 914 710 914 712 914 711 915 712 915 713 915 713 916 712 916 714 916 713 917 714 917 704 917 704 918 714 918 715 918 704 919 715 919 702 919 716 920 717 920 198 920 167 921 718 921 168 921 168 922 718 922 719 922 168 923 719 923 198 923 198 924 719 924 720 924 198 925 720 925 716 925 721 926 722 926 711 926 711 927 722 927 723 927 711 928 723 928 709 928 182 929 724 929 725 929 725 930 726 930 182 930 182 931 726 931 727 931 182 932 727 932 181 932 181 933 727 933 180 933 728 934 729 934 724 934 724 935 729 935 730 935 724 936 730 936 725 936 731 937 732 937 684 937 733 938 734 938 684 938 734 939 735 939 684 939 684 940 735 940 736 940 684 941 736 941 731 941 737 942 738 942 683 942 683 943 738 943 739 943 683 944 739 944 684 944 684 945 739 945 740 945 684 946 740 946 733 946 741 947 742 947 682 947 682 948 742 948 743 948 682 949 743 949 744 949 745 950 682 950 746 950 746 951 682 951 744 951 746 952 744 952 747 952 745 953 748 953 682 953 682 954 748 954 749 954 682 955 749 955 683 955 683 956 749 956 750 956 683 957 750 957 737 957 685 958 687 958 751 958 693 959 752 959 691 959 691 960 752 960 753 960 691 961 753 961 751 961 689 962 741 962 690 962 690 963 741 963 682 963 690 964 682 964 754 964 754 965 682 965 684 965 754 966 684 966 724 966 724 967 684 967 732 967 724 968 732 968 728 968 755 969 756 969 687 969 757 970 756 970 758 970 758 971 756 971 755 971 758 972 755 972 759 972 751 973 687 973 691 973 691 974 687 974 756 974 691 975 756 975 760 975 760 976 756 976 757 976 760 977 757 977 761 977 182 978 184 978 724 978 724 979 184 979 759 979 724 980 759 980 754 980 754 981 759 981 755 981 754 982 755 982 690 982 690 983 755 983 687 983 690 984 687 984 688 984 688 985 687 985 686 985 184 986 185 986 759 986 759 987 185 987 170 987 759 988 170 988 758 988 758 989 170 989 169 989 758 990 169 990 757 990 757 991 169 991 186 991 757 992 186 992 761 992 761 993 186 993 188 993 761 994 188 994 190 994 190 995 713 995 761 995 761 996 713 996 704 996 761 997 704 997 760 997 760 998 704 998 696 998 760 999 696 999 691 999 691 1000 696 1000 701 1000 691 1001 701 1001 692 1001 717 1002 721 1002 198 1002 198 1003 721 1003 711 1003 198 1004 711 1004 193 1004 193 1005 711 1005 713 1005 193 1006 713 1006 191 1006 191 1007 713 1007 190 1007 176 1008 177 1008 762 1008 763 1009 764 1009 765 1009 766 1010 767 1010 768 1010 768 1011 767 1011 769 1011 179 1012 180 1012 770 1012 177 1013 179 1013 762 1013 762 1014 179 1014 770 1014 762 1015 770 1015 763 1015 763 1016 770 1016 771 1016 763 1017 771 1017 764 1017 772 1018 773 1018 174 1018 174 1019 773 1019 774 1019 174 1020 774 1020 172 1020 174 1021 176 1021 772 1021 772 1022 176 1022 762 1022 772 1023 762 1023 775 1023 775 1024 762 1024 776 1024 776 1025 762 1025 777 1025 777 1026 762 1026 763 1026 777 1027 763 1027 767 1027 767 1028 763 1028 765 1028 767 1029 765 1029 769 1029 778 1030 779 1030 245 1030 245 1031 779 1031 239 1031 780 1032 781 1032 779 1032 779 1033 781 1033 782 1033 779 1034 782 1034 783 1034 19 1035 21 1035 323 1035 234 1036 233 1036 779 1036 779 1037 233 1037 237 1037 96 1038 784 1038 94 1038 94 1039 784 1039 91 1039 328 1040 332 1040 286 1040 32 1041 323 1041 26 1041 26 1042 323 1042 27 1042 237 1043 236 1043 779 1043 779 1044 236 1044 240 1044 779 1045 240 1045 239 1045 241 1046 785 1046 242 1046 242 1047 785 1047 778 1047 242 1048 778 1048 244 1048 244 1049 778 1049 245 1049 147 1050 786 1050 146 1050 146 1051 786 1051 787 1051 146 1052 787 1052 145 1052 145 1053 787 1053 788 1053 96 1054 97 1054 784 1054 784 1055 97 1055 99 1055 784 1056 99 1056 102 1056 780 1057 779 1057 789 1057 789 1058 779 1058 790 1058 789 1059 790 1059 784 1059 784 1060 790 1060 791 1060 784 1061 791 1061 792 1061 783 1062 793 1062 779 1062 779 1063 793 1063 794 1063 779 1064 794 1064 234 1064 285 1065 323 1065 286 1065 286 1066 323 1066 322 1066 286 1067 322 1067 326 1067 285 1068 290 1068 323 1068 323 1069 290 1069 291 1069 323 1070 291 1070 292 1070 21 1071 22 1071 323 1071 323 1072 22 1072 24 1072 323 1073 24 1073 27 1073 241 1074 246 1074 785 1074 785 1075 246 1075 248 1075 785 1076 248 1076 249 1076 147 1077 148 1077 786 1077 786 1078 148 1078 150 1078 786 1079 150 1079 151 1079 786 1080 795 1080 796 1080 796 1081 795 1081 173 1081 796 1082 173 1082 172 1082 106 1083 59 1083 787 1083 326 1084 325 1084 286 1084 286 1085 325 1085 329 1085 286 1086 329 1086 328 1086 292 1087 293 1087 323 1087 323 1088 293 1088 797 1088 323 1089 797 1089 798 1089 798 1090 13 1090 323 1090 323 1091 13 1091 14 1091 323 1092 14 1092 15 1092 32 1093 31 1093 323 1093 323 1094 31 1094 29 1094 323 1095 29 1095 28 1095 249 1096 250 1096 785 1096 785 1097 250 1097 252 1097 785 1098 252 1098 251 1098 164 1099 163 1099 786 1099 786 1100 163 1100 113 1100 219 1101 218 1101 222 1101 106 1102 787 1102 107 1102 59 1103 58 1103 787 1103 787 1104 58 1104 799 1104 787 1105 799 1105 788 1105 792 1106 800 1106 784 1106 784 1107 800 1107 801 1107 784 1108 801 1108 91 1108 91 1109 801 1109 802 1109 91 1110 802 1110 803 1110 803 1111 89 1111 88 1111 803 1112 88 1112 91 1112 91 1113 88 1113 93 1113 91 1114 93 1114 92 1114 331 1115 289 1115 332 1115 332 1116 289 1116 288 1116 332 1117 288 1117 286 1117 331 1118 330 1118 289 1118 289 1119 330 1119 281 1119 289 1120 281 1120 283 1120 15 1121 16 1121 323 1121 323 1122 16 1122 18 1122 323 1123 18 1123 19 1123 251 1124 804 1124 785 1124 785 1125 804 1125 805 1125 785 1126 805 1126 806 1126 806 1127 805 1127 323 1127 806 1128 323 1128 807 1128 807 1129 323 1129 28 1129 807 1130 28 1130 33 1130 151 1131 153 1131 786 1131 786 1132 153 1132 154 1132 786 1133 154 1133 156 1133 156 1134 159 1134 786 1134 786 1135 159 1135 158 1135 786 1136 158 1136 162 1136 113 1137 112 1137 786 1137 786 1138 112 1138 808 1138 786 1139 808 1139 795 1139 208 1140 210 1140 173 1140 102 1141 101 1141 784 1141 784 1142 101 1142 105 1142 784 1143 105 1143 809 1143 809 1144 105 1144 104 1144 809 1145 104 1145 787 1145 787 1146 104 1146 108 1146 787 1147 108 1147 107 1147 795 1148 203 1148 173 1148 173 1149 203 1149 202 1149 173 1150 202 1150 207 1150 210 1151 211 1151 173 1151 173 1152 211 1152 213 1152 173 1153 213 1153 220 1153 219 1154 213 1154 215 1154 215 1155 213 1155 216 1155 219 1156 222 1156 213 1156 213 1157 222 1157 221 1157 213 1158 221 1158 220 1158 162 1159 161 1159 786 1159 786 1160 161 1160 165 1160 786 1161 165 1161 164 1161 207 1162 206 1162 173 1162 173 1163 206 1163 205 1163 173 1164 205 1164 208 1164 319 1165 810 1165 312 1165 312 1166 810 1166 313 1166 323 1167 811 1167 321 1167 321 1168 811 1168 812 1168 813 1169 814 1169 815 1169 815 1170 814 1170 816 1170 815 1171 816 1171 817 1171 817 1172 816 1172 318 1172 817 1173 318 1173 818 1173 818 1174 318 1174 315 1174 818 1175 315 1175 819 1175 819 1176 315 1176 313 1176 819 1177 313 1177 820 1177 820 1178 313 1178 810 1178 820 1179 810 1179 812 1179 812 1180 810 1180 319 1180 812 1181 319 1181 321 1181 821 1182 258 1182 256 1182 256 1183 255 1183 821 1183 821 1184 255 1184 822 1184 821 1185 822 1185 823 1185 823 1186 822 1186 824 1186 823 1187 824 1187 825 1187 821 1188 826 1188 258 1188 258 1189 826 1189 827 1189 258 1190 827 1190 259 1190 259 1191 827 1191 828 1191 259 1192 828 1192 254 1192 254 1193 828 1193 829 1193 254 1194 829 1194 223 1194 223 1195 829 1195 830 1195 223 1196 830 1196 224 1196 224 1197 830 1197 831 1197 224 1198 831 1198 251 1198 832 1199 833 1199 834 1199 835 1200 836 1200 837 1200 838 1201 255 1201 257 1201 839 1202 840 1202 841 1202 840 1203 842 1203 841 1203 841 1204 842 1204 843 1204 841 1205 843 1205 844 1205 845 1206 841 1206 846 1206 846 1207 841 1207 844 1207 846 1208 844 1208 847 1208 839 1209 848 1209 849 1209 849 1210 848 1210 850 1210 851 1211 852 1211 853 1211 853 1212 852 1212 854 1212 853 1213 854 1213 855 1213 855 1214 856 1214 853 1214 853 1215 856 1215 857 1215 853 1216 857 1216 848 1216 848 1217 857 1217 858 1217 848 1218 858 1218 850 1218 859 1219 860 1219 861 1219 861 1220 860 1220 862 1220 861 1221 862 1221 853 1221 853 1222 862 1222 863 1222 853 1223 863 1223 851 1223 228 1224 864 1224 272 1224 272 1225 864 1225 273 1225 273 1226 864 1226 861 1226 861 1227 864 1227 865 1227 861 1228 865 1228 859 1228 836 1229 866 1229 265 1229 265 1230 866 1230 867 1230 265 1231 867 1231 868 1231 868 1232 869 1232 265 1232 265 1233 869 1233 870 1233 265 1234 870 1234 257 1234 257 1235 870 1235 871 1235 257 1236 871 1236 838 1236 833 1237 872 1237 834 1237 834 1238 872 1238 873 1238 834 1239 873 1239 874 1239 873 1240 875 1240 874 1240 874 1241 875 1241 876 1241 874 1242 876 1242 837 1242 837 1243 876 1243 877 1243 837 1244 877 1244 835 1244 878 1245 879 1245 880 1245 878 1246 880 1246 834 1246 834 1247 880 1247 881 1247 834 1248 881 1248 832 1248 878 1249 882 1249 883 1249 883 1250 884 1250 878 1250 878 1251 884 1251 885 1251 878 1252 885 1252 886 1252 886 1253 887 1253 878 1253 878 1254 887 1254 888 1254 878 1255 888 1255 879 1255 889 1256 890 1256 891 1256 891 1257 892 1257 878 1257 882 1258 878 1258 893 1258 893 1259 878 1259 892 1259 893 1260 892 1260 894 1260 895 1261 896 1261 897 1261 897 1262 896 1262 898 1262 845 1263 899 1263 841 1263 841 1264 899 1264 900 1264 841 1265 900 1265 895 1265 895 1266 897 1266 841 1266 841 1267 897 1267 901 1267 841 1268 901 1268 902 1268 902 1269 901 1269 903 1269 902 1270 903 1270 904 1270 836 1271 265 1271 837 1271 837 1272 265 1272 264 1272 837 1273 264 1273 874 1273 874 1274 264 1274 263 1274 874 1275 263 1275 262 1275 891 1276 878 1276 889 1276 889 1277 878 1277 834 1277 889 1278 834 1278 905 1278 905 1279 834 1279 874 1279 905 1280 874 1280 906 1280 906 1281 874 1281 262 1281 906 1282 262 1282 268 1282 268 1283 903 1283 906 1283 906 1284 903 1284 901 1284 906 1285 901 1285 905 1285 905 1286 901 1286 897 1286 905 1287 897 1287 889 1287 889 1288 897 1288 898 1288 889 1289 898 1289 890 1289 268 1290 267 1290 903 1290 903 1291 267 1291 271 1291 903 1292 271 1292 904 1292 904 1293 271 1293 270 1293 904 1294 270 1294 274 1294 839 1295 841 1295 848 1295 848 1296 841 1296 902 1296 848 1297 902 1297 853 1297 853 1298 902 1298 904 1298 853 1299 904 1299 861 1299 861 1300 904 1300 274 1300 861 1301 274 1301 273 1301 907 1302 298 1302 299 1302 908 1303 909 1303 910 1303 910 1304 909 1304 911 1304 910 1305 911 1305 912 1305 913 1306 910 1306 914 1306 914 1307 910 1307 915 1307 913 1308 916 1308 910 1308 910 1309 916 1309 917 1309 910 1310 917 1310 908 1310 918 1311 919 1311 920 1311 920 1312 919 1312 921 1312 918 1313 922 1313 919 1313 919 1314 922 1314 923 1314 919 1315 923 1315 910 1315 910 1316 923 1316 924 1316 910 1317 924 1317 915 1317 925 1318 926 1318 927 1318 927 1319 926 1319 928 1319 927 1320 928 1320 919 1320 919 1321 928 1321 929 1321 919 1322 929 1322 921 1322 318 1323 930 1323 317 1323 317 1324 930 1324 931 1324 317 1325 931 1325 316 1325 931 1326 932 1326 316 1326 316 1327 932 1327 933 1327 316 1328 933 1328 934 1328 935 1329 936 1329 927 1329 927 1330 936 1330 937 1330 927 1331 937 1331 925 1331 938 1332 939 1332 300 1332 940 1333 941 1333 942 1333 940 1334 942 1334 300 1334 300 1335 942 1335 943 1335 300 1336 943 1336 938 1336 939 1337 944 1337 300 1337 300 1338 944 1338 945 1338 300 1339 945 1339 299 1339 299 1340 945 1340 946 1340 299 1341 946 1341 907 1341 947 1342 948 1342 940 1342 940 1343 948 1343 949 1343 940 1344 949 1344 941 1344 950 1345 951 1345 952 1345 951 1346 953 1346 952 1346 952 1347 953 1347 954 1347 952 1348 954 1348 955 1348 956 1349 957 1349 958 1349 958 1350 959 1350 956 1350 956 1351 959 1351 960 1351 956 1352 960 1352 961 1352 961 1353 962 1353 956 1353 956 1354 962 1354 963 1354 956 1355 963 1355 952 1355 952 1356 963 1356 964 1356 952 1357 964 1357 950 1357 965 1358 966 1358 956 1358 957 1359 956 1359 967 1359 967 1360 956 1360 966 1360 967 1361 966 1361 968 1361 969 1362 970 1362 952 1362 952 1363 970 1363 971 1363 952 1364 971 1364 956 1364 956 1365 971 1365 972 1365 956 1366 972 1366 965 1366 973 1367 974 1367 969 1367 969 1368 974 1368 975 1368 969 1369 975 1369 970 1369 976 1370 977 1370 978 1370 978 1371 977 1371 979 1371 978 1372 979 1372 969 1372 969 1373 979 1373 980 1373 969 1374 980 1374 973 1374 981 1375 982 1375 983 1375 983 1376 982 1376 984 1376 983 1377 984 1377 985 1377 985 1378 986 1378 983 1378 983 1379 986 1379 987 1379 983 1380 987 1380 978 1380 978 1381 987 1381 988 1381 978 1382 988 1382 976 1382 912 1383 989 1383 910 1383 910 1384 989 1384 990 1384 910 1385 990 1385 919 1385 919 1386 990 1386 991 1386 300 1387 302 1387 940 1387 940 1388 302 1388 952 1388 940 1389 952 1389 947 1389 947 1390 952 1390 955 1390 306 1391 983 1391 304 1391 304 1392 983 1392 978 1392 304 1393 978 1393 275 1393 275 1394 978 1394 969 1394 275 1395 969 1395 276 1395 276 1396 969 1396 952 1396 276 1397 952 1397 303 1397 303 1398 952 1398 302 1398 306 1399 308 1399 983 1399 983 1400 308 1400 919 1400 983 1401 919 1401 981 1401 981 1402 919 1402 991 1402 934 1403 935 1403 316 1403 316 1404 935 1404 927 1404 316 1405 927 1405 311 1405 311 1406 927 1406 919 1406 311 1407 919 1407 309 1407 309 1408 919 1408 308 1408 992 1409 993 1409 994 1409 995 1410 996 1410 997 1410 994 1411 993 1411 998 1411 998 1412 993 1412 999 1412 998 1413 999 1413 1000 1413 1000 1414 999 1414 997 1414 1000 1415 997 1415 1001 1415 1002 1416 1003 1416 1004 1416 1005 1417 1006 1417 1007 1417 1001 1418 997 1418 1008 1418 1008 1419 997 1419 996 1419 1008 1420 996 1420 1009 1420 994 1421 1010 1421 1002 1421 1011 1422 1012 1422 994 1422 997 1423 1013 1423 1005 1423 992 1424 994 1424 1014 1424 1014 1425 994 1425 1012 1425 1014 1426 1012 1426 1015 1426 1005 1427 1007 1427 997 1427 997 1428 1007 1428 1016 1428 997 1429 1016 1429 995 1429 1002 1430 1004 1430 994 1430 994 1431 1004 1431 1017 1431 994 1432 1017 1432 1011 1432 1018 1433 1019 1433 1020 1433 1020 1434 1019 1434 1021 1434 1022 1435 1023 1435 1024 1435 1020 1436 1025 1436 1026 1436 1027 1437 1028 1437 1029 1437 1029 1438 1028 1438 1020 1438 1029 1439 1020 1439 1030 1439 1030 1440 1020 1440 1021 1440 1028 1441 1031 1441 1020 1441 1020 1442 1031 1442 1032 1442 1020 1443 1032 1443 1033 1443 1020 1444 1034 1444 1035 1444 1033 1445 1036 1445 1020 1445 1020 1446 1036 1446 1037 1446 1020 1447 1037 1447 1038 1447 1039 1448 1025 1448 1024 1448 1024 1449 1025 1449 1020 1449 1024 1450 1020 1450 1022 1450 1022 1451 1020 1451 1035 1451 1022 1452 1035 1452 1040 1452 1041 1453 1018 1453 1042 1453 1042 1454 1018 1454 1020 1454 1042 1455 1020 1455 1043 1455 1043 1456 1020 1456 1026 1456 1044 1457 1045 1457 1046 1457 1047 1458 1048 1458 1049 1458 1050 1459 1051 1459 1052 1459 1053 1460 1054 1460 1055 1460 1055 1461 1054 1461 1056 1461 1057 1462 1058 1462 1059 1462 1045 1463 1060 1463 1046 1463 1046 1464 1060 1464 1061 1464 1046 1465 1061 1465 1062 1465 1052 1466 1051 1466 1046 1466 1046 1467 1051 1467 1063 1467 1046 1468 1063 1468 1044 1468 1064 1469 1065 1469 1066 1469 1066 1470 1065 1470 1067 1470 1061 1471 1068 1471 1062 1471 1062 1472 1068 1472 1069 1472 1062 1473 1069 1473 1066 1473 1066 1474 1069 1474 1070 1474 1066 1475 1070 1475 1064 1475 1058 1476 1071 1476 1059 1476 1059 1477 1071 1477 1072 1477 1059 1478 1072 1478 1073 1478 1049 1479 1048 1479 1059 1479 1059 1480 1048 1480 1074 1480 1059 1481 1074 1481 1057 1481 1050 1482 1052 1482 1075 1482 1075 1483 1052 1483 1076 1483 1075 1484 1076 1484 1077 1484 1054 1485 1078 1485 1056 1485 1056 1486 1078 1486 1079 1486 1056 1487 1079 1487 1076 1487 1076 1488 1079 1488 1080 1488 1076 1489 1080 1489 1077 1489 1072 1490 1081 1490 1073 1490 1073 1491 1081 1491 1082 1491 1073 1492 1082 1492 1055 1492 1055 1493 1082 1493 1083 1493 1055 1494 1083 1494 1053 1494 1047 1495 1049 1495 1084 1495 1084 1496 1049 1496 1085 1496 1084 1497 1085 1497 1086 1497 1065 1498 1087 1498 1067 1498 1067 1499 1087 1499 1088 1499 1067 1500 1088 1500 1085 1500 1085 1501 1088 1501 1089 1501 1085 1502 1089 1502 1086 1502 1090 1503 1091 1503 1092 1503 1093 1504 1094 1504 1095 1504 1096 1505 1097 1505 1098 1505 1099 1506 1100 1506 1101 1506 1101 1507 1100 1507 1102 1507 1103 1508 1104 1508 1105 1508 1091 1509 1106 1509 1092 1509 1092 1510 1106 1510 1107 1510 1092 1511 1107 1511 1108 1511 1098 1512 1097 1512 1092 1512 1092 1513 1097 1513 1109 1513 1092 1514 1109 1514 1090 1514 1110 1515 1111 1515 1112 1515 1112 1516 1111 1516 1113 1516 1107 1517 1114 1517 1108 1517 1108 1518 1114 1518 1115 1518 1108 1519 1115 1519 1112 1519 1112 1520 1115 1520 1116 1520 1112 1521 1116 1521 1110 1521 1104 1522 1117 1522 1105 1522 1105 1523 1117 1523 1118 1523 1105 1524 1118 1524 1119 1524 1095 1525 1094 1525 1105 1525 1105 1526 1094 1526 1120 1526 1105 1527 1120 1527 1103 1527 1096 1528 1098 1528 1121 1528 1121 1529 1098 1529 1122 1529 1121 1530 1122 1530 1123 1530 1100 1531 1124 1531 1102 1531 1102 1532 1124 1532 1125 1532 1102 1533 1125 1533 1122 1533 1122 1534 1125 1534 1126 1534 1122 1535 1126 1535 1123 1535 1118 1536 1127 1536 1119 1536 1119 1537 1127 1537 1128 1537 1119 1538 1128 1538 1101 1538 1101 1539 1128 1539 1129 1539 1101 1540 1129 1540 1099 1540 1093 1541 1095 1541 1130 1541 1130 1542 1095 1542 1131 1542 1130 1543 1131 1543 1132 1543 1111 1544 1133 1544 1113 1544 1113 1545 1133 1545 1134 1545 1113 1546 1134 1546 1131 1546 1131 1547 1134 1547 1135 1547 1131 1548 1135 1548 1132 1548 960 1549 959 1549 1136 1549 950 1550 964 1550 1137 1550 1138 1551 1139 1551 1140 1551 1140 1552 1139 1552 1141 1552 1142 1553 1143 1553 967 1553 959 1554 958 1554 1143 1554 1143 1555 958 1555 957 1555 1143 1556 957 1556 967 1556 964 1557 963 1557 1137 1557 1137 1558 963 1558 962 1558 1137 1559 962 1559 1144 1559 1144 1560 962 1560 961 1560 1137 1561 1145 1561 1146 1561 959 1562 1143 1562 1136 1562 1136 1563 1143 1563 1147 1563 1136 1564 1147 1564 1148 1564 961 1565 960 1565 1144 1565 1144 1566 960 1566 1136 1566 1144 1567 1136 1567 1149 1567 1149 1568 1136 1568 1148 1568 1149 1569 1148 1569 1150 1569 1149 1570 1151 1570 1144 1570 1144 1571 1151 1571 1152 1571 1144 1572 1152 1572 1137 1572 1137 1573 1152 1573 1153 1573 1137 1574 1153 1574 1145 1574 1154 1575 1155 1575 1156 1575 1154 1576 1156 1576 1157 1576 1156 1577 1158 1577 1157 1577 1157 1578 1158 1578 1159 1578 1157 1579 1159 1579 1160 1579 1160 1580 1159 1580 1161 1580 1145 1581 1162 1581 1146 1581 1146 1582 1162 1582 1163 1582 1146 1583 1163 1583 1154 1583 1154 1584 1163 1584 1164 1584 1154 1585 1164 1585 1155 1585 965 1586 1165 1586 966 1586 966 1587 1165 1587 1142 1587 966 1588 1142 1588 968 1588 968 1589 1142 1589 967 1589 949 1590 948 1590 1166 1590 1166 1591 948 1591 947 1591 1166 1592 947 1592 1167 1592 1167 1593 947 1593 955 1593 1167 1594 955 1594 954 1594 951 1595 1168 1595 953 1595 953 1596 1168 1596 1169 1596 953 1597 1169 1597 954 1597 954 1598 1169 1598 1140 1598 954 1599 1140 1599 1167 1599 1167 1600 1140 1600 1141 1600 1167 1601 1141 1601 1166 1601 1165 1602 1170 1602 1142 1602 1142 1603 1170 1603 1171 1603 1142 1604 1171 1604 1143 1604 1143 1605 1171 1605 1172 1605 1143 1606 1172 1606 1147 1606 1160 1607 1138 1607 1157 1607 1157 1608 1138 1608 1140 1608 1157 1609 1140 1609 1154 1609 1154 1610 1140 1610 1169 1610 1154 1611 1169 1611 1146 1611 1146 1612 1169 1612 1168 1612 1146 1613 1168 1613 1137 1613 1137 1614 1168 1614 951 1614 1137 1615 951 1615 950 1615 1173 1616 1174 1616 1175 1616 1174 1617 1176 1617 1175 1617 1175 1618 1176 1618 1177 1618 1175 1619 1177 1619 1178 1619 400 1620 398 1620 1176 1620 402 1621 400 1621 1179 1621 1179 1622 400 1622 1176 1622 1179 1623 1176 1623 1180 1623 1180 1624 1176 1624 1174 1624 409 1625 405 1625 1177 1625 1177 1626 405 1626 404 1626 1177 1627 404 1627 1178 1627 1181 1628 1182 1628 1183 1628 1183 1629 1182 1629 1184 1629 1183 1630 1184 1630 1185 1630 1186 1631 1187 1631 1188 1631 1188 1632 1187 1632 1189 1632 1189 1633 1185 1633 1188 1633 1188 1634 1185 1634 1184 1634 1188 1635 1184 1635 1190 1635 1190 1636 1184 1636 1182 1636 1191 1637 1192 1637 1193 1637 1193 1638 1192 1638 1194 1638 1181 1639 1195 1639 1182 1639 1182 1640 1195 1640 1196 1640 1182 1641 1196 1641 1194 1641 1194 1642 1196 1642 1197 1642 1194 1643 1197 1643 1193 1643 1190 1644 408 1644 1188 1644 1188 1645 408 1645 407 1645 1188 1646 407 1646 406 1646 398 1647 397 1647 1176 1647 1176 1648 397 1648 411 1648 1176 1649 411 1649 1177 1649 1177 1650 411 1650 410 1650 1177 1651 410 1651 409 1651 335 1652 334 1652 1198 1652 4 1653 333 1653 406 1653 406 1654 333 1654 335 1654 406 1655 335 1655 1188 1655 1188 1656 335 1656 1198 1656 1188 1657 1198 1657 1186 1657 1192 1658 1173 1658 1194 1658 1194 1659 1173 1659 1175 1659 1194 1660 1175 1660 1182 1660 1182 1661 1175 1661 1178 1661 1182 1662 1178 1662 1190 1662 1190 1663 1178 1663 404 1663 1190 1664 404 1664 408 1664 798 1665 797 1665 1199 1665 1200 1666 353 1666 346 1666 353 1667 1200 1667 352 1667 352 1668 1200 1668 1201 1668 352 1669 1201 1669 351 1669 351 1670 1201 1670 349 1670 349 1671 1201 1671 1199 1671 349 1672 1199 1672 347 1672 347 1673 1199 1673 350 1673 350 1674 1199 1674 797 1674 350 1675 797 1675 293 1675 13 1676 798 1676 343 1676 343 1677 798 1677 1199 1677 343 1678 1199 1678 342 1678 342 1679 1199 1679 1201 1679 342 1680 1201 1680 341 1680 341 1681 1201 1681 338 1681 336 1682 337 1682 1200 1682 1200 1683 337 1683 340 1683 1200 1684 340 1684 1201 1684 1201 1685 340 1685 339 1685 1201 1686 339 1686 338 1686 334 1687 336 1687 1202 1687 1202 1688 336 1688 1200 1688 1202 1689 1200 1689 1203 1689 1203 1690 1200 1690 346 1690 1203 1691 346 1691 345 1691 1204 1692 1205 1692 1206 1692 1207 1693 1208 1693 1206 1693 941 1694 949 1694 1166 1694 946 1695 354 1695 907 1695 907 1696 354 1696 298 1696 1209 1697 1160 1697 1210 1697 1210 1698 1160 1698 1161 1698 1210 1699 1211 1699 1209 1699 1209 1700 1211 1700 1212 1700 1209 1701 1212 1701 1213 1701 345 1702 344 1702 1214 1702 1214 1703 344 1703 1215 1703 1206 1704 1205 1704 1215 1704 1215 1705 1205 1705 1216 1705 1215 1706 1216 1706 1214 1706 938 1707 943 1707 1217 1707 1217 1708 943 1708 942 1708 1217 1709 942 1709 941 1709 939 1710 938 1710 1207 1710 939 1711 1207 1711 944 1711 944 1712 1207 1712 1206 1712 944 1713 1206 1713 945 1713 945 1714 1206 1714 1215 1714 945 1715 1215 1715 946 1715 946 1716 1215 1716 344 1716 946 1717 344 1717 354 1717 941 1718 1166 1718 1217 1718 1217 1719 1166 1719 1141 1719 1217 1720 1141 1720 1213 1720 1213 1721 1141 1721 1139 1721 1213 1722 1139 1722 1209 1722 1209 1723 1139 1723 1138 1723 1209 1724 1138 1724 1160 1724 1211 1725 1218 1725 1212 1725 1212 1726 1218 1726 1219 1726 1212 1727 1219 1727 1220 1727 938 1728 1217 1728 1207 1728 1207 1729 1217 1729 1213 1729 1207 1730 1213 1730 1208 1730 1208 1731 1213 1731 1212 1731 1208 1732 1212 1732 1206 1732 1206 1733 1212 1733 1220 1733 1206 1734 1220 1734 1204 1734 1221 1735 1222 1735 1223 1735 403 1736 402 1736 1179 1736 1224 1737 1225 1737 1226 1737 1226 1738 1225 1738 1227 1738 1226 1739 1227 1739 1228 1739 1228 1740 1227 1740 1229 1740 1223 1741 1230 1741 1229 1741 1231 1742 1232 1742 1233 1742 1234 1743 1235 1743 1236 1743 1236 1744 1235 1744 1237 1744 1236 1745 1237 1745 1233 1745 1233 1746 1237 1746 1238 1746 1233 1747 1238 1747 1231 1747 1234 1748 1236 1748 1239 1748 1239 1749 1236 1749 1192 1749 1239 1750 1192 1750 1191 1750 1240 1751 382 1751 380 1751 1241 1752 380 1752 379 1752 379 1753 389 1753 1241 1753 1241 1754 389 1754 388 1754 1241 1755 388 1755 1225 1755 1229 1756 1227 1756 1223 1756 1223 1757 1227 1757 384 1757 1223 1758 384 1758 383 1758 388 1759 387 1759 1225 1759 1225 1760 387 1760 386 1760 1225 1761 386 1761 1227 1761 1227 1762 386 1762 385 1762 1227 1763 385 1763 384 1763 393 1764 1242 1764 1221 1764 1221 1765 1242 1765 1243 1765 1221 1766 1243 1766 1222 1766 380 1767 1241 1767 1240 1767 1240 1768 1241 1768 1244 1768 1240 1769 1244 1769 1245 1769 1224 1770 1246 1770 1225 1770 1225 1771 1246 1771 1247 1771 1225 1772 1247 1772 1241 1772 1241 1773 1247 1773 1248 1773 1241 1774 1248 1774 1244 1774 393 1775 391 1775 1242 1775 1242 1776 391 1776 390 1776 1242 1777 390 1777 403 1777 383 1778 396 1778 1223 1778 1223 1779 396 1779 395 1779 1223 1780 395 1780 1221 1780 1221 1781 395 1781 394 1781 1221 1782 394 1782 393 1782 403 1783 1179 1783 1242 1783 1242 1784 1179 1784 1180 1784 1242 1785 1180 1785 1243 1785 1243 1786 1180 1786 1174 1786 1243 1787 1174 1787 1173 1787 1230 1788 1223 1788 1232 1788 1232 1789 1223 1789 1222 1789 1232 1790 1222 1790 1233 1790 1233 1791 1222 1791 1243 1791 1233 1792 1243 1792 1236 1792 1236 1793 1243 1793 1173 1793 1236 1794 1173 1794 1192 1794 1240 1795 1245 1795 1249 1795 1250 1796 1251 1796 1252 1796 382 1797 1240 1797 376 1797 376 1798 1240 1798 1249 1798 376 1799 1249 1799 377 1799 377 1800 1249 1800 1253 1800 377 1801 1253 1801 373 1801 373 1802 1253 1802 1254 1802 373 1803 1254 1803 374 1803 374 1804 1254 1804 1255 1804 374 1805 1255 1805 429 1805 429 1806 1255 1806 1250 1806 429 1807 1250 1807 430 1807 430 1808 1250 1808 1252 1808 430 1809 1252 1809 431 1809 1256 1810 1252 1810 1251 1810 1257 1811 1258 1811 1259 1811 1260 1812 1261 1812 1262 1812 416 1813 420 1813 1263 1813 1264 1814 1263 1814 1265 1814 1265 1815 1263 1815 1266 1815 1265 1816 1266 1816 1267 1816 1268 1817 1269 1817 1264 1817 1264 1818 1269 1818 1270 1818 1264 1819 1270 1819 1263 1819 1263 1820 1270 1820 1271 1820 1263 1821 1271 1821 416 1821 416 1822 1271 1822 417 1822 1266 1823 422 1823 421 1823 1267 1824 1266 1824 1272 1824 1272 1825 1266 1825 421 1825 1272 1826 421 1826 428 1826 437 1827 436 1827 1273 1827 1273 1828 436 1828 435 1828 1273 1829 435 1829 1274 1829 1274 1830 435 1830 434 1830 1274 1831 434 1831 1256 1831 1275 1832 438 1832 437 1832 427 1833 426 1833 1275 1833 1275 1834 426 1834 425 1834 1275 1835 425 1835 438 1835 1276 1836 1277 1836 1273 1836 437 1837 1273 1837 1275 1837 1275 1838 1273 1838 1277 1838 1275 1839 1277 1839 1278 1839 1278 1840 1279 1840 1275 1840 1275 1841 1279 1841 1272 1841 1275 1842 1272 1842 427 1842 427 1843 1272 1843 428 1843 1280 1844 1258 1844 1262 1844 1262 1845 1258 1845 1257 1845 1262 1846 1257 1846 1260 1846 1260 1847 1257 1847 1281 1847 1282 1848 1283 1848 1284 1848 1284 1849 1283 1849 1285 1849 1284 1850 1285 1850 1259 1850 1259 1851 1285 1851 1286 1851 1259 1852 1286 1852 1257 1852 1257 1853 1286 1853 1287 1853 1257 1854 1287 1854 1281 1854 431 1855 1252 1855 432 1855 432 1856 1252 1856 1256 1856 432 1857 1256 1857 433 1857 433 1858 1256 1858 434 1858 420 1859 419 1859 1263 1859 1263 1860 419 1860 424 1860 1263 1861 424 1861 1266 1861 1266 1862 424 1862 423 1862 1266 1863 423 1863 422 1863 1251 1864 1288 1864 1256 1864 1256 1865 1288 1865 1289 1865 1256 1866 1289 1866 1274 1866 1274 1867 1289 1867 1290 1867 1274 1868 1290 1868 1273 1868 1273 1869 1290 1869 1291 1869 1273 1870 1291 1870 1276 1870 1279 1871 1292 1871 1272 1871 1272 1872 1292 1872 1282 1872 1272 1873 1282 1873 1267 1873 1267 1874 1282 1874 1284 1874 1267 1875 1284 1875 1265 1875 1265 1876 1284 1876 1259 1876 1265 1877 1259 1877 1264 1877 1264 1878 1259 1878 1258 1878 1264 1879 1258 1879 1268 1879 1268 1880 1258 1880 1280 1880 1293 1881 1294 1881 1295 1881 1293 1882 1295 1882 1296 1882 1297 1883 1298 1883 1299 1883 1299 1884 1298 1884 1300 1884 1301 1885 1302 1885 1303 1885 1303 1886 1302 1886 1304 1886 1303 1887 1304 1887 1305 1887 83 1888 368 1888 510 1888 510 1889 368 1889 369 1889 510 1890 369 1890 1295 1890 505 1891 503 1891 1294 1891 1294 1892 503 1892 502 1892 1294 1893 502 1893 1295 1893 1295 1894 502 1894 511 1894 1295 1895 511 1895 510 1895 359 1896 1301 1896 360 1896 360 1897 1301 1897 1303 1897 360 1898 1303 1898 355 1898 356 1899 355 1899 1306 1899 1306 1900 355 1900 1303 1900 1306 1901 1303 1901 1300 1901 1300 1902 1303 1902 1305 1902 1300 1903 1305 1903 1299 1903 369 1904 356 1904 1295 1904 1295 1905 356 1905 1306 1905 1295 1906 1306 1906 1296 1906 1296 1907 1306 1907 1300 1907 1296 1908 1300 1908 1307 1908 1307 1909 1300 1909 1298 1909 366 1910 367 1910 1308 1910 806 1911 807 1911 1309 1911 446 1912 1310 1912 447 1912 447 1913 1310 1913 1311 1913 447 1914 1311 1914 456 1914 456 1915 1311 1915 455 1915 450 1916 454 1916 1312 1916 1312 1917 454 1917 455 1917 448 1918 450 1918 1309 1918 448 1919 1309 1919 451 1919 451 1920 1309 1920 807 1920 451 1921 807 1921 33 1921 806 1922 1309 1922 785 1922 785 1923 1309 1923 1313 1923 785 1924 1313 1924 778 1924 778 1925 1313 1925 779 1925 779 1926 1313 1926 1314 1926 779 1927 1314 1927 790 1927 1308 1928 802 1928 801 1928 1308 1929 801 1929 1315 1929 801 1930 800 1930 1315 1930 1315 1931 800 1931 792 1931 1315 1932 792 1932 1314 1932 1314 1933 792 1933 791 1933 1314 1934 791 1934 790 1934 802 1935 1308 1935 803 1935 803 1936 1308 1936 367 1936 803 1937 367 1937 89 1937 1316 1938 364 1938 363 1938 358 1939 361 1939 1317 1939 1317 1940 361 1940 365 1940 359 1941 358 1941 1318 1941 1318 1942 358 1942 1317 1942 1318 1943 1317 1943 1319 1943 1319 1944 1317 1944 1320 1944 1319 1945 1320 1945 1321 1945 1310 1946 1322 1946 1311 1946 1311 1947 1322 1947 1323 1947 1311 1948 1323 1948 1324 1948 1324 1949 1323 1949 1325 1949 1324 1950 1325 1950 1326 1950 1326 1951 1325 1951 1327 1951 1326 1952 1327 1952 1320 1952 1320 1953 1327 1953 1328 1953 1320 1954 1328 1954 1321 1954 450 1955 1312 1955 1309 1955 1309 1956 1312 1956 1329 1956 1309 1957 1329 1957 1313 1957 1313 1958 1329 1958 1330 1958 1313 1959 1330 1959 1314 1959 1314 1960 1330 1960 1331 1960 1314 1961 1331 1961 1315 1961 1315 1962 1331 1962 1316 1962 1315 1963 1316 1963 1308 1963 1308 1964 1316 1964 363 1964 1308 1965 363 1965 366 1965 455 1966 1311 1966 1312 1966 1312 1967 1311 1967 1324 1967 1312 1968 1324 1968 1329 1968 1329 1969 1324 1969 1326 1969 1329 1970 1326 1970 1330 1970 1330 1971 1326 1971 1320 1971 1330 1972 1320 1972 1331 1972 1331 1973 1320 1973 1317 1973 1331 1974 1317 1974 1316 1974 1316 1975 1317 1975 365 1975 1316 1976 365 1976 364 1976 1262 1977 1261 1977 1332 1977 1268 1978 1280 1978 1333 1978 445 1979 460 1979 1334 1979 1334 1980 460 1980 1335 1980 1334 1981 1335 1981 1333 1981 415 1982 414 1982 1336 1982 1336 1983 414 1983 413 1983 1336 1984 413 1984 418 1984 446 1985 445 1985 1337 1985 1337 1986 445 1986 1334 1986 1337 1987 1334 1987 1338 1987 1338 1988 1334 1988 1339 1988 1339 1989 1334 1989 1340 1989 1340 1990 1334 1990 1333 1990 1340 1991 1333 1991 1332 1991 1332 1992 1333 1992 1280 1992 1332 1993 1280 1993 1262 1993 460 1994 459 1994 1335 1994 1335 1995 459 1995 458 1995 1335 1996 458 1996 1336 1996 1336 1997 458 1997 461 1997 1336 1998 461 1998 415 1998 415 1999 461 1999 452 1999 415 2000 452 2000 40 2000 1268 2001 1333 2001 1269 2001 1269 2002 1333 2002 1335 2002 1269 2003 1335 2003 1270 2003 1270 2004 1335 2004 1336 2004 1270 2005 1336 2005 1271 2005 1271 2006 1336 2006 418 2006 1271 2007 418 2007 417 2007 1307 2008 1298 2008 1341 2008 492 2009 491 2009 1342 2009 1343 2010 493 2010 492 2010 1342 2011 491 2011 1344 2011 496 2012 1345 2012 1346 2012 491 2013 490 2013 1344 2013 1344 2014 490 2014 489 2014 1344 2015 489 2015 1347 2015 1347 2016 489 2016 488 2016 1347 2017 488 2017 486 2017 486 2018 485 2018 1346 2018 1346 2019 485 2019 495 2019 1346 2020 495 2020 496 2020 1348 2021 1349 2021 1350 2021 1350 2022 1349 2022 1351 2022 1350 2023 1351 2023 1352 2023 1352 2024 1351 2024 1353 2024 1298 2025 1297 2025 1341 2025 1341 2026 1297 2026 1354 2026 1341 2027 1354 2027 1355 2027 1355 2028 1354 2028 1356 2028 492 2029 1342 2029 1343 2029 1343 2030 1342 2030 1357 2030 1343 2031 1357 2031 1358 2031 1359 2032 1360 2032 1347 2032 1347 2033 1360 2033 1361 2033 1347 2034 1361 2034 1344 2034 1344 2035 1361 2035 1362 2035 1344 2036 1362 2036 1342 2036 1342 2037 1362 2037 1363 2037 1342 2038 1363 2038 1357 2038 486 2039 1346 2039 1347 2039 1347 2040 1346 2040 1364 2040 1347 2041 1364 2041 1359 2041 1352 2042 509 2042 1350 2042 1350 2043 509 2043 508 2043 1350 2044 508 2044 1348 2044 1348 2045 508 2045 507 2045 1348 2046 507 2046 506 2046 1296 2047 1349 2047 1293 2047 1293 2048 1349 2048 1348 2048 1293 2049 1348 2049 1294 2049 1294 2050 1348 2050 506 2050 1294 2051 506 2051 505 2051 496 2052 501 2052 1345 2052 1345 2053 501 2053 500 2053 1345 2054 500 2054 1353 2054 1353 2055 500 2055 498 2055 1353 2056 498 2056 1352 2056 1352 2057 498 2057 497 2057 1352 2058 497 2058 509 2058 1353 2059 1365 2059 1345 2059 1345 2060 1365 2060 1366 2060 1345 2061 1366 2061 1346 2061 1346 2062 1366 2062 1367 2062 1346 2063 1367 2063 1364 2063 1368 2064 1365 2064 1369 2064 1369 2065 1365 2065 1353 2065 1369 2066 1353 2066 1370 2066 1370 2067 1353 2067 1351 2067 1370 2068 1351 2068 1355 2068 1355 2069 1351 2069 1349 2069 1355 2070 1349 2070 1341 2070 1341 2071 1349 2071 1296 2071 1341 2072 1296 2072 1307 2072 1356 2073 1371 2073 1355 2073 1355 2074 1371 2074 1372 2074 1355 2075 1372 2075 1370 2075 1370 2076 1372 2076 1373 2076 1370 2077 1373 2077 1369 2077 1369 2078 1373 2078 1374 2078 1369 2079 1374 2079 1368 2079 1343 2080 1358 2080 1375 2080 493 2081 1343 2081 552 2081 552 2082 1343 2082 1375 2082 552 2083 1375 2083 553 2083 1376 2084 1377 2084 1378 2084 553 2085 1375 2085 554 2085 554 2086 1375 2086 1379 2086 554 2087 1379 2087 550 2087 550 2088 1379 2088 1380 2088 550 2089 1380 2089 551 2089 551 2090 1380 2090 1381 2090 551 2091 1381 2091 548 2091 548 2092 1381 2092 1382 2092 548 2093 1382 2093 546 2093 546 2094 1382 2094 1376 2094 546 2095 1376 2095 543 2095 543 2096 1376 2096 1378 2096 543 2097 1378 2097 540 2097 1383 2098 1384 2098 1385 2098 523 2099 531 2099 1386 2099 1387 2100 1388 2100 1389 2100 1389 2101 1388 2101 1390 2101 524 2102 523 2102 1391 2102 1391 2103 523 2103 1386 2103 1391 2104 1386 2104 1390 2104 1392 2105 1393 2105 532 2105 537 2106 536 2106 1385 2106 1385 2107 536 2107 535 2107 1385 2108 535 2108 1393 2108 1393 2109 535 2109 533 2109 1393 2110 533 2110 532 2110 538 2111 537 2111 1394 2111 1390 2112 1386 2112 1389 2112 1389 2113 1386 2113 1395 2113 1389 2114 1395 2114 1396 2114 1396 2115 1395 2115 526 2115 1396 2116 526 2116 1394 2116 1394 2117 526 2117 539 2117 1394 2118 539 2118 538 2118 537 2119 1385 2119 1394 2119 1394 2120 1385 2120 1384 2120 1394 2121 1384 2121 1397 2121 1398 2122 1399 2122 1400 2122 1400 2123 1399 2123 1401 2123 1400 2124 1401 2124 1402 2124 1403 2125 1404 2125 1405 2125 1405 2126 1404 2126 1406 2126 1405 2127 1406 2127 1401 2127 1401 2128 1406 2128 1407 2128 1401 2129 1407 2129 1402 2129 532 2130 545 2130 1392 2130 1392 2131 545 2131 542 2131 1392 2132 542 2132 541 2132 531 2133 530 2133 1386 2133 1386 2134 530 2134 529 2134 1386 2135 529 2135 1395 2135 1395 2136 529 2136 527 2136 1395 2137 527 2137 526 2137 1377 2138 1392 2138 1378 2138 1378 2139 1392 2139 541 2139 1378 2140 541 2140 540 2140 1377 2141 1408 2141 1392 2141 1392 2142 1408 2142 1409 2142 1392 2143 1409 2143 1393 2143 1393 2144 1409 2144 1410 2144 1393 2145 1410 2145 1385 2145 1385 2146 1410 2146 1411 2146 1385 2147 1411 2147 1383 2147 1397 2148 1412 2148 1394 2148 1394 2149 1412 2149 1403 2149 1394 2150 1403 2150 1396 2150 1396 2151 1403 2151 1405 2151 1396 2152 1405 2152 1389 2152 1389 2153 1405 2153 1401 2153 1389 2154 1401 2154 1387 2154 1387 2155 1401 2155 1399 2155 1413 2156 1414 2156 1415 2156 1414 2157 1416 2157 1415 2157 1415 2158 1416 2158 1417 2158 1415 2159 1417 2159 1418 2159 1419 2160 609 2160 607 2160 1414 2161 1420 2161 1416 2161 1416 2162 1420 2162 1419 2162 1416 2163 1419 2163 605 2163 605 2164 1419 2164 607 2164 616 2165 612 2165 1417 2165 1417 2166 612 2166 611 2166 1417 2167 611 2167 1418 2167 1421 2168 1422 2168 1423 2168 1424 2169 1425 2169 1426 2169 1426 2170 1425 2170 1427 2170 1426 2171 1427 2171 1428 2171 1428 2172 1427 2172 1429 2172 1423 2173 1429 2173 1421 2173 1421 2174 1429 2174 1427 2174 1421 2175 1427 2175 1430 2175 1430 2176 1427 2176 1425 2176 1431 2177 1432 2177 1433 2177 1433 2178 1432 2178 1434 2178 1424 2179 1435 2179 1425 2179 1425 2180 1435 2180 1436 2180 1425 2181 1436 2181 1434 2181 1434 2182 1436 2182 1437 2182 1434 2183 1437 2183 1433 2183 1430 2184 615 2184 1421 2184 1421 2185 615 2185 614 2185 1421 2186 614 2186 613 2186 605 2187 604 2187 1416 2187 1416 2188 604 2188 618 2188 1416 2189 618 2189 1417 2189 1417 2190 618 2190 617 2190 1417 2191 617 2191 616 2191 477 2192 476 2192 1438 2192 141 2193 479 2193 613 2193 613 2194 479 2194 477 2194 613 2195 477 2195 1421 2195 1421 2196 477 2196 1438 2196 1421 2197 1438 2197 1422 2197 1432 2198 1413 2198 1434 2198 1434 2199 1413 2199 1415 2199 1434 2200 1415 2200 1425 2200 1425 2201 1415 2201 1418 2201 1425 2202 1418 2202 1430 2202 1430 2203 1418 2203 611 2203 1430 2204 611 2204 615 2204 464 2205 466 2205 1439 2205 799 2206 1440 2206 788 2206 788 2207 1440 2207 474 2207 788 2208 474 2208 145 2208 1441 2209 483 2209 1440 2209 1440 2210 483 2210 475 2210 1440 2211 475 2211 474 2211 478 2212 480 2212 1442 2212 1442 2213 480 2213 481 2213 1442 2214 481 2214 1441 2214 1441 2215 481 2215 482 2215 1441 2216 482 2216 483 2216 1439 2217 476 2217 478 2217 478 2218 1442 2218 1439 2218 1439 2219 1442 2219 462 2219 1439 2220 462 2220 464 2220 470 2221 469 2221 1441 2221 1441 2222 469 2222 468 2222 1441 2223 468 2223 1442 2223 1442 2224 468 2224 467 2224 1442 2225 467 2225 462 2225 470 2226 1441 2226 471 2226 471 2227 1441 2227 1440 2227 471 2228 1440 2228 472 2228 472 2229 1440 2229 799 2229 472 2230 799 2230 58 2230 1443 2231 1444 2231 1445 2231 1390 2232 1388 2232 1446 2232 1447 2233 463 2233 65 2233 65 2234 484 2234 1447 2234 1447 2235 484 2235 519 2235 1447 2236 519 2236 1448 2236 1448 2237 519 2237 518 2237 1449 2238 513 2238 1450 2238 1450 2239 513 2239 522 2239 1444 2240 1451 2240 1445 2240 1445 2241 1451 2241 1452 2241 1445 2242 1452 2242 1453 2242 1447 2243 1454 2243 1455 2243 1455 2244 466 2244 1447 2244 1447 2245 466 2245 465 2245 1447 2246 465 2246 463 2246 1452 2247 1456 2247 1453 2247 1453 2248 1456 2248 1457 2248 1453 2249 1457 2249 1458 2249 1457 2250 1459 2250 1458 2250 1458 2251 1459 2251 1460 2251 1458 2252 1460 2252 1461 2252 524 2253 1391 2253 520 2253 520 2254 1391 2254 1450 2254 520 2255 1450 2255 521 2255 521 2256 1450 2256 522 2256 516 2257 515 2257 1449 2257 1449 2258 515 2258 514 2258 1449 2259 514 2259 513 2259 1391 2260 1390 2260 1450 2260 1450 2261 1390 2261 1446 2261 1450 2262 1446 2262 1449 2262 1449 2263 1446 2263 1462 2263 1449 2264 1462 2264 516 2264 516 2265 1462 2265 1448 2265 516 2266 1448 2266 517 2266 517 2267 1448 2267 518 2267 1398 2268 1443 2268 1399 2268 1399 2269 1443 2269 1445 2269 1399 2270 1445 2270 1387 2270 1387 2271 1445 2271 1388 2271 1388 2272 1445 2272 1446 2272 1446 2273 1445 2273 1453 2273 1446 2274 1453 2274 1462 2274 1462 2275 1453 2275 1458 2275 1462 2276 1458 2276 1448 2276 1448 2277 1458 2277 1461 2277 1448 2278 1461 2278 1447 2278 1447 2279 1461 2279 1463 2279 1447 2280 1463 2280 1454 2280 1464 2281 1465 2281 1466 2281 610 2282 609 2282 1419 2282 1467 2283 1468 2283 1469 2283 586 2284 1470 2284 587 2284 587 2285 1470 2285 1469 2285 587 2286 1469 2286 589 2286 586 2287 596 2287 1470 2287 1470 2288 596 2288 595 2288 1470 2289 595 2289 1471 2289 595 2290 594 2290 1471 2290 1471 2291 594 2291 593 2291 1471 2292 593 2292 1472 2292 1472 2293 593 2293 592 2293 1472 2294 592 2294 591 2294 600 2295 1473 2295 1464 2295 1464 2296 1473 2296 1474 2296 1464 2297 1474 2297 1465 2297 1431 2298 1475 2298 1432 2298 1432 2299 1475 2299 1476 2299 1432 2300 1476 2300 1413 2300 1467 2301 1469 2301 1477 2301 1477 2302 1469 2302 1470 2302 1477 2303 1470 2303 1478 2303 1478 2304 1470 2304 1471 2304 1478 2305 1471 2305 1479 2305 1480 2306 1472 2306 1466 2306 1466 2307 1472 2307 591 2307 1466 2308 591 2308 590 2308 1480 2309 1481 2309 1472 2309 1472 2310 1481 2310 1482 2310 1472 2311 1482 2311 1471 2311 1471 2312 1482 2312 1483 2312 1471 2313 1483 2313 1479 2313 600 2314 598 2314 1473 2314 1473 2315 598 2315 597 2315 1473 2316 597 2316 610 2316 590 2317 603 2317 1466 2317 1466 2318 603 2318 602 2318 1466 2319 602 2319 1464 2319 1464 2320 602 2320 601 2320 1464 2321 601 2321 600 2321 610 2322 1419 2322 1473 2322 1473 2323 1419 2323 1420 2323 1473 2324 1420 2324 1474 2324 1474 2325 1420 2325 1414 2325 1474 2326 1414 2326 1413 2326 1475 2327 1484 2327 1476 2327 1476 2328 1484 2328 1485 2328 1476 2329 1485 2329 1486 2329 1486 2330 1485 2330 1487 2330 1486 2331 1487 2331 1488 2331 1413 2332 1476 2332 1474 2332 1474 2333 1476 2333 1486 2333 1474 2334 1486 2334 1465 2334 1465 2335 1486 2335 1488 2335 1465 2336 1488 2336 1466 2336 1466 2337 1488 2337 1489 2337 1466 2338 1489 2338 1480 2338 658 2339 589 2339 1490 2339 1490 2340 589 2340 1469 2340 1490 2341 1469 2341 1468 2341 658 2342 1490 2342 656 2342 656 2343 1490 2343 1491 2343 656 2344 1491 2344 655 2344 1492 2345 1493 2345 1494 2345 1491 2346 1495 2346 655 2346 655 2347 1495 2347 1496 2347 655 2348 1496 2348 653 2348 653 2349 1496 2349 1492 2349 653 2350 1492 2350 652 2350 652 2351 1492 2351 1494 2351 652 2352 1494 2352 650 2352 639 2353 650 2353 1494 2353 1497 2354 1498 2354 1499 2354 630 2355 638 2355 1500 2355 1501 2356 1502 2356 1503 2356 1503 2357 1502 2357 1504 2357 631 2358 630 2358 1505 2358 1505 2359 630 2359 1500 2359 1505 2360 1500 2360 1504 2360 647 2361 646 2361 1499 2361 1499 2362 646 2362 645 2362 1499 2363 645 2363 1506 2363 648 2364 647 2364 1507 2364 1504 2365 1500 2365 1503 2365 1503 2366 1500 2366 1508 2366 1503 2367 1508 2367 1509 2367 1509 2368 1508 2368 633 2368 1509 2369 633 2369 1507 2369 1507 2370 633 2370 649 2370 1507 2371 649 2371 648 2371 647 2372 1499 2372 1507 2372 1507 2373 1499 2373 1498 2373 1507 2374 1498 2374 1510 2374 1511 2375 1512 2375 1513 2375 1513 2376 1512 2376 1514 2376 1513 2377 1514 2377 1515 2377 1516 2378 1517 2378 1518 2378 1518 2379 1517 2379 1519 2379 1518 2380 1519 2380 1514 2380 1514 2381 1519 2381 1520 2381 1514 2382 1520 2382 1515 2382 645 2383 644 2383 1506 2383 1506 2384 644 2384 643 2384 1506 2385 643 2385 1521 2385 1521 2386 643 2386 642 2386 1521 2387 642 2387 640 2387 638 2388 637 2388 1500 2388 1500 2389 637 2389 636 2389 1500 2390 636 2390 1508 2390 1508 2391 636 2391 634 2391 1508 2392 634 2392 633 2392 1493 2393 1521 2393 1494 2393 1494 2394 1521 2394 640 2394 1494 2395 640 2395 639 2395 1493 2396 1522 2396 1521 2396 1521 2397 1522 2397 1523 2397 1521 2398 1523 2398 1506 2398 1506 2399 1523 2399 1524 2399 1506 2400 1524 2400 1499 2400 1499 2401 1524 2401 1525 2401 1499 2402 1525 2402 1497 2402 1510 2403 1526 2403 1507 2403 1507 2404 1526 2404 1516 2404 1507 2405 1516 2405 1509 2405 1509 2406 1516 2406 1518 2406 1509 2407 1518 2407 1503 2407 1503 2408 1518 2408 1514 2408 1503 2409 1514 2409 1501 2409 1501 2410 1514 2410 1512 2410 1527 2411 1528 2411 1529 2411 1530 2412 1531 2412 1532 2412 1533 2413 1534 2413 1535 2413 1533 2414 1535 2414 1531 2414 1531 2415 1535 2415 1532 2415 1532 2416 1535 2416 1536 2416 1532 2417 1536 2417 1537 2417 710 2418 1535 2418 712 2418 712 2419 1535 2419 1534 2419 712 2420 1534 2420 714 2420 721 2421 717 2421 1536 2421 1536 2422 717 2422 716 2422 1536 2423 716 2423 1537 2423 1538 2424 1539 2424 1540 2424 1540 2425 1539 2425 1541 2425 1542 2426 1543 2426 1541 2426 1541 2427 1543 2427 1544 2427 1541 2428 1544 2428 1540 2428 1528 2429 1542 2429 1529 2429 1529 2430 1542 2430 1541 2430 1529 2431 1541 2431 1545 2431 1545 2432 1541 2432 1539 2432 1546 2433 1547 2433 1548 2433 1548 2434 1547 2434 1549 2434 1538 2435 1550 2435 1539 2435 1539 2436 1550 2436 1551 2436 1539 2437 1551 2437 1549 2437 1549 2438 1551 2438 1552 2438 1549 2439 1552 2439 1548 2439 1545 2440 720 2440 1529 2440 1529 2441 720 2441 719 2441 1529 2442 719 2442 718 2442 710 2443 709 2443 1535 2443 1535 2444 709 2444 723 2444 1535 2445 723 2445 1536 2445 1536 2446 723 2446 722 2446 1536 2447 722 2447 721 2447 576 2448 575 2448 1553 2448 167 2449 574 2449 718 2449 718 2450 574 2450 576 2450 718 2451 576 2451 1529 2451 1529 2452 576 2452 1553 2452 1529 2453 1553 2453 1527 2453 1547 2454 1530 2454 1549 2454 1549 2455 1530 2455 1532 2455 1549 2456 1532 2456 1539 2456 1539 2457 1532 2457 1537 2457 1539 2458 1537 2458 1545 2458 1545 2459 1537 2459 716 2459 1545 2460 716 2460 720 2460 578 2461 581 2461 1554 2461 584 2462 1555 2462 583 2462 583 2463 1555 2463 1556 2463 581 2464 580 2464 1556 2464 580 2465 579 2465 1556 2465 1556 2466 579 2466 582 2466 1556 2467 582 2467 583 2467 575 2468 577 2468 1557 2468 1557 2469 577 2469 578 2469 1554 2470 570 2470 567 2470 578 2471 1554 2471 1557 2471 1557 2472 1554 2472 567 2472 1557 2473 567 2473 566 2473 581 2474 1556 2474 1554 2474 1554 2475 1556 2475 571 2475 1554 2476 571 2476 570 2476 573 2477 563 2477 1555 2477 1555 2478 563 2478 565 2478 1555 2479 565 2479 1556 2479 1556 2480 565 2480 572 2480 1556 2481 572 2481 571 2481 112 2482 573 2482 808 2482 808 2483 573 2483 1555 2483 808 2484 1555 2484 795 2484 795 2485 1555 2485 584 2485 795 2486 584 2486 203 2486 1558 2487 1559 2487 1560 2487 1504 2488 1502 2488 1561 2488 625 2489 1562 2489 626 2489 626 2490 1562 2490 1563 2490 626 2491 1563 2491 585 2491 620 2492 1564 2492 1565 2492 1559 2493 1566 2493 1560 2493 1560 2494 1566 2494 1567 2494 1560 2495 1567 2495 1568 2495 1563 2496 1569 2496 1570 2496 121 2497 585 2497 569 2497 569 2498 585 2498 1563 2498 569 2499 1563 2499 568 2499 568 2500 1563 2500 1570 2500 568 2501 1570 2501 566 2501 1567 2502 1571 2502 1568 2502 1568 2503 1571 2503 1572 2503 1568 2504 1572 2504 1573 2504 1573 2505 1572 2505 1574 2505 1573 2506 1574 2506 1575 2506 620 2507 629 2507 1564 2507 1564 2508 629 2508 628 2508 1564 2509 628 2509 1505 2509 1505 2510 628 2510 627 2510 1505 2511 627 2511 631 2511 623 2512 622 2512 1565 2512 1565 2513 622 2513 621 2513 1565 2514 621 2514 620 2514 1505 2515 1504 2515 1564 2515 1564 2516 1504 2516 1561 2516 1564 2517 1561 2517 1565 2517 1565 2518 1561 2518 1576 2518 1565 2519 1576 2519 623 2519 623 2520 1576 2520 1562 2520 623 2521 1562 2521 624 2521 624 2522 1562 2522 625 2522 1511 2523 1558 2523 1512 2523 1512 2524 1558 2524 1560 2524 1512 2525 1560 2525 1501 2525 1501 2526 1560 2526 1502 2526 1502 2527 1560 2527 1561 2527 1561 2528 1560 2528 1568 2528 1561 2529 1568 2529 1576 2529 1576 2530 1568 2530 1573 2530 1576 2531 1573 2531 1562 2531 1562 2532 1573 2532 1575 2532 1562 2533 1575 2533 1563 2533 1563 2534 1575 2534 1577 2534 1563 2535 1577 2535 1569 2535 1578 2536 1579 2536 1580 2536 715 2537 714 2537 1534 2537 1581 2538 1582 2538 1583 2538 692 2539 1584 2539 693 2539 693 2540 1584 2540 1583 2540 693 2541 1583 2541 752 2541 692 2542 701 2542 1584 2542 1584 2543 701 2543 700 2543 1584 2544 700 2544 1585 2544 700 2545 699 2545 1585 2545 1585 2546 699 2546 698 2546 1585 2547 698 2547 1586 2547 1586 2548 698 2548 697 2548 1586 2549 697 2549 695 2549 705 2550 1587 2550 1578 2550 1578 2551 1587 2551 1588 2551 1578 2552 1588 2552 1579 2552 1546 2553 1589 2553 1547 2553 1547 2554 1589 2554 1590 2554 1547 2555 1590 2555 1530 2555 1581 2556 1583 2556 1591 2556 1591 2557 1583 2557 1584 2557 1591 2558 1584 2558 1592 2558 1592 2559 1584 2559 1585 2559 1592 2560 1585 2560 1593 2560 1594 2561 1586 2561 1580 2561 1580 2562 1586 2562 695 2562 1580 2563 695 2563 694 2563 1594 2564 1595 2564 1586 2564 1586 2565 1595 2565 1596 2565 1586 2566 1596 2566 1585 2566 1585 2567 1596 2567 1597 2567 1585 2568 1597 2568 1593 2568 705 2569 703 2569 1587 2569 1587 2570 703 2570 702 2570 1587 2571 702 2571 715 2571 694 2572 708 2572 1580 2572 1580 2573 708 2573 707 2573 1580 2574 707 2574 1578 2574 1578 2575 707 2575 706 2575 1578 2576 706 2576 705 2576 715 2577 1534 2577 1587 2577 1587 2578 1534 2578 1533 2578 1587 2579 1533 2579 1588 2579 1588 2580 1533 2580 1531 2580 1588 2581 1531 2581 1530 2581 1589 2582 1598 2582 1590 2582 1590 2583 1598 2583 1599 2583 1590 2584 1599 2584 1600 2584 1600 2585 1599 2585 1601 2585 1600 2586 1601 2586 1602 2586 1530 2587 1590 2587 1588 2587 1588 2588 1590 2588 1600 2588 1588 2589 1600 2589 1579 2589 1579 2590 1600 2590 1602 2590 1579 2591 1602 2591 1580 2591 1580 2592 1602 2592 1603 2592 1580 2593 1603 2593 1594 2593 753 2594 752 2594 1604 2594 1604 2595 752 2595 1583 2595 1604 2596 1583 2596 1582 2596 753 2597 1604 2597 751 2597 751 2598 1604 2598 1605 2598 751 2599 1605 2599 685 2599 685 2600 1605 2600 1606 2600 685 2601 1606 2601 686 2601 686 2602 1606 2602 1607 2602 686 2603 1607 2603 688 2603 1608 2604 1609 2604 1610 2604 688 2605 1607 2605 689 2605 689 2606 1607 2606 1611 2606 689 2607 1611 2607 741 2607 741 2608 1611 2608 1608 2608 741 2609 1608 2609 742 2609 742 2610 1608 2610 1610 2610 742 2611 1610 2611 743 2611 1612 2612 1610 2612 1609 2612 1613 2613 1614 2613 1615 2613 1616 2614 1617 2614 1618 2614 728 2615 732 2615 1619 2615 1620 2616 1619 2616 1621 2616 1621 2617 1619 2617 1622 2617 1621 2618 1622 2618 1623 2618 1624 2619 1625 2619 1620 2619 1620 2620 1625 2620 1626 2620 1620 2621 1626 2621 1619 2621 1619 2622 1626 2622 1627 2622 1619 2623 1627 2623 728 2623 728 2624 1627 2624 729 2624 1622 2625 734 2625 733 2625 1623 2626 1622 2626 1628 2626 1628 2627 1622 2627 733 2627 1628 2628 733 2628 740 2628 749 2629 748 2629 1629 2629 1629 2630 748 2630 745 2630 1629 2631 745 2631 1630 2631 1630 2632 745 2632 746 2632 1630 2633 746 2633 1612 2633 1631 2634 750 2634 749 2634 739 2635 738 2635 1631 2635 1631 2636 738 2636 737 2636 1631 2637 737 2637 750 2637 1632 2638 1633 2638 1629 2638 749 2639 1629 2639 1631 2639 1631 2640 1629 2640 1633 2640 1631 2641 1633 2641 1634 2641 1634 2642 1635 2642 1631 2642 1631 2643 1635 2643 1628 2643 1631 2644 1628 2644 739 2644 739 2645 1628 2645 740 2645 1636 2646 1614 2646 1618 2646 1618 2647 1614 2647 1613 2647 1618 2648 1613 2648 1616 2648 1616 2649 1613 2649 1637 2649 1638 2650 1639 2650 1640 2650 1640 2651 1639 2651 1641 2651 1640 2652 1641 2652 1615 2652 1615 2653 1641 2653 1642 2653 1615 2654 1642 2654 1613 2654 1613 2655 1642 2655 1643 2655 1613 2656 1643 2656 1637 2656 743 2657 1610 2657 744 2657 744 2658 1610 2658 1612 2658 744 2659 1612 2659 747 2659 747 2660 1612 2660 746 2660 732 2661 731 2661 1619 2661 1619 2662 731 2662 736 2662 1619 2663 736 2663 1622 2663 1622 2664 736 2664 735 2664 1622 2665 735 2665 734 2665 1609 2666 1644 2666 1612 2666 1612 2667 1644 2667 1645 2667 1612 2668 1645 2668 1630 2668 1630 2669 1645 2669 1646 2669 1630 2670 1646 2670 1629 2670 1629 2671 1646 2671 1647 2671 1629 2672 1647 2672 1632 2672 1635 2673 1648 2673 1628 2673 1628 2674 1648 2674 1638 2674 1628 2675 1638 2675 1623 2675 1623 2676 1638 2676 1640 2676 1623 2677 1640 2677 1621 2677 1621 2678 1640 2678 1615 2678 1621 2679 1615 2679 1620 2679 1620 2680 1615 2680 1614 2680 1620 2681 1614 2681 1624 2681 1624 2682 1614 2682 1636 2682 1649 2683 1650 2683 1651 2683 1649 2684 1651 2684 1652 2684 1653 2685 1654 2685 1655 2685 1655 2686 1654 2686 1656 2686 1657 2687 1658 2687 1659 2687 1659 2688 1658 2688 1660 2688 1659 2689 1660 2689 1661 2689 864 2690 228 2690 679 2690 864 2691 679 2691 1651 2691 1651 2692 679 2692 680 2692 1651 2693 680 2693 681 2693 862 2694 860 2694 1650 2694 1650 2695 860 2695 859 2695 1650 2696 859 2696 1651 2696 1651 2697 859 2697 865 2697 1651 2698 865 2698 864 2698 669 2699 1657 2699 670 2699 670 2700 1657 2700 1659 2700 670 2701 1659 2701 665 2701 666 2702 665 2702 1662 2702 1662 2703 665 2703 1659 2703 1662 2704 1659 2704 1656 2704 1656 2705 1659 2705 1661 2705 1656 2706 1661 2706 1655 2706 681 2707 666 2707 1651 2707 1651 2708 666 2708 1662 2708 1651 2709 1662 2709 1652 2709 1652 2710 1662 2710 1656 2710 1652 2711 1656 2711 1663 2711 1663 2712 1656 2712 1654 2712 786 2713 796 2713 1664 2713 234 2714 794 2714 678 2714 678 2715 794 2715 1665 2715 678 2716 1665 2716 673 2716 673 2717 1665 2717 674 2717 668 2718 671 2718 1666 2718 1666 2719 671 2719 677 2719 669 2720 668 2720 1667 2720 1667 2721 668 2721 1666 2721 1667 2722 1666 2722 1668 2722 1668 2723 1666 2723 1669 2723 1668 2724 1669 2724 1670 2724 1671 2725 1672 2725 1673 2725 1673 2726 1672 2726 1674 2726 1673 2727 1674 2727 1675 2727 1675 2728 1674 2728 1676 2728 1675 2729 1676 2729 1677 2729 1677 2730 1676 2730 1678 2730 1677 2731 1678 2731 1669 2731 1669 2732 1678 2732 1679 2732 1669 2733 1679 2733 1670 2733 766 2734 1671 2734 767 2734 767 2735 1671 2735 1673 2735 767 2736 1673 2736 777 2736 777 2737 1673 2737 776 2737 772 2738 775 2738 1680 2738 1680 2739 775 2739 776 2739 773 2740 772 2740 1664 2740 773 2741 1664 2741 774 2741 774 2742 1664 2742 796 2742 774 2743 796 2743 172 2743 786 2744 1664 2744 787 2744 787 2745 1664 2745 1681 2745 787 2746 1681 2746 809 2746 809 2747 1681 2747 784 2747 784 2748 1681 2748 1682 2748 784 2749 1682 2749 789 2749 1683 2750 781 2750 1682 2750 1682 2751 781 2751 780 2751 1682 2752 780 2752 789 2752 794 2753 793 2753 1665 2753 1665 2754 793 2754 783 2754 1665 2755 783 2755 1683 2755 1683 2756 783 2756 782 2756 1683 2757 782 2757 781 2757 772 2758 1680 2758 1664 2758 1664 2759 1680 2759 1684 2759 1664 2760 1684 2760 1681 2760 1681 2761 1684 2761 1685 2761 1681 2762 1685 2762 1682 2762 1682 2763 1685 2763 1686 2763 1682 2764 1686 2764 1683 2764 1683 2765 1686 2765 1687 2765 1683 2766 1687 2766 1665 2766 1665 2767 1687 2767 676 2767 1665 2768 676 2768 674 2768 776 2769 1673 2769 1680 2769 1680 2770 1673 2770 1675 2770 1680 2771 1675 2771 1684 2771 1684 2772 1675 2772 1677 2772 1684 2773 1677 2773 1685 2773 1685 2774 1677 2774 1669 2774 1685 2775 1669 2775 1686 2775 1686 2776 1669 2776 1666 2776 1686 2777 1666 2777 1687 2777 1687 2778 1666 2778 677 2778 1687 2779 677 2779 676 2779 1618 2780 1617 2780 1688 2780 1624 2781 1636 2781 1689 2781 768 2782 769 2782 1690 2782 1690 2783 769 2783 1691 2783 1690 2784 1691 2784 1689 2784 727 2785 726 2785 1692 2785 1692 2786 726 2786 725 2786 1692 2787 725 2787 730 2787 766 2788 768 2788 1693 2788 1693 2789 768 2789 1690 2789 1693 2790 1690 2790 1694 2790 1694 2791 1690 2791 1695 2791 1695 2792 1690 2792 1696 2792 1696 2793 1690 2793 1689 2793 1696 2794 1689 2794 1688 2794 1688 2795 1689 2795 1636 2795 1688 2796 1636 2796 1618 2796 769 2797 765 2797 1691 2797 1691 2798 765 2798 764 2798 1691 2799 764 2799 1692 2799 1692 2800 764 2800 771 2800 1692 2801 771 2801 727 2801 727 2802 771 2802 770 2802 727 2803 770 2803 180 2803 1624 2804 1689 2804 1625 2804 1625 2805 1689 2805 1691 2805 1625 2806 1691 2806 1626 2806 1626 2807 1691 2807 1692 2807 1626 2808 1692 2808 1627 2808 1627 2809 1692 2809 730 2809 1627 2810 730 2810 729 2810 1663 2811 1654 2811 1697 2811 845 2812 846 2812 1698 2812 1699 2813 899 2813 845 2813 1698 2814 846 2814 1700 2814 846 2815 847 2815 1700 2815 1700 2816 847 2816 844 2816 1700 2817 844 2817 1701 2817 850 2818 1702 2818 1703 2818 844 2819 843 2819 1701 2819 1701 2820 843 2820 842 2820 1701 2821 842 2821 840 2821 840 2822 839 2822 1703 2822 1703 2823 839 2823 849 2823 1703 2824 849 2824 850 2824 1704 2825 1705 2825 1706 2825 1706 2826 1705 2826 1707 2826 1706 2827 1707 2827 1708 2827 1708 2828 1707 2828 1709 2828 1654 2829 1653 2829 1697 2829 1697 2830 1653 2830 1710 2830 1697 2831 1710 2831 1711 2831 1711 2832 1710 2832 1712 2832 845 2833 1698 2833 1699 2833 1699 2834 1698 2834 1713 2834 1699 2835 1713 2835 1714 2835 1715 2836 1716 2836 1701 2836 1701 2837 1716 2837 1717 2837 1701 2838 1717 2838 1700 2838 1700 2839 1717 2839 1718 2839 1700 2840 1718 2840 1698 2840 1698 2841 1718 2841 1719 2841 1698 2842 1719 2842 1713 2842 840 2843 1703 2843 1701 2843 1701 2844 1703 2844 1720 2844 1701 2845 1720 2845 1715 2845 1706 2846 852 2846 1704 2846 1704 2847 852 2847 851 2847 1704 2848 851 2848 863 2848 1652 2849 1705 2849 1649 2849 1649 2850 1705 2850 1704 2850 1649 2851 1704 2851 1650 2851 1650 2852 1704 2852 863 2852 1650 2853 863 2853 862 2853 850 2854 858 2854 1702 2854 1702 2855 858 2855 857 2855 1702 2856 857 2856 1709 2856 1709 2857 857 2857 856 2857 1709 2858 856 2858 1708 2858 1708 2859 856 2859 855 2859 1708 2860 855 2860 1706 2860 1706 2861 855 2861 854 2861 1706 2862 854 2862 852 2862 1709 2863 1721 2863 1702 2863 1702 2864 1721 2864 1722 2864 1702 2865 1722 2865 1703 2865 1703 2866 1722 2866 1723 2866 1703 2867 1723 2867 1720 2867 1724 2868 1721 2868 1725 2868 1725 2869 1721 2869 1709 2869 1725 2870 1709 2870 1726 2870 1726 2871 1709 2871 1707 2871 1726 2872 1707 2872 1711 2872 1711 2873 1707 2873 1705 2873 1711 2874 1705 2874 1697 2874 1697 2875 1705 2875 1652 2875 1697 2876 1652 2876 1663 2876 1712 2877 1727 2877 1711 2877 1711 2878 1727 2878 1728 2878 1711 2879 1728 2879 1726 2879 1726 2880 1728 2880 1729 2880 1726 2881 1729 2881 1725 2881 1725 2882 1729 2882 1730 2882 1725 2883 1730 2883 1724 2883 1699 2884 1714 2884 1731 2884 1732 2885 1733 2885 1734 2885 899 2886 1699 2886 900 2886 900 2887 1699 2887 1731 2887 900 2888 1731 2888 895 2888 895 2889 1731 2889 1735 2889 895 2890 1735 2890 896 2890 896 2891 1735 2891 1736 2891 896 2892 1736 2892 898 2892 898 2893 1736 2893 1737 2893 898 2894 1737 2894 890 2894 890 2895 1737 2895 1732 2895 890 2896 1732 2896 891 2896 891 2897 1732 2897 1734 2897 891 2898 1734 2898 892 2898 1738 2899 1739 2899 1740 2899 1741 2900 1742 2900 1743 2900 1743 2901 1742 2901 1744 2901 1743 2902 1744 2902 1745 2902 1746 2903 1747 2903 1748 2903 1748 2904 1747 2904 1749 2904 1748 2905 1749 2905 1744 2905 1744 2906 1749 2906 1750 2906 1744 2907 1750 2907 1745 2907 1746 2908 1748 2908 1751 2908 1751 2909 1748 2909 1752 2909 1751 2910 1752 2910 1753 2910 1740 2911 1739 2911 1752 2911 1752 2912 1739 2912 1754 2912 1752 2913 1754 2913 1753 2913 1755 2914 1756 2914 1757 2914 1758 2915 1759 2915 1760 2915 1760 2916 1759 2916 1761 2916 872 2917 1762 2917 873 2917 873 2918 1762 2918 1763 2918 873 2919 1763 2919 875 2919 880 2920 1764 2920 1765 2920 1765 2921 1764 2921 1760 2921 1765 2922 1760 2922 1762 2922 1762 2923 1760 2923 1761 2923 1762 2924 1761 2924 1763 2924 885 2925 1755 2925 1740 2925 1740 2926 1755 2926 1757 2926 1740 2927 1757 2927 1738 2927 879 2928 888 2928 1752 2928 1752 2929 888 2929 887 2929 1752 2930 887 2930 1740 2930 1740 2931 887 2931 886 2931 1740 2932 886 2932 885 2932 893 2933 894 2933 1766 2933 885 2934 884 2934 1755 2934 1755 2935 884 2935 883 2935 1755 2936 883 2936 1766 2936 1766 2937 883 2937 882 2937 1766 2938 882 2938 893 2938 872 2939 833 2939 1762 2939 1762 2940 833 2940 832 2940 1762 2941 832 2941 1765 2941 1765 2942 832 2942 881 2942 1765 2943 881 2943 880 2943 1733 2944 1766 2944 1734 2944 1734 2945 1766 2945 894 2945 1734 2946 894 2946 892 2946 1733 2947 1767 2947 1766 2947 1766 2948 1767 2948 1768 2948 1766 2949 1768 2949 1755 2949 1755 2950 1768 2950 1769 2950 1755 2951 1769 2951 1756 2951 1742 2952 1758 2952 1744 2952 1744 2953 1758 2953 1760 2953 1744 2954 1760 2954 1748 2954 1748 2955 1760 2955 1764 2955 1748 2956 1764 2956 1752 2956 1752 2957 1764 2957 880 2957 1752 2958 880 2958 879 2958 1770 2959 1771 2959 1772 2959 1773 2960 1774 2960 1775 2960 1774 2961 926 2961 925 2961 1774 2962 925 2962 1775 2962 1775 2963 925 2963 937 2963 1775 2964 937 2964 936 2964 1776 2965 932 2965 1777 2965 1777 2966 932 2966 931 2966 1778 2967 1776 2967 1779 2967 1773 2968 1775 2968 1780 2968 1780 2969 1775 2969 1781 2969 1780 2970 1781 2970 1782 2970 1782 2971 1781 2971 1772 2971 1782 2972 1772 2972 1783 2972 1783 2973 1772 2973 1771 2973 1783 2974 1771 2974 1784 2974 1779 2975 1785 2975 1778 2975 1778 2976 1785 2976 1786 2976 1778 2977 1786 2977 1787 2977 1787 2978 1786 2978 1788 2978 1787 2979 1788 2979 1770 2979 318 2980 816 2980 930 2980 930 2981 816 2981 931 2981 936 2982 935 2982 1775 2982 1775 2983 935 2983 934 2983 1775 2984 934 2984 1781 2984 931 2985 816 2985 1777 2985 1777 2986 816 2986 814 2986 1777 2987 814 2987 813 2987 813 2988 1789 2988 1777 2988 1777 2989 1789 2989 1790 2989 1777 2990 1790 2990 1776 2990 1776 2991 1790 2991 1791 2991 1776 2992 1791 2992 1779 2992 1770 2993 1772 2993 1787 2993 1787 2994 1772 2994 1781 2994 1787 2995 1781 2995 1778 2995 1778 2996 1781 2996 934 2996 1778 2997 934 2997 1776 2997 1776 2998 934 2998 933 2998 1776 2999 933 2999 932 2999 812 3000 811 3000 1792 3000 823 3001 825 3001 1793 3001 829 3002 828 3002 1794 3002 1794 3003 828 3003 827 3003 1794 3004 827 3004 1795 3004 1795 3005 827 3005 826 3005 1795 3006 826 3006 821 3006 829 3007 1794 3007 830 3007 830 3008 1794 3008 1792 3008 830 3009 1792 3009 831 3009 251 3010 831 3010 804 3010 804 3011 831 3011 1792 3011 804 3012 1792 3012 805 3012 805 3013 1792 3013 811 3013 805 3014 811 3014 323 3014 815 3015 817 3015 1795 3015 1795 3016 817 3016 818 3016 1795 3017 818 3017 1794 3017 1794 3018 818 3018 819 3018 1794 3019 819 3019 1792 3019 1792 3020 819 3020 820 3020 1792 3021 820 3021 812 3021 821 3022 823 3022 1795 3022 1795 3023 823 3023 1793 3023 1795 3024 1793 3024 815 3024 815 3025 1793 3025 1796 3025 815 3026 1796 3026 813 3026 1761 3027 1759 3027 1797 3027 1798 3028 822 3028 255 3028 255 3029 838 3029 1798 3029 1798 3030 838 3030 871 3030 1798 3031 871 3031 1799 3031 1799 3032 871 3032 870 3032 1800 3033 836 3033 1801 3033 1801 3034 836 3034 835 3034 1802 3035 1803 3035 1804 3035 1804 3036 1803 3036 1805 3036 1804 3037 1805 3037 1806 3037 1806 3038 1805 3038 1807 3038 1798 3039 1808 3039 1809 3039 1809 3040 825 3040 1798 3040 1798 3041 825 3041 824 3041 1798 3042 824 3042 822 3042 1802 3043 1810 3043 1803 3043 1803 3044 1810 3044 1811 3044 1803 3045 1811 3045 1812 3045 1812 3046 1811 3046 1813 3046 1812 3047 1813 3047 1814 3047 835 3048 877 3048 1801 3048 1801 3049 877 3049 876 3049 1801 3050 876 3050 1763 3050 1763 3051 876 3051 875 3051 868 3052 867 3052 1800 3052 1800 3053 867 3053 866 3053 1800 3054 866 3054 836 3054 1763 3055 1761 3055 1801 3055 1801 3056 1761 3056 1797 3056 1801 3057 1797 3057 1800 3057 1800 3058 1797 3058 1815 3058 1800 3059 1815 3059 868 3059 868 3060 1815 3060 1799 3060 868 3061 1799 3061 869 3061 869 3062 1799 3062 870 3062 1741 3063 1807 3063 1742 3063 1742 3064 1807 3064 1805 3064 1742 3065 1805 3065 1758 3065 1758 3066 1805 3066 1759 3066 1759 3067 1805 3067 1797 3067 1797 3068 1805 3068 1803 3068 1797 3069 1803 3069 1815 3069 1815 3070 1803 3070 1812 3070 1815 3071 1812 3071 1799 3071 1799 3072 1812 3072 1814 3072 1799 3073 1814 3073 1798 3073 1798 3074 1814 3074 1816 3074 1798 3075 1816 3075 1808 3075 920 3076 921 3076 1817 3076 1818 3077 1819 3077 912 3077 912 3078 1819 3078 989 3078 912 3079 911 3079 1818 3079 1818 3080 911 3080 909 3080 1818 3081 909 3081 1820 3081 1820 3082 909 3082 908 3082 914 3083 1821 3083 913 3083 913 3084 1821 3084 1822 3084 913 3085 1822 3085 916 3085 916 3086 1822 3086 917 3086 1774 3087 1773 3087 1817 3087 1817 3088 1773 3088 1823 3088 1824 3089 1825 3089 1826 3089 1826 3090 1825 3090 1827 3090 1826 3091 1827 3091 1828 3091 1829 3092 1830 3092 1831 3092 1831 3093 1830 3093 1824 3093 1831 3094 1824 3094 1823 3094 1823 3095 1824 3095 1826 3095 1823 3096 1826 3096 1817 3096 1817 3097 1826 3097 1828 3097 1817 3098 1828 3098 920 3098 1832 3099 1833 3099 1822 3099 1822 3100 1833 3100 1820 3100 1822 3101 1820 3101 917 3101 917 3102 1820 3102 908 3102 1834 3103 1819 3103 1835 3103 1835 3104 1819 3104 1818 3104 1835 3105 1818 3105 1836 3105 1836 3106 1818 3106 1820 3106 1836 3107 1820 3107 1837 3107 1837 3108 1820 3108 1833 3108 914 3109 915 3109 1821 3109 1821 3110 915 3110 1838 3110 1821 3111 1838 3111 1839 3111 1839 3112 1840 3112 1821 3112 1821 3113 1840 3113 1841 3113 1821 3114 1841 3114 1822 3114 1822 3115 1841 3115 1842 3115 1822 3116 1842 3116 1832 3116 921 3117 929 3117 1817 3117 1817 3118 929 3118 928 3118 1817 3119 928 3119 1774 3119 1774 3120 928 3120 926 3120 915 3121 924 3121 1838 3121 1838 3122 924 3122 923 3122 1838 3123 923 3123 1827 3123 1827 3124 923 3124 922 3124 1827 3125 922 3125 1828 3125 1828 3126 922 3126 918 3126 1828 3127 918 3127 920 3127 1784 3128 1829 3128 1783 3128 1783 3129 1829 3129 1831 3129 1783 3130 1831 3130 1782 3130 1782 3131 1831 3131 1823 3131 1782 3132 1823 3132 1780 3132 1780 3133 1823 3133 1773 3133 1825 3134 1843 3134 1827 3134 1827 3135 1843 3135 1844 3135 1827 3136 1844 3136 1838 3136 1838 3137 1844 3137 1845 3137 1838 3138 1845 3138 1839 3138 1819 3139 1834 3139 1846 3139 974 3140 973 3140 1847 3140 1848 3141 976 3141 988 3141 981 3142 1846 3142 1849 3142 1850 3143 984 3143 1849 3143 1849 3144 984 3144 982 3144 1849 3145 982 3145 981 3145 1848 3146 988 3146 1851 3146 1851 3147 988 3147 987 3147 1851 3148 987 3148 1852 3148 1852 3149 987 3149 986 3149 1852 3150 986 3150 1850 3150 1850 3151 986 3151 985 3151 1850 3152 985 3152 984 3152 1853 3153 1170 3153 971 3153 971 3154 1170 3154 1165 3154 971 3155 1165 3155 972 3155 972 3156 1165 3156 965 3156 1847 3157 973 3157 1854 3157 1854 3158 973 3158 980 3158 1854 3159 980 3159 1855 3159 1853 3160 971 3160 1856 3160 1856 3161 971 3161 970 3161 1856 3162 970 3162 1847 3162 1847 3163 970 3163 975 3163 1847 3164 975 3164 974 3164 989 3165 1819 3165 990 3165 990 3166 1819 3166 1846 3166 990 3167 1846 3167 991 3167 991 3168 1846 3168 981 3168 1855 3169 980 3169 1857 3169 1857 3170 980 3170 979 3170 1857 3171 979 3171 1848 3171 1848 3172 979 3172 977 3172 1848 3173 977 3173 976 3173 1858 3174 1859 3174 1860 3174 1860 3175 1859 3175 1861 3175 1860 3176 1861 3176 1862 3176 1862 3177 1861 3177 1863 3177 1862 3178 1863 3178 1864 3178 1864 3179 1863 3179 1865 3179 1864 3180 1865 3180 1866 3180 1866 3181 1865 3181 1867 3181 1866 3182 1867 3182 1868 3182 1868 3183 1867 3183 1869 3183 1868 3184 1869 3184 1870 3184 1870 3185 1869 3185 1871 3185 1870 3186 1871 3186 1872 3186 1872 3187 1871 3187 1873 3187 1872 3188 1873 3188 1874 3188 1874 3189 1873 3189 1875 3189 1874 3190 1875 3190 1876 3190 1876 3191 1875 3191 1877 3191 1878 3192 1067 3192 1879 3192 1879 3193 1067 3193 1085 3193 1879 3194 1085 3194 1880 3194 1880 3195 1085 3195 1049 3195 1880 3196 1049 3196 1881 3196 1881 3197 1049 3197 1059 3197 1881 3198 1059 3198 1882 3198 1882 3199 1059 3199 1073 3199 1882 3200 1073 3200 1883 3200 1883 3201 1073 3201 1055 3201 1883 3202 1055 3202 1884 3202 1884 3203 1055 3203 1056 3203 1884 3204 1056 3204 1885 3204 1885 3205 1056 3205 1076 3205 1885 3206 1076 3206 1886 3206 1886 3207 1076 3207 1052 3207 1886 3208 1052 3208 1887 3208 1887 3209 1052 3209 1046 3209 1887 3210 1046 3210 1888 3210 1888 3211 1046 3211 1062 3211 1888 3212 1062 3212 1889 3212 1889 3213 1062 3213 1066 3213 1889 3214 1066 3214 1878 3214 1878 3215 1066 3215 1067 3215 1890 3216 1891 3216 1892 3216 1892 3217 1891 3217 1893 3217 1892 3218 1893 3218 1894 3218 1894 3219 1893 3219 1895 3219 1894 3220 1895 3220 1896 3220 1896 3221 1895 3221 1897 3221 1896 3222 1897 3222 1898 3222 1898 3223 1897 3223 1899 3223 1898 3224 1899 3224 1900 3224 1900 3225 1899 3225 1901 3225 1900 3226 1901 3226 1902 3226 1902 3227 1901 3227 1903 3227 1902 3228 1903 3228 1904 3228 1904 3229 1903 3229 1905 3229 1904 3230 1905 3230 1906 3230 1906 3231 1905 3231 1907 3231 1906 3232 1907 3232 1908 3232 1908 3233 1907 3233 1909 3233 1908 3234 1909 3234 1910 3234 1910 3235 1909 3235 1911 3235 1910 3236 1911 3236 1912 3236 1912 3237 1911 3237 1913 3237 1912 3238 1913 3238 1890 3238 1890 3239 1913 3239 1891 3239 1878 3240 1914 3240 1889 3240 1889 3241 1914 3241 1915 3241 1889 3242 1915 3242 1888 3242 1888 3243 1915 3243 1916 3243 1888 3244 1916 3244 1887 3244 1887 3245 1916 3245 1917 3245 1887 3246 1917 3246 1886 3246 1886 3247 1917 3247 1918 3247 1886 3248 1918 3248 1885 3248 1885 3249 1918 3249 1919 3249 1885 3250 1919 3250 1884 3250 1884 3251 1919 3251 1920 3251 1884 3252 1920 3252 1883 3252 1883 3253 1920 3253 1921 3253 1883 3254 1921 3254 1882 3254 1882 3255 1921 3255 1922 3255 1882 3256 1922 3256 1881 3256 1881 3257 1922 3257 1923 3257 1881 3258 1923 3258 1880 3258 1880 3259 1923 3259 1924 3259 1880 3260 1924 3260 1879 3260 1879 3261 1924 3261 1925 3261 1879 3262 1925 3262 1878 3262 1878 3263 1925 3263 1914 3263 1914 3264 1902 3264 1915 3264 1915 3265 1902 3265 1904 3265 1915 3266 1904 3266 1916 3266 1916 3267 1904 3267 1906 3267 1916 3268 1906 3268 1917 3268 1917 3269 1906 3269 1908 3269 1917 3270 1908 3270 1918 3270 1918 3271 1908 3271 1910 3271 1918 3272 1910 3272 1919 3272 1919 3273 1910 3273 1912 3273 1919 3274 1912 3274 1920 3274 1920 3275 1912 3275 1890 3275 1920 3276 1890 3276 1921 3276 1921 3277 1890 3277 1892 3277 1921 3278 1892 3278 1922 3278 1922 3279 1892 3279 1894 3279 1922 3280 1894 3280 1923 3280 1923 3281 1894 3281 1896 3281 1923 3282 1896 3282 1924 3282 1924 3283 1896 3283 1898 3283 1924 3284 1898 3284 1925 3284 1925 3285 1898 3285 1900 3285 1925 3286 1900 3286 1914 3286 1914 3287 1900 3287 1902 3287 1926 3288 1113 3288 1927 3288 1927 3289 1113 3289 1131 3289 1927 3290 1131 3290 1928 3290 1928 3291 1131 3291 1095 3291 1928 3292 1095 3292 1929 3292 1929 3293 1095 3293 1105 3293 1929 3294 1105 3294 1930 3294 1930 3295 1105 3295 1119 3295 1930 3296 1119 3296 1931 3296 1931 3297 1119 3297 1101 3297 1931 3298 1101 3298 1932 3298 1932 3299 1101 3299 1102 3299 1932 3300 1102 3300 1933 3300 1933 3301 1102 3301 1122 3301 1933 3302 1122 3302 1934 3302 1934 3303 1122 3303 1098 3303 1934 3304 1098 3304 1935 3304 1935 3305 1098 3305 1092 3305 1935 3306 1092 3306 1936 3306 1936 3307 1092 3307 1108 3307 1936 3308 1108 3308 1937 3308 1937 3309 1108 3309 1112 3309 1937 3310 1112 3310 1926 3310 1926 3311 1112 3311 1113 3311 1938 3312 1939 3312 1940 3312 1940 3313 1939 3313 1941 3313 1940 3314 1941 3314 1942 3314 1942 3315 1941 3315 1943 3315 1942 3316 1943 3316 1944 3316 1944 3317 1943 3317 1945 3317 1944 3318 1945 3318 1946 3318 1946 3319 1945 3319 1947 3319 1946 3320 1947 3320 1948 3320 1948 3321 1947 3321 1949 3321 1948 3322 1949 3322 1950 3322 1950 3323 1949 3323 1951 3323 1950 3324 1951 3324 1952 3324 1952 3325 1951 3325 1953 3325 1952 3326 1953 3326 1954 3326 1954 3327 1953 3327 1955 3327 1954 3328 1955 3328 1956 3328 1956 3329 1955 3329 1957 3329 1956 3330 1957 3330 1958 3330 1958 3331 1957 3331 1959 3331 1958 3332 1959 3332 1960 3332 1960 3333 1959 3333 1961 3333 1960 3334 1961 3334 1938 3334 1938 3335 1961 3335 1939 3335 1926 3336 1962 3336 1937 3336 1937 3337 1962 3337 1963 3337 1937 3338 1963 3338 1936 3338 1936 3339 1963 3339 1964 3339 1936 3340 1964 3340 1935 3340 1935 3341 1964 3341 1965 3341 1935 3342 1965 3342 1934 3342 1934 3343 1965 3343 1966 3343 1934 3344 1966 3344 1933 3344 1933 3345 1966 3345 1967 3345 1933 3346 1967 3346 1932 3346 1932 3347 1967 3347 1968 3347 1932 3348 1968 3348 1931 3348 1931 3349 1968 3349 1969 3349 1931 3350 1969 3350 1930 3350 1930 3351 1969 3351 1970 3351 1930 3352 1970 3352 1929 3352 1929 3353 1970 3353 1971 3353 1929 3354 1971 3354 1928 3354 1928 3355 1971 3355 1972 3355 1928 3356 1972 3356 1927 3356 1927 3357 1972 3357 1973 3357 1927 3358 1973 3358 1926 3358 1926 3359 1973 3359 1962 3359 1962 3360 1950 3360 1963 3360 1963 3361 1950 3361 1952 3361 1963 3362 1952 3362 1964 3362 1964 3363 1952 3363 1954 3363 1964 3364 1954 3364 1965 3364 1965 3365 1954 3365 1956 3365 1965 3366 1956 3366 1966 3366 1966 3367 1956 3367 1958 3367 1966 3368 1958 3368 1967 3368 1967 3369 1958 3369 1960 3369 1967 3370 1960 3370 1968 3370 1968 3371 1960 3371 1938 3371 1968 3372 1938 3372 1969 3372 1969 3373 1938 3373 1940 3373 1969 3374 1940 3374 1970 3374 1970 3375 1940 3375 1942 3375 1970 3376 1942 3376 1971 3376 1971 3377 1942 3377 1944 3377 1971 3378 1944 3378 1972 3378 1972 3379 1944 3379 1946 3379 1972 3380 1946 3380 1973 3380 1973 3381 1946 3381 1948 3381 1973 3382 1948 3382 1962 3382 1962 3383 1948 3383 1950 3383 1974 3384 1975 3384 1976 3384 1977 3385 1978 3385 1979 3385 1980 3386 1981 3386 1982 3386 1983 3387 1984 3387 1985 3387 1985 3388 1984 3388 1980 3388 1986 3389 1987 3389 1988 3389 1988 3390 1987 3390 1984 3390 1984 3391 1989 3391 1990 3391 1984 3392 1990 3392 1988 3392 1988 3393 1990 3393 1991 3393 1988 3394 1991 3394 1992 3394 1993 3395 1991 3395 1979 3395 1979 3396 1991 3396 1994 3396 1979 3397 1994 3397 1977 3397 1977 3398 1994 3398 1995 3398 1977 3399 1995 3399 1996 3399 1996 3400 1995 3400 1997 3400 1996 3401 1997 3401 1998 3401 1999 3402 2000 3402 2001 3402 2002 3403 2003 3403 2004 3403 2005 3404 2006 3404 2007 3404 2007 3405 2006 3405 2002 3405 2004 3406 2008 3406 2002 3406 2002 3407 2008 3407 2009 3407 2002 3408 2009 3408 2007 3408 2007 3409 2009 3409 2010 3409 2007 3410 2010 3410 2011 3410 2012 3411 2010 3411 1976 3411 1976 3412 2010 3412 2013 3412 1976 3413 2013 3413 1974 3413 1974 3414 2013 3414 2014 3414 1974 3415 2014 3415 2015 3415 2015 3416 2014 3416 1981 3416 2015 3417 1981 3417 2016 3417 2017 3418 2018 3418 2019 3418 2019 3419 2018 3419 2020 3419 2019 3420 2020 3420 2021 3420 2021 3421 2020 3421 2022 3421 2021 3422 2022 3422 2023 3422 2023 3423 2022 3423 2024 3423 2023 3424 2024 3424 2025 3424 2025 3425 2024 3425 2026 3425 2025 3426 2026 3426 2027 3426 2027 3427 2026 3427 2028 3427 2027 3428 2028 3428 2029 3428 2029 3429 2028 3429 2030 3429 2029 3430 2030 3430 2031 3430 2031 3431 2030 3431 2032 3431 2031 3432 2032 3432 2033 3432 2033 3433 2032 3433 2034 3433 2033 3434 2034 3434 2035 3434 2035 3435 2034 3435 2036 3435 2035 3436 2036 3436 2037 3436 2037 3437 2036 3437 2038 3437 2037 3438 2038 3438 2039 3438 2039 3439 2038 3439 2040 3439 2039 3440 2040 3440 2017 3440 2017 3441 2040 3441 2018 3441 2041 3442 2042 3442 2043 3442 2041 3443 2043 3443 2044 3443 2043 3444 2045 3444 2046 3444 2047 3445 1997 3445 2048 3445 2048 3446 1997 3446 1995 3446 2048 3447 1995 3447 2049 3447 2049 3448 1995 3448 1994 3448 2049 3449 1994 3449 2050 3449 2050 3450 1994 3450 1991 3450 2050 3451 1991 3451 2051 3451 2051 3452 1991 3452 1990 3452 2051 3453 1990 3453 2052 3453 2052 3454 1990 3454 1989 3454 2053 3455 2047 3455 2054 3455 2055 3456 2056 3456 2047 3456 2047 3457 2056 3457 2057 3457 1999 3458 1997 3458 2000 3458 2000 3459 1997 3459 2047 3459 2000 3460 2047 3460 2001 3460 2001 3461 2047 3461 2057 3461 2001 3462 2057 3462 1999 3462 1999 3463 2057 3463 2056 3463 1999 3464 2056 3464 2002 3464 2002 3465 2056 3465 2055 3465 2002 3466 2055 3466 2003 3466 2003 3467 2055 3467 2047 3467 2003 3468 2047 3468 2004 3468 2004 3469 2047 3469 2053 3469 2004 3470 2053 3470 2008 3470 2008 3471 2053 3471 2054 3471 2008 3472 2054 3472 2009 3472 2009 3473 2054 3473 2058 3473 2009 3474 2058 3474 2010 3474 2010 3475 2058 3475 2059 3475 2010 3476 2059 3476 2013 3476 2013 3477 2059 3477 2060 3477 2013 3478 2060 3478 2014 3478 2014 3479 2060 3479 2061 3479 2014 3480 2061 3480 1981 3480 1981 3481 2061 3481 2043 3481 1981 3482 2043 3482 1982 3482 1982 3483 2043 3483 2046 3483 1982 3484 2046 3484 1980 3484 1980 3485 2046 3485 2045 3485 1980 3486 2045 3486 1985 3486 1985 3487 2045 3487 2043 3487 1985 3488 2043 3488 1983 3488 1983 3489 2043 3489 2042 3489 1983 3490 2042 3490 1984 3490 1984 3491 2042 3491 2041 3491 1984 3492 2041 3492 1989 3492 1989 3493 2041 3493 2044 3493 1989 3494 2044 3494 2052 3494 2052 3495 2044 3495 2043 3495 2061 3496 2029 3496 2043 3496 2043 3497 2029 3497 2031 3497 2043 3498 2031 3498 2052 3498 2052 3499 2031 3499 2033 3499 2052 3500 2033 3500 2051 3500 2051 3501 2033 3501 2035 3501 2051 3502 2035 3502 2050 3502 2050 3503 2035 3503 2037 3503 2050 3504 2037 3504 2049 3504 2049 3505 2037 3505 2039 3505 2049 3506 2039 3506 2048 3506 2048 3507 2039 3507 2017 3507 2048 3508 2017 3508 2047 3508 2047 3509 2017 3509 2019 3509 2047 3510 2019 3510 2054 3510 2054 3511 2019 3511 2021 3511 2054 3512 2021 3512 2058 3512 2058 3513 2021 3513 2023 3513 2058 3514 2023 3514 2059 3514 2059 3515 2023 3515 2025 3515 2059 3516 2025 3516 2060 3516 2060 3517 2025 3517 2027 3517 2060 3518 2027 3518 2061 3518 2061 3519 2027 3519 2029 3519 2062 3520 2063 3520 2064 3520 2065 3521 2066 3521 2067 3521 2068 3522 2069 3522 2070 3522 2071 3523 2072 3523 2073 3523 2073 3524 2072 3524 2068 3524 2074 3525 2075 3525 2076 3525 2076 3526 2075 3526 2072 3526 2072 3527 2077 3527 2078 3527 2072 3528 2078 3528 2076 3528 2076 3529 2078 3529 2079 3529 2076 3530 2079 3530 2080 3530 2081 3531 2079 3531 2067 3531 2067 3532 2079 3532 2082 3532 2067 3533 2082 3533 2065 3533 2065 3534 2082 3534 2083 3534 2065 3535 2083 3535 2084 3535 2084 3536 2083 3536 2085 3536 2084 3537 2085 3537 2086 3537 2087 3538 2088 3538 2089 3538 2090 3539 2091 3539 2092 3539 2093 3540 2094 3540 2095 3540 2095 3541 2094 3541 2090 3541 2092 3542 2096 3542 2090 3542 2090 3543 2096 3543 2097 3543 2090 3544 2097 3544 2095 3544 2095 3545 2097 3545 2098 3545 2095 3546 2098 3546 2099 3546 2100 3547 2098 3547 2064 3547 2064 3548 2098 3548 2101 3548 2064 3549 2101 3549 2062 3549 2062 3550 2101 3550 2102 3550 2062 3551 2102 3551 2103 3551 2103 3552 2102 3552 2069 3552 2103 3553 2069 3553 2104 3553 2105 3554 2106 3554 2107 3554 2107 3555 2106 3555 2108 3555 2107 3556 2108 3556 2109 3556 2109 3557 2108 3557 2110 3557 2109 3558 2110 3558 2111 3558 2111 3559 2110 3559 2112 3559 2111 3560 2112 3560 2113 3560 2113 3561 2112 3561 2114 3561 2113 3562 2114 3562 2115 3562 2115 3563 2114 3563 2116 3563 2115 3564 2116 3564 2117 3564 2117 3565 2116 3565 2118 3565 2117 3566 2118 3566 2119 3566 2119 3567 2118 3567 2120 3567 2119 3568 2120 3568 2121 3568 2121 3569 2120 3569 2122 3569 2121 3570 2122 3570 2123 3570 2123 3571 2122 3571 2124 3571 2123 3572 2124 3572 2125 3572 2125 3573 2124 3573 2126 3573 2125 3574 2126 3574 2127 3574 2127 3575 2126 3575 2128 3575 2127 3576 2128 3576 2105 3576 2105 3577 2128 3577 2106 3577 2129 3578 2130 3578 2131 3578 2129 3579 2131 3579 2132 3579 2131 3580 2133 3580 2134 3580 2135 3581 2085 3581 2136 3581 2136 3582 2085 3582 2083 3582 2136 3583 2083 3583 2137 3583 2137 3584 2083 3584 2082 3584 2137 3585 2082 3585 2138 3585 2138 3586 2082 3586 2079 3586 2138 3587 2079 3587 2139 3587 2139 3588 2079 3588 2078 3588 2139 3589 2078 3589 2140 3589 2140 3590 2078 3590 2077 3590 2141 3591 2135 3591 2142 3591 2143 3592 2144 3592 2135 3592 2135 3593 2144 3593 2145 3593 2087 3594 2085 3594 2088 3594 2088 3595 2085 3595 2135 3595 2088 3596 2135 3596 2089 3596 2089 3597 2135 3597 2145 3597 2089 3598 2145 3598 2087 3598 2087 3599 2145 3599 2144 3599 2087 3600 2144 3600 2090 3600 2090 3601 2144 3601 2143 3601 2090 3602 2143 3602 2091 3602 2091 3603 2143 3603 2135 3603 2091 3604 2135 3604 2092 3604 2092 3605 2135 3605 2141 3605 2092 3606 2141 3606 2096 3606 2096 3607 2141 3607 2142 3607 2096 3608 2142 3608 2097 3608 2097 3609 2142 3609 2146 3609 2097 3610 2146 3610 2098 3610 2098 3611 2146 3611 2147 3611 2098 3612 2147 3612 2101 3612 2101 3613 2147 3613 2148 3613 2101 3614 2148 3614 2102 3614 2102 3615 2148 3615 2149 3615 2102 3616 2149 3616 2069 3616 2069 3617 2149 3617 2131 3617 2069 3618 2131 3618 2070 3618 2070 3619 2131 3619 2134 3619 2070 3620 2134 3620 2068 3620 2068 3621 2134 3621 2133 3621 2068 3622 2133 3622 2073 3622 2073 3623 2133 3623 2131 3623 2073 3624 2131 3624 2071 3624 2071 3625 2131 3625 2130 3625 2071 3626 2130 3626 2072 3626 2072 3627 2130 3627 2129 3627 2072 3628 2129 3628 2077 3628 2077 3629 2129 3629 2132 3629 2077 3630 2132 3630 2140 3630 2140 3631 2132 3631 2131 3631 2149 3632 2117 3632 2131 3632 2131 3633 2117 3633 2119 3633 2131 3634 2119 3634 2140 3634 2140 3635 2119 3635 2121 3635 2140 3636 2121 3636 2139 3636 2139 3637 2121 3637 2123 3637 2139 3638 2123 3638 2138 3638 2138 3639 2123 3639 2125 3639 2138 3640 2125 3640 2137 3640 2137 3641 2125 3641 2127 3641 2137 3642 2127 3642 2136 3642 2136 3643 2127 3643 2105 3643 2136 3644 2105 3644 2135 3644 2135 3645 2105 3645 2107 3645 2135 3646 2107 3646 2142 3646 2142 3647 2107 3647 2109 3647 2142 3648 2109 3648 2146 3648 2146 3649 2109 3649 2111 3649 2146 3650 2111 3650 2147 3650 2147 3651 2111 3651 2113 3651 2147 3652 2113 3652 2148 3652 2148 3653 2113 3653 2115 3653 2148 3654 2115 3654 2149 3654 2149 3655 2115 3655 2117 3655 2150 3656 2151 3656 2152 3656 2152 3657 2151 3657 2153 3657 2152 3658 2153 3658 2154 3658 2154 3659 2153 3659 2155 3659 2154 3660 2155 3660 2156 3660 2156 3661 2155 3661 2157 3661 2156 3662 2157 3662 2158 3662 2158 3663 2157 3663 2159 3663 2158 3664 2159 3664 2160 3664 2160 3665 2159 3665 2161 3665 2160 3666 2161 3666 1000 3666 1000 3667 2161 3667 998 3667 993 3668 992 3668 2162 3668 2162 3669 992 3669 2163 3669 2162 3670 2163 3670 2164 3670 2165 3671 2166 3671 2167 3671 2167 3672 2166 3672 2164 3672 2168 3673 2169 3673 2165 3673 2170 3674 2169 3674 2171 3674 2171 3675 2169 3675 2168 3675 2171 3676 2168 3676 2172 3676 2172 3677 2168 3677 2173 3677 2172 3678 2173 3678 2174 3678 2174 3679 2173 3679 2175 3679 2175 3680 2173 3680 2176 3680 2175 3681 2176 3681 2177 3681 2177 3682 2176 3682 2178 3682 2178 3683 2176 3683 2179 3683 2178 3684 2179 3684 2180 3684 2180 3685 2179 3685 2181 3685 2181 3686 2179 3686 2182 3686 2181 3687 2182 3687 2183 3687 2183 3688 2182 3688 2184 3688 2184 3689 2182 3689 2185 3689 2184 3690 2185 3690 2186 3690 2186 3691 2185 3691 2153 3691 2186 3692 2153 3692 2151 3692 2187 3693 2157 3693 2155 3693 2188 3694 2161 3694 2159 3694 998 3695 2161 3695 994 3695 994 3696 2161 3696 2188 3696 994 3697 2188 3697 1010 3697 1010 3698 2188 3698 2189 3698 2190 3699 1004 3699 2191 3699 2191 3700 1004 3700 1003 3700 2191 3701 1003 3701 2189 3701 2189 3702 1003 3702 1002 3702 2189 3703 1002 3703 1010 3703 2192 3704 1011 3704 2190 3704 2190 3705 1011 3705 1017 3705 2190 3706 1017 3706 1004 3706 992 3707 1014 3707 2163 3707 2163 3708 1014 3708 1015 3708 2163 3709 1015 3709 2192 3709 2192 3710 1015 3710 1012 3710 2192 3711 1012 3711 1011 3711 2165 3712 2167 3712 2168 3712 2168 3713 2167 3713 2193 3713 2168 3714 2193 3714 2173 3714 2173 3715 2193 3715 2194 3715 2173 3716 2194 3716 2176 3716 2176 3717 2194 3717 2195 3717 2176 3718 2195 3718 2179 3718 2179 3719 2195 3719 2196 3719 2179 3720 2196 3720 2182 3720 2182 3721 2196 3721 2187 3721 2182 3722 2187 3722 2185 3722 2185 3723 2187 3723 2155 3723 2185 3724 2155 3724 2153 3724 2164 3725 2163 3725 2167 3725 2167 3726 2163 3726 2192 3726 2167 3727 2192 3727 2193 3727 2193 3728 2192 3728 2190 3728 2193 3729 2190 3729 2194 3729 2194 3730 2190 3730 2191 3730 2194 3731 2191 3731 2195 3731 2195 3732 2191 3732 2189 3732 2195 3733 2189 3733 2196 3733 2196 3734 2189 3734 2188 3734 2196 3735 2188 3735 2187 3735 2187 3736 2188 3736 2159 3736 2187 3737 2159 3737 2157 3737 2170 3738 2197 3738 2169 3738 2169 3739 2197 3739 2198 3739 2169 3740 2198 3740 2165 3740 2165 3741 2198 3741 2199 3741 2165 3742 2199 3742 2166 3742 2166 3743 2199 3743 2200 3743 2166 3744 2200 3744 2164 3744 2164 3745 2200 3745 2201 3745 2164 3746 2201 3746 2162 3746 2162 3747 2201 3747 2202 3747 2162 3748 2202 3748 993 3748 993 3749 2202 3749 999 3749 2158 3750 2160 3750 2203 3750 2204 3751 2198 3751 2197 3751 2205 3752 2200 3752 2199 3752 2206 3753 2202 3753 2201 3753 999 3754 2202 3754 997 3754 997 3755 2202 3755 2206 3755 997 3756 2206 3756 1013 3756 1013 3757 2206 3757 2207 3757 1013 3758 2207 3758 1005 3758 1005 3759 2207 3759 1006 3759 1006 3760 2207 3760 2208 3760 1006 3761 2208 3761 1007 3761 1007 3762 2208 3762 2209 3762 1007 3763 2209 3763 1016 3763 1016 3764 2209 3764 995 3764 995 3765 2209 3765 2210 3765 995 3766 2210 3766 996 3766 996 3767 2210 3767 1009 3767 1009 3768 2210 3768 2203 3768 1009 3769 2203 3769 1008 3769 1008 3770 2203 3770 1001 3770 1001 3771 2203 3771 2160 3771 1001 3772 2160 3772 1000 3772 2154 3773 2156 3773 2211 3773 2211 3774 2156 3774 2158 3774 2212 3775 2152 3775 2154 3775 2150 3776 2152 3776 2213 3776 2213 3777 2152 3777 2212 3777 2213 3778 2212 3778 2214 3778 2214 3779 2212 3779 2215 3779 2216 3780 2217 3780 2215 3780 2215 3781 2217 3781 2218 3781 2215 3782 2218 3782 2214 3782 2219 3783 2220 3783 2216 3783 2216 3784 2220 3784 2221 3784 2216 3785 2221 3785 2217 3785 2222 3786 2223 3786 2219 3786 2219 3787 2223 3787 2224 3787 2219 3788 2224 3788 2220 3788 2197 3789 2225 3789 2204 3789 2204 3790 2225 3790 2226 3790 2204 3791 2226 3791 2222 3791 2222 3792 2226 3792 2227 3792 2222 3793 2227 3793 2223 3793 2154 3794 2211 3794 2212 3794 2212 3795 2211 3795 2228 3795 2212 3796 2228 3796 2215 3796 2215 3797 2228 3797 2229 3797 2215 3798 2229 3798 2216 3798 2216 3799 2229 3799 2230 3799 2216 3800 2230 3800 2219 3800 2219 3801 2230 3801 2231 3801 2219 3802 2231 3802 2222 3802 2222 3803 2231 3803 2205 3803 2222 3804 2205 3804 2204 3804 2204 3805 2205 3805 2199 3805 2204 3806 2199 3806 2198 3806 2158 3807 2203 3807 2211 3807 2211 3808 2203 3808 2210 3808 2211 3809 2210 3809 2228 3809 2228 3810 2210 3810 2209 3810 2228 3811 2209 3811 2229 3811 2229 3812 2209 3812 2208 3812 2229 3813 2208 3813 2230 3813 2230 3814 2208 3814 2207 3814 2230 3815 2207 3815 2231 3815 2231 3816 2207 3816 2206 3816 2231 3817 2206 3817 2205 3817 2205 3818 2206 3818 2201 3818 2205 3819 2201 3819 2200 3819 2232 3820 2233 3820 1038 3820 2234 3821 1034 3821 2233 3821 2233 3822 1034 3822 1020 3822 2233 3823 1020 3823 1038 3823 2235 3824 1040 3824 2234 3824 2234 3825 1040 3825 1035 3825 2234 3826 1035 3826 1034 3826 2236 3827 1023 3827 2235 3827 2235 3828 1023 3828 1022 3828 2235 3829 1022 3829 1040 3829 1026 3830 1025 3830 2237 3830 2237 3831 1025 3831 1039 3831 2237 3832 1039 3832 2236 3832 2236 3833 1039 3833 1024 3833 2236 3834 1024 3834 1023 3834 1026 3835 2237 3835 1043 3835 1043 3836 2237 3836 2238 3836 1043 3837 2238 3837 1042 3837 1042 3838 2238 3838 1041 3838 1041 3839 2238 3839 2239 3839 1041 3840 2239 3840 1018 3840 1018 3841 2239 3841 1019 3841 1019 3842 2239 3842 2240 3842 1019 3843 2240 3843 1021 3843 1021 3844 2240 3844 1030 3844 1030 3845 2240 3845 2241 3845 1030 3846 2241 3846 1029 3846 1029 3847 2241 3847 1027 3847 1027 3848 2241 3848 2242 3848 1027 3849 2242 3849 1028 3849 1028 3850 2242 3850 1031 3850 1031 3851 2242 3851 2243 3851 1031 3852 2243 3852 1032 3852 1038 3853 1037 3853 2232 3853 2232 3854 1037 3854 1036 3854 2232 3855 1036 3855 2243 3855 2243 3856 1036 3856 1033 3856 2243 3857 1033 3857 1032 3857 2244 3858 2245 3858 2246 3858 2246 3859 2245 3859 2247 3859 2246 3860 2247 3860 2248 3860 2248 3861 2247 3861 2249 3861 2248 3862 2249 3862 2250 3862 2250 3863 2249 3863 2251 3863 2250 3864 2251 3864 2252 3864 2252 3865 2251 3865 2253 3865 2252 3866 2253 3866 2254 3866 2254 3867 2253 3867 2255 3867 2254 3868 2255 3868 2256 3868 2256 3869 2255 3869 2257 3869 2256 3870 2257 3870 2258 3870 2258 3871 2257 3871 2259 3871 2258 3872 2259 3872 2260 3872 2260 3873 2259 3873 2261 3873 2260 3874 2261 3874 2262 3874 2262 3875 2261 3875 2263 3875 2262 3876 2263 3876 2264 3876 2264 3877 2263 3877 2265 3877 2264 3878 2265 3878 2266 3878 2266 3879 2265 3879 2267 3879 2266 3880 2267 3880 2244 3880 2244 3881 2267 3881 2245 3881 2246 3882 2268 3882 2244 3882 2244 3883 2268 3883 2269 3883 2244 3884 2269 3884 2266 3884 2266 3885 2269 3885 2270 3885 2266 3886 2270 3886 2264 3886 2264 3887 2270 3887 2271 3887 2264 3888 2271 3888 2262 3888 2262 3889 2271 3889 2272 3889 2262 3890 2272 3890 2260 3890 2260 3891 2272 3891 2273 3891 2260 3892 2273 3892 2258 3892 2258 3893 2273 3893 2274 3893 2258 3894 2274 3894 2256 3894 2256 3895 2274 3895 2275 3895 2256 3896 2275 3896 2254 3896 2254 3897 2275 3897 2276 3897 2254 3898 2276 3898 2252 3898 2252 3899 2276 3899 2277 3899 2252 3900 2277 3900 2250 3900 2250 3901 2277 3901 2278 3901 2250 3902 2278 3902 2248 3902 2248 3903 2278 3903 2279 3903 2248 3904 2279 3904 2246 3904 2246 3905 2279 3905 2268 3905 2279 3906 2232 3906 2268 3906 2268 3907 2232 3907 2243 3907 2268 3908 2243 3908 2269 3908 2269 3909 2243 3909 2242 3909 2269 3910 2242 3910 2270 3910 2270 3911 2242 3911 2241 3911 2270 3912 2241 3912 2271 3912 2271 3913 2241 3913 2240 3913 2271 3914 2240 3914 2272 3914 2272 3915 2240 3915 2239 3915 2272 3916 2239 3916 2273 3916 2273 3917 2239 3917 2238 3917 2273 3918 2238 3918 2274 3918 2274 3919 2238 3919 2237 3919 2274 3920 2237 3920 2275 3920 2275 3921 2237 3921 2236 3921 2275 3922 2236 3922 2276 3922 2276 3923 2236 3923 2235 3923 2276 3924 2235 3924 2277 3924 2277 3925 2235 3925 2234 3925 2277 3926 2234 3926 2278 3926 2278 3927 2234 3927 2233 3927 2278 3928 2233 3928 2279 3928 2279 3929 2233 3929 2232 3929 2280 3930 2281 3930 2006 3930 2281 3931 2282 3931 2006 3931 2006 3932 2282 3932 2283 3932 2006 3933 2283 3933 2002 3933 2002 3934 2283 3934 2284 3934 2002 3935 2284 3935 1999 3935 1999 3936 2284 3936 2285 3936 1999 3937 2285 3937 1997 3937 1997 3938 2285 3938 2286 3938 1997 3939 2286 3939 1998 3939 2006 3940 2005 3940 2280 3940 2280 3941 2005 3941 2007 3941 2280 3942 2007 3942 2287 3942 2287 3943 2007 3943 2011 3943 2016 3944 2288 3944 2015 3944 2015 3945 2288 3945 2289 3945 2015 3946 2289 3946 1974 3946 1974 3947 2289 3947 2290 3947 1974 3948 2290 3948 1975 3948 1975 3949 2290 3949 2291 3949 1975 3950 2291 3950 1976 3950 1976 3951 2291 3951 2292 3951 1976 3952 2292 3952 2012 3952 2012 3953 2292 3953 2293 3953 2012 3954 2293 3954 2010 3954 2010 3955 2293 3955 2294 3955 2010 3956 2294 3956 2011 3956 2011 3957 2294 3957 2295 3957 2011 3958 2295 3958 2287 3958 2296 3959 2297 3959 1987 3959 1987 3960 1986 3960 2296 3960 2296 3961 1986 3961 1988 3961 2296 3962 1988 3962 2298 3962 2298 3963 1988 3963 1992 3963 2297 3964 2299 3964 1987 3964 1987 3965 2299 3965 2300 3965 1987 3966 2300 3966 1984 3966 1984 3967 2300 3967 2301 3967 1984 3968 2301 3968 1980 3968 1980 3969 2301 3969 2302 3969 1980 3970 2302 3970 1981 3970 1981 3971 2302 3971 2303 3971 1981 3972 2303 3972 2016 3972 2016 3973 2303 3973 2304 3973 2016 3974 2304 3974 2288 3974 2286 3975 2305 3975 1998 3975 1998 3976 2305 3976 2306 3976 1998 3977 2306 3977 1996 3977 1996 3978 2306 3978 2307 3978 1996 3979 2307 3979 1977 3979 1977 3980 2307 3980 2308 3980 1977 3981 2308 3981 1978 3981 1978 3982 2308 3982 2309 3982 1978 3983 2309 3983 1979 3983 1979 3984 2309 3984 2310 3984 1979 3985 2310 3985 1993 3985 1993 3986 2310 3986 2311 3986 1993 3987 2311 3987 1991 3987 1991 3988 2311 3988 2312 3988 1991 3989 2312 3989 1992 3989 1992 3990 2312 3990 2313 3990 1992 3991 2313 3991 2298 3991 2314 3992 2315 3992 2094 3992 2094 3993 2093 3993 2314 3993 2314 3994 2093 3994 2095 3994 2314 3995 2095 3995 2316 3995 2316 3996 2095 3996 2099 3996 2104 3997 2317 3997 2103 3997 2103 3998 2317 3998 2318 3998 2103 3999 2318 3999 2062 3999 2062 4000 2318 4000 2319 4000 2062 4001 2319 4001 2063 4001 2063 4002 2319 4002 2320 4002 2063 4003 2320 4003 2064 4003 2064 4004 2320 4004 2321 4004 2064 4005 2321 4005 2100 4005 2100 4006 2321 4006 2322 4006 2100 4007 2322 4007 2098 4007 2098 4008 2322 4008 2323 4008 2098 4009 2323 4009 2099 4009 2099 4010 2323 4010 2324 4010 2099 4011 2324 4011 2316 4011 2325 4012 2326 4012 2075 4012 2326 4013 2327 4013 2075 4013 2075 4014 2327 4014 2328 4014 2075 4015 2328 4015 2072 4015 2072 4016 2328 4016 2329 4016 2072 4017 2329 4017 2068 4017 2068 4018 2329 4018 2330 4018 2068 4019 2330 4019 2069 4019 2069 4020 2330 4020 2331 4020 2069 4021 2331 4021 2104 4021 2104 4022 2331 4022 2332 4022 2104 4023 2332 4023 2317 4023 2075 4024 2074 4024 2325 4024 2325 4025 2074 4025 2076 4025 2325 4026 2076 4026 2333 4026 2333 4027 2076 4027 2080 4027 2315 4028 2334 4028 2094 4028 2094 4029 2334 4029 2335 4029 2094 4030 2335 4030 2090 4030 2090 4031 2335 4031 2336 4031 2090 4032 2336 4032 2087 4032 2087 4033 2336 4033 2337 4033 2087 4034 2337 4034 2085 4034 2085 4035 2337 4035 2338 4035 2085 4036 2338 4036 2086 4036 2338 4037 2339 4037 2086 4037 2086 4038 2339 4038 2340 4038 2086 4039 2340 4039 2084 4039 2084 4040 2340 4040 2341 4040 2084 4041 2341 4041 2065 4041 2065 4042 2341 4042 2342 4042 2065 4043 2342 4043 2066 4043 2066 4044 2342 4044 2343 4044 2066 4045 2343 4045 2067 4045 2067 4046 2343 4046 2344 4046 2067 4047 2344 4047 2081 4047 2081 4048 2344 4048 2345 4048 2081 4049 2345 4049 2079 4049 2079 4050 2345 4050 2346 4050 2079 4051 2346 4051 2080 4051 2080 4052 2346 4052 2347 4052 2080 4053 2347 4053 2333 4053 2348 4054 2349 4054 2350 4054 2351 4055 2352 4055 2353 4055 2354 4056 2355 4056 2356 4056 2357 4057 2358 4057 2359 4057 2360 4058 2361 4058 2362 4058 2363 4059 2364 4059 2365 4059 2366 4060 2367 4060 2352 4060 2352 4061 2367 4061 2368 4061 2352 4062 2368 4062 2353 4062 2353 4063 2368 4063 2369 4063 2353 4064 2369 4064 2370 4064 2371 4065 2372 4065 2349 4065 2349 4066 2372 4066 2373 4066 2349 4067 2373 4067 2350 4067 2350 4068 2373 4068 2374 4068 2350 4069 2374 4069 2375 4069 2376 4070 2377 4070 2358 4070 2358 4071 2377 4071 2378 4071 2358 4072 2378 4072 2359 4072 2359 4073 2378 4073 2379 4073 2359 4074 2379 4074 2380 4074 2356 4075 2381 4075 2360 4075 2381 4076 2356 4076 2382 4076 2382 4077 2356 4077 2355 4077 2382 4078 2355 4078 2383 4078 1051 4079 1050 4079 2384 4079 2384 4080 1050 4080 1075 4080 2384 4081 1075 4081 2385 4081 2385 4082 1075 4082 1077 4082 2385 4083 1077 4083 2386 4083 2386 4084 1077 4084 1080 4084 1068 4085 2387 4085 1069 4085 1069 4086 2387 4086 2388 4086 1070 4087 2389 4087 1064 4087 1064 4088 2389 4088 2390 4088 1064 4089 2390 4089 1065 4089 1065 4090 2390 4090 2391 4090 1065 4091 2391 4091 1087 4091 1087 4092 2391 4092 1088 4092 2392 4093 1047 4093 1084 4093 1047 4094 2392 4094 1048 4094 1048 4095 2392 4095 2393 4095 1048 4096 2393 4096 1074 4096 1074 4097 2393 4097 2394 4097 1074 4098 2394 4098 1057 4098 1081 4099 2395 4099 1082 4099 1082 4100 2395 4100 2396 4100 1082 4101 2396 4101 1083 4101 1083 4102 2396 4102 2397 4102 1083 4103 2397 4103 1053 4103 2398 4104 2399 4104 2400 4104 2362 4105 2401 4105 2402 4105 2403 4106 2404 4106 2405 4106 2406 4107 2407 4107 2408 4107 2380 4108 2409 4108 2398 4108 2398 4109 2409 4109 2410 4109 2398 4110 2410 4110 2399 4110 2399 4111 2410 4111 2411 4111 2399 4112 2388 4112 2400 4112 2400 4113 2388 4113 2387 4113 2400 4114 2387 4114 2412 4114 2412 4115 2387 4115 1068 4115 2412 4116 1068 4116 1061 4116 2380 4117 2398 4117 2359 4117 2359 4118 2398 4118 2400 4118 2359 4119 2400 4119 2357 4119 2357 4120 2400 4120 2412 4120 2357 4121 2412 4121 2413 4121 2413 4122 2412 4122 1061 4122 2413 4123 1061 4123 1060 4123 1045 4124 1044 4124 2414 4124 2414 4125 1044 4125 2415 4125 2414 4126 2415 4126 2416 4126 2364 4127 2376 4127 2365 4127 2365 4128 2376 4128 2358 4128 2365 4129 2358 4129 2416 4129 2416 4130 2358 4130 2357 4130 2416 4131 2357 4131 2414 4131 2414 4132 2357 4132 2413 4132 2414 4133 2413 4133 1045 4133 1045 4134 2413 4134 1060 4134 1044 4135 1063 4135 2415 4135 2415 4136 1063 4136 2417 4136 2415 4137 2417 4137 2416 4137 2416 4138 2417 4138 2401 4138 2416 4139 2401 4139 2365 4139 2365 4140 2401 4140 2362 4140 2365 4141 2362 4141 2363 4141 2363 4142 2362 4142 2361 4142 1063 4143 1051 4143 2417 4143 2417 4144 1051 4144 2384 4144 2417 4145 2384 4145 2401 4145 2401 4146 2384 4146 2385 4146 2401 4147 2385 4147 2402 4147 2402 4148 2385 4148 2386 4148 2402 4149 2386 4149 2418 4149 2418 4150 2386 4150 1080 4150 2418 4151 1080 4151 1079 4151 2360 4152 2362 4152 2356 4152 2356 4153 2362 4153 2402 4153 2356 4154 2402 4154 2354 4154 2354 4155 2402 4155 2418 4155 2354 4156 2418 4156 2419 4156 2419 4157 2418 4157 1079 4157 2419 4158 1079 4158 1078 4158 2370 4159 2383 4159 2403 4159 2403 4160 2383 4160 2355 4160 2403 4161 2355 4161 2404 4161 2404 4162 2355 4162 2354 4162 2404 4163 2354 4163 2420 4163 2420 4164 2354 4164 2419 4164 2420 4165 2419 4165 1054 4165 1054 4166 2419 4166 1078 4166 1054 4167 1053 4167 2420 4167 2420 4168 1053 4168 2397 4168 2420 4169 2397 4169 2404 4169 2404 4170 2397 4170 2396 4170 2404 4171 2396 4171 2405 4171 2405 4172 2396 4172 2395 4172 2405 4173 2395 4173 2421 4173 2421 4174 2395 4174 1081 4174 2421 4175 1081 4175 1072 4175 2370 4176 2403 4176 2353 4176 2353 4177 2403 4177 2405 4177 2353 4178 2405 4178 2351 4178 2351 4179 2405 4179 2421 4179 2351 4180 2421 4180 2422 4180 2422 4181 2421 4181 1072 4181 2422 4182 1072 4182 1071 4182 2423 4183 2366 4183 2406 4183 2406 4184 2366 4184 2352 4184 2406 4185 2352 4185 2407 4185 2407 4186 2352 4186 2351 4186 2407 4187 2351 4187 2424 4187 2424 4188 2351 4188 2422 4188 2424 4189 2422 4189 1058 4189 1058 4190 2422 4190 1071 4190 1086 4191 2425 4191 2426 4191 2426 4192 2425 4192 2348 4192 2426 4193 2348 4193 2408 4193 2408 4194 2348 4194 2350 4194 2408 4195 2350 4195 2406 4195 2406 4196 2350 4196 2375 4196 2406 4197 2375 4197 2423 4197 1058 4198 1057 4198 2424 4198 2424 4199 1057 4199 2394 4199 2424 4200 2394 4200 2407 4200 2407 4201 2394 4201 2393 4201 2407 4202 2393 4202 2408 4202 2408 4203 2393 4203 2392 4203 2408 4204 2392 4204 2426 4204 2426 4205 2392 4205 1084 4205 2426 4206 1084 4206 1086 4206 1086 4207 1089 4207 2425 4207 2425 4208 1089 4208 2427 4208 2425 4209 2427 4209 2348 4209 2348 4210 2427 4210 2411 4210 2348 4211 2411 4211 2349 4211 2349 4212 2411 4212 2410 4212 2349 4213 2410 4213 2371 4213 2371 4214 2410 4214 2409 4214 1089 4215 1088 4215 2427 4215 2427 4216 1088 4216 2391 4216 2427 4217 2391 4217 2411 4217 2411 4218 2391 4218 2390 4218 2411 4219 2390 4219 2399 4219 2399 4220 2390 4220 2389 4220 2399 4221 2389 4221 2388 4221 2388 4222 2389 4222 1070 4222 2388 4223 1070 4223 1069 4223 2428 4224 2429 4224 2430 4224 2431 4225 2432 4225 2433 4225 2434 4226 2435 4226 2436 4226 2437 4227 2438 4227 2439 4227 2440 4228 2441 4228 2442 4228 2443 4229 2444 4229 2445 4229 2446 4230 2447 4230 2432 4230 2432 4231 2447 4231 2448 4231 2432 4232 2448 4232 2433 4232 2433 4233 2448 4233 2449 4233 2433 4234 2449 4234 2450 4234 2451 4235 2452 4235 2429 4235 2429 4236 2452 4236 2453 4236 2429 4237 2453 4237 2430 4237 2430 4238 2453 4238 2454 4238 2430 4239 2454 4239 2455 4239 2456 4240 2457 4240 2438 4240 2438 4241 2457 4241 2458 4241 2438 4242 2458 4242 2439 4242 2439 4243 2458 4243 2459 4243 2439 4244 2459 4244 2460 4244 2436 4245 2461 4245 2440 4245 2461 4246 2436 4246 2462 4246 2462 4247 2436 4247 2435 4247 2462 4248 2435 4248 2463 4248 1097 4249 1096 4249 2464 4249 2464 4250 1096 4250 1121 4250 2464 4251 1121 4251 2465 4251 2465 4252 1121 4252 1123 4252 2465 4253 1123 4253 2466 4253 2466 4254 1123 4254 1126 4254 1114 4255 2467 4255 1115 4255 1115 4256 2467 4256 2468 4256 1116 4257 2469 4257 1110 4257 1110 4258 2469 4258 2470 4258 1110 4259 2470 4259 1111 4259 1111 4260 2470 4260 2471 4260 1111 4261 2471 4261 1133 4261 1133 4262 2471 4262 1134 4262 2472 4263 1093 4263 1130 4263 1093 4264 2472 4264 1094 4264 1094 4265 2472 4265 2473 4265 1094 4266 2473 4266 1120 4266 1120 4267 2473 4267 2474 4267 1120 4268 2474 4268 1103 4268 1127 4269 2475 4269 1128 4269 1128 4270 2475 4270 2476 4270 1128 4271 2476 4271 1129 4271 1129 4272 2476 4272 2477 4272 1129 4273 2477 4273 1099 4273 2478 4274 2479 4274 2480 4274 2442 4275 2481 4275 2482 4275 2483 4276 2484 4276 2485 4276 2486 4277 2487 4277 2488 4277 2460 4278 2489 4278 2478 4278 2478 4279 2489 4279 2490 4279 2478 4280 2490 4280 2479 4280 2479 4281 2490 4281 2491 4281 2479 4282 2468 4282 2480 4282 2480 4283 2468 4283 2467 4283 2480 4284 2467 4284 2492 4284 2492 4285 2467 4285 1114 4285 2492 4286 1114 4286 1107 4286 2460 4287 2478 4287 2439 4287 2439 4288 2478 4288 2480 4288 2439 4289 2480 4289 2437 4289 2437 4290 2480 4290 2492 4290 2437 4291 2492 4291 2493 4291 2493 4292 2492 4292 1107 4292 2493 4293 1107 4293 1106 4293 1091 4294 1090 4294 2494 4294 2494 4295 1090 4295 2495 4295 2494 4296 2495 4296 2496 4296 2444 4297 2456 4297 2445 4297 2445 4298 2456 4298 2438 4298 2445 4299 2438 4299 2496 4299 2496 4300 2438 4300 2437 4300 2496 4301 2437 4301 2494 4301 2494 4302 2437 4302 2493 4302 2494 4303 2493 4303 1091 4303 1091 4304 2493 4304 1106 4304 1090 4305 1109 4305 2495 4305 2495 4306 1109 4306 2497 4306 2495 4307 2497 4307 2496 4307 2496 4308 2497 4308 2481 4308 2496 4309 2481 4309 2445 4309 2445 4310 2481 4310 2442 4310 2445 4311 2442 4311 2443 4311 2443 4312 2442 4312 2441 4312 1109 4313 1097 4313 2497 4313 2497 4314 1097 4314 2464 4314 2497 4315 2464 4315 2481 4315 2481 4316 2464 4316 2465 4316 2481 4317 2465 4317 2482 4317 2482 4318 2465 4318 2466 4318 2482 4319 2466 4319 2498 4319 2498 4320 2466 4320 1126 4320 2498 4321 1126 4321 1125 4321 2440 4322 2442 4322 2436 4322 2436 4323 2442 4323 2482 4323 2436 4324 2482 4324 2434 4324 2434 4325 2482 4325 2498 4325 2434 4326 2498 4326 2499 4326 2499 4327 2498 4327 1125 4327 2499 4328 1125 4328 1124 4328 2450 4329 2463 4329 2483 4329 2483 4330 2463 4330 2435 4330 2483 4331 2435 4331 2484 4331 2484 4332 2435 4332 2434 4332 2484 4333 2434 4333 2500 4333 2500 4334 2434 4334 2499 4334 2500 4335 2499 4335 1100 4335 1100 4336 2499 4336 1124 4336 1100 4337 1099 4337 2500 4337 2500 4338 1099 4338 2477 4338 2500 4339 2477 4339 2484 4339 2484 4340 2477 4340 2476 4340 2484 4341 2476 4341 2485 4341 2485 4342 2476 4342 2475 4342 2485 4343 2475 4343 2501 4343 2501 4344 2475 4344 1127 4344 2501 4345 1127 4345 1118 4345 2450 4346 2483 4346 2433 4346 2433 4347 2483 4347 2485 4347 2433 4348 2485 4348 2431 4348 2431 4349 2485 4349 2501 4349 2431 4350 2501 4350 2502 4350 2502 4351 2501 4351 1118 4351 2502 4352 1118 4352 1117 4352 2503 4353 2446 4353 2486 4353 2486 4354 2446 4354 2432 4354 2486 4355 2432 4355 2487 4355 2487 4356 2432 4356 2431 4356 2487 4357 2431 4357 2504 4357 2504 4358 2431 4358 2502 4358 2504 4359 2502 4359 1104 4359 1104 4360 2502 4360 1117 4360 1132 4361 2505 4361 2506 4361 2506 4362 2505 4362 2428 4362 2506 4363 2428 4363 2488 4363 2488 4364 2428 4364 2430 4364 2488 4365 2430 4365 2486 4365 2486 4366 2430 4366 2455 4366 2486 4367 2455 4367 2503 4367 1104 4368 1103 4368 2504 4368 2504 4369 1103 4369 2474 4369 2504 4370 2474 4370 2487 4370 2487 4371 2474 4371 2473 4371 2487 4372 2473 4372 2488 4372 2488 4373 2473 4373 2472 4373 2488 4374 2472 4374 2506 4374 2506 4375 2472 4375 1130 4375 2506 4376 1130 4376 1132 4376 1132 4377 1135 4377 2505 4377 2505 4378 1135 4378 2507 4378 2505 4379 2507 4379 2428 4379 2428 4380 2507 4380 2491 4380 2428 4381 2491 4381 2429 4381 2429 4382 2491 4382 2490 4382 2429 4383 2490 4383 2451 4383 2451 4384 2490 4384 2489 4384 1135 4385 1134 4385 2507 4385 2507 4386 1134 4386 2471 4386 2507 4387 2471 4387 2491 4387 2491 4388 2471 4388 2470 4388 2491 4389 2470 4389 2479 4389 2479 4390 2470 4390 2469 4390 2479 4391 2469 4391 2468 4391 2468 4392 2469 4392 1116 4392 2468 4393 1116 4393 1115 4393 2508 4394 2509 4394 2510 4394 2510 4395 2509 4395 2511 4395 2510 4396 2511 4396 2512 4396 2512 4397 2511 4397 2513 4397 2512 4398 2513 4398 2514 4398 2514 4399 2513 4399 2515 4399 2514 4400 2515 4400 2516 4400 2516 4401 2515 4401 2517 4401 2516 4402 2517 4402 2518 4402 2518 4403 2517 4403 2519 4403 2518 4404 2519 4404 2520 4404 2520 4405 2519 4405 2521 4405 2520 4406 2521 4406 2522 4406 2522 4407 2521 4407 2523 4407 2522 4408 2523 4408 2524 4408 2524 4409 2523 4409 2525 4409 2524 4410 2525 4410 2526 4410 2526 4411 2525 4411 2527 4411 2528 4412 2529 4412 2530 4412 2531 4413 2532 4413 2533 4413 2534 4414 2535 4414 2536 4414 2537 4415 2538 4415 2539 4415 2539 4416 2538 4416 2534 4416 2540 4417 2541 4417 2542 4417 2542 4418 2541 4418 2538 4418 2538 4419 2543 4419 2544 4419 2538 4420 2544 4420 2542 4420 2542 4421 2544 4421 2545 4421 2542 4422 2545 4422 2546 4422 2547 4423 2545 4423 2533 4423 2533 4424 2545 4424 2548 4424 2533 4425 2548 4425 2531 4425 2531 4426 2548 4426 2549 4426 2531 4427 2549 4427 2550 4427 2550 4428 2549 4428 2551 4428 2550 4429 2551 4429 2552 4429 2553 4430 2554 4430 2555 4430 2556 4431 2557 4431 2558 4431 2559 4432 2560 4432 2561 4432 2561 4433 2560 4433 2556 4433 2558 4434 2562 4434 2556 4434 2556 4435 2562 4435 2563 4435 2556 4436 2563 4436 2561 4436 2561 4437 2563 4437 2564 4437 2561 4438 2564 4438 2565 4438 2566 4439 2564 4439 2530 4439 2530 4440 2564 4440 2567 4440 2530 4441 2567 4441 2528 4441 2528 4442 2567 4442 2568 4442 2528 4443 2568 4443 2569 4443 2569 4444 2568 4444 2535 4444 2569 4445 2535 4445 2570 4445 2571 4446 2572 4446 2573 4446 2573 4447 2572 4447 2574 4447 2573 4448 2574 4448 2575 4448 2575 4449 2574 4449 2576 4449 2575 4450 2576 4450 2577 4450 2577 4451 2576 4451 2578 4451 2577 4452 2578 4452 2579 4452 2579 4453 2578 4453 2580 4453 2579 4454 2580 4454 2581 4454 2581 4455 2580 4455 2582 4455 2581 4456 2582 4456 2583 4456 2583 4457 2582 4457 2584 4457 2583 4458 2584 4458 2585 4458 2585 4459 2584 4459 2586 4459 2585 4460 2586 4460 2587 4460 2587 4461 2586 4461 2588 4461 2587 4462 2588 4462 2589 4462 2589 4463 2588 4463 2590 4463 2589 4464 2590 4464 2591 4464 2591 4465 2590 4465 2592 4465 2591 4466 2592 4466 2593 4466 2593 4467 2592 4467 2594 4467 2593 4468 2594 4468 2571 4468 2571 4469 2594 4469 2572 4469 2595 4470 2596 4470 2597 4470 2595 4471 2597 4471 2598 4471 2597 4472 2599 4472 2600 4472 2601 4473 2551 4473 2602 4473 2602 4474 2551 4474 2549 4474 2602 4475 2549 4475 2603 4475 2603 4476 2549 4476 2548 4476 2603 4477 2548 4477 2604 4477 2604 4478 2548 4478 2545 4478 2604 4479 2545 4479 2605 4479 2605 4480 2545 4480 2544 4480 2605 4481 2544 4481 2606 4481 2606 4482 2544 4482 2543 4482 2607 4483 2601 4483 2608 4483 2609 4484 2610 4484 2601 4484 2601 4485 2610 4485 2611 4485 2553 4486 2551 4486 2554 4486 2554 4487 2551 4487 2601 4487 2554 4488 2601 4488 2555 4488 2555 4489 2601 4489 2611 4489 2555 4490 2611 4490 2553 4490 2553 4491 2611 4491 2610 4491 2553 4492 2610 4492 2556 4492 2556 4493 2610 4493 2609 4493 2556 4494 2609 4494 2557 4494 2557 4495 2609 4495 2601 4495 2557 4496 2601 4496 2558 4496 2558 4497 2601 4497 2607 4497 2558 4498 2607 4498 2562 4498 2562 4499 2607 4499 2608 4499 2562 4500 2608 4500 2563 4500 2563 4501 2608 4501 2612 4501 2563 4502 2612 4502 2564 4502 2564 4503 2612 4503 2613 4503 2564 4504 2613 4504 2567 4504 2567 4505 2613 4505 2614 4505 2567 4506 2614 4506 2568 4506 2568 4507 2614 4507 2615 4507 2568 4508 2615 4508 2535 4508 2535 4509 2615 4509 2597 4509 2535 4510 2597 4510 2536 4510 2536 4511 2597 4511 2600 4511 2536 4512 2600 4512 2534 4512 2534 4513 2600 4513 2599 4513 2534 4514 2599 4514 2539 4514 2539 4515 2599 4515 2597 4515 2539 4516 2597 4516 2537 4516 2537 4517 2597 4517 2596 4517 2537 4518 2596 4518 2538 4518 2538 4519 2596 4519 2595 4519 2538 4520 2595 4520 2543 4520 2543 4521 2595 4521 2598 4521 2543 4522 2598 4522 2606 4522 2606 4523 2598 4523 2597 4523 2615 4524 2583 4524 2597 4524 2597 4525 2583 4525 2585 4525 2597 4526 2585 4526 2606 4526 2606 4527 2585 4527 2587 4527 2606 4528 2587 4528 2605 4528 2605 4529 2587 4529 2589 4529 2605 4530 2589 4530 2604 4530 2604 4531 2589 4531 2591 4531 2604 4532 2591 4532 2603 4532 2603 4533 2591 4533 2593 4533 2603 4534 2593 4534 2602 4534 2602 4535 2593 4535 2571 4535 2602 4536 2571 4536 2601 4536 2601 4537 2571 4537 2573 4537 2601 4538 2573 4538 2608 4538 2608 4539 2573 4539 2575 4539 2608 4540 2575 4540 2612 4540 2612 4541 2575 4541 2577 4541 2612 4542 2577 4542 2613 4542 2613 4543 2577 4543 2579 4543 2613 4544 2579 4544 2614 4544 2614 4545 2579 4545 2581 4545 2614 4546 2581 4546 2615 4546 2615 4547 2581 4547 2583 4547 2616 4548 2617 4548 2618 4548 2618 4549 2617 4549 2619 4549 2620 4550 2621 4550 2622 4550 2622 4551 2621 4551 2619 4551 2622 4552 2619 4552 2623 4552 2623 4553 2619 4553 2617 4553 2623 4554 2617 4554 2624 4554 2625 4555 2626 4555 2627 4555 2627 4556 2626 4556 2628 4556 2627 4557 2628 4557 2629 4557 2629 4558 2628 4558 2630 4558 2629 4559 2630 4559 2620 4559 2620 4560 2630 4560 2631 4560 2620 4561 2631 4561 2621 4561 2627 4562 2632 4562 2625 4562 2625 4563 2632 4563 2633 4563 2625 4564 2633 4564 2634 4564 2635 4565 2636 4565 2637 4565 2638 4566 2639 4566 2640 4566 2641 4567 2642 4567 2643 4567 2641 4568 2643 4568 2644 4568 2644 4569 2643 4569 2645 4569 2644 4570 2645 4570 2646 4570 2646 4571 2645 4571 2640 4571 2646 4572 2640 4572 2647 4572 2647 4573 2640 4573 2639 4573 2647 4574 2639 4574 2648 4574 2649 4575 2650 4575 2651 4575 2652 4576 2653 4576 2650 4576 2650 4577 2653 4577 2654 4577 2650 4578 2654 4578 2655 4578 2650 4579 2649 4579 2652 4579 2652 4580 2649 4580 2656 4580 2652 4581 2656 4581 2657 4581 2637 4582 2636 4582 2656 4582 2656 4583 2636 4583 2658 4583 2656 4584 2658 4584 2657 4584 2659 4585 2660 4585 2637 4585 2637 4586 2660 4586 2661 4586 2637 4587 2661 4587 2635 4587 2651 4588 2638 4588 2649 4588 2649 4589 2638 4589 2640 4589 2649 4590 2640 4590 2656 4590 2656 4591 2640 4591 2645 4591 2656 4592 2645 4592 2637 4592 2637 4593 2645 4593 2643 4593 2637 4594 2643 4594 2659 4594 2659 4595 2643 4595 2642 4595 2662 4596 2663 4596 2664 4596 2662 4597 2664 4597 2665 4597 2664 4598 2666 4598 2665 4598 2665 4599 2666 4599 2667 4599 2665 4600 2667 4600 2668 4600 2526 4601 2527 4601 2669 4601 2669 4602 2527 4602 2668 4602 2669 4603 2668 4603 2670 4603 2670 4604 2668 4604 2667 4604 2663 4605 2662 4605 2671 4605 2663 4606 2671 4606 2672 4606 2672 4607 2671 4607 2673 4607 2672 4608 2673 4608 2674 4608 2674 4609 2673 4609 2675 4609 2674 4610 2675 4610 2676 4610 2676 4611 2675 4611 2677 4611 2676 4612 2677 4612 2678 4612 2678 4613 2677 4613 2679 4613 2678 4614 2679 4614 2680 4614 1859 4615 1858 4615 2681 4615 1859 4616 2681 4616 2682 4616 2682 4617 2681 4617 2683 4617 2682 4618 2683 4618 2684 4618 2684 4619 2683 4619 2685 4619 2684 4620 2685 4620 2686 4620 2686 4621 2685 4621 2687 4621 2686 4622 2687 4622 2688 4622 2688 4623 2687 4623 2689 4623 2688 4624 2689 4624 2690 4624 2526 4625 1858 4625 2524 4625 2524 4626 1858 4626 1860 4626 2524 4627 1860 4627 2522 4627 2522 4628 1860 4628 1862 4628 2522 4629 1862 4629 2520 4629 2520 4630 1862 4630 1864 4630 2520 4631 1864 4631 2518 4631 2518 4632 1864 4632 1866 4632 2518 4633 1866 4633 2516 4633 2516 4634 1866 4634 1868 4634 2516 4635 1868 4635 2514 4635 2514 4636 1868 4636 1870 4636 2514 4637 1870 4637 2512 4637 2512 4638 1870 4638 1872 4638 2512 4639 1872 4639 2510 4639 2510 4640 1872 4640 1874 4640 2510 4641 1874 4641 2508 4641 2508 4642 1874 4642 1876 4642 1171 4643 1170 4643 2691 4643 2692 4644 1152 4644 1151 4644 1151 4645 1149 4645 2692 4645 2692 4646 1149 4646 1150 4646 2692 4647 1150 4647 2693 4647 2693 4648 1150 4648 1148 4648 2693 4649 1148 4649 2694 4649 2694 4650 1148 4650 1147 4650 2694 4651 1147 4651 2691 4651 2691 4652 1147 4652 1172 4652 2691 4653 1172 4653 1171 4653 1155 4654 1164 4654 2695 4654 1164 4655 1163 4655 2695 4655 2695 4656 1163 4656 1162 4656 2695 4657 1162 4657 2696 4657 2696 4658 1162 4658 1145 4658 2696 4659 1145 4659 2692 4659 2692 4660 1145 4660 1153 4660 2692 4661 1153 4661 1152 4661 1161 4662 1159 4662 2697 4662 2697 4663 1159 4663 1158 4663 2697 4664 1158 4664 2695 4664 2695 4665 1158 4665 1156 4665 2695 4666 1156 4666 1155 4666 2698 4667 2699 4667 1202 4667 334 4668 1202 4668 1198 4668 1198 4669 1202 4669 2699 4669 1198 4670 2699 4670 1186 4670 1186 4671 2699 4671 2700 4671 1186 4672 2700 4672 2701 4672 1183 4673 1185 4673 2701 4673 1185 4674 1189 4674 2701 4674 2701 4675 1189 4675 1187 4675 2701 4676 1187 4676 1186 4676 2702 4677 1191 4677 2703 4677 2703 4678 1191 4678 1193 4678 1193 4679 1197 4679 2703 4679 2703 4680 1197 4680 1196 4680 2703 4681 1196 4681 2704 4681 2704 4682 1196 4682 1195 4682 2704 4683 1195 4683 2701 4683 2701 4684 1195 4684 1181 4684 2701 4685 1181 4685 1183 4685 2705 4686 1219 4686 1218 4686 1161 4687 2697 4687 1210 4687 1210 4688 2697 4688 2705 4688 1210 4689 2705 4689 1211 4689 1211 4690 2705 4690 1218 4690 1202 4691 1203 4691 2698 4691 2698 4692 1203 4692 345 4692 2698 4693 345 4693 1214 4693 1214 4694 1216 4694 2698 4694 2698 4695 1216 4695 1205 4695 2698 4696 1205 4696 2706 4696 2706 4697 1205 4697 1204 4697 2706 4698 1204 4698 2705 4698 2705 4699 1204 4699 1220 4699 2705 4700 1220 4700 1219 4700 1237 4701 1235 4701 2707 4701 1239 4702 1191 4702 2702 4702 2708 4703 2709 4703 1245 4703 1245 4704 1244 4704 2708 4704 2708 4705 1244 4705 1248 4705 2708 4706 1248 4706 1247 4706 2707 4707 1235 4707 2702 4707 2702 4708 1235 4708 1234 4708 2702 4709 1234 4709 1239 4709 1247 4710 1246 4710 2708 4710 2708 4711 1246 4711 1224 4711 2708 4712 1224 4712 2710 4712 1228 4713 1229 4713 2711 4713 2710 4714 1224 4714 2711 4714 2711 4715 1224 4715 1226 4715 2711 4716 1226 4716 1228 4716 1229 4717 1230 4717 2711 4717 2711 4718 1230 4718 1232 4718 2711 4719 1232 4719 2712 4719 2712 4720 1232 4720 1231 4720 2712 4721 1231 4721 2707 4721 2707 4722 1231 4722 1238 4722 2707 4723 1238 4723 1237 4723 1245 4724 2709 4724 1249 4724 1249 4725 2709 4725 2713 4725 1249 4726 2713 4726 1253 4726 1253 4727 2713 4727 1254 4727 1254 4728 2713 4728 2714 4728 1254 4729 2714 4729 1255 4729 1255 4730 2714 4730 1250 4730 1250 4731 2714 4731 2715 4731 1250 4732 2715 4732 1251 4732 2716 4733 1291 4733 1290 4733 1251 4734 2715 4734 1288 4734 1288 4735 2715 4735 2716 4735 1288 4736 2716 4736 1289 4736 1289 4737 2716 4737 1290 4737 2717 4738 1282 4738 1292 4738 1292 4739 1279 4739 2717 4739 2717 4740 1279 4740 1278 4740 2717 4741 1278 4741 2718 4741 2718 4742 1278 4742 1277 4742 2718 4743 1277 4743 2716 4743 2716 4744 1277 4744 1276 4744 2716 4745 1276 4745 1291 4745 1282 4746 2717 4746 1283 4746 1283 4747 2717 4747 2719 4747 1283 4748 2719 4748 1285 4748 1285 4749 2719 4749 2720 4749 1285 4750 2720 4750 1286 4750 1261 4751 1260 4751 2721 4751 2721 4752 1260 4752 1281 4752 2721 4753 1281 4753 2720 4753 2720 4754 1281 4754 1287 4754 2720 4755 1287 4755 1286 4755 2722 4756 2723 4756 1302 4756 1301 4757 359 4757 1318 4757 2724 4758 1297 4758 2723 4758 2723 4759 1297 4759 1299 4759 1299 4760 1305 4760 2723 4760 2723 4761 1305 4761 1304 4761 2723 4762 1304 4762 1302 4762 1332 4763 1261 4763 2721 4763 2725 4764 1338 4764 1339 4764 2725 4765 1339 4765 2721 4765 2721 4766 1339 4766 1340 4766 2721 4767 1340 4767 1332 4767 1338 4768 2725 4768 1337 4768 1337 4769 2725 4769 2726 4769 1337 4770 2726 4770 2727 4770 2728 4771 1323 4771 2729 4771 2729 4772 1323 4772 1322 4772 2729 4773 1322 4773 2727 4773 2727 4774 1322 4774 1310 4774 2727 4775 1310 4775 1337 4775 1337 4776 1310 4776 446 4776 1302 4777 1301 4777 2722 4777 2722 4778 1301 4778 1318 4778 2722 4779 1318 4779 2730 4779 2730 4780 1318 4780 1319 4780 2730 4781 1319 4781 2731 4781 2731 4782 1319 4782 1321 4782 2731 4783 1321 4783 2732 4783 2732 4784 1321 4784 1328 4784 2732 4785 1328 4785 2733 4785 2733 4786 1328 4786 1327 4786 2733 4787 1327 4787 2728 4787 2728 4788 1327 4788 1325 4788 2728 4789 1325 4789 1323 4789 1354 4790 1297 4790 2724 4790 1373 4791 1372 4791 2734 4791 2734 4792 1372 4792 1371 4792 2734 4793 1371 4793 2724 4793 2724 4794 1371 4794 1356 4794 2724 4795 1356 4795 1354 4795 1359 4796 1364 4796 2735 4796 2735 4797 1364 4797 1367 4797 1367 4798 1366 4798 2735 4798 2735 4799 1366 4799 1365 4799 2735 4800 1365 4800 2736 4800 2736 4801 1365 4801 1368 4801 2736 4802 1368 4802 2734 4802 2734 4803 1368 4803 1374 4803 2734 4804 1374 4804 1373 4804 2737 4805 1358 4805 1357 4805 1362 4806 1361 4806 2738 4806 2737 4807 1357 4807 2738 4807 2738 4808 1357 4808 1363 4808 2738 4809 1363 4809 1362 4809 2735 4810 2739 4810 1359 4810 1359 4811 2739 4811 2738 4811 1359 4812 2738 4812 1360 4812 1360 4813 2738 4813 1361 4813 1358 4814 2737 4814 1375 4814 1375 4815 2737 4815 2740 4815 1382 4816 1381 4816 2741 4816 2741 4817 1381 4817 1380 4817 2741 4818 1380 4818 2740 4818 2740 4819 1380 4819 1379 4819 2740 4820 1379 4820 1375 4820 1382 4821 2741 4821 1376 4821 1376 4822 2741 4822 2742 4822 1376 4823 2742 4823 1377 4823 2743 4824 1411 4824 1410 4824 1377 4825 2742 4825 1408 4825 1408 4826 2742 4826 2743 4826 1408 4827 2743 4827 1409 4827 1409 4828 2743 4828 1410 4828 1412 4829 1397 4829 2744 4829 2744 4830 1397 4830 1384 4830 2744 4831 1384 4831 1383 4831 1411 4832 2743 4832 1383 4832 1383 4833 2743 4833 2745 4833 1383 4834 2745 4834 2744 4834 2746 4835 1406 4835 2747 4835 2747 4836 1406 4836 1404 4836 2747 4837 1404 4837 2744 4837 2744 4838 1404 4838 1403 4838 2744 4839 1403 4839 1412 4839 1398 4840 1400 4840 2748 4840 2748 4841 1400 4841 1402 4841 2748 4842 1402 4842 2746 4842 2746 4843 1402 4843 1407 4843 2746 4844 1407 4844 1406 4844 1398 4845 2748 4845 1443 4845 1443 4846 2748 4846 2749 4846 1443 4847 2749 4847 1444 4847 1444 4848 2749 4848 1451 4848 2750 4849 1456 4849 2749 4849 2749 4850 1456 4850 1452 4850 2749 4851 1452 4851 1451 4851 2751 4852 1463 4852 1461 4852 1461 4853 1460 4853 2751 4853 2751 4854 1460 4854 1459 4854 2751 4855 1459 4855 2750 4855 2750 4856 1459 4856 1457 4856 2750 4857 1457 4857 1456 4857 1463 4858 2751 4858 1454 4858 1454 4859 2751 4859 2752 4859 1454 4860 2752 4860 1455 4860 2753 4861 1439 4861 2752 4861 2752 4862 1439 4862 466 4862 2752 4863 466 4863 1455 4863 1423 4864 1422 4864 2754 4864 2754 4865 1422 4865 1438 4865 2754 4866 1438 4866 2753 4866 2753 4867 1438 4867 476 4867 2753 4868 476 4868 1439 4868 1423 4869 2754 4869 1429 4869 1429 4870 2754 4870 2755 4870 1429 4871 2755 4871 1428 4871 2756 4872 1424 4872 2755 4872 2755 4873 1424 4873 1426 4873 2755 4874 1426 4874 1428 4874 2757 4875 1431 4875 2758 4875 2758 4876 1431 4876 1433 4876 1433 4877 1437 4877 2758 4877 2758 4878 1437 4878 1436 4878 2758 4879 1436 4879 2756 4879 2756 4880 1436 4880 1435 4880 2756 4881 1435 4881 1424 4881 1489 4882 1488 4882 2759 4882 2760 4883 1484 4883 2757 4883 2757 4884 1484 4884 1475 4884 2757 4885 1475 4885 1431 4885 2759 4886 1488 4886 2761 4886 2761 4887 1488 4887 1487 4887 2761 4888 1487 4888 2760 4888 2760 4889 1487 4889 1485 4889 2760 4890 1485 4890 1484 4890 1483 4891 1482 4891 2759 4891 1482 4892 1481 4892 2759 4892 2759 4893 1481 4893 1480 4893 2759 4894 1480 4894 1489 4894 2762 4895 2763 4895 1468 4895 1468 4896 1467 4896 2762 4896 2762 4897 1467 4897 1477 4897 2762 4898 1477 4898 1478 4898 2759 4899 2764 4899 1483 4899 1483 4900 2764 4900 2762 4900 1483 4901 2762 4901 1479 4901 1479 4902 2762 4902 1478 4902 1468 4903 2763 4903 1490 4903 1490 4904 2763 4904 2765 4904 1490 4905 2765 4905 1491 4905 1491 4906 2765 4906 1495 4906 1495 4907 2765 4907 2766 4907 1495 4908 2766 4908 1496 4908 1496 4909 2766 4909 1492 4909 1492 4910 2766 4910 2767 4910 1492 4911 2767 4911 1493 4911 2768 4912 1525 4912 1524 4912 1493 4913 2767 4913 1522 4913 1522 4914 2767 4914 2768 4914 1522 4915 2768 4915 1523 4915 1523 4916 2768 4916 1524 4916 2769 4917 1516 4917 1526 4917 1526 4918 1510 4918 2769 4918 2769 4919 1510 4919 1498 4919 2769 4920 1498 4920 1497 4920 1525 4921 2768 4921 1497 4921 1497 4922 2768 4922 2770 4922 1497 4923 2770 4923 2769 4923 2771 4924 1519 4924 1517 4924 1516 4925 2769 4925 1517 4925 1517 4926 2769 4926 2772 4926 1517 4927 2772 4927 2771 4927 1511 4928 1513 4928 2773 4928 2773 4929 1513 4929 1515 4929 2773 4930 1515 4930 2771 4930 2771 4931 1515 4931 1520 4931 2771 4932 1520 4932 1519 4932 1511 4933 2773 4933 1558 4933 1558 4934 2773 4934 2774 4934 1558 4935 2774 4935 1559 4935 1559 4936 2774 4936 1566 4936 2775 4937 1571 4937 2774 4937 2774 4938 1571 4938 1567 4938 2774 4939 1567 4939 1566 4939 1577 4940 1575 4940 2776 4940 2776 4941 1575 4941 1574 4941 2776 4942 1574 4942 2775 4942 2775 4943 1574 4943 1572 4943 2775 4944 1572 4944 1571 4944 1577 4945 2776 4945 1569 4945 1569 4946 2776 4946 2777 4946 1569 4947 2777 4947 1570 4947 2778 4948 1557 4948 2777 4948 2777 4949 1557 4949 566 4949 2777 4950 566 4950 1570 4950 2779 4951 1542 4951 2780 4951 2780 4952 1542 4952 1528 4952 1528 4953 1527 4953 2780 4953 2780 4954 1527 4954 1553 4954 2780 4955 1553 4955 2778 4955 2778 4956 1553 4956 575 4956 2778 4957 575 4957 1557 4957 1540 4958 1544 4958 2779 4958 2779 4959 1544 4959 1543 4959 2779 4960 1543 4960 1542 4960 2781 4961 1546 4961 2782 4961 2782 4962 1546 4962 1548 4962 1548 4963 1552 4963 2782 4963 2782 4964 1552 4964 1551 4964 2782 4965 1551 4965 2783 4965 2783 4966 1551 4966 1550 4966 2783 4967 1550 4967 2779 4967 2779 4968 1550 4968 1538 4968 2779 4969 1538 4969 1540 4969 2784 4970 2785 4970 1602 4970 1602 4971 1601 4971 2784 4971 2784 4972 1601 4972 1599 4972 2784 4973 1599 4973 2786 4973 2786 4974 1599 4974 1598 4974 2786 4975 1598 4975 2781 4975 2781 4976 1598 4976 1589 4976 2781 4977 1589 4977 1546 4977 1597 4978 1596 4978 2785 4978 2785 4979 1596 4979 1595 4979 1595 4980 1594 4980 2785 4980 2785 4981 1594 4981 1603 4981 2785 4982 1603 4982 1602 4982 2787 4983 2788 4983 1582 4983 1582 4984 1581 4984 2787 4984 2787 4985 1581 4985 1591 4985 2787 4986 1591 4986 1592 4986 2785 4987 2789 4987 1597 4987 1597 4988 2789 4988 2787 4988 1597 4989 2787 4989 1593 4989 1593 4990 2787 4990 1592 4990 1582 4991 2788 4991 1604 4991 1604 4992 2788 4992 2790 4992 1611 4993 1607 4993 2791 4993 2791 4994 1607 4994 1606 4994 2791 4995 1606 4995 2790 4995 2790 4996 1606 4996 1605 4996 2790 4997 1605 4997 1604 4997 1611 4998 2791 4998 1608 4998 1608 4999 2791 4999 2792 4999 1608 5000 2792 5000 1609 5000 2793 5001 1647 5001 1646 5001 1609 5002 2792 5002 1644 5002 1644 5003 2792 5003 2793 5003 1644 5004 2793 5004 1645 5004 1645 5005 2793 5005 1646 5005 2794 5006 1638 5006 1648 5006 1648 5007 1635 5007 2794 5007 2794 5008 1635 5008 1634 5008 2794 5009 1634 5009 2795 5009 2795 5010 1634 5010 1633 5010 2795 5011 1633 5011 2793 5011 2793 5012 1633 5012 1632 5012 2793 5013 1632 5013 1647 5013 1638 5014 2794 5014 1639 5014 1639 5015 2794 5015 2796 5015 1639 5016 2796 5016 1641 5016 1641 5017 2796 5017 2797 5017 1641 5018 2797 5018 1642 5018 1617 5019 1616 5019 2798 5019 2798 5020 1616 5020 1637 5020 2798 5021 1637 5021 2797 5021 2797 5022 1637 5022 1643 5022 2797 5023 1643 5023 1642 5023 2799 5024 2800 5024 1658 5024 1657 5025 669 5025 1667 5025 2801 5026 1653 5026 2800 5026 2800 5027 1653 5027 1655 5027 1655 5028 1661 5028 2800 5028 2800 5029 1661 5029 1660 5029 2800 5030 1660 5030 1658 5030 1688 5031 1617 5031 2798 5031 2802 5032 1694 5032 1695 5032 2802 5033 1695 5033 2798 5033 2798 5034 1695 5034 1696 5034 2798 5035 1696 5035 1688 5035 1694 5036 2802 5036 1693 5036 1693 5037 2802 5037 2803 5037 1693 5038 2803 5038 2804 5038 766 5039 1693 5039 1671 5039 1671 5040 1693 5040 2804 5040 1671 5041 2804 5041 1672 5041 1672 5042 2804 5042 2805 5042 1672 5043 2805 5043 1674 5043 1674 5044 2805 5044 2806 5044 1658 5045 1657 5045 2799 5045 2799 5046 1657 5046 1667 5046 2799 5047 1667 5047 2807 5047 2807 5048 1667 5048 1668 5048 2807 5049 1668 5049 2808 5049 2808 5050 1668 5050 1670 5050 2808 5051 1670 5051 2809 5051 2809 5052 1670 5052 1679 5052 2809 5053 1679 5053 2810 5053 2810 5054 1679 5054 1678 5054 2810 5055 1678 5055 2806 5055 2806 5056 1678 5056 1676 5056 2806 5057 1676 5057 1674 5057 1710 5058 1653 5058 2801 5058 1729 5059 1728 5059 2811 5059 2811 5060 1728 5060 1727 5060 2811 5061 1727 5061 2801 5061 2801 5062 1727 5062 1712 5062 2801 5063 1712 5063 1710 5063 1715 5064 1720 5064 2812 5064 2812 5065 1720 5065 1723 5065 1723 5066 1722 5066 2812 5066 2812 5067 1722 5067 1721 5067 2812 5068 1721 5068 2813 5068 2813 5069 1721 5069 1724 5069 2813 5070 1724 5070 2811 5070 2811 5071 1724 5071 1730 5071 2811 5072 1730 5072 1729 5072 2814 5073 1714 5073 1713 5073 1718 5074 1717 5074 2815 5074 2814 5075 1713 5075 2815 5075 2815 5076 1713 5076 1719 5076 2815 5077 1719 5077 1718 5077 2812 5078 2816 5078 1715 5078 1715 5079 2816 5079 2815 5079 1715 5080 2815 5080 1716 5080 1716 5081 2815 5081 1717 5081 1714 5082 2814 5082 1731 5082 1731 5083 2814 5083 2817 5083 1731 5084 2817 5084 1735 5084 1735 5085 2817 5085 1736 5085 1736 5086 2817 5086 2818 5086 1736 5087 2818 5087 1737 5087 1737 5088 2818 5088 1732 5088 1732 5089 2818 5089 2819 5089 1732 5090 2819 5090 1733 5090 1750 5091 2820 5091 1745 5091 1745 5092 2820 5092 2821 5092 1745 5093 2821 5093 1743 5093 1743 5094 2821 5094 1741 5094 1733 5095 2819 5095 1767 5095 1767 5096 2819 5096 2822 5096 1767 5097 2822 5097 1768 5097 1768 5098 2822 5098 1769 5098 1754 5099 2823 5099 1753 5099 1753 5100 2823 5100 1751 5100 1754 5101 1739 5101 2823 5101 2823 5102 1739 5102 1738 5102 2823 5103 1738 5103 2824 5103 2824 5104 1738 5104 1757 5104 2824 5105 1757 5105 2822 5105 2822 5106 1757 5106 1756 5106 2822 5107 1756 5107 1769 5107 1750 5108 1749 5108 2820 5108 2820 5109 1749 5109 1747 5109 2820 5110 1747 5110 1746 5110 1751 5111 2823 5111 1746 5111 1746 5112 2823 5112 2825 5112 1746 5113 2825 5113 2820 5113 1789 5114 813 5114 1796 5114 1791 5115 1790 5115 2826 5115 2827 5116 1786 5116 2828 5116 2828 5117 1786 5117 1785 5117 2828 5118 1785 5118 2826 5118 2826 5119 1785 5119 1779 5119 2826 5120 1779 5120 1791 5120 2829 5121 1784 5121 2827 5121 2827 5122 1784 5122 1771 5122 1771 5123 1770 5123 2827 5123 2827 5124 1770 5124 1788 5124 2827 5125 1788 5125 1786 5125 2830 5126 1802 5126 1804 5126 1741 5127 2821 5127 1807 5127 1807 5128 2821 5128 2830 5128 1807 5129 2830 5129 1806 5129 1806 5130 2830 5130 1804 5130 1808 5131 1816 5131 2831 5131 2831 5132 1816 5132 1814 5132 1814 5133 1813 5133 2831 5133 2831 5134 1813 5134 1811 5134 2831 5135 1811 5135 1810 5135 1802 5136 2830 5136 1810 5136 1810 5137 2830 5137 2832 5137 1810 5138 2832 5138 2831 5138 1796 5139 1793 5139 2833 5139 2833 5140 1793 5140 825 5140 2833 5141 825 5141 2831 5141 2831 5142 825 5142 1809 5142 2831 5143 1809 5143 1808 5143 1790 5144 1789 5144 2826 5144 2826 5145 1789 5145 1796 5145 2826 5146 1796 5146 2834 5146 2834 5147 1796 5147 2833 5147 2829 5148 2835 5148 1824 5148 1824 5149 1830 5149 2829 5149 2829 5150 1830 5150 1829 5150 2829 5151 1829 5151 1784 5151 1844 5152 2835 5152 2836 5152 1844 5153 1843 5153 2835 5153 2835 5154 1843 5154 1825 5154 2835 5155 1825 5155 1824 5155 1841 5156 1840 5156 2837 5156 2837 5157 1840 5157 1839 5157 2837 5158 1839 5158 2836 5158 2836 5159 1839 5159 1845 5159 2836 5160 1845 5160 1844 5160 2838 5161 1834 5161 1835 5161 1835 5162 1836 5162 2838 5162 2838 5163 1836 5163 1837 5163 2838 5164 1837 5164 2839 5164 2839 5165 1837 5165 1833 5165 2839 5166 1833 5166 2840 5166 2840 5167 1833 5167 1832 5167 2840 5168 1832 5168 2837 5168 2837 5169 1832 5169 1842 5169 2837 5170 1842 5170 1841 5170 2690 5171 2691 5171 1859 5171 1170 5172 1865 5172 1863 5172 1869 5173 1849 5173 1871 5173 1871 5174 1849 5174 1846 5174 1871 5175 1846 5175 1834 5175 2841 5176 2842 5176 1877 5176 1851 5177 1852 5177 1869 5177 1869 5178 1852 5178 1850 5178 1869 5179 1850 5179 1849 5179 1170 5180 1863 5180 2691 5180 2691 5181 1863 5181 1861 5181 2691 5182 1861 5182 1859 5182 1854 5183 1855 5183 1867 5183 1867 5184 1855 5184 1857 5184 1867 5185 1857 5185 1869 5185 1869 5186 1857 5186 1848 5186 1869 5187 1848 5187 1851 5187 1170 5188 1853 5188 1865 5188 1865 5189 1853 5189 1856 5189 1865 5190 1856 5190 1867 5190 1867 5191 1856 5191 1847 5191 1867 5192 1847 5192 1854 5192 2843 5193 2844 5193 2845 5193 2845 5194 2841 5194 2843 5194 2843 5195 2841 5195 1877 5195 2843 5196 1877 5196 2838 5196 2838 5197 1877 5197 1875 5197 2838 5198 1875 5198 1834 5198 1834 5199 1875 5199 1873 5199 1834 5200 1873 5200 1871 5200 1859 5201 2682 5201 2684 5201 2690 5202 1859 5202 2688 5202 2688 5203 1859 5203 2684 5203 2688 5204 2684 5204 2686 5204 2508 5205 2846 5205 2509 5205 2509 5206 2846 5206 2847 5206 2846 5207 2848 5207 2847 5207 2847 5208 2848 5208 2849 5208 2847 5209 2849 5209 2850 5209 2851 5210 2660 5210 2852 5210 2852 5211 2660 5211 2850 5211 2852 5212 2850 5212 2853 5212 2853 5213 2850 5213 2849 5213 2843 5214 2854 5214 2855 5214 2843 5215 2855 5215 2844 5215 2844 5216 2855 5216 2856 5216 2844 5217 2856 5217 2845 5217 2845 5218 2856 5218 2857 5218 2845 5219 2857 5219 2841 5219 2841 5220 2857 5220 2858 5220 2841 5221 2858 5221 2842 5221 2842 5222 2858 5222 1876 5222 2842 5223 1876 5223 1877 5223 2859 5224 2657 5224 2860 5224 2860 5225 2657 5225 2658 5225 2860 5226 2658 5226 2861 5226 2861 5227 2658 5227 2862 5227 2862 5228 2658 5228 2636 5228 2862 5229 2636 5229 2863 5229 2660 5230 2851 5230 2661 5230 2661 5231 2851 5231 2863 5231 2661 5232 2863 5232 2635 5232 2635 5233 2863 5233 2636 5233 1913 5234 2864 5234 1891 5234 1891 5235 2864 5235 2865 5235 1891 5236 2865 5236 1893 5236 1893 5237 2865 5237 2866 5237 1893 5238 2866 5238 1895 5238 1895 5239 2866 5239 2867 5239 1895 5240 2867 5240 1897 5240 1897 5241 2867 5241 2868 5241 1897 5242 2868 5242 1899 5242 1899 5243 2868 5243 2869 5243 1899 5244 2869 5244 1901 5244 1901 5245 2869 5245 2870 5245 1901 5246 2870 5246 1903 5246 1903 5247 2870 5247 2871 5247 1903 5248 2871 5248 1905 5248 1905 5249 2871 5249 2872 5249 1905 5250 2872 5250 1907 5250 1907 5251 2872 5251 2873 5251 1907 5252 2873 5252 1909 5252 1909 5253 2873 5253 2874 5253 1909 5254 2874 5254 1911 5254 1911 5255 2874 5255 2875 5255 1911 5256 2875 5256 1913 5256 1913 5257 2875 5257 2864 5257 1961 5258 2876 5258 1939 5258 1939 5259 2876 5259 2877 5259 1939 5260 2877 5260 1941 5260 1941 5261 2877 5261 2878 5261 1941 5262 2878 5262 1943 5262 1943 5263 2878 5263 2879 5263 1943 5264 2879 5264 1945 5264 1945 5265 2879 5265 2880 5265 1945 5266 2880 5266 1947 5266 1947 5267 2880 5267 2881 5267 1947 5268 2881 5268 1949 5268 1949 5269 2881 5269 2882 5269 1949 5270 2882 5270 1951 5270 1951 5271 2882 5271 2883 5271 1951 5272 2883 5272 1953 5272 1953 5273 2883 5273 2884 5273 1953 5274 2884 5274 1955 5274 1955 5275 2884 5275 2885 5275 1955 5276 2885 5276 1957 5276 1957 5277 2885 5277 2886 5277 1957 5278 2886 5278 1959 5278 1959 5279 2886 5279 2887 5279 1959 5280 2887 5280 1961 5280 1961 5281 2887 5281 2876 5281 2040 5282 2888 5282 2018 5282 2018 5283 2888 5283 2889 5283 2018 5284 2889 5284 2020 5284 2020 5285 2889 5285 2890 5285 2020 5286 2890 5286 2022 5286 2022 5287 2890 5287 2891 5287 2022 5288 2891 5288 2024 5288 2024 5289 2891 5289 2892 5289 2024 5290 2892 5290 2026 5290 2026 5291 2892 5291 2893 5291 2026 5292 2893 5292 2028 5292 2028 5293 2893 5293 2894 5293 2028 5294 2894 5294 2030 5294 2030 5295 2894 5295 2895 5295 2030 5296 2895 5296 2032 5296 2032 5297 2895 5297 2896 5297 2032 5298 2896 5298 2034 5298 2034 5299 2896 5299 2897 5299 2034 5300 2897 5300 2036 5300 2036 5301 2897 5301 2898 5301 2036 5302 2898 5302 2038 5302 2038 5303 2898 5303 2899 5303 2038 5304 2899 5304 2040 5304 2040 5305 2899 5305 2888 5305 2900 5306 2901 5306 2902 5306 2902 5307 2901 5307 2903 5307 2902 5308 2903 5308 2904 5308 2904 5309 2903 5309 2905 5309 2904 5310 2905 5310 2906 5310 2906 5311 2905 5311 2907 5311 2906 5312 2907 5312 2908 5312 2908 5313 2907 5313 2909 5313 2908 5314 2909 5314 2910 5314 2910 5315 2909 5315 2911 5315 2910 5316 2911 5316 2912 5316 2912 5317 2911 5317 2913 5317 2912 5318 2913 5318 2914 5318 2914 5319 2913 5319 2915 5319 2914 5320 2915 5320 2916 5320 2916 5321 2915 5321 2917 5321 2916 5322 2917 5322 2918 5322 2918 5323 2917 5323 2919 5323 2918 5324 2919 5324 2920 5324 2920 5325 2919 5325 2921 5325 2920 5326 2921 5326 2922 5326 2922 5327 2921 5327 2923 5327 2922 5328 2923 5328 2900 5328 2900 5329 2923 5329 2901 5329 2594 5330 2924 5330 2572 5330 2572 5331 2924 5331 2925 5331 2572 5332 2925 5332 2574 5332 2574 5333 2925 5333 2926 5333 2574 5334 2926 5334 2576 5334 2576 5335 2926 5335 2927 5335 2576 5336 2927 5336 2578 5336 2578 5337 2927 5337 2928 5337 2578 5338 2928 5338 2580 5338 2580 5339 2928 5339 2929 5339 2580 5340 2929 5340 2582 5340 2582 5341 2929 5341 2930 5341 2582 5342 2930 5342 2584 5342 2584 5343 2930 5343 2931 5343 2584 5344 2931 5344 2586 5344 2586 5345 2931 5345 2932 5345 2586 5346 2932 5346 2588 5346 2588 5347 2932 5347 2933 5347 2588 5348 2933 5348 2590 5348 2590 5349 2933 5349 2934 5349 2590 5350 2934 5350 2592 5350 2592 5351 2934 5351 2935 5351 2592 5352 2935 5352 2594 5352 2594 5353 2935 5353 2924 5353 2128 5354 2936 5354 2106 5354 2106 5355 2936 5355 2937 5355 2106 5356 2937 5356 2108 5356 2108 5357 2937 5357 2938 5357 2108 5358 2938 5358 2110 5358 2110 5359 2938 5359 2939 5359 2110 5360 2939 5360 2112 5360 2112 5361 2939 5361 2940 5361 2112 5362 2940 5362 2114 5362 2114 5363 2940 5363 2941 5363 2114 5364 2941 5364 2116 5364 2116 5365 2941 5365 2942 5365 2116 5366 2942 5366 2118 5366 2118 5367 2942 5367 2943 5367 2118 5368 2943 5368 2120 5368 2120 5369 2943 5369 2944 5369 2120 5370 2944 5370 2122 5370 2122 5371 2944 5371 2945 5371 2122 5372 2945 5372 2124 5372 2124 5373 2945 5373 2946 5373 2124 5374 2946 5374 2126 5374 2126 5375 2946 5375 2947 5375 2126 5376 2947 5376 2128 5376 2128 5377 2947 5377 2936 5377 2948 5378 2949 5378 2150 5378 2150 5379 2949 5379 2151 5379 2151 5380 2949 5380 2186 5380 2186 5381 2949 5381 2950 5381 2186 5382 2950 5382 2184 5382 2184 5383 2950 5383 2183 5383 2183 5384 2950 5384 2951 5384 2183 5385 2951 5385 2181 5385 2181 5386 2951 5386 2180 5386 2180 5387 2951 5387 2952 5387 2180 5388 2952 5388 2178 5388 2178 5389 2952 5389 2177 5389 2177 5390 2952 5390 2953 5390 2177 5391 2953 5391 2175 5391 2175 5392 2953 5392 2174 5392 2174 5393 2953 5393 2954 5393 2174 5394 2954 5394 2172 5394 2172 5395 2954 5395 2171 5395 2171 5396 2954 5396 2955 5396 2171 5397 2955 5397 2170 5397 2955 5398 2956 5398 2170 5398 2170 5399 2956 5399 2197 5399 2197 5400 2956 5400 2225 5400 2225 5401 2956 5401 2957 5401 2225 5402 2957 5402 2226 5402 2226 5403 2957 5403 2227 5403 2227 5404 2957 5404 2958 5404 2227 5405 2958 5405 2223 5405 2223 5406 2958 5406 2224 5406 2224 5407 2958 5407 2959 5407 2224 5408 2959 5408 2220 5408 2220 5409 2959 5409 2221 5409 2221 5410 2959 5410 2960 5410 2221 5411 2960 5411 2217 5411 2217 5412 2960 5412 2218 5412 2218 5413 2960 5413 2961 5413 2218 5414 2961 5414 2214 5414 2214 5415 2961 5415 2213 5415 2213 5416 2961 5416 2948 5416 2213 5417 2948 5417 2150 5417 2267 5418 2962 5418 2245 5418 2245 5419 2962 5419 2963 5419 2245 5420 2963 5420 2247 5420 2247 5421 2963 5421 2964 5421 2247 5422 2964 5422 2249 5422 2249 5423 2964 5423 2965 5423 2249 5424 2965 5424 2251 5424 2251 5425 2965 5425 2966 5425 2251 5426 2966 5426 2253 5426 2253 5427 2966 5427 2967 5427 2253 5428 2967 5428 2255 5428 2255 5429 2967 5429 2968 5429 2255 5430 2968 5430 2257 5430 2257 5431 2968 5431 2969 5431 2257 5432 2969 5432 2259 5432 2259 5433 2969 5433 2970 5433 2259 5434 2970 5434 2261 5434 2261 5435 2970 5435 2971 5435 2261 5436 2971 5436 2263 5436 2263 5437 2971 5437 2972 5437 2263 5438 2972 5438 2265 5438 2265 5439 2972 5439 2973 5439 2265 5440 2973 5440 2267 5440 2267 5441 2973 5441 2962 5441 2662 5442 2974 5442 2975 5442 2976 5443 2977 5443 2978 5443 2978 5444 2977 5444 2979 5444 2979 5445 2980 5445 2978 5445 2978 5446 2980 5446 2981 5446 2978 5447 2981 5447 2982 5447 2982 5448 2981 5448 2983 5448 2984 5449 2985 5449 2986 5449 2986 5450 2987 5450 2984 5450 2984 5451 2987 5451 2988 5451 2984 5452 2988 5452 2989 5452 2989 5453 2988 5453 2975 5453 2989 5454 2975 5454 2990 5454 2990 5455 2975 5455 2974 5455 2990 5456 2974 5456 2991 5456 2671 5457 2992 5457 2673 5457 2673 5458 2992 5458 2993 5458 2673 5459 2993 5459 2675 5459 2980 5460 2994 5460 2981 5460 2981 5461 2994 5461 2679 5461 2981 5462 2679 5462 2993 5462 2993 5463 2679 5463 2677 5463 2993 5464 2677 5464 2675 5464 2986 5465 2983 5465 2987 5465 2987 5466 2983 5466 2981 5466 2987 5467 2981 5467 2988 5467 2988 5468 2981 5468 2993 5468 2988 5469 2993 5469 2975 5469 2975 5470 2993 5470 2992 5470 2975 5471 2992 5471 2662 5471 2662 5472 2992 5472 2671 5472 2995 5473 2996 5473 2997 5473 2998 5474 2999 5474 3000 5474 3001 5475 3002 5475 3003 5475 3004 5476 3005 5476 3006 5476 3007 5477 3008 5477 3009 5477 3010 5478 3011 5478 3012 5478 3013 5479 3014 5479 2999 5479 2999 5480 3014 5480 3015 5480 2999 5481 3015 5481 3000 5481 3000 5482 3015 5482 3016 5482 3000 5483 3016 5483 3017 5483 3018 5484 3019 5484 2996 5484 2996 5485 3019 5485 3020 5485 2996 5486 3020 5486 2997 5486 2997 5487 3020 5487 3021 5487 2997 5488 3021 5488 3022 5488 3023 5489 3024 5489 3005 5489 3005 5490 3024 5490 3025 5490 3005 5491 3025 5491 3006 5491 3006 5492 3025 5492 3026 5492 3006 5493 3026 5493 3027 5493 3003 5494 3028 5494 3007 5494 3028 5495 3003 5495 3029 5495 3029 5496 3003 5496 3002 5496 3029 5497 3002 5497 3030 5497 2296 5498 2298 5498 3031 5498 3031 5499 2298 5499 2313 5499 3031 5500 2313 5500 3032 5500 3032 5501 2313 5501 2312 5501 3032 5502 2312 5502 3033 5502 3033 5503 2312 5503 2311 5503 2303 5504 3034 5504 2304 5504 2304 5505 3034 5505 3035 5505 2288 5506 3036 5506 2289 5506 2289 5507 3036 5507 3037 5507 2289 5508 3037 5508 2290 5508 2290 5509 3037 5509 3038 5509 2290 5510 3038 5510 2291 5510 2291 5511 3038 5511 2292 5511 3039 5512 2287 5512 2295 5512 2287 5513 3039 5513 2280 5513 2280 5514 3039 5514 3040 5514 2280 5515 3040 5515 2281 5515 2281 5516 3040 5516 3041 5516 2281 5517 3041 5517 2282 5517 2286 5518 3042 5518 2305 5518 2305 5519 3042 5519 3043 5519 2305 5520 3043 5520 2306 5520 2306 5521 3043 5521 3044 5521 2306 5522 3044 5522 2307 5522 3045 5523 3046 5523 3047 5523 3009 5524 3048 5524 3049 5524 3050 5525 3051 5525 3052 5525 3053 5526 3054 5526 3055 5526 3027 5527 3056 5527 3045 5527 3045 5528 3056 5528 3057 5528 3045 5529 3057 5529 3046 5529 3046 5530 3057 5530 3058 5530 3046 5531 3035 5531 3047 5531 3047 5532 3035 5532 3034 5532 3047 5533 3034 5533 3059 5533 3059 5534 3034 5534 2303 5534 3059 5535 2303 5535 2302 5535 3027 5536 3045 5536 3006 5536 3006 5537 3045 5537 3047 5537 3006 5538 3047 5538 3004 5538 3004 5539 3047 5539 3059 5539 3004 5540 3059 5540 3060 5540 3060 5541 3059 5541 2302 5541 3060 5542 2302 5542 2301 5542 2300 5543 2299 5543 3061 5543 3061 5544 2299 5544 3062 5544 3061 5545 3062 5545 3063 5545 3011 5546 3023 5546 3012 5546 3012 5547 3023 5547 3005 5547 3012 5548 3005 5548 3063 5548 3063 5549 3005 5549 3004 5549 3063 5550 3004 5550 3061 5550 3061 5551 3004 5551 3060 5551 3061 5552 3060 5552 2300 5552 2300 5553 3060 5553 2301 5553 2299 5554 2297 5554 3062 5554 3062 5555 2297 5555 3064 5555 3062 5556 3064 5556 3063 5556 3063 5557 3064 5557 3048 5557 3063 5558 3048 5558 3012 5558 3012 5559 3048 5559 3009 5559 3012 5560 3009 5560 3010 5560 3010 5561 3009 5561 3008 5561 2297 5562 2296 5562 3064 5562 3064 5563 2296 5563 3031 5563 3064 5564 3031 5564 3048 5564 3048 5565 3031 5565 3032 5565 3048 5566 3032 5566 3049 5566 3049 5567 3032 5567 3033 5567 3049 5568 3033 5568 3065 5568 3065 5569 3033 5569 2311 5569 3065 5570 2311 5570 2310 5570 3007 5571 3009 5571 3003 5571 3003 5572 3009 5572 3049 5572 3003 5573 3049 5573 3001 5573 3001 5574 3049 5574 3065 5574 3001 5575 3065 5575 3066 5575 3066 5576 3065 5576 2310 5576 3066 5577 2310 5577 2309 5577 3017 5578 3030 5578 3050 5578 3050 5579 3030 5579 3002 5579 3050 5580 3002 5580 3051 5580 3051 5581 3002 5581 3001 5581 3051 5582 3001 5582 3067 5582 3067 5583 3001 5583 3066 5583 3067 5584 3066 5584 2308 5584 2308 5585 3066 5585 2309 5585 2308 5586 2307 5586 3067 5586 3067 5587 2307 5587 3044 5587 3067 5588 3044 5588 3051 5588 3051 5589 3044 5589 3043 5589 3051 5590 3043 5590 3052 5590 3052 5591 3043 5591 3042 5591 3052 5592 3042 5592 3068 5592 3068 5593 3042 5593 2286 5593 3068 5594 2286 5594 2285 5594 3017 5595 3050 5595 3000 5595 3000 5596 3050 5596 3052 5596 3000 5597 3052 5597 2998 5597 2998 5598 3052 5598 3068 5598 2998 5599 3068 5599 3069 5599 3069 5600 3068 5600 2285 5600 3069 5601 2285 5601 2284 5601 3070 5602 3013 5602 3053 5602 3053 5603 3013 5603 2999 5603 3053 5604 2999 5604 3054 5604 3054 5605 2999 5605 2998 5605 3054 5606 2998 5606 3071 5606 3071 5607 2998 5607 3069 5607 3071 5608 3069 5608 2283 5608 2283 5609 3069 5609 2284 5609 2294 5610 3072 5610 3073 5610 3073 5611 3072 5611 2995 5611 3073 5612 2995 5612 3055 5612 3055 5613 2995 5613 2997 5613 3055 5614 2997 5614 3053 5614 3053 5615 2997 5615 3022 5615 3053 5616 3022 5616 3070 5616 2283 5617 2282 5617 3071 5617 3071 5618 2282 5618 3041 5618 3071 5619 3041 5619 3054 5619 3054 5620 3041 5620 3040 5620 3054 5621 3040 5621 3055 5621 3055 5622 3040 5622 3039 5622 3055 5623 3039 5623 3073 5623 3073 5624 3039 5624 2295 5624 3073 5625 2295 5625 2294 5625 2294 5626 2293 5626 3072 5626 3072 5627 2293 5627 3074 5627 3072 5628 3074 5628 2995 5628 2995 5629 3074 5629 3058 5629 2995 5630 3058 5630 2996 5630 2996 5631 3058 5631 3057 5631 2996 5632 3057 5632 3018 5632 3018 5633 3057 5633 3056 5633 2293 5634 2292 5634 3074 5634 3074 5635 2292 5635 3038 5635 3074 5636 3038 5636 3058 5636 3058 5637 3038 5637 3037 5637 3058 5638 3037 5638 3046 5638 3046 5639 3037 5639 3036 5639 3046 5640 3036 5640 3035 5640 3035 5641 3036 5641 2288 5641 3035 5642 2288 5642 2304 5642 3075 5643 3076 5643 3077 5643 3078 5644 3079 5644 3080 5644 3081 5645 3082 5645 3083 5645 3084 5646 3085 5646 3086 5646 3087 5647 3088 5647 3089 5647 3090 5648 3091 5648 3092 5648 3093 5649 3094 5649 3079 5649 3079 5650 3094 5650 3095 5650 3079 5651 3095 5651 3080 5651 3080 5652 3095 5652 3096 5652 3080 5653 3096 5653 3097 5653 3098 5654 3099 5654 3076 5654 3076 5655 3099 5655 3100 5655 3076 5656 3100 5656 3077 5656 3077 5657 3100 5657 3101 5657 3077 5658 3101 5658 3102 5658 3103 5659 3104 5659 3085 5659 3085 5660 3104 5660 3105 5660 3085 5661 3105 5661 3086 5661 3086 5662 3105 5662 3106 5662 3086 5663 3106 5663 3107 5663 3083 5664 3108 5664 3087 5664 3108 5665 3083 5665 3109 5665 3109 5666 3083 5666 3082 5666 3109 5667 3082 5667 3110 5667 2325 5668 2333 5668 3111 5668 3111 5669 2333 5669 2347 5669 3111 5670 2347 5670 3112 5670 3112 5671 2347 5671 2346 5671 3112 5672 2346 5672 3113 5672 3113 5673 2346 5673 2345 5673 2331 5674 3114 5674 2332 5674 2332 5675 3114 5675 3115 5675 2317 5676 3116 5676 2318 5676 2318 5677 3116 5677 3117 5677 2318 5678 3117 5678 2319 5678 2319 5679 3117 5679 3118 5679 2319 5680 3118 5680 2320 5680 2320 5681 3118 5681 2321 5681 3119 5682 2316 5682 2324 5682 2316 5683 3119 5683 2314 5683 2314 5684 3119 5684 3120 5684 2314 5685 3120 5685 2315 5685 2315 5686 3120 5686 3121 5686 2315 5687 3121 5687 2334 5687 2338 5688 3122 5688 2339 5688 2339 5689 3122 5689 3123 5689 2339 5690 3123 5690 2340 5690 2340 5691 3123 5691 3124 5691 2340 5692 3124 5692 2341 5692 3125 5693 3126 5693 3127 5693 3089 5694 3128 5694 3129 5694 3130 5695 3131 5695 3132 5695 3133 5696 3134 5696 3135 5696 3107 5697 3136 5697 3125 5697 3125 5698 3136 5698 3137 5698 3125 5699 3137 5699 3126 5699 3126 5700 3137 5700 3138 5700 3126 5701 3115 5701 3127 5701 3127 5702 3115 5702 3114 5702 3127 5703 3114 5703 3139 5703 3139 5704 3114 5704 2331 5704 3139 5705 2331 5705 2330 5705 3107 5706 3125 5706 3086 5706 3086 5707 3125 5707 3127 5707 3086 5708 3127 5708 3084 5708 3084 5709 3127 5709 3139 5709 3084 5710 3139 5710 3140 5710 3140 5711 3139 5711 2330 5711 3140 5712 2330 5712 2329 5712 2328 5713 2327 5713 3141 5713 3141 5714 2327 5714 3142 5714 3141 5715 3142 5715 3143 5715 3091 5716 3103 5716 3092 5716 3092 5717 3103 5717 3085 5717 3092 5718 3085 5718 3143 5718 3143 5719 3085 5719 3084 5719 3143 5720 3084 5720 3141 5720 3141 5721 3084 5721 3140 5721 3141 5722 3140 5722 2328 5722 2328 5723 3140 5723 2329 5723 2327 5724 2326 5724 3142 5724 3142 5725 2326 5725 3144 5725 3142 5726 3144 5726 3143 5726 3143 5727 3144 5727 3128 5727 3143 5728 3128 5728 3092 5728 3092 5729 3128 5729 3089 5729 3092 5730 3089 5730 3090 5730 3090 5731 3089 5731 3088 5731 2326 5732 2325 5732 3144 5732 3144 5733 2325 5733 3111 5733 3144 5734 3111 5734 3128 5734 3128 5735 3111 5735 3112 5735 3128 5736 3112 5736 3129 5736 3129 5737 3112 5737 3113 5737 3129 5738 3113 5738 3145 5738 3145 5739 3113 5739 2345 5739 3145 5740 2345 5740 2344 5740 3087 5741 3089 5741 3083 5741 3083 5742 3089 5742 3129 5742 3083 5743 3129 5743 3081 5743 3081 5744 3129 5744 3145 5744 3081 5745 3145 5745 3146 5745 3146 5746 3145 5746 2344 5746 3146 5747 2344 5747 2343 5747 3097 5748 3110 5748 3130 5748 3130 5749 3110 5749 3082 5749 3130 5750 3082 5750 3131 5750 3131 5751 3082 5751 3081 5751 3131 5752 3081 5752 3147 5752 3147 5753 3081 5753 3146 5753 3147 5754 3146 5754 2342 5754 2342 5755 3146 5755 2343 5755 2342 5756 2341 5756 3147 5756 3147 5757 2341 5757 3124 5757 3147 5758 3124 5758 3131 5758 3131 5759 3124 5759 3123 5759 3131 5760 3123 5760 3132 5760 3132 5761 3123 5761 3122 5761 3132 5762 3122 5762 3148 5762 3148 5763 3122 5763 2338 5763 3148 5764 2338 5764 2337 5764 3097 5765 3130 5765 3080 5765 3080 5766 3130 5766 3132 5766 3080 5767 3132 5767 3078 5767 3078 5768 3132 5768 3148 5768 3078 5769 3148 5769 3149 5769 3149 5770 3148 5770 2337 5770 3149 5771 2337 5771 2336 5771 3150 5772 3093 5772 3133 5772 3133 5773 3093 5773 3079 5773 3133 5774 3079 5774 3134 5774 3134 5775 3079 5775 3078 5775 3134 5776 3078 5776 3151 5776 3151 5777 3078 5777 3149 5777 3151 5778 3149 5778 2335 5778 2335 5779 3149 5779 2336 5779 2323 5780 3152 5780 3153 5780 3153 5781 3152 5781 3075 5781 3153 5782 3075 5782 3135 5782 3135 5783 3075 5783 3077 5783 3135 5784 3077 5784 3133 5784 3133 5785 3077 5785 3102 5785 3133 5786 3102 5786 3150 5786 2335 5787 2334 5787 3151 5787 3151 5788 2334 5788 3121 5788 3151 5789 3121 5789 3134 5789 3134 5790 3121 5790 3120 5790 3134 5791 3120 5791 3135 5791 3135 5792 3120 5792 3119 5792 3135 5793 3119 5793 3153 5793 3153 5794 3119 5794 2324 5794 3153 5795 2324 5795 2323 5795 2323 5796 2322 5796 3152 5796 3152 5797 2322 5797 3154 5797 3152 5798 3154 5798 3075 5798 3075 5799 3154 5799 3138 5799 3075 5800 3138 5800 3076 5800 3076 5801 3138 5801 3137 5801 3076 5802 3137 5802 3098 5802 3098 5803 3137 5803 3136 5803 2322 5804 2321 5804 3154 5804 3154 5805 2321 5805 3118 5805 3154 5806 3118 5806 3138 5806 3138 5807 3118 5807 3117 5807 3138 5808 3117 5808 3126 5808 3126 5809 3117 5809 3116 5809 3126 5810 3116 5810 3115 5810 3115 5811 3116 5811 2317 5811 3115 5812 2317 5812 2332 5812 3155 5813 3156 5813 3157 5813 3158 5814 3159 5814 3160 5814 3161 5815 3162 5815 3163 5815 3164 5816 3165 5816 3166 5816 3166 5817 3165 5817 3161 5817 3167 5818 3168 5818 3169 5818 3169 5819 3168 5819 3165 5819 3165 5820 3170 5820 3171 5820 3165 5821 3171 5821 3169 5821 3169 5822 3171 5822 3172 5822 3169 5823 3172 5823 3173 5823 3174 5824 3172 5824 3160 5824 3160 5825 3172 5825 3175 5825 3160 5826 3175 5826 3158 5826 3158 5827 3175 5827 3176 5827 3158 5828 3176 5828 3177 5828 3177 5829 3176 5829 3178 5829 3177 5830 3178 5830 3179 5830 3180 5831 3181 5831 3182 5831 3183 5832 3184 5832 3185 5832 3186 5833 3187 5833 3188 5833 3188 5834 3187 5834 3183 5834 3185 5835 3189 5835 3183 5835 3183 5836 3189 5836 3190 5836 3183 5837 3190 5837 3188 5837 3188 5838 3190 5838 3191 5838 3188 5839 3191 5839 3192 5839 3193 5840 3191 5840 3157 5840 3157 5841 3191 5841 3194 5841 3157 5842 3194 5842 3155 5842 3155 5843 3194 5843 3195 5843 3155 5844 3195 5844 3196 5844 3196 5845 3195 5845 3162 5845 3196 5846 3162 5846 3197 5846 3198 5847 2914 5847 3199 5847 3199 5848 2914 5848 2916 5848 3199 5849 2916 5849 3200 5849 3200 5850 2916 5850 2918 5850 3200 5851 2918 5851 3201 5851 3201 5852 2918 5852 2920 5852 3201 5853 2920 5853 3202 5853 3202 5854 2920 5854 2922 5854 3202 5855 2922 5855 3203 5855 3203 5856 2922 5856 2900 5856 3203 5857 2900 5857 3204 5857 3204 5858 2900 5858 2902 5858 3204 5859 2902 5859 3205 5859 3205 5860 2902 5860 2904 5860 3205 5861 2904 5861 3206 5861 3206 5862 2904 5862 2906 5862 3206 5863 2906 5863 3207 5863 3207 5864 2906 5864 2908 5864 3207 5865 2908 5865 3208 5865 3208 5866 2908 5866 2910 5866 3208 5867 2910 5867 3209 5867 3209 5868 2910 5868 2912 5868 3209 5869 2912 5869 3198 5869 3198 5870 2912 5870 2914 5870 3210 5871 3211 5871 3212 5871 3210 5872 3212 5872 3213 5872 3212 5873 3214 5873 3215 5873 3216 5874 3178 5874 3217 5874 3217 5875 3178 5875 3176 5875 3217 5876 3176 5876 3218 5876 3218 5877 3176 5877 3175 5877 3218 5878 3175 5878 3219 5878 3219 5879 3175 5879 3172 5879 3219 5880 3172 5880 3220 5880 3220 5881 3172 5881 3171 5881 3220 5882 3171 5882 3221 5882 3221 5883 3171 5883 3170 5883 3222 5884 3216 5884 3223 5884 3224 5885 3225 5885 3216 5885 3216 5886 3225 5886 3226 5886 3180 5887 3178 5887 3181 5887 3181 5888 3178 5888 3216 5888 3181 5889 3216 5889 3182 5889 3182 5890 3216 5890 3226 5890 3182 5891 3226 5891 3180 5891 3180 5892 3226 5892 3225 5892 3180 5893 3225 5893 3183 5893 3183 5894 3225 5894 3224 5894 3183 5895 3224 5895 3184 5895 3184 5896 3224 5896 3216 5896 3184 5897 3216 5897 3185 5897 3185 5898 3216 5898 3222 5898 3185 5899 3222 5899 3189 5899 3189 5900 3222 5900 3223 5900 3189 5901 3223 5901 3190 5901 3190 5902 3223 5902 3227 5902 3190 5903 3227 5903 3191 5903 3191 5904 3227 5904 3228 5904 3191 5905 3228 5905 3194 5905 3194 5906 3228 5906 3229 5906 3194 5907 3229 5907 3195 5907 3195 5908 3229 5908 3230 5908 3195 5909 3230 5909 3162 5909 3162 5910 3230 5910 3212 5910 3162 5911 3212 5911 3163 5911 3163 5912 3212 5912 3215 5912 3163 5913 3215 5913 3161 5913 3161 5914 3215 5914 3214 5914 3161 5915 3214 5915 3166 5915 3166 5916 3214 5916 3212 5916 3166 5917 3212 5917 3164 5917 3164 5918 3212 5918 3211 5918 3164 5919 3211 5919 3165 5919 3165 5920 3211 5920 3210 5920 3165 5921 3210 5921 3170 5921 3170 5922 3210 5922 3213 5922 3170 5923 3213 5923 3221 5923 3221 5924 3213 5924 3212 5924 3230 5925 3198 5925 3212 5925 3212 5926 3198 5926 3199 5926 3212 5927 3199 5927 3221 5927 3221 5928 3199 5928 3200 5928 3221 5929 3200 5929 3220 5929 3220 5930 3200 5930 3201 5930 3220 5931 3201 5931 3219 5931 3219 5932 3201 5932 3202 5932 3219 5933 3202 5933 3218 5933 3218 5934 3202 5934 3203 5934 3218 5935 3203 5935 3217 5935 3217 5936 3203 5936 3204 5936 3217 5937 3204 5937 3216 5937 3216 5938 3204 5938 3205 5938 3216 5939 3205 5939 3223 5939 3223 5940 3205 5940 3206 5940 3223 5941 3206 5941 3227 5941 3227 5942 3206 5942 3207 5942 3227 5943 3207 5943 3228 5943 3228 5944 3207 5944 3208 5944 3228 5945 3208 5945 3229 5945 3229 5946 3208 5946 3209 5946 3229 5947 3209 5947 3230 5947 3230 5948 3209 5948 3198 5948 3231 5949 2372 5949 3232 5949 3232 5950 2372 5950 2371 5950 3232 5951 2371 5951 3233 5951 3233 5952 2371 5952 2409 5952 3233 5953 2409 5953 3234 5953 3234 5954 2409 5954 2380 5954 3234 5955 2380 5955 3235 5955 3235 5956 2380 5956 3236 5956 3236 5957 2380 5957 2379 5957 3236 5958 2379 5958 3237 5958 3237 5959 2379 5959 2378 5959 3237 5960 2378 5960 3238 5960 3238 5961 2378 5961 2377 5961 3238 5962 2377 5962 3239 5962 2377 5963 2376 5963 3239 5963 3239 5964 2376 5964 2364 5964 3239 5965 2364 5965 3240 5965 3240 5966 2364 5966 2363 5966 3240 5967 2363 5967 3241 5967 3241 5968 2363 5968 3242 5968 3242 5969 2363 5969 2361 5969 3242 5970 2361 5970 3243 5970 3243 5971 2361 5971 2360 5971 3243 5972 2360 5972 3244 5972 3244 5973 2360 5973 2381 5973 3244 5974 2381 5974 3245 5974 3245 5975 2381 5975 2382 5975 3245 5976 2382 5976 3246 5976 3246 5977 2382 5977 2383 5977 3246 5978 2383 5978 3247 5978 3247 5979 2383 5979 2370 5979 3247 5980 2370 5980 3248 5980 3248 5981 2370 5981 2369 5981 3248 5982 2369 5982 3249 5982 3249 5983 2369 5983 2368 5983 3249 5984 2368 5984 3250 5984 3250 5985 2368 5985 2367 5985 3250 5986 2367 5986 3251 5986 3251 5987 2367 5987 2366 5987 3251 5988 2366 5988 3252 5988 3252 5989 2366 5989 2423 5989 3252 5990 2423 5990 3253 5990 3253 5991 2423 5991 2375 5991 3253 5992 2375 5992 3254 5992 3254 5993 2375 5993 2374 5993 3254 5994 2374 5994 3231 5994 3231 5995 2374 5995 2373 5995 3231 5996 2373 5996 2372 5996 3255 5997 2452 5997 3256 5997 3256 5998 2452 5998 2451 5998 3256 5999 2451 5999 3257 5999 3257 6000 2451 6000 2489 6000 3257 6001 2489 6001 3258 6001 3258 6002 2489 6002 2460 6002 3258 6003 2460 6003 3259 6003 3259 6004 2460 6004 3260 6004 3260 6005 2460 6005 2459 6005 3260 6006 2459 6006 3261 6006 3261 6007 2459 6007 2458 6007 3261 6008 2458 6008 3262 6008 3262 6009 2458 6009 2457 6009 3262 6010 2457 6010 3263 6010 2457 6011 2456 6011 3263 6011 3263 6012 2456 6012 2444 6012 3263 6013 2444 6013 3264 6013 3264 6014 2444 6014 2443 6014 3264 6015 2443 6015 3265 6015 3265 6016 2443 6016 3266 6016 3266 6017 2443 6017 2441 6017 3266 6018 2441 6018 3267 6018 3267 6019 2441 6019 2440 6019 3267 6020 2440 6020 3268 6020 3268 6021 2440 6021 2461 6021 3268 6022 2461 6022 3269 6022 3269 6023 2461 6023 2462 6023 3269 6024 2462 6024 3270 6024 3270 6025 2462 6025 2463 6025 3270 6026 2463 6026 3271 6026 3271 6027 2463 6027 2450 6027 3271 6028 2450 6028 3272 6028 3272 6029 2450 6029 2449 6029 3272 6030 2449 6030 3273 6030 3273 6031 2449 6031 2448 6031 3273 6032 2448 6032 3274 6032 3274 6033 2448 6033 2447 6033 3274 6034 2447 6034 3275 6034 3275 6035 2447 6035 2446 6035 3275 6036 2446 6036 3276 6036 3276 6037 2446 6037 2503 6037 3276 6038 2503 6038 3277 6038 3277 6039 2503 6039 2455 6039 3277 6040 2455 6040 3278 6040 3278 6041 2455 6041 2454 6041 3278 6042 2454 6042 3255 6042 3255 6043 2454 6043 2453 6043 3255 6044 2453 6044 2452 6044 3279 6045 3280 6045 2525 6045 3281 6046 3282 6046 2515 6046 3283 6047 2521 6047 3284 6047 3284 6048 2521 6048 2519 6048 3284 6049 2519 6049 3285 6049 3282 6050 3286 6050 2515 6050 2515 6051 3286 6051 3287 6051 2515 6052 3287 6052 2517 6052 2517 6053 3287 6053 3288 6053 2517 6054 3288 6054 2519 6054 2519 6055 3288 6055 3289 6055 2519 6056 3289 6056 3285 6056 2511 6057 3290 6057 3291 6057 3283 6058 3292 6058 2521 6058 2521 6059 3292 6059 3293 6059 2521 6060 3293 6060 2523 6060 3281 6061 2515 6061 3294 6061 3294 6062 2515 6062 2513 6062 3294 6063 2513 6063 3295 6063 2509 6064 2847 6064 2642 6064 2662 6065 2665 6065 2974 6065 2974 6066 2665 6066 2668 6066 2974 6067 2668 6067 2991 6067 2991 6068 2668 6068 2527 6068 2991 6069 2527 6069 3296 6069 3296 6070 2527 6070 2525 6070 3296 6071 2525 6071 3297 6071 3297 6072 2525 6072 3280 6072 3293 6073 3298 6073 2523 6073 2523 6074 3298 6074 3299 6074 2523 6075 3299 6075 2525 6075 2525 6076 3299 6076 3300 6076 2525 6077 3300 6077 3279 6077 2511 6078 3291 6078 2513 6078 2513 6079 3291 6079 3301 6079 2513 6080 3301 6080 3295 6080 2642 6081 2847 6081 2659 6081 2659 6082 2847 6082 2850 6082 2659 6083 2850 6083 2660 6083 2642 6084 2641 6084 2509 6084 2509 6085 2641 6085 3302 6085 2509 6086 3302 6086 2511 6086 2511 6087 3302 6087 3303 6087 2511 6088 3303 6088 3290 6088 3304 6089 2569 6089 3305 6089 3305 6090 2569 6090 2570 6090 2545 6091 2547 6091 3306 6091 2564 6092 2566 6092 3307 6092 3306 6093 2547 6093 3308 6093 3307 6094 2566 6094 3309 6094 3310 6095 3311 6095 2541 6095 2541 6096 2540 6096 3310 6096 3310 6097 2540 6097 2542 6097 3310 6098 2542 6098 3306 6098 3306 6099 2542 6099 2546 6099 3306 6100 2546 6100 2545 6100 2552 6101 3312 6101 2550 6101 2550 6102 3312 6102 3313 6102 3314 6103 3315 6103 2560 6103 2560 6104 2559 6104 3314 6104 3314 6105 2559 6105 2561 6105 3314 6106 2561 6106 3307 6106 3307 6107 2561 6107 2565 6107 3307 6108 2565 6108 2564 6108 2566 6109 2530 6109 3309 6109 3309 6110 2530 6110 2529 6110 3309 6111 2529 6111 3304 6111 3304 6112 2529 6112 2528 6112 3304 6113 2528 6113 2569 6113 2570 6114 2535 6114 3305 6114 3305 6115 2535 6115 2534 6115 3305 6116 2534 6116 3311 6116 3311 6117 2534 6117 2538 6117 3311 6118 2538 6118 2541 6118 2547 6119 2533 6119 3308 6119 3308 6120 2533 6120 2532 6120 3308 6121 2532 6121 3313 6121 3313 6122 2532 6122 2531 6122 3313 6123 2531 6123 2550 6123 2552 6124 2551 6124 3312 6124 3312 6125 2551 6125 2553 6125 3312 6126 2553 6126 3315 6126 3315 6127 2553 6127 2556 6127 3315 6128 2556 6128 2560 6128 2639 6129 2638 6129 2628 6129 2616 6130 2618 6130 2655 6130 2655 6131 2618 6131 2650 6131 2634 6132 2648 6132 2625 6132 2625 6133 2648 6133 2639 6133 2625 6134 2639 6134 2626 6134 2626 6135 2639 6135 2628 6135 2618 6136 2619 6136 2650 6136 2650 6137 2619 6137 2621 6137 2650 6138 2621 6138 2651 6138 2651 6139 2621 6139 2631 6139 2651 6140 2631 6140 2638 6140 2638 6141 2631 6141 2630 6141 2638 6142 2630 6142 2628 6142 3316 6143 2976 6143 3317 6143 3317 6144 2976 6144 3318 6144 2976 6145 3316 6145 2977 6145 2977 6146 3316 6146 3319 6146 2977 6147 3319 6147 2979 6147 2979 6148 3319 6148 3320 6148 2979 6149 3320 6149 2980 6149 2980 6150 3320 6150 2680 6150 2980 6151 2680 6151 2994 6151 2994 6152 2680 6152 2679 6152 2678 6153 2680 6153 3321 6153 3321 6154 2689 6154 2687 6154 2663 6155 2672 6155 2687 6155 2687 6156 2672 6156 2674 6156 2687 6157 2674 6157 3321 6157 3321 6158 2674 6158 2676 6158 3321 6159 2676 6159 2678 6159 2663 6160 2687 6160 2664 6160 2664 6161 2687 6161 2685 6161 2664 6162 2685 6162 2666 6162 2666 6163 2685 6163 2683 6163 2666 6164 2683 6164 2667 6164 2667 6165 2683 6165 2670 6165 2670 6166 2683 6166 2681 6166 2670 6167 2681 6167 2669 6167 2669 6168 2681 6168 1858 6168 2669 6169 1858 6169 2526 6169 2689 6170 3322 6170 2690 6170 2690 6171 3322 6171 2691 6171 3323 6172 3324 6172 2697 6172 2697 6173 2695 6173 3323 6173 3323 6174 2695 6174 2696 6174 3323 6175 2696 6175 3325 6175 3325 6176 2696 6176 2692 6176 3325 6177 2692 6177 3326 6177 2691 6178 3322 6178 2694 6178 2694 6179 3322 6179 3326 6179 2694 6180 3326 6180 2693 6180 2693 6181 3326 6181 2692 6181 3327 6182 2702 6182 3328 6182 3328 6183 2702 6183 2703 6183 2703 6184 2704 6184 3328 6184 3328 6185 2704 6185 2701 6185 3328 6186 2701 6186 3329 6186 2701 6187 2700 6187 3329 6187 3329 6188 2700 6188 2699 6188 3329 6189 2699 6189 3330 6189 3330 6190 2699 6190 2698 6190 3330 6191 2698 6191 3331 6191 2697 6192 3324 6192 2705 6192 2705 6193 3324 6193 3331 6193 2705 6194 3331 6194 2706 6194 2706 6195 3331 6195 2698 6195 3332 6196 3333 6196 2709 6196 2709 6197 2708 6197 3332 6197 3332 6198 2708 6198 2710 6198 3332 6199 2710 6199 3334 6199 3334 6200 2710 6200 2711 6200 3334 6201 2711 6201 3335 6201 3335 6202 2711 6202 3336 6202 2702 6203 3327 6203 2707 6203 2707 6204 3327 6204 3336 6204 2707 6205 3336 6205 2712 6205 2712 6206 3336 6206 2711 6206 2713 6207 2709 6207 3333 6207 3337 6208 2715 6208 3338 6208 3338 6209 2715 6209 2714 6209 3333 6210 3339 6210 2713 6210 2713 6211 3339 6211 3340 6211 2713 6212 3340 6212 2714 6212 2714 6213 3340 6213 3341 6213 2714 6214 3341 6214 3338 6214 3342 6215 3343 6215 2721 6215 2721 6216 2720 6216 3342 6216 3342 6217 2720 6217 2719 6217 3342 6218 2719 6218 3344 6218 3344 6219 2719 6219 2717 6219 3344 6220 2717 6220 3345 6220 2715 6221 3337 6221 2716 6221 2716 6222 3337 6222 3345 6222 2716 6223 3345 6223 2718 6223 2718 6224 3345 6224 2717 6224 2730 6225 3346 6225 3347 6225 3348 6226 2724 6226 3349 6226 3349 6227 2724 6227 2723 6227 3349 6228 2723 6228 3347 6228 3347 6229 2723 6229 2722 6229 3347 6230 2722 6230 2730 6230 2730 6231 2731 6231 3346 6231 3346 6232 2731 6232 2732 6232 3346 6233 2732 6233 3350 6233 3350 6234 2732 6234 2733 6234 3350 6235 2733 6235 3351 6235 3351 6236 2733 6236 2728 6236 3351 6237 2728 6237 3352 6237 2721 6238 3343 6238 2725 6238 2725 6239 3343 6239 3353 6239 2725 6240 3353 6240 2726 6240 2726 6241 3353 6241 3354 6241 2726 6242 3354 6242 2727 6242 2727 6243 3354 6243 3352 6243 2727 6244 3352 6244 2729 6244 2729 6245 3352 6245 2728 6245 3355 6246 3356 6246 2737 6246 2737 6247 2738 6247 3355 6247 3355 6248 2738 6248 2739 6248 3355 6249 2739 6249 3357 6249 3357 6250 2739 6250 2735 6250 3357 6251 2735 6251 3358 6251 2724 6252 3348 6252 2734 6252 2734 6253 3348 6253 3358 6253 2734 6254 3358 6254 2736 6254 2736 6255 3358 6255 2735 6255 2741 6256 3359 6256 2742 6256 2742 6257 3359 6257 3360 6257 2740 6258 2737 6258 3356 6258 3356 6259 3361 6259 2740 6259 2740 6260 3361 6260 3362 6260 2740 6261 3362 6261 2741 6261 2741 6262 3362 6262 3363 6262 2741 6263 3363 6263 3359 6263 3364 6264 3365 6264 2748 6264 2748 6265 2746 6265 3364 6265 3364 6266 2746 6266 2747 6266 3364 6267 2747 6267 3366 6267 3366 6268 2747 6268 2744 6268 3366 6269 2744 6269 3367 6269 3367 6270 2744 6270 3368 6270 2742 6271 3360 6271 2743 6271 2743 6272 3360 6272 3368 6272 2743 6273 3368 6273 2745 6273 2745 6274 3368 6274 2744 6274 3369 6275 2757 6275 2758 6275 2755 6276 3370 6276 3371 6276 3369 6277 2758 6277 3371 6277 3371 6278 2758 6278 2756 6278 3371 6279 2756 6279 2755 6279 2755 6280 2754 6280 3370 6280 3370 6281 2754 6281 2753 6281 3370 6282 2753 6282 3372 6282 2753 6283 2752 6283 3372 6283 3372 6284 2752 6284 2751 6284 3372 6285 2751 6285 3373 6285 2748 6286 3365 6286 2749 6286 2749 6287 3365 6287 3373 6287 2749 6288 3373 6288 2750 6288 2750 6289 3373 6289 2751 6289 3374 6290 3375 6290 2763 6290 2763 6291 2762 6291 3374 6291 3374 6292 2762 6292 2764 6292 3374 6293 2764 6293 3376 6293 3376 6294 2764 6294 2759 6294 3376 6295 2759 6295 3377 6295 2757 6296 3369 6296 2760 6296 2760 6297 3369 6297 3377 6297 2760 6298 3377 6298 2761 6298 2761 6299 3377 6299 2759 6299 2765 6300 2763 6300 3375 6300 3378 6301 2767 6301 3379 6301 3379 6302 2767 6302 2766 6302 3379 6303 2766 6303 3380 6303 3380 6304 2766 6304 2765 6304 3380 6305 2765 6305 3381 6305 3381 6306 2765 6306 3375 6306 3382 6307 3383 6307 2773 6307 2773 6308 2771 6308 3382 6308 3382 6309 2771 6309 2772 6309 3382 6310 2772 6310 3384 6310 3384 6311 2772 6311 2769 6311 3384 6312 2769 6312 3385 6312 2767 6313 3378 6313 2768 6313 2768 6314 3378 6314 3385 6314 2768 6315 3385 6315 2770 6315 2770 6316 3385 6316 2769 6316 3386 6317 2781 6317 2782 6317 2779 6318 3387 6318 3388 6318 3386 6319 2782 6319 3388 6319 3388 6320 2782 6320 2783 6320 3388 6321 2783 6321 2779 6321 2779 6322 2780 6322 3387 6322 3387 6323 2780 6323 2778 6323 3387 6324 2778 6324 3389 6324 2778 6325 2777 6325 3389 6325 3389 6326 2777 6326 2776 6326 3389 6327 2776 6327 3390 6327 2773 6328 3383 6328 2774 6328 2774 6329 3383 6329 3390 6329 2774 6330 3390 6330 2775 6330 2775 6331 3390 6331 2776 6331 3391 6332 3392 6332 2788 6332 2788 6333 2787 6333 3391 6333 3391 6334 2787 6334 2789 6334 3391 6335 2789 6335 3393 6335 3393 6336 2789 6336 2785 6336 3393 6337 2785 6337 3394 6337 3394 6338 2785 6338 3395 6338 2781 6339 3386 6339 2786 6339 2786 6340 3386 6340 3395 6340 2786 6341 3395 6341 2784 6341 2784 6342 3395 6342 2785 6342 2790 6343 2788 6343 3392 6343 3396 6344 2792 6344 3397 6344 3397 6345 2792 6345 2791 6345 3392 6346 3398 6346 2790 6346 2790 6347 3398 6347 3399 6347 2790 6348 3399 6348 2791 6348 2791 6349 3399 6349 3400 6349 2791 6350 3400 6350 3397 6350 3401 6351 2798 6351 3402 6351 3402 6352 2798 6352 2797 6352 3402 6353 2797 6353 3403 6353 3403 6354 2797 6354 2796 6354 3403 6355 2796 6355 3404 6355 3404 6356 2796 6356 2794 6356 3404 6357 2794 6357 3405 6357 2792 6358 3396 6358 2793 6358 2793 6359 3396 6359 3405 6359 2793 6360 3405 6360 2795 6360 2795 6361 3405 6361 2794 6361 3406 6362 3407 6362 2800 6362 2800 6363 3407 6363 2801 6363 2800 6364 2799 6364 3406 6364 3406 6365 2799 6365 2807 6365 3406 6366 2807 6366 3408 6366 3408 6367 2807 6367 2808 6367 3408 6368 2808 6368 3409 6368 2808 6369 2809 6369 3409 6369 3409 6370 2809 6370 2810 6370 3409 6371 2810 6371 3410 6371 3410 6372 2810 6372 2806 6372 3410 6373 2806 6373 3411 6373 2806 6374 2805 6374 3411 6374 3411 6375 2805 6375 2804 6375 3411 6376 2804 6376 3412 6376 2798 6377 3401 6377 2802 6377 2802 6378 3401 6378 3412 6378 2802 6379 3412 6379 2803 6379 2803 6380 3412 6380 2804 6380 3413 6381 3414 6381 2814 6381 2814 6382 2815 6382 3413 6382 3413 6383 2815 6383 2816 6383 3413 6384 2816 6384 3415 6384 3415 6385 2816 6385 2812 6385 3415 6386 2812 6386 3416 6386 2811 6387 2801 6387 3407 6387 2812 6388 2813 6388 3416 6388 3416 6389 2813 6389 2811 6389 3416 6390 2811 6390 3417 6390 3417 6391 2811 6391 3407 6391 3418 6392 2819 6392 3419 6392 3419 6393 2819 6393 2818 6393 3419 6394 2818 6394 3420 6394 3420 6395 2818 6395 2817 6395 3420 6396 2817 6396 3421 6396 3421 6397 2817 6397 3422 6397 3422 6398 2817 6398 2814 6398 3422 6399 2814 6399 3414 6399 3423 6400 3424 6400 2821 6400 2819 6401 3418 6401 2822 6401 2822 6402 3418 6402 3425 6402 2822 6403 3425 6403 2824 6403 2824 6404 3425 6404 3426 6404 2824 6405 3426 6405 2823 6405 2823 6406 3426 6406 3427 6406 2823 6407 3427 6407 2825 6407 2825 6408 3427 6408 3423 6408 2825 6409 3423 6409 2820 6409 2820 6410 3423 6410 2821 6410 3428 6411 2829 6411 3429 6411 3429 6412 2829 6412 2827 6412 2827 6413 2828 6413 3429 6413 3429 6414 2828 6414 2826 6414 3429 6415 2826 6415 3430 6415 2826 6416 2834 6416 3430 6416 3430 6417 2834 6417 2833 6417 3430 6418 2833 6418 3431 6418 3431 6419 2833 6419 2831 6419 3431 6420 2831 6420 3432 6420 2821 6421 3424 6421 2830 6421 2830 6422 3424 6422 3432 6422 2830 6423 3432 6423 2832 6423 2832 6424 3432 6424 2831 6424 3433 6425 3434 6425 2838 6425 2838 6426 2839 6426 3433 6426 3433 6427 2839 6427 2840 6427 3433 6428 2840 6428 3435 6428 3435 6429 2840 6429 2837 6429 3435 6430 2837 6430 3436 6430 2829 6431 3428 6431 2835 6431 2835 6432 3428 6432 3436 6432 2835 6433 3436 6433 2836 6433 2836 6434 3436 6434 2837 6434 3434 6435 2854 6435 2838 6435 2838 6436 2854 6436 2843 6436 2508 6437 1876 6437 2858 6437 2857 6438 2848 6438 2858 6438 2858 6439 2848 6439 2846 6439 2858 6440 2846 6440 2508 6440 2856 6441 2853 6441 2857 6441 2857 6442 2853 6442 2849 6442 2857 6443 2849 6443 2848 6443 2859 6444 2860 6444 3437 6444 3437 6445 2860 6445 2861 6445 2855 6446 2854 6446 3437 6446 2861 6447 2862 6447 3437 6447 3437 6448 2862 6448 2863 6448 3437 6449 2863 6449 2855 6449 2855 6450 2863 6450 2851 6450 2855 6451 2851 6451 2856 6451 2856 6452 2851 6452 2852 6452 2856 6453 2852 6453 2853 6453 2652 6454 2657 6454 2859 6454 3438 6455 2655 6455 3439 6455 3439 6456 2655 6456 2654 6456 3439 6457 2654 6457 2859 6457 2859 6458 2654 6458 2653 6458 2859 6459 2653 6459 2652 6459 3440 6460 2616 6460 3438 6460 3438 6461 2616 6461 2655 6461 3441 6462 2869 6462 3442 6462 3442 6463 2869 6463 2868 6463 3442 6464 2868 6464 3443 6464 3443 6465 2868 6465 2867 6465 3443 6466 2867 6466 3444 6466 3444 6467 2867 6467 2866 6467 3444 6468 2866 6468 3445 6468 3445 6469 2866 6469 2865 6469 3445 6470 2865 6470 3446 6470 3446 6471 2865 6471 2864 6471 3446 6472 2864 6472 3447 6472 3447 6473 2864 6473 2875 6473 3447 6474 2875 6474 3448 6474 3448 6475 2875 6475 2874 6475 3448 6476 2874 6476 3449 6476 3449 6477 2874 6477 2873 6477 3449 6478 2873 6478 3450 6478 3450 6479 2873 6479 2872 6479 3450 6480 2872 6480 3451 6480 3451 6481 2872 6481 2871 6481 3451 6482 2871 6482 3452 6482 3452 6483 2871 6483 2870 6483 3452 6484 2870 6484 3441 6484 3441 6485 2870 6485 2869 6485 3453 6486 3454 6486 3455 6486 3455 6487 3454 6487 3456 6487 3455 6488 3456 6488 3457 6488 3457 6489 3456 6489 3458 6489 3457 6490 3458 6490 3459 6490 3459 6491 3458 6491 3460 6491 3459 6492 3460 6492 3461 6492 3461 6493 3460 6493 3462 6493 3461 6494 3462 6494 3463 6494 3463 6495 3462 6495 3464 6495 3463 6496 3464 6496 3465 6496 3465 6497 3464 6497 3466 6497 3465 6498 3466 6498 3467 6498 3467 6499 3466 6499 3468 6499 3467 6500 3468 6500 3469 6500 3469 6501 3468 6501 3470 6501 3469 6502 3470 6502 3471 6502 3471 6503 3470 6503 3472 6503 3471 6504 3472 6504 3473 6504 3473 6505 3472 6505 3474 6505 3473 6506 3474 6506 3475 6506 3475 6507 3474 6507 3476 6507 3475 6508 3476 6508 3453 6508 3453 6509 3476 6509 3454 6509 3441 6510 3477 6510 3452 6510 3452 6511 3477 6511 3478 6511 3452 6512 3478 6512 3451 6512 3451 6513 3478 6513 3479 6513 3451 6514 3479 6514 3450 6514 3450 6515 3479 6515 3480 6515 3450 6516 3480 6516 3449 6516 3449 6517 3480 6517 3481 6517 3449 6518 3481 6518 3448 6518 3448 6519 3481 6519 3482 6519 3448 6520 3482 6520 3447 6520 3447 6521 3482 6521 3483 6521 3447 6522 3483 6522 3446 6522 3446 6523 3483 6523 3484 6523 3446 6524 3484 6524 3445 6524 3445 6525 3484 6525 3485 6525 3445 6526 3485 6526 3444 6526 3444 6527 3485 6527 3486 6527 3444 6528 3486 6528 3443 6528 3443 6529 3486 6529 3487 6529 3443 6530 3487 6530 3442 6530 3442 6531 3487 6531 3488 6531 3442 6532 3488 6532 3441 6532 3441 6533 3488 6533 3477 6533 3477 6534 3453 6534 3478 6534 3478 6535 3453 6535 3455 6535 3478 6536 3455 6536 3479 6536 3479 6537 3455 6537 3457 6537 3479 6538 3457 6538 3480 6538 3480 6539 3457 6539 3459 6539 3480 6540 3459 6540 3481 6540 3481 6541 3459 6541 3461 6541 3481 6542 3461 6542 3482 6542 3482 6543 3461 6543 3463 6543 3482 6544 3463 6544 3483 6544 3483 6545 3463 6545 3465 6545 3483 6546 3465 6546 3484 6546 3484 6547 3465 6547 3467 6547 3484 6548 3467 6548 3485 6548 3485 6549 3467 6549 3469 6549 3485 6550 3469 6550 3486 6550 3486 6551 3469 6551 3471 6551 3486 6552 3471 6552 3487 6552 3487 6553 3471 6553 3473 6553 3487 6554 3473 6554 3488 6554 3488 6555 3473 6555 3475 6555 3488 6556 3475 6556 3477 6556 3477 6557 3475 6557 3453 6557 3489 6558 2881 6558 3490 6558 3490 6559 2881 6559 2880 6559 3490 6560 2880 6560 3491 6560 3491 6561 2880 6561 2879 6561 3491 6562 2879 6562 3492 6562 3492 6563 2879 6563 2878 6563 3492 6564 2878 6564 3493 6564 3493 6565 2878 6565 2877 6565 3493 6566 2877 6566 3494 6566 3494 6567 2877 6567 2876 6567 3494 6568 2876 6568 3495 6568 3495 6569 2876 6569 2887 6569 3495 6570 2887 6570 3496 6570 3496 6571 2887 6571 2886 6571 3496 6572 2886 6572 3497 6572 3497 6573 2886 6573 2885 6573 3497 6574 2885 6574 3498 6574 3498 6575 2885 6575 2884 6575 3498 6576 2884 6576 3499 6576 3499 6577 2884 6577 2883 6577 3499 6578 2883 6578 3500 6578 3500 6579 2883 6579 2882 6579 3500 6580 2882 6580 3489 6580 3489 6581 2882 6581 2881 6581 3501 6582 3502 6582 3503 6582 3503 6583 3502 6583 3504 6583 3503 6584 3504 6584 3505 6584 3505 6585 3504 6585 3506 6585 3505 6586 3506 6586 3507 6586 3507 6587 3506 6587 3508 6587 3507 6588 3508 6588 3509 6588 3509 6589 3508 6589 3510 6589 3509 6590 3510 6590 3511 6590 3511 6591 3510 6591 3512 6591 3511 6592 3512 6592 3513 6592 3513 6593 3512 6593 3514 6593 3513 6594 3514 6594 3515 6594 3515 6595 3514 6595 3516 6595 3515 6596 3516 6596 3517 6596 3517 6597 3516 6597 3518 6597 3517 6598 3518 6598 3519 6598 3519 6599 3518 6599 3520 6599 3519 6600 3520 6600 3521 6600 3521 6601 3520 6601 3522 6601 3521 6602 3522 6602 3523 6602 3523 6603 3522 6603 3524 6603 3523 6604 3524 6604 3501 6604 3501 6605 3524 6605 3502 6605 3489 6606 3525 6606 3500 6606 3500 6607 3525 6607 3526 6607 3500 6608 3526 6608 3499 6608 3499 6609 3526 6609 3527 6609 3499 6610 3527 6610 3498 6610 3498 6611 3527 6611 3528 6611 3498 6612 3528 6612 3497 6612 3497 6613 3528 6613 3529 6613 3497 6614 3529 6614 3496 6614 3496 6615 3529 6615 3530 6615 3496 6616 3530 6616 3495 6616 3495 6617 3530 6617 3531 6617 3495 6618 3531 6618 3494 6618 3494 6619 3531 6619 3532 6619 3494 6620 3532 6620 3493 6620 3493 6621 3532 6621 3533 6621 3493 6622 3533 6622 3492 6622 3492 6623 3533 6623 3534 6623 3492 6624 3534 6624 3491 6624 3491 6625 3534 6625 3535 6625 3491 6626 3535 6626 3490 6626 3490 6627 3535 6627 3536 6627 3490 6628 3536 6628 3489 6628 3489 6629 3536 6629 3525 6629 3525 6630 3501 6630 3526 6630 3526 6631 3501 6631 3503 6631 3526 6632 3503 6632 3527 6632 3527 6633 3503 6633 3505 6633 3527 6634 3505 6634 3528 6634 3528 6635 3505 6635 3507 6635 3528 6636 3507 6636 3529 6636 3529 6637 3507 6637 3509 6637 3529 6638 3509 6638 3530 6638 3530 6639 3509 6639 3511 6639 3530 6640 3511 6640 3531 6640 3531 6641 3511 6641 3513 6641 3531 6642 3513 6642 3532 6642 3532 6643 3513 6643 3515 6643 3532 6644 3515 6644 3533 6644 3533 6645 3515 6645 3517 6645 3533 6646 3517 6646 3534 6646 3534 6647 3517 6647 3519 6647 3534 6648 3519 6648 3535 6648 3535 6649 3519 6649 3521 6649 3535 6650 3521 6650 3536 6650 3536 6651 3521 6651 3523 6651 3536 6652 3523 6652 3525 6652 3525 6653 3523 6653 3501 6653 3537 6654 2893 6654 3538 6654 3538 6655 2893 6655 2892 6655 3538 6656 2892 6656 3539 6656 3539 6657 2892 6657 2891 6657 3539 6658 2891 6658 3540 6658 3540 6659 2891 6659 2890 6659 3540 6660 2890 6660 3541 6660 3541 6661 2890 6661 2889 6661 3541 6662 2889 6662 3542 6662 3542 6663 2889 6663 2888 6663 3542 6664 2888 6664 3543 6664 3543 6665 2888 6665 2899 6665 3543 6666 2899 6666 3544 6666 3544 6667 2899 6667 2898 6667 3544 6668 2898 6668 3545 6668 3545 6669 2898 6669 2897 6669 3545 6670 2897 6670 3546 6670 3546 6671 2897 6671 2896 6671 3546 6672 2896 6672 3547 6672 3547 6673 2896 6673 2895 6673 3547 6674 2895 6674 3548 6674 3548 6675 2895 6675 2894 6675 3548 6676 2894 6676 3537 6676 3537 6677 2894 6677 2893 6677 3549 6678 3550 6678 3551 6678 3551 6679 3550 6679 3552 6679 3551 6680 3552 6680 3553 6680 3553 6681 3552 6681 3554 6681 3553 6682 3554 6682 3555 6682 3555 6683 3554 6683 3556 6683 3555 6684 3556 6684 3557 6684 3557 6685 3556 6685 3558 6685 3557 6686 3558 6686 3559 6686 3559 6687 3558 6687 3560 6687 3559 6688 3560 6688 3561 6688 3561 6689 3560 6689 3562 6689 3561 6690 3562 6690 3563 6690 3563 6691 3562 6691 3564 6691 3563 6692 3564 6692 3565 6692 3565 6693 3564 6693 3566 6693 3565 6694 3566 6694 3567 6694 3567 6695 3566 6695 3568 6695 3567 6696 3568 6696 3569 6696 3569 6697 3568 6697 3570 6697 3569 6698 3570 6698 3571 6698 3571 6699 3570 6699 3572 6699 3571 6700 3572 6700 3549 6700 3549 6701 3572 6701 3550 6701 3537 6702 3573 6702 3548 6702 3548 6703 3573 6703 3574 6703 3548 6704 3574 6704 3547 6704 3547 6705 3574 6705 3575 6705 3547 6706 3575 6706 3546 6706 3546 6707 3575 6707 3576 6707 3546 6708 3576 6708 3545 6708 3545 6709 3576 6709 3577 6709 3545 6710 3577 6710 3544 6710 3544 6711 3577 6711 3578 6711 3544 6712 3578 6712 3543 6712 3543 6713 3578 6713 3579 6713 3543 6714 3579 6714 3542 6714 3542 6715 3579 6715 3580 6715 3542 6716 3580 6716 3541 6716 3541 6717 3580 6717 3581 6717 3541 6718 3581 6718 3540 6718 3540 6719 3581 6719 3582 6719 3540 6720 3582 6720 3539 6720 3539 6721 3582 6721 3583 6721 3539 6722 3583 6722 3538 6722 3538 6723 3583 6723 3584 6723 3538 6724 3584 6724 3537 6724 3537 6725 3584 6725 3573 6725 3573 6726 3549 6726 3574 6726 3574 6727 3549 6727 3551 6727 3574 6728 3551 6728 3575 6728 3575 6729 3551 6729 3553 6729 3575 6730 3553 6730 3576 6730 3576 6731 3553 6731 3555 6731 3576 6732 3555 6732 3577 6732 3577 6733 3555 6733 3557 6733 3577 6734 3557 6734 3578 6734 3578 6735 3557 6735 3559 6735 3578 6736 3559 6736 3579 6736 3579 6737 3559 6737 3561 6737 3579 6738 3561 6738 3580 6738 3580 6739 3561 6739 3563 6739 3580 6740 3563 6740 3581 6740 3581 6741 3563 6741 3565 6741 3581 6742 3565 6742 3582 6742 3582 6743 3565 6743 3567 6743 3582 6744 3567 6744 3583 6744 3583 6745 3567 6745 3569 6745 3583 6746 3569 6746 3584 6746 3584 6747 3569 6747 3571 6747 3584 6748 3571 6748 3573 6748 3573 6749 3571 6749 3549 6749 3585 6750 2911 6750 3586 6750 3586 6751 2911 6751 2909 6751 3586 6752 2909 6752 3587 6752 3587 6753 2909 6753 2907 6753 3587 6754 2907 6754 3588 6754 3588 6755 2907 6755 2905 6755 3588 6756 2905 6756 3589 6756 3589 6757 2905 6757 2903 6757 3589 6758 2903 6758 3590 6758 3590 6759 2903 6759 2901 6759 3590 6760 2901 6760 3591 6760 3591 6761 2901 6761 2923 6761 3591 6762 2923 6762 3592 6762 3592 6763 2923 6763 2921 6763 3592 6764 2921 6764 3593 6764 3593 6765 2921 6765 2919 6765 3593 6766 2919 6766 3594 6766 3594 6767 2919 6767 2917 6767 3594 6768 2917 6768 3595 6768 3595 6769 2917 6769 2915 6769 3595 6770 2915 6770 3596 6770 3596 6771 2915 6771 2913 6771 3596 6772 2913 6772 3585 6772 3585 6773 2913 6773 2911 6773 3597 6774 3598 6774 3599 6774 3599 6775 3598 6775 3600 6775 3599 6776 3600 6776 3601 6776 3601 6777 3600 6777 3602 6777 3601 6778 3602 6778 3603 6778 3603 6779 3602 6779 3604 6779 3603 6780 3604 6780 3605 6780 3605 6781 3604 6781 3606 6781 3605 6782 3606 6782 3607 6782 3607 6783 3606 6783 3608 6783 3607 6784 3608 6784 3609 6784 3609 6785 3608 6785 3610 6785 3609 6786 3610 6786 3611 6786 3611 6787 3610 6787 3612 6787 3611 6788 3612 6788 3613 6788 3613 6789 3612 6789 3614 6789 3613 6790 3614 6790 3615 6790 3615 6791 3614 6791 3616 6791 3615 6792 3616 6792 3617 6792 3617 6793 3616 6793 3618 6793 3617 6794 3618 6794 3619 6794 3619 6795 3618 6795 3620 6795 3619 6796 3620 6796 3597 6796 3597 6797 3620 6797 3598 6797 3585 6798 3621 6798 3596 6798 3596 6799 3621 6799 3622 6799 3596 6800 3622 6800 3595 6800 3595 6801 3622 6801 3623 6801 3595 6802 3623 6802 3594 6802 3594 6803 3623 6803 3624 6803 3594 6804 3624 6804 3593 6804 3593 6805 3624 6805 3625 6805 3593 6806 3625 6806 3592 6806 3592 6807 3625 6807 3626 6807 3592 6808 3626 6808 3591 6808 3591 6809 3626 6809 3627 6809 3591 6810 3627 6810 3590 6810 3590 6811 3627 6811 3628 6811 3590 6812 3628 6812 3589 6812 3589 6813 3628 6813 3629 6813 3589 6814 3629 6814 3588 6814 3588 6815 3629 6815 3630 6815 3588 6816 3630 6816 3587 6816 3587 6817 3630 6817 3631 6817 3587 6818 3631 6818 3586 6818 3586 6819 3631 6819 3632 6819 3586 6820 3632 6820 3585 6820 3585 6821 3632 6821 3621 6821 3621 6822 3597 6822 3622 6822 3622 6823 3597 6823 3599 6823 3622 6824 3599 6824 3623 6824 3623 6825 3599 6825 3601 6825 3623 6826 3601 6826 3624 6826 3624 6827 3601 6827 3603 6827 3624 6828 3603 6828 3625 6828 3625 6829 3603 6829 3605 6829 3625 6830 3605 6830 3626 6830 3626 6831 3605 6831 3607 6831 3626 6832 3607 6832 3627 6832 3627 6833 3607 6833 3609 6833 3627 6834 3609 6834 3628 6834 3628 6835 3609 6835 3611 6835 3628 6836 3611 6836 3629 6836 3629 6837 3611 6837 3613 6837 3629 6838 3613 6838 3630 6838 3630 6839 3613 6839 3615 6839 3630 6840 3615 6840 3631 6840 3631 6841 3615 6841 3617 6841 3631 6842 3617 6842 3632 6842 3632 6843 3617 6843 3619 6843 3632 6844 3619 6844 3621 6844 3621 6845 3619 6845 3597 6845 3633 6846 2929 6846 3634 6846 3634 6847 2929 6847 2928 6847 3634 6848 2928 6848 3635 6848 3635 6849 2928 6849 2927 6849 3635 6850 2927 6850 3636 6850 3636 6851 2927 6851 2926 6851 3636 6852 2926 6852 3637 6852 3637 6853 2926 6853 2925 6853 3637 6854 2925 6854 3638 6854 3638 6855 2925 6855 2924 6855 3638 6856 2924 6856 3639 6856 3639 6857 2924 6857 2935 6857 3639 6858 2935 6858 3640 6858 3640 6859 2935 6859 2934 6859 3640 6860 2934 6860 3641 6860 3641 6861 2934 6861 2933 6861 3641 6862 2933 6862 3642 6862 3642 6863 2933 6863 2932 6863 3642 6864 2932 6864 3643 6864 3643 6865 2932 6865 2931 6865 3643 6866 2931 6866 3644 6866 3644 6867 2931 6867 2930 6867 3644 6868 2930 6868 3633 6868 3633 6869 2930 6869 2929 6869 3645 6870 3646 6870 3647 6870 3647 6871 3646 6871 3648 6871 3647 6872 3648 6872 3649 6872 3649 6873 3648 6873 3650 6873 3649 6874 3650 6874 3651 6874 3651 6875 3650 6875 3652 6875 3651 6876 3652 6876 3653 6876 3653 6877 3652 6877 3654 6877 3653 6878 3654 6878 3655 6878 3655 6879 3654 6879 3656 6879 3655 6880 3656 6880 3657 6880 3657 6881 3656 6881 3658 6881 3657 6882 3658 6882 3659 6882 3659 6883 3658 6883 3660 6883 3659 6884 3660 6884 3661 6884 3661 6885 3660 6885 3662 6885 3661 6886 3662 6886 3663 6886 3663 6887 3662 6887 3664 6887 3663 6888 3664 6888 3665 6888 3665 6889 3664 6889 3666 6889 3665 6890 3666 6890 3667 6890 3667 6891 3666 6891 3668 6891 3667 6892 3668 6892 3645 6892 3645 6893 3668 6893 3646 6893 3633 6894 3669 6894 3644 6894 3644 6895 3669 6895 3670 6895 3644 6896 3670 6896 3643 6896 3643 6897 3670 6897 3671 6897 3643 6898 3671 6898 3642 6898 3642 6899 3671 6899 3672 6899 3642 6900 3672 6900 3641 6900 3641 6901 3672 6901 3673 6901 3641 6902 3673 6902 3640 6902 3640 6903 3673 6903 3674 6903 3640 6904 3674 6904 3639 6904 3639 6905 3674 6905 3675 6905 3639 6906 3675 6906 3638 6906 3638 6907 3675 6907 3676 6907 3638 6908 3676 6908 3637 6908 3637 6909 3676 6909 3677 6909 3637 6910 3677 6910 3636 6910 3636 6911 3677 6911 3678 6911 3636 6912 3678 6912 3635 6912 3635 6913 3678 6913 3679 6913 3635 6914 3679 6914 3634 6914 3634 6915 3679 6915 3680 6915 3634 6916 3680 6916 3633 6916 3633 6917 3680 6917 3669 6917 3669 6918 3645 6918 3670 6918 3670 6919 3645 6919 3647 6919 3670 6920 3647 6920 3671 6920 3671 6921 3647 6921 3649 6921 3671 6922 3649 6922 3672 6922 3672 6923 3649 6923 3651 6923 3672 6924 3651 6924 3673 6924 3673 6925 3651 6925 3653 6925 3673 6926 3653 6926 3674 6926 3674 6927 3653 6927 3655 6927 3674 6928 3655 6928 3675 6928 3675 6929 3655 6929 3657 6929 3675 6930 3657 6930 3676 6930 3676 6931 3657 6931 3659 6931 3676 6932 3659 6932 3677 6932 3677 6933 3659 6933 3661 6933 3677 6934 3661 6934 3678 6934 3678 6935 3661 6935 3663 6935 3678 6936 3663 6936 3679 6936 3679 6937 3663 6937 3665 6937 3679 6938 3665 6938 3680 6938 3680 6939 3665 6939 3667 6939 3680 6940 3667 6940 3669 6940 3669 6941 3667 6941 3645 6941 3681 6942 2941 6942 3682 6942 3682 6943 2941 6943 2940 6943 3682 6944 2940 6944 3683 6944 3683 6945 2940 6945 2939 6945 3683 6946 2939 6946 3684 6946 3684 6947 2939 6947 2938 6947 3684 6948 2938 6948 3685 6948 3685 6949 2938 6949 2937 6949 3685 6950 2937 6950 3686 6950 3686 6951 2937 6951 2936 6951 3686 6952 2936 6952 3687 6952 3687 6953 2936 6953 2947 6953 3687 6954 2947 6954 3688 6954 3688 6955 2947 6955 2946 6955 3688 6956 2946 6956 3689 6956 3689 6957 2946 6957 2945 6957 3689 6958 2945 6958 3690 6958 3690 6959 2945 6959 2944 6959 3690 6960 2944 6960 3691 6960 3691 6961 2944 6961 2943 6961 3691 6962 2943 6962 3692 6962 3692 6963 2943 6963 2942 6963 3692 6964 2942 6964 3681 6964 3681 6965 2942 6965 2941 6965 3693 6966 3694 6966 3695 6966 3695 6967 3694 6967 3696 6967 3695 6968 3696 6968 3697 6968 3697 6969 3696 6969 3698 6969 3697 6970 3698 6970 3699 6970 3699 6971 3698 6971 3700 6971 3699 6972 3700 6972 3701 6972 3701 6973 3700 6973 3702 6973 3701 6974 3702 6974 3703 6974 3703 6975 3702 6975 3704 6975 3703 6976 3704 6976 3705 6976 3705 6977 3704 6977 3706 6977 3705 6978 3706 6978 3707 6978 3707 6979 3706 6979 3708 6979 3707 6980 3708 6980 3709 6980 3709 6981 3708 6981 3710 6981 3709 6982 3710 6982 3711 6982 3711 6983 3710 6983 3712 6983 3711 6984 3712 6984 3713 6984 3713 6985 3712 6985 3714 6985 3713 6986 3714 6986 3715 6986 3715 6987 3714 6987 3716 6987 3715 6988 3716 6988 3693 6988 3693 6989 3716 6989 3694 6989 3681 6990 3717 6990 3692 6990 3692 6991 3717 6991 3718 6991 3692 6992 3718 6992 3691 6992 3691 6993 3718 6993 3719 6993 3691 6994 3719 6994 3690 6994 3690 6995 3719 6995 3720 6995 3690 6996 3720 6996 3689 6996 3689 6997 3720 6997 3721 6997 3689 6998 3721 6998 3688 6998 3688 6999 3721 6999 3722 6999 3688 7000 3722 7000 3687 7000 3687 7001 3722 7001 3723 7001 3687 7002 3723 7002 3686 7002 3686 7003 3723 7003 3724 7003 3686 7004 3724 7004 3685 7004 3685 7005 3724 7005 3725 7005 3685 7006 3725 7006 3684 7006 3684 7007 3725 7007 3726 7007 3684 7008 3726 7008 3683 7008 3683 7009 3726 7009 3727 7009 3683 7010 3727 7010 3682 7010 3682 7011 3727 7011 3728 7011 3682 7012 3728 7012 3681 7012 3681 7013 3728 7013 3717 7013 3717 7014 3693 7014 3718 7014 3718 7015 3693 7015 3695 7015 3718 7016 3695 7016 3719 7016 3719 7017 3695 7017 3697 7017 3719 7018 3697 7018 3720 7018 3720 7019 3697 7019 3699 7019 3720 7020 3699 7020 3721 7020 3721 7021 3699 7021 3701 7021 3721 7022 3701 7022 3722 7022 3722 7023 3701 7023 3703 7023 3722 7024 3703 7024 3723 7024 3723 7025 3703 7025 3705 7025 3723 7026 3705 7026 3724 7026 3724 7027 3705 7027 3707 7027 3724 7028 3707 7028 3725 7028 3725 7029 3707 7029 3709 7029 3725 7030 3709 7030 3726 7030 3726 7031 3709 7031 3711 7031 3726 7032 3711 7032 3727 7032 3727 7033 3711 7033 3713 7033 3727 7034 3713 7034 3728 7034 3728 7035 3713 7035 3715 7035 3728 7036 3715 7036 3717 7036 3717 7037 3715 7037 3693 7037 2948 7038 3729 7038 2949 7038 2949 7039 3729 7039 3730 7039 2949 7040 3730 7040 3731 7040 2949 7041 3731 7041 2950 7041 2950 7042 3731 7042 3732 7042 2950 7043 3732 7043 2951 7043 2951 7044 3732 7044 3733 7044 2951 7045 3733 7045 2952 7045 2952 7046 3733 7046 3734 7046 2952 7047 3734 7047 2953 7047 2953 7048 3734 7048 3735 7048 2953 7049 3735 7049 2954 7049 2954 7050 3735 7050 3736 7050 2954 7051 3736 7051 2955 7051 2955 7052 3736 7052 3737 7052 3738 7053 2956 7053 3739 7053 3739 7054 2956 7054 2955 7054 3739 7055 2955 7055 3737 7055 2956 7056 3738 7056 2957 7056 2957 7057 3738 7057 3740 7057 2957 7058 3740 7058 2958 7058 2958 7059 3740 7059 3741 7059 2958 7060 3741 7060 2959 7060 2959 7061 3741 7061 3742 7061 2959 7062 3742 7062 2960 7062 2960 7063 3742 7063 3743 7063 2960 7064 3743 7064 2961 7064 2961 7065 3743 7065 3744 7065 2961 7066 3744 7066 2948 7066 2948 7067 3744 7067 3729 7067 2963 7068 3745 7068 2964 7068 2964 7069 3745 7069 3746 7069 2964 7070 3746 7070 2965 7070 2965 7071 3746 7071 3747 7071 2965 7072 3747 7072 2966 7072 2966 7073 3747 7073 3748 7073 2966 7074 3748 7074 2967 7074 2967 7075 3748 7075 3749 7075 2967 7076 3749 7076 2968 7076 2968 7077 3749 7077 3750 7077 2968 7078 3750 7078 2969 7078 2969 7079 3750 7079 3751 7079 2969 7080 3751 7080 2970 7080 2970 7081 3751 7081 3752 7081 2970 7082 3752 7082 2971 7082 2971 7083 3752 7083 3753 7083 2971 7084 3753 7084 2972 7084 2972 7085 3753 7085 3754 7085 2972 7086 3754 7086 2973 7086 2973 7087 3754 7087 3755 7087 2973 7088 3755 7088 2962 7088 2962 7089 3755 7089 3756 7089 2962 7090 3756 7090 2963 7090 2963 7091 3756 7091 3745 7091 3318 7092 2976 7092 3757 7092 3757 7093 2976 7093 2978 7093 3758 7094 2982 7094 3759 7094 3759 7095 2982 7095 2983 7095 3759 7096 2983 7096 3760 7096 3758 7097 3761 7097 2982 7097 2982 7098 3761 7098 3762 7098 2982 7099 3762 7099 2978 7099 2978 7100 3762 7100 3763 7100 2978 7101 3763 7101 3757 7101 3760 7102 2983 7102 3764 7102 3764 7103 2983 7103 2986 7103 3764 7104 2986 7104 3765 7104 3765 7105 2986 7105 2985 7105 3765 7106 2985 7106 3766 7106 3767 7107 3019 7107 3768 7107 3768 7108 3019 7108 3018 7108 3768 7109 3018 7109 3769 7109 3769 7110 3018 7110 3056 7110 3769 7111 3056 7111 3770 7111 3770 7112 3056 7112 3027 7112 3770 7113 3027 7113 3771 7113 3771 7114 3027 7114 3772 7114 3772 7115 3027 7115 3026 7115 3772 7116 3026 7116 3773 7116 3773 7117 3026 7117 3025 7117 3773 7118 3025 7118 3774 7118 3774 7119 3025 7119 3024 7119 3774 7120 3024 7120 3775 7120 3024 7121 3023 7121 3775 7121 3775 7122 3023 7122 3011 7122 3775 7123 3011 7123 3776 7123 3776 7124 3011 7124 3010 7124 3776 7125 3010 7125 3777 7125 3777 7126 3010 7126 3778 7126 3778 7127 3010 7127 3008 7127 3778 7128 3008 7128 3779 7128 3779 7129 3008 7129 3007 7129 3779 7130 3007 7130 3780 7130 3780 7131 3007 7131 3028 7131 3780 7132 3028 7132 3781 7132 3781 7133 3028 7133 3029 7133 3781 7134 3029 7134 3782 7134 3782 7135 3029 7135 3030 7135 3782 7136 3030 7136 3783 7136 3783 7137 3030 7137 3017 7137 3783 7138 3017 7138 3784 7138 3784 7139 3017 7139 3016 7139 3784 7140 3016 7140 3785 7140 3785 7141 3016 7141 3015 7141 3785 7142 3015 7142 3786 7142 3786 7143 3015 7143 3014 7143 3786 7144 3014 7144 3787 7144 3787 7145 3014 7145 3013 7145 3787 7146 3013 7146 3788 7146 3788 7147 3013 7147 3070 7147 3788 7148 3070 7148 3789 7148 3789 7149 3070 7149 3022 7149 3789 7150 3022 7150 3790 7150 3790 7151 3022 7151 3021 7151 3790 7152 3021 7152 3767 7152 3767 7153 3021 7153 3020 7153 3767 7154 3020 7154 3019 7154 3791 7155 3099 7155 3792 7155 3792 7156 3099 7156 3098 7156 3792 7157 3098 7157 3793 7157 3793 7158 3098 7158 3136 7158 3793 7159 3136 7159 3794 7159 3794 7160 3136 7160 3107 7160 3794 7161 3107 7161 3795 7161 3795 7162 3107 7162 3796 7162 3796 7163 3107 7163 3106 7163 3796 7164 3106 7164 3797 7164 3797 7165 3106 7165 3105 7165 3797 7166 3105 7166 3798 7166 3798 7167 3105 7167 3104 7167 3798 7168 3104 7168 3799 7168 3104 7169 3103 7169 3799 7169 3799 7170 3103 7170 3091 7170 3799 7171 3091 7171 3800 7171 3800 7172 3091 7172 3090 7172 3800 7173 3090 7173 3801 7173 3801 7174 3090 7174 3802 7174 3802 7175 3090 7175 3088 7175 3802 7176 3088 7176 3803 7176 3803 7177 3088 7177 3087 7177 3803 7178 3087 7178 3804 7178 3804 7179 3087 7179 3108 7179 3804 7180 3108 7180 3805 7180 3805 7181 3108 7181 3109 7181 3805 7182 3109 7182 3806 7182 3806 7183 3109 7183 3110 7183 3806 7184 3110 7184 3807 7184 3807 7185 3110 7185 3097 7185 3807 7186 3097 7186 3808 7186 3808 7187 3097 7187 3096 7187 3808 7188 3096 7188 3809 7188 3809 7189 3096 7189 3095 7189 3809 7190 3095 7190 3810 7190 3810 7191 3095 7191 3094 7191 3810 7192 3094 7192 3811 7192 3811 7193 3094 7193 3093 7193 3811 7194 3093 7194 3812 7194 3812 7195 3093 7195 3150 7195 3812 7196 3150 7196 3813 7196 3813 7197 3150 7197 3102 7197 3813 7198 3102 7198 3814 7198 3814 7199 3102 7199 3101 7199 3814 7200 3101 7200 3791 7200 3791 7201 3101 7201 3100 7201 3791 7202 3100 7202 3099 7202 3815 7203 3196 7203 3816 7203 3816 7204 3196 7204 3197 7204 3191 7205 3193 7205 3817 7205 3172 7206 3174 7206 3818 7206 3817 7207 3193 7207 3819 7207 3818 7208 3174 7208 3820 7208 3821 7209 3822 7209 3187 7209 3187 7210 3186 7210 3821 7210 3821 7211 3186 7211 3188 7211 3821 7212 3188 7212 3817 7212 3817 7213 3188 7213 3192 7213 3817 7214 3192 7214 3191 7214 3193 7215 3157 7215 3819 7215 3819 7216 3157 7216 3156 7216 3819 7217 3156 7217 3815 7217 3815 7218 3156 7218 3155 7218 3815 7219 3155 7219 3196 7219 3823 7220 3824 7220 3168 7220 3168 7221 3167 7221 3823 7221 3823 7222 3167 7222 3169 7222 3823 7223 3169 7223 3818 7223 3818 7224 3169 7224 3173 7224 3818 7225 3173 7225 3172 7225 3179 7226 3825 7226 3177 7226 3177 7227 3825 7227 3826 7227 3179 7228 3178 7228 3825 7228 3825 7229 3178 7229 3180 7229 3825 7230 3180 7230 3822 7230 3822 7231 3180 7231 3183 7231 3822 7232 3183 7232 3187 7232 3197 7233 3162 7233 3816 7233 3816 7234 3162 7234 3161 7234 3816 7235 3161 7235 3824 7235 3824 7236 3161 7236 3165 7236 3824 7237 3165 7237 3168 7237 3174 7238 3160 7238 3820 7238 3820 7239 3160 7239 3159 7239 3820 7240 3159 7240 3826 7240 3826 7241 3159 7241 3158 7241 3826 7242 3158 7242 3177 7242 3245 7243 3827 7243 3828 7243 3829 7244 3243 7244 3828 7244 3828 7245 3243 7245 3244 7245 3828 7246 3244 7246 3245 7246 3830 7247 3239 7247 3831 7247 3831 7248 3239 7248 3240 7248 3831 7249 3240 7249 3832 7249 3832 7250 3240 7250 3241 7250 3832 7251 3241 7251 3829 7251 3829 7252 3241 7252 3242 7252 3829 7253 3242 7253 3243 7253 3833 7254 3237 7254 3830 7254 3830 7255 3237 7255 3238 7255 3830 7256 3238 7256 3239 7256 3834 7257 3235 7257 3833 7257 3833 7258 3235 7258 3236 7258 3833 7259 3236 7259 3237 7259 3835 7260 3231 7260 3836 7260 3836 7261 3231 7261 3232 7261 3836 7262 3232 7262 3837 7262 3837 7263 3232 7263 3233 7263 3837 7264 3233 7264 3834 7264 3834 7265 3233 7265 3234 7265 3834 7266 3234 7266 3235 7266 3838 7267 3253 7267 3835 7267 3835 7268 3253 7268 3254 7268 3835 7269 3254 7269 3231 7269 3839 7270 3251 7270 3838 7270 3838 7271 3251 7271 3252 7271 3838 7272 3252 7272 3253 7272 3245 7273 3246 7273 3827 7273 3827 7274 3246 7274 3247 7274 3827 7275 3247 7275 3840 7275 3840 7276 3247 7276 3248 7276 3840 7277 3248 7277 3841 7277 3841 7278 3248 7278 3249 7278 3841 7279 3249 7279 3839 7279 3839 7280 3249 7280 3250 7280 3839 7281 3250 7281 3251 7281 3842 7282 3843 7282 3844 7282 3844 7283 3843 7283 3845 7283 3844 7284 3845 7284 3846 7284 3846 7285 3845 7285 3847 7285 3846 7286 3847 7286 3848 7286 3848 7287 3847 7287 3849 7287 3848 7288 3849 7288 3850 7288 3850 7289 3849 7289 3851 7289 3850 7290 3851 7290 3852 7290 3852 7291 3851 7291 3853 7291 3852 7292 3853 7292 3854 7292 3854 7293 3853 7293 3855 7293 3854 7294 3855 7294 3856 7294 3856 7295 3855 7295 3857 7295 3856 7296 3857 7296 3858 7296 3858 7297 3857 7297 3859 7297 3858 7298 3859 7298 3860 7298 3860 7299 3859 7299 3861 7299 3860 7300 3861 7300 3862 7300 3862 7301 3861 7301 3863 7301 3862 7302 3863 7302 3864 7302 3864 7303 3863 7303 3865 7303 3864 7304 3865 7304 3866 7304 3866 7305 3865 7305 3867 7305 3866 7306 3867 7306 3868 7306 3868 7307 3867 7307 3869 7307 3868 7308 3869 7308 3870 7308 3870 7309 3869 7309 3871 7309 3870 7310 3871 7310 3872 7310 3872 7311 3871 7311 3842 7311 3872 7312 3842 7312 3844 7312 3840 7313 3873 7313 3827 7313 3827 7314 3873 7314 3874 7314 3827 7315 3874 7315 3828 7315 3828 7316 3874 7316 3875 7316 3828 7317 3875 7317 3829 7317 3829 7318 3875 7318 3876 7318 3829 7319 3876 7319 3832 7319 3832 7320 3876 7320 3877 7320 3832 7321 3877 7321 3831 7321 3831 7322 3877 7322 3878 7322 3831 7323 3878 7323 3830 7323 3830 7324 3878 7324 3879 7324 3830 7325 3879 7325 3833 7325 3833 7326 3879 7326 3880 7326 3833 7327 3880 7327 3834 7327 3834 7328 3880 7328 3881 7328 3834 7329 3881 7329 3837 7329 3837 7330 3881 7330 3882 7330 3837 7331 3882 7331 3836 7331 3836 7332 3882 7332 3883 7332 3836 7333 3883 7333 3835 7333 3835 7334 3883 7334 3884 7334 3835 7335 3884 7335 3838 7335 3838 7336 3884 7336 3885 7336 3838 7337 3885 7337 3839 7337 3839 7338 3885 7338 3886 7338 3839 7339 3886 7339 3841 7339 3841 7340 3886 7340 3887 7340 3841 7341 3887 7341 3840 7341 3840 7342 3887 7342 3873 7342 3873 7343 3858 7343 3874 7343 3874 7344 3858 7344 3860 7344 3874 7345 3860 7345 3875 7345 3875 7346 3860 7346 3862 7346 3875 7347 3862 7347 3876 7347 3876 7348 3862 7348 3864 7348 3876 7349 3864 7349 3877 7349 3877 7350 3864 7350 3866 7350 3877 7351 3866 7351 3878 7351 3878 7352 3866 7352 3868 7352 3878 7353 3868 7353 3879 7353 3879 7354 3868 7354 3870 7354 3879 7355 3870 7355 3880 7355 3880 7356 3870 7356 3872 7356 3880 7357 3872 7357 3881 7357 3881 7358 3872 7358 3844 7358 3881 7359 3844 7359 3882 7359 3882 7360 3844 7360 3846 7360 3882 7361 3846 7361 3883 7361 3883 7362 3846 7362 3848 7362 3883 7363 3848 7363 3884 7363 3884 7364 3848 7364 3850 7364 3884 7365 3850 7365 3885 7365 3885 7366 3850 7366 3852 7366 3885 7367 3852 7367 3886 7367 3886 7368 3852 7368 3854 7368 3886 7369 3854 7369 3887 7369 3887 7370 3854 7370 3856 7370 3887 7371 3856 7371 3873 7371 3873 7372 3856 7372 3858 7372 3888 7373 3889 7373 3890 7373 3891 7374 3892 7374 3893 7374 3894 7375 3895 7375 3892 7375 3892 7376 3891 7376 3894 7376 3894 7377 3891 7377 3896 7377 3894 7378 3896 7378 3897 7378 3897 7379 3896 7379 3898 7379 3897 7380 3898 7380 3899 7380 3899 7381 3898 7381 3900 7381 3899 7382 3900 7382 3901 7382 3902 7383 3903 7383 3904 7383 3905 7384 3903 7384 3906 7384 3906 7385 3903 7385 3902 7385 3906 7386 3902 7386 3907 7386 3907 7387 3902 7387 3908 7387 3909 7388 3910 7388 3908 7388 3908 7389 3910 7389 3911 7389 3908 7390 3911 7390 3907 7390 3890 7391 3912 7391 3888 7391 3888 7392 3912 7392 3913 7392 3888 7393 3913 7393 3909 7393 3909 7394 3913 7394 3914 7394 3909 7395 3914 7395 3910 7395 3915 7396 3901 7396 3916 7396 3916 7397 3901 7397 3900 7397 3916 7398 3900 7398 3917 7398 3917 7399 3900 7399 3898 7399 3917 7400 3898 7400 3918 7400 3918 7401 3898 7401 3896 7401 3918 7402 3896 7402 3919 7402 3919 7403 3896 7403 3891 7403 3919 7404 3891 7404 3920 7404 3920 7405 3891 7405 3893 7405 3920 7406 3893 7406 3889 7406 3889 7407 3888 7407 3920 7407 3920 7408 3888 7408 3909 7408 3920 7409 3909 7409 3919 7409 3919 7410 3909 7410 3908 7410 3919 7411 3908 7411 3918 7411 3918 7412 3908 7412 3902 7412 3918 7413 3902 7413 3917 7413 3917 7414 3902 7414 3904 7414 3917 7415 3904 7415 3916 7415 3921 7416 3922 7416 3893 7416 3895 7417 3923 7417 3892 7417 3892 7418 3923 7418 3924 7418 3925 7419 3890 7419 3926 7419 3926 7420 3890 7420 3889 7420 3927 7421 3928 7421 3929 7421 3922 7422 3927 7422 3893 7422 3893 7423 3927 7423 3929 7423 3893 7424 3929 7424 3889 7424 3889 7425 3929 7425 3930 7425 3889 7426 3930 7426 3926 7426 3924 7427 3931 7427 3892 7427 3892 7428 3931 7428 3932 7428 3892 7429 3932 7429 3893 7429 3893 7430 3932 7430 3933 7430 3893 7431 3933 7431 3921 7431 3905 7432 3934 7432 3903 7432 3903 7433 3934 7433 3935 7433 3903 7434 3935 7434 3936 7434 3937 7435 3915 7435 3938 7435 3938 7436 3915 7436 3916 7436 3938 7437 3916 7437 3939 7437 3940 7438 3941 7438 3904 7438 3940 7439 3942 7439 3941 7439 3941 7440 3942 7440 3939 7440 3941 7441 3939 7441 3904 7441 3904 7442 3939 7442 3916 7442 3936 7443 3943 7443 3903 7443 3903 7444 3943 7444 3944 7444 3903 7445 3944 7445 3904 7445 3904 7446 3944 7446 3945 7446 3904 7447 3945 7447 3940 7447 3269 7448 3946 7448 3947 7448 3948 7449 3267 7449 3947 7449 3947 7450 3267 7450 3268 7450 3947 7451 3268 7451 3269 7451 3949 7452 3263 7452 3950 7452 3950 7453 3263 7453 3264 7453 3950 7454 3264 7454 3951 7454 3951 7455 3264 7455 3265 7455 3951 7456 3265 7456 3948 7456 3948 7457 3265 7457 3266 7457 3948 7458 3266 7458 3267 7458 3952 7459 3261 7459 3949 7459 3949 7460 3261 7460 3262 7460 3949 7461 3262 7461 3263 7461 3953 7462 3259 7462 3952 7462 3952 7463 3259 7463 3260 7463 3952 7464 3260 7464 3261 7464 3954 7465 3255 7465 3955 7465 3955 7466 3255 7466 3256 7466 3955 7467 3256 7467 3956 7467 3956 7468 3256 7468 3257 7468 3956 7469 3257 7469 3953 7469 3953 7470 3257 7470 3258 7470 3953 7471 3258 7471 3259 7471 3957 7472 3277 7472 3954 7472 3954 7473 3277 7473 3278 7473 3954 7474 3278 7474 3255 7474 3958 7475 3275 7475 3957 7475 3957 7476 3275 7476 3276 7476 3957 7477 3276 7477 3277 7477 3269 7478 3270 7478 3946 7478 3946 7479 3270 7479 3271 7479 3946 7480 3271 7480 3959 7480 3959 7481 3271 7481 3272 7481 3959 7482 3272 7482 3960 7482 3960 7483 3272 7483 3273 7483 3960 7484 3273 7484 3958 7484 3958 7485 3273 7485 3274 7485 3958 7486 3274 7486 3275 7486 3961 7487 3962 7487 3963 7487 3963 7488 3962 7488 3964 7488 3963 7489 3964 7489 3965 7489 3965 7490 3964 7490 3966 7490 3965 7491 3966 7491 3967 7491 3967 7492 3966 7492 3968 7492 3967 7493 3968 7493 3969 7493 3969 7494 3968 7494 3970 7494 3969 7495 3970 7495 3971 7495 3971 7496 3970 7496 3972 7496 3971 7497 3972 7497 3973 7497 3973 7498 3972 7498 3974 7498 3973 7499 3974 7499 3975 7499 3975 7500 3974 7500 3976 7500 3975 7501 3976 7501 3977 7501 3977 7502 3976 7502 3978 7502 3977 7503 3978 7503 3979 7503 3979 7504 3978 7504 3980 7504 3979 7505 3980 7505 3981 7505 3981 7506 3980 7506 3982 7506 3981 7507 3982 7507 3983 7507 3983 7508 3982 7508 3984 7508 3983 7509 3984 7509 3985 7509 3985 7510 3984 7510 3986 7510 3985 7511 3986 7511 3987 7511 3987 7512 3986 7512 3988 7512 3987 7513 3988 7513 3989 7513 3989 7514 3988 7514 3990 7514 3989 7515 3990 7515 3991 7515 3991 7516 3990 7516 3961 7516 3991 7517 3961 7517 3963 7517 3959 7518 3992 7518 3946 7518 3946 7519 3992 7519 3993 7519 3946 7520 3993 7520 3947 7520 3947 7521 3993 7521 3994 7521 3947 7522 3994 7522 3948 7522 3948 7523 3994 7523 3995 7523 3948 7524 3995 7524 3951 7524 3951 7525 3995 7525 3996 7525 3951 7526 3996 7526 3950 7526 3950 7527 3996 7527 3997 7527 3950 7528 3997 7528 3949 7528 3949 7529 3997 7529 3998 7529 3949 7530 3998 7530 3952 7530 3952 7531 3998 7531 3999 7531 3952 7532 3999 7532 3953 7532 3953 7533 3999 7533 4000 7533 3953 7534 4000 7534 3956 7534 3956 7535 4000 7535 4001 7535 3956 7536 4001 7536 3955 7536 3955 7537 4001 7537 4002 7537 3955 7538 4002 7538 3954 7538 3954 7539 4002 7539 4003 7539 3954 7540 4003 7540 3957 7540 3957 7541 4003 7541 4004 7541 3957 7542 4004 7542 3958 7542 3958 7543 4004 7543 4005 7543 3958 7544 4005 7544 3960 7544 3960 7545 4005 7545 4006 7545 3960 7546 4006 7546 3959 7546 3959 7547 4006 7547 3992 7547 3992 7548 3977 7548 3993 7548 3993 7549 3977 7549 3979 7549 3993 7550 3979 7550 3994 7550 3994 7551 3979 7551 3981 7551 3994 7552 3981 7552 3995 7552 3995 7553 3981 7553 3983 7553 3995 7554 3983 7554 3996 7554 3996 7555 3983 7555 3985 7555 3996 7556 3985 7556 3997 7556 3997 7557 3985 7557 3987 7557 3997 7558 3987 7558 3998 7558 3998 7559 3987 7559 3989 7559 3998 7560 3989 7560 3999 7560 3999 7561 3989 7561 3991 7561 3999 7562 3991 7562 4000 7562 4000 7563 3991 7563 3963 7563 4000 7564 3963 7564 4001 7564 4001 7565 3963 7565 3965 7565 4001 7566 3965 7566 4002 7566 4002 7567 3965 7567 3967 7567 4002 7568 3967 7568 4003 7568 4003 7569 3967 7569 3969 7569 4003 7570 3969 7570 4004 7570 4004 7571 3969 7571 3971 7571 4004 7572 3971 7572 4005 7572 4005 7573 3971 7573 3973 7573 4005 7574 3973 7574 4006 7574 4006 7575 3973 7575 3975 7575 4006 7576 3975 7576 3992 7576 3992 7577 3975 7577 3977 7577 4007 7578 4008 7578 4009 7578 4010 7579 4011 7579 4012 7579 4013 7580 4014 7580 4011 7580 4011 7581 4010 7581 4013 7581 4013 7582 4010 7582 4015 7582 4013 7583 4015 7583 4016 7583 4016 7584 4015 7584 4017 7584 4016 7585 4017 7585 4018 7585 4018 7586 4017 7586 4019 7586 4018 7587 4019 7587 4020 7587 4021 7588 4022 7588 4023 7588 4024 7589 4022 7589 4025 7589 4025 7590 4022 7590 4021 7590 4025 7591 4021 7591 4026 7591 4026 7592 4021 7592 4027 7592 4028 7593 4029 7593 4027 7593 4027 7594 4029 7594 4030 7594 4027 7595 4030 7595 4026 7595 4009 7596 4031 7596 4007 7596 4007 7597 4031 7597 4032 7597 4007 7598 4032 7598 4028 7598 4028 7599 4032 7599 4033 7599 4028 7600 4033 7600 4029 7600 4034 7601 4020 7601 4035 7601 4035 7602 4020 7602 4019 7602 4035 7603 4019 7603 4036 7603 4036 7604 4019 7604 4017 7604 4036 7605 4017 7605 4037 7605 4037 7606 4017 7606 4015 7606 4037 7607 4015 7607 4038 7607 4038 7608 4015 7608 4010 7608 4038 7609 4010 7609 4039 7609 4039 7610 4010 7610 4012 7610 4039 7611 4012 7611 4008 7611 4008 7612 4007 7612 4039 7612 4039 7613 4007 7613 4028 7613 4039 7614 4028 7614 4038 7614 4038 7615 4028 7615 4027 7615 4038 7616 4027 7616 4037 7616 4037 7617 4027 7617 4021 7617 4037 7618 4021 7618 4036 7618 4036 7619 4021 7619 4023 7619 4036 7620 4023 7620 4035 7620 4040 7621 4041 7621 4012 7621 4014 7622 4042 7622 4011 7622 4011 7623 4042 7623 4043 7623 4044 7624 4009 7624 4045 7624 4045 7625 4009 7625 4008 7625 4046 7626 4047 7626 4048 7626 4041 7627 4046 7627 4012 7627 4012 7628 4046 7628 4048 7628 4012 7629 4048 7629 4008 7629 4008 7630 4048 7630 4049 7630 4008 7631 4049 7631 4045 7631 4043 7632 4050 7632 4011 7632 4011 7633 4050 7633 4051 7633 4011 7634 4051 7634 4012 7634 4012 7635 4051 7635 4052 7635 4012 7636 4052 7636 4040 7636 4024 7637 4053 7637 4022 7637 4022 7638 4053 7638 4054 7638 4022 7639 4054 7639 4055 7639 4056 7640 4034 7640 4057 7640 4057 7641 4034 7641 4035 7641 4057 7642 4035 7642 4058 7642 4059 7643 4060 7643 4023 7643 4059 7644 4061 7644 4060 7644 4060 7645 4061 7645 4058 7645 4060 7646 4058 7646 4023 7646 4023 7647 4058 7647 4035 7647 4055 7648 4062 7648 4022 7648 4022 7649 4062 7649 4063 7649 4022 7650 4063 7650 4023 7650 4023 7651 4063 7651 4064 7651 4023 7652 4064 7652 4059 7652 4065 7653 2647 7653 2648 7653 4066 7654 2646 7654 2647 7654 2641 7655 2644 7655 3302 7655 3302 7656 2644 7656 4067 7656 3302 7657 4067 7657 3303 7657 3303 7658 4067 7658 4068 7658 3290 7659 4069 7659 3291 7659 3291 7660 4069 7660 4070 7660 3286 7661 3282 7661 4071 7661 4071 7662 3282 7662 3281 7662 4071 7663 3281 7663 4072 7663 4072 7664 3281 7664 3294 7664 4072 7665 3294 7665 4073 7665 4073 7666 3294 7666 3295 7666 4073 7667 3295 7667 3301 7667 4074 7668 3287 7668 3286 7668 4075 7669 3293 7669 4076 7669 4076 7670 3293 7670 3292 7670 4076 7671 3292 7671 3283 7671 3298 7672 4077 7672 3299 7672 3299 7673 4077 7673 4078 7673 4079 7674 3279 7674 3300 7674 3279 7675 4079 7675 3280 7675 3280 7676 4079 7676 4080 7676 3280 7677 4080 7677 3297 7677 3297 7678 4080 7678 4081 7678 3297 7679 4081 7679 3296 7679 4082 7680 2984 7680 2989 7680 2985 7681 2984 7681 4083 7681 4083 7682 2984 7682 4082 7682 4083 7683 4082 7683 4084 7683 4084 7684 4082 7684 4085 7684 4084 7685 4085 7685 4086 7685 4086 7686 4085 7686 4087 7686 4087 7687 4085 7687 4088 7687 4087 7688 4088 7688 4089 7688 4089 7689 4088 7689 4090 7689 4089 7690 4090 7690 4091 7690 4091 7691 4090 7691 4092 7691 4092 7692 4090 7692 4093 7692 4092 7693 4093 7693 4094 7693 4094 7694 4093 7694 4095 7694 4095 7695 4093 7695 4096 7695 4095 7696 4096 7696 4097 7696 4097 7697 4096 7697 4098 7697 4098 7698 4096 7698 4099 7698 4098 7699 4099 7699 4100 7699 4100 7700 4099 7700 4101 7700 4101 7701 4099 7701 4102 7701 4101 7702 4102 7702 4103 7702 4103 7703 4102 7703 4104 7703 4103 7704 4104 7704 4105 7704 2648 7705 4106 7705 4065 7705 4065 7706 4106 7706 4107 7706 4065 7707 4107 7707 4108 7707 4108 7708 4107 7708 4109 7708 4108 7709 4109 7709 4104 7709 4104 7710 4109 7710 4110 7710 4104 7711 4110 7711 4105 7711 2644 7712 2646 7712 4067 7712 4067 7713 2646 7713 4066 7713 4067 7714 4066 7714 4068 7714 4068 7715 4066 7715 4111 7715 4112 7716 4070 7716 4111 7716 4111 7717 4070 7717 4069 7717 4111 7718 4069 7718 4068 7718 4068 7719 4069 7719 3290 7719 4068 7720 3290 7720 3303 7720 4113 7721 4071 7721 4114 7721 4114 7722 4071 7722 4072 7722 4114 7723 4072 7723 4112 7723 4112 7724 4072 7724 4073 7724 4112 7725 4073 7725 4070 7725 4070 7726 4073 7726 3301 7726 4070 7727 3301 7727 3291 7727 3286 7728 4071 7728 4074 7728 4074 7729 4071 7729 4113 7729 4074 7730 4113 7730 4115 7730 4115 7731 4113 7731 4116 7731 4115 7732 4116 7732 4117 7732 4117 7733 4116 7733 4118 7733 4118 7734 4116 7734 4119 7734 4118 7735 4119 7735 4120 7735 3287 7736 4074 7736 3288 7736 3288 7737 4074 7737 4115 7737 3288 7738 4115 7738 3289 7738 3289 7739 4115 7739 4117 7739 3289 7740 4117 7740 3285 7740 3285 7741 4117 7741 4118 7741 3285 7742 4118 7742 3284 7742 3284 7743 4118 7743 4120 7743 3284 7744 4120 7744 4121 7744 4121 7745 4120 7745 4119 7745 4121 7746 4119 7746 4122 7746 4123 7747 4075 7747 4122 7747 4122 7748 4075 7748 4076 7748 4122 7749 4076 7749 4121 7749 4121 7750 4076 7750 3283 7750 4121 7751 3283 7751 3284 7751 4124 7752 4078 7752 4123 7752 4123 7753 4078 7753 4077 7753 4123 7754 4077 7754 4075 7754 4075 7755 4077 7755 3298 7755 4075 7756 3298 7756 3293 7756 2991 7757 3296 7757 2990 7757 2990 7758 3296 7758 4081 7758 2990 7759 4081 7759 4125 7759 4125 7760 4081 7760 4080 7760 4125 7761 4080 7761 4124 7761 4124 7762 4080 7762 4079 7762 4124 7763 4079 7763 4078 7763 4078 7764 4079 7764 3300 7764 4078 7765 3300 7765 3299 7765 2647 7766 4065 7766 4066 7766 4066 7767 4065 7767 4108 7767 4066 7768 4108 7768 4111 7768 4111 7769 4108 7769 4104 7769 4111 7770 4104 7770 4112 7770 4112 7771 4104 7771 4102 7771 4112 7772 4102 7772 4114 7772 4114 7773 4102 7773 4099 7773 4114 7774 4099 7774 4113 7774 4113 7775 4099 7775 4096 7775 4113 7776 4096 7776 4116 7776 4116 7777 4096 7777 4093 7777 4116 7778 4093 7778 4119 7778 4119 7779 4093 7779 4090 7779 4119 7780 4090 7780 4122 7780 4122 7781 4090 7781 4088 7781 4122 7782 4088 7782 4123 7782 4123 7783 4088 7783 4085 7783 4123 7784 4085 7784 4124 7784 4124 7785 4085 7785 4082 7785 4124 7786 4082 7786 4125 7786 4125 7787 4082 7787 2989 7787 4125 7788 2989 7788 2990 7788 4126 7789 3313 7789 4127 7789 4127 7790 3313 7790 3312 7790 4127 7791 3312 7791 4128 7791 4128 7792 3312 7792 3315 7792 4128 7793 3315 7793 4129 7793 4129 7794 3315 7794 3314 7794 4129 7795 3314 7795 4130 7795 4130 7796 3314 7796 3307 7796 4130 7797 3307 7797 4131 7797 4131 7798 3307 7798 3309 7798 4131 7799 3309 7799 4132 7799 4132 7800 3309 7800 3304 7800 4132 7801 3304 7801 4133 7801 4133 7802 3304 7802 3305 7802 4133 7803 3305 7803 4134 7803 4134 7804 3305 7804 3311 7804 4134 7805 3311 7805 4135 7805 4135 7806 3311 7806 3310 7806 4135 7807 3310 7807 4136 7807 4136 7808 3310 7808 3306 7808 4136 7809 3306 7809 4137 7809 4137 7810 3306 7810 3308 7810 4137 7811 3308 7811 4126 7811 4126 7812 3308 7812 3313 7812 4138 7813 4139 7813 4140 7813 4141 7814 4142 7814 4143 7814 4144 7815 4145 7815 4142 7815 4142 7816 4141 7816 4144 7816 4144 7817 4141 7817 4146 7817 4144 7818 4146 7818 4147 7818 4147 7819 4146 7819 4148 7819 4147 7820 4148 7820 4149 7820 4149 7821 4148 7821 4150 7821 4149 7822 4150 7822 4151 7822 4152 7823 4153 7823 4154 7823 4155 7824 4153 7824 4156 7824 4156 7825 4153 7825 4152 7825 4156 7826 4152 7826 4157 7826 4157 7827 4152 7827 4158 7827 4159 7828 4160 7828 4158 7828 4158 7829 4160 7829 4161 7829 4158 7830 4161 7830 4157 7830 4140 7831 4162 7831 4138 7831 4138 7832 4162 7832 4163 7832 4138 7833 4163 7833 4159 7833 4159 7834 4163 7834 4164 7834 4159 7835 4164 7835 4160 7835 4165 7836 4151 7836 4166 7836 4166 7837 4151 7837 4150 7837 4166 7838 4150 7838 4167 7838 4167 7839 4150 7839 4148 7839 4167 7840 4148 7840 4168 7840 4168 7841 4148 7841 4146 7841 4168 7842 4146 7842 4169 7842 4169 7843 4146 7843 4141 7843 4169 7844 4141 7844 4170 7844 4170 7845 4141 7845 4143 7845 4170 7846 4143 7846 4139 7846 4139 7847 4138 7847 4170 7847 4170 7848 4138 7848 4159 7848 4170 7849 4159 7849 4169 7849 4169 7850 4159 7850 4158 7850 4169 7851 4158 7851 4168 7851 4168 7852 4158 7852 4152 7852 4168 7853 4152 7853 4167 7853 4167 7854 4152 7854 4154 7854 4167 7855 4154 7855 4166 7855 4171 7856 4172 7856 4143 7856 4145 7857 4173 7857 4142 7857 4142 7858 4173 7858 4174 7858 4175 7859 4140 7859 4176 7859 4176 7860 4140 7860 4139 7860 4177 7861 4178 7861 4179 7861 4172 7862 4177 7862 4143 7862 4143 7863 4177 7863 4179 7863 4143 7864 4179 7864 4139 7864 4139 7865 4179 7865 4180 7865 4139 7866 4180 7866 4176 7866 4174 7867 4181 7867 4142 7867 4142 7868 4181 7868 4182 7868 4142 7869 4182 7869 4143 7869 4143 7870 4182 7870 4183 7870 4143 7871 4183 7871 4171 7871 4155 7872 4184 7872 4153 7872 4153 7873 4184 7873 4185 7873 4153 7874 4185 7874 4186 7874 4187 7875 4165 7875 4188 7875 4188 7876 4165 7876 4166 7876 4188 7877 4166 7877 4189 7877 4190 7878 4191 7878 4154 7878 4190 7879 4192 7879 4191 7879 4191 7880 4192 7880 4189 7880 4191 7881 4189 7881 4154 7881 4154 7882 4189 7882 4166 7882 4186 7883 4193 7883 4153 7883 4153 7884 4193 7884 4194 7884 4153 7885 4194 7885 4154 7885 4154 7886 4194 7886 4195 7886 4154 7887 4195 7887 4190 7887 2616 7888 3440 7888 2617 7888 2617 7889 3440 7889 2624 7889 3416 7890 3417 7890 4196 7890 4197 7891 4198 7891 3421 7891 3421 7892 4198 7892 3420 7892 3439 7893 2859 7893 3437 7893 3439 7894 4199 7894 3438 7894 3438 7895 4199 7895 3440 7895 3522 7896 3431 7896 3524 7896 3524 7897 3431 7897 3432 7897 3524 7898 3432 7898 3502 7898 3502 7899 3432 7899 3424 7899 3502 7900 3424 7900 3504 7900 3504 7901 3424 7901 3423 7901 3504 7902 3423 7902 3506 7902 3506 7903 3423 7903 4200 7903 3506 7904 4200 7904 3508 7904 3434 7905 3433 7905 4201 7905 3508 7906 4200 7906 3510 7906 3510 7907 4200 7907 4202 7907 3510 7908 4202 7908 3512 7908 3512 7909 4202 7909 4201 7909 3512 7910 4201 7910 3514 7910 3514 7911 4201 7911 3433 7911 3514 7912 3433 7912 3516 7912 3433 7913 3435 7913 3516 7913 3516 7914 3435 7914 3436 7914 3516 7915 3436 7915 3518 7915 3518 7916 3436 7916 3428 7916 3518 7917 3428 7917 3520 7917 3520 7918 3428 7918 3429 7918 3520 7919 3429 7919 3522 7919 3522 7920 3429 7920 3430 7920 3522 7921 3430 7921 3431 7921 2854 7922 3434 7922 3437 7922 3437 7923 3434 7923 4201 7923 3437 7924 4201 7924 3439 7924 3439 7925 4201 7925 4203 7925 3439 7926 4203 7926 4199 7926 3423 7927 3427 7927 4200 7927 4200 7928 3427 7928 3426 7928 4200 7929 3426 7929 4204 7929 4204 7930 3426 7930 3425 7930 4204 7931 3425 7931 4205 7931 4205 7932 3425 7932 3418 7932 4205 7933 3418 7933 4198 7933 4198 7934 3418 7934 3419 7934 4198 7935 3419 7935 3420 7935 4197 7936 3421 7936 4206 7936 4206 7937 3421 7937 3422 7937 4206 7938 3422 7938 4207 7938 4207 7939 3422 7939 3414 7939 4207 7940 3414 7940 4208 7940 3414 7941 3413 7941 4208 7941 4208 7942 3413 7942 3415 7942 4208 7943 3415 7943 4209 7943 3564 7944 3562 7944 4196 7944 3564 7945 4196 7945 3566 7945 3562 7946 3560 7946 4196 7946 4196 7947 3560 7947 4209 7947 4196 7948 4209 7948 3416 7948 3416 7949 4209 7949 3415 7949 3560 7950 3558 7950 4209 7950 4209 7951 3558 7951 3556 7951 4209 7952 3556 7952 4210 7952 4210 7953 3556 7953 3554 7953 4210 7954 3554 7954 4211 7954 4211 7955 3554 7955 3552 7955 4211 7956 3552 7956 3550 7956 3402 7957 3570 7957 3568 7957 3550 7958 3572 7958 3404 7958 3570 7959 3402 7959 3572 7959 3572 7960 3402 7960 3403 7960 3572 7961 3403 7961 3404 7961 3550 7962 3404 7962 4211 7962 4211 7963 3404 7963 3405 7963 4211 7964 3405 7964 4212 7964 4212 7965 3405 7965 3396 7965 4212 7966 3396 7966 4213 7966 3396 7967 3397 7967 4213 7967 4213 7968 3397 7968 3400 7968 4213 7969 3400 7969 4214 7969 4214 7970 3400 7970 3399 7970 4214 7971 3399 7971 4215 7971 4215 7972 3399 7972 3398 7972 4215 7973 3398 7973 4216 7973 4216 7974 3398 7974 4217 7974 3395 7975 3700 7975 3698 7975 3398 7976 3392 7976 4217 7976 4217 7977 3392 7977 3391 7977 4217 7978 3391 7978 4218 7978 4218 7979 3391 7979 3393 7979 4218 7980 3393 7980 3394 7980 4219 7981 3694 7981 4220 7981 4220 7982 3694 7982 3716 7982 4220 7983 3716 7983 4221 7983 3394 7984 3395 7984 4218 7984 4218 7985 3395 7985 3698 7985 4218 7986 3698 7986 4219 7986 4219 7987 3698 7987 3696 7987 4219 7988 3696 7988 3694 7988 3706 7989 3389 7989 3708 7989 3708 7990 3389 7990 3390 7990 3708 7991 3390 7991 3710 7991 3710 7992 3390 7992 3383 7992 3710 7993 3383 7993 3712 7993 3712 7994 3383 7994 3382 7994 3700 7995 3395 7995 3702 7995 3702 7996 3395 7996 3386 7996 3702 7997 3386 7997 3704 7997 3704 7998 3386 7998 3388 7998 3704 7999 3388 7999 3706 7999 3706 8000 3388 8000 3387 8000 3706 8001 3387 8001 3389 8001 3382 8002 3384 8002 3712 8002 3712 8003 3384 8003 4221 8003 3712 8004 4221 8004 3714 8004 3714 8005 4221 8005 3716 8005 3374 8006 3600 8006 3598 8006 4222 8007 4223 8007 3620 8007 3620 8008 4223 8008 3598 8008 3598 8009 4223 8009 4224 8009 3598 8010 4224 8010 3374 8010 3374 8011 3376 8011 3600 8011 3600 8012 3376 8012 3377 8012 3600 8013 3377 8013 3602 8013 3602 8014 3377 8014 3369 8014 3602 8015 3369 8015 3604 8015 3604 8016 3369 8016 3371 8016 3604 8017 3371 8017 3606 8017 3371 8018 3370 8018 3606 8018 3606 8019 3370 8019 3372 8019 3606 8020 3372 8020 3608 8020 3608 8021 3372 8021 3373 8021 3608 8022 3373 8022 3610 8022 3610 8023 3373 8023 3365 8023 3610 8024 3365 8024 3612 8024 3612 8025 3365 8025 3364 8025 3612 8026 3364 8026 3614 8026 3614 8027 3364 8027 4225 8027 3614 8028 4225 8028 3616 8028 3616 8029 4225 8029 4222 8029 3616 8030 4222 8030 3618 8030 3618 8031 4222 8031 3620 8031 3384 8032 3385 8032 4221 8032 4221 8033 3385 8033 3378 8033 4221 8034 3378 8034 4226 8034 4226 8035 3378 8035 3379 8035 4226 8036 3379 8036 4227 8036 4227 8037 3379 8037 3380 8037 4227 8038 3380 8038 4228 8038 4228 8039 3380 8039 3381 8039 4228 8040 3381 8040 4224 8040 4224 8041 3381 8041 3375 8041 4224 8042 3375 8042 3374 8042 3364 8043 3366 8043 4225 8043 4225 8044 3366 8044 3367 8044 4225 8045 3367 8045 4229 8045 3367 8046 3368 8046 4229 8046 4229 8047 3368 8047 3360 8047 4229 8048 3360 8048 4230 8048 4230 8049 3360 8049 3359 8049 4230 8050 3359 8050 3363 8050 3656 8051 3654 8051 4231 8051 3656 8052 4232 8052 3658 8052 3658 8053 4232 8053 3660 8053 3660 8054 4232 8054 3662 8054 3662 8055 4232 8055 4233 8055 3662 8056 4233 8056 3664 8056 3664 8057 4233 8057 4234 8057 3664 8058 4234 8058 3666 8058 3654 8059 3652 8059 4231 8059 4231 8060 3652 8060 3650 8060 4231 8061 3650 8061 3349 8061 3349 8062 3650 8062 3648 8062 3349 8063 3648 8063 3348 8063 3348 8064 3648 8064 3646 8064 3348 8065 3646 8065 3358 8065 3358 8066 3646 8066 3668 8066 3358 8067 3668 8067 3357 8067 3357 8068 3668 8068 3355 8068 3668 8069 3666 8069 3355 8069 3355 8070 3666 8070 4234 8070 3355 8071 4234 8071 3356 8071 3356 8072 4234 8072 4235 8072 3356 8073 4235 8073 3361 8073 3361 8074 4235 8074 4236 8074 3361 8075 4236 8075 3362 8075 3362 8076 4236 8076 4237 8076 3362 8077 4237 8077 3363 8077 3363 8078 4237 8078 4238 8078 3363 8079 4238 8079 4230 8079 3656 8080 4231 8080 4232 8080 4232 8081 4231 8081 3729 8081 4232 8082 3729 8082 3744 8082 3353 8083 3343 8083 3738 8083 3738 8084 3343 8084 3342 8084 3738 8085 3342 8085 3740 8085 3342 8086 3344 8086 3740 8086 3740 8087 3344 8087 4239 8087 3740 8088 4239 8088 3741 8088 3741 8089 4239 8089 4240 8089 3741 8090 4240 8090 3742 8090 3742 8091 4240 8091 4232 8091 3742 8092 4232 8092 3743 8092 3743 8093 4232 8093 3744 8093 3344 8094 3345 8094 4239 8094 4239 8095 3345 8095 3337 8095 4239 8096 3337 8096 4241 8096 4241 8097 3337 8097 3338 8097 4241 8098 3338 8098 4242 8098 4242 8099 3338 8099 3341 8099 4242 8100 3341 8100 4243 8100 3341 8101 3340 8101 4243 8101 4243 8102 3340 8102 3339 8102 4243 8103 3339 8103 4244 8103 4244 8104 3339 8104 3333 8104 4244 8105 3333 8105 4245 8105 4245 8106 3333 8106 3332 8106 4245 8107 3332 8107 4246 8107 3322 8108 2689 8108 3321 8108 3476 8109 3474 8109 3327 8109 3327 8110 3474 8110 3336 8110 4247 8111 3462 8111 3460 8111 3322 8112 4247 8112 3326 8112 3326 8113 4247 8113 3460 8113 3326 8114 3460 8114 3325 8114 3327 8115 3328 8115 3476 8115 3476 8116 3328 8116 3329 8116 3476 8117 3329 8117 3454 8117 3454 8118 3329 8118 3330 8118 3454 8119 3330 8119 3456 8119 3456 8120 3330 8120 3331 8120 3456 8121 3331 8121 3458 8121 3458 8122 3331 8122 3324 8122 3458 8123 3324 8123 3460 8123 3460 8124 3324 8124 3323 8124 3460 8125 3323 8125 3325 8125 3332 8126 3334 8126 4246 8126 4246 8127 3334 8127 3335 8127 4246 8128 3335 8128 3336 8128 3474 8129 3472 8129 3336 8129 3336 8130 3472 8130 3470 8130 3336 8131 3470 8131 4246 8131 4246 8132 3470 8132 3468 8132 4246 8133 3468 8133 4248 8133 4248 8134 3468 8134 3466 8134 4248 8135 3466 8135 4247 8135 4247 8136 3466 8136 3464 8136 4247 8137 3464 8137 3462 8137 3320 8138 3319 8138 4247 8138 4247 8139 3319 8139 4249 8139 3322 8140 3321 8140 4247 8140 4247 8141 3321 8141 2680 8141 4247 8142 2680 8142 3320 8142 4249 8143 3319 8143 4250 8143 4250 8144 3319 8144 3316 8144 4250 8145 3316 8145 3317 8145 3354 8146 3735 8146 3352 8146 3352 8147 3735 8147 3734 8147 3352 8148 3734 8148 3351 8148 3351 8149 3734 8149 3733 8149 3738 8150 3739 8150 3353 8150 3353 8151 3739 8151 3737 8151 3353 8152 3737 8152 3354 8152 3354 8153 3737 8153 3736 8153 3354 8154 3736 8154 3735 8154 3733 8155 3732 8155 3351 8155 3351 8156 3732 8156 3731 8156 3351 8157 3731 8157 4231 8157 4231 8158 3731 8158 3730 8158 4231 8159 3730 8159 3729 8159 3350 8160 3351 8160 3346 8160 3346 8161 3351 8161 4231 8161 3346 8162 4231 8162 3347 8162 3347 8163 4231 8163 3349 8163 3409 8164 3410 8164 4196 8164 4196 8165 3410 8165 3411 8165 3568 8166 3566 8166 3402 8166 3402 8167 3566 8167 4196 8167 3402 8168 4196 8168 3401 8168 3401 8169 4196 8169 3411 8169 3401 8170 3411 8170 3412 8170 3752 8171 4196 8171 3753 8171 3753 8172 4196 8172 3417 8172 3753 8173 3417 8173 3754 8173 3406 8174 3745 8174 3407 8174 3407 8175 3745 8175 3756 8175 3407 8176 3756 8176 3417 8176 3417 8177 3756 8177 3755 8177 3417 8178 3755 8178 3754 8178 3752 8179 3751 8179 4196 8179 4196 8180 3751 8180 3750 8180 4196 8181 3750 8181 3409 8181 3750 8182 3749 8182 3409 8182 3409 8183 3749 8183 3748 8183 3409 8184 3748 8184 3408 8184 3408 8185 3748 8185 3747 8185 3408 8186 3747 8186 3406 8186 3406 8187 3747 8187 3746 8187 3406 8188 3746 8188 3745 8188 4251 8189 3317 8189 4252 8189 4252 8190 3317 8190 3318 8190 3781 8191 4253 8191 4254 8191 4255 8192 3779 8192 4254 8192 4254 8193 3779 8193 3780 8193 4254 8194 3780 8194 3781 8194 4256 8195 3775 8195 4257 8195 4257 8196 3775 8196 3776 8196 4257 8197 3776 8197 4258 8197 4258 8198 3776 8198 3777 8198 4258 8199 3777 8199 4255 8199 4255 8200 3777 8200 3778 8200 4255 8201 3778 8201 3779 8201 4259 8202 3773 8202 4256 8202 4256 8203 3773 8203 3774 8203 4256 8204 3774 8204 3775 8204 4260 8205 3771 8205 4259 8205 4259 8206 3771 8206 3772 8206 4259 8207 3772 8207 3773 8207 4261 8208 3767 8208 4262 8208 4262 8209 3767 8209 3768 8209 4262 8210 3768 8210 4263 8210 4263 8211 3768 8211 3769 8211 4263 8212 3769 8212 4260 8212 4260 8213 3769 8213 3770 8213 4260 8214 3770 8214 3771 8214 4264 8215 3789 8215 4261 8215 4261 8216 3789 8216 3790 8216 4261 8217 3790 8217 3767 8217 4265 8218 3787 8218 4264 8218 4264 8219 3787 8219 3788 8219 4264 8220 3788 8220 3789 8220 3781 8221 3782 8221 4253 8221 4253 8222 3782 8222 3783 8222 4253 8223 3783 8223 4266 8223 4266 8224 3783 8224 3784 8224 4266 8225 3784 8225 4267 8225 4267 8226 3784 8226 3785 8226 4267 8227 3785 8227 4265 8227 4265 8228 3785 8228 3786 8228 4265 8229 3786 8229 3787 8229 4268 8230 4269 8230 4270 8230 4270 8231 4269 8231 4271 8231 4270 8232 4271 8232 4272 8232 4272 8233 4271 8233 4273 8233 4272 8234 4273 8234 4274 8234 4274 8235 4273 8235 4275 8235 4274 8236 4275 8236 4276 8236 4276 8237 4275 8237 4277 8237 4276 8238 4277 8238 4278 8238 4278 8239 4277 8239 4279 8239 4278 8240 4279 8240 4280 8240 4280 8241 4279 8241 4281 8241 4280 8242 4281 8242 4282 8242 4282 8243 4281 8243 4283 8243 4282 8244 4283 8244 4284 8244 4284 8245 4283 8245 4285 8245 4284 8246 4285 8246 4286 8246 4286 8247 4285 8247 4287 8247 4286 8248 4287 8248 4288 8248 4288 8249 4287 8249 4289 8249 4288 8250 4289 8250 4290 8250 4290 8251 4289 8251 4291 8251 4290 8252 4291 8252 4292 8252 4292 8253 4291 8253 4293 8253 4292 8254 4293 8254 4294 8254 4294 8255 4293 8255 4295 8255 4294 8256 4295 8256 4296 8256 4296 8257 4295 8257 4297 8257 4296 8258 4297 8258 4298 8258 4298 8259 4297 8259 4268 8259 4298 8260 4268 8260 4270 8260 4266 8261 4299 8261 4253 8261 4253 8262 4299 8262 4300 8262 4253 8263 4300 8263 4254 8263 4254 8264 4300 8264 4301 8264 4254 8265 4301 8265 4255 8265 4255 8266 4301 8266 4302 8266 4255 8267 4302 8267 4258 8267 4258 8268 4302 8268 4303 8268 4258 8269 4303 8269 4257 8269 4257 8270 4303 8270 4304 8270 4257 8271 4304 8271 4256 8271 4256 8272 4304 8272 4305 8272 4256 8273 4305 8273 4259 8273 4259 8274 4305 8274 4306 8274 4259 8275 4306 8275 4260 8275 4260 8276 4306 8276 4307 8276 4260 8277 4307 8277 4263 8277 4263 8278 4307 8278 4308 8278 4263 8279 4308 8279 4262 8279 4262 8280 4308 8280 4309 8280 4262 8281 4309 8281 4261 8281 4261 8282 4309 8282 4310 8282 4261 8283 4310 8283 4264 8283 4264 8284 4310 8284 4311 8284 4264 8285 4311 8285 4265 8285 4265 8286 4311 8286 4312 8286 4265 8287 4312 8287 4267 8287 4267 8288 4312 8288 4313 8288 4267 8289 4313 8289 4266 8289 4266 8290 4313 8290 4299 8290 4299 8291 4284 8291 4300 8291 4300 8292 4284 8292 4286 8292 4300 8293 4286 8293 4301 8293 4301 8294 4286 8294 4288 8294 4301 8295 4288 8295 4302 8295 4302 8296 4288 8296 4290 8296 4302 8297 4290 8297 4303 8297 4303 8298 4290 8298 4292 8298 4303 8299 4292 8299 4304 8299 4304 8300 4292 8300 4294 8300 4304 8301 4294 8301 4305 8301 4305 8302 4294 8302 4296 8302 4305 8303 4296 8303 4306 8303 4306 8304 4296 8304 4298 8304 4306 8305 4298 8305 4307 8305 4307 8306 4298 8306 4270 8306 4307 8307 4270 8307 4308 8307 4308 8308 4270 8308 4272 8308 4308 8309 4272 8309 4309 8309 4309 8310 4272 8310 4274 8310 4309 8311 4274 8311 4310 8311 4310 8312 4274 8312 4276 8312 4310 8313 4276 8313 4311 8313 4311 8314 4276 8314 4278 8314 4311 8315 4278 8315 4312 8315 4312 8316 4278 8316 4280 8316 4312 8317 4280 8317 4313 8317 4313 8318 4280 8318 4282 8318 4313 8319 4282 8319 4299 8319 4299 8320 4282 8320 4284 8320 4314 8321 4315 8321 4316 8321 4316 8322 4315 8322 4317 8322 4316 8323 4317 8323 4318 8323 4319 8324 4320 8324 4321 8324 4322 8325 4323 8325 4324 8325 4324 8326 4323 8326 4325 8326 4324 8327 4325 8327 4321 8327 4321 8328 4325 8328 4326 8328 4321 8329 4326 8329 4319 8329 4318 8330 4327 8330 4316 8330 4316 8331 4327 8331 4328 8331 4316 8332 4328 8332 4326 8332 4326 8333 4328 8333 4329 8333 4326 8334 4329 8334 4319 8334 4330 8335 4331 8335 4332 8335 4333 8336 4334 8336 4335 8336 4335 8337 4334 8337 4336 8337 4337 8338 4338 8338 4339 8338 4339 8339 4338 8339 4340 8339 4341 8340 4342 8340 4343 8340 4331 8341 4341 8341 4332 8341 4332 8342 4341 8342 4343 8342 4332 8343 4343 8343 4340 8343 4340 8344 4343 8344 4344 8344 4340 8345 4344 8345 4339 8345 4336 8346 4345 8346 4335 8346 4335 8347 4345 8347 4346 8347 4335 8348 4346 8348 4332 8348 4332 8349 4346 8349 4347 8349 4332 8350 4347 8350 4330 8350 4348 8351 4340 8351 4338 8351 4349 8352 4335 8352 4332 8352 4350 8353 4333 8353 4335 8353 4335 8354 4349 8354 4350 8354 4350 8355 4349 8355 4351 8355 4350 8356 4351 8356 4352 8356 4352 8357 4351 8357 4353 8357 4352 8358 4353 8358 4354 8358 4354 8359 4353 8359 4355 8359 4354 8360 4355 8360 4356 8360 4357 8361 4316 8361 4326 8361 4314 8362 4316 8362 4358 8362 4358 8363 4316 8363 4357 8363 4358 8364 4357 8364 4359 8364 4359 8365 4357 8365 4360 8365 4361 8366 4362 8366 4360 8366 4360 8367 4362 8367 4363 8367 4360 8368 4363 8368 4359 8368 4338 8369 4364 8369 4348 8369 4348 8370 4364 8370 4365 8370 4348 8371 4365 8371 4361 8371 4361 8372 4365 8372 4366 8372 4361 8373 4366 8373 4362 8373 4323 8374 4356 8374 4325 8374 4325 8375 4356 8375 4355 8375 4325 8376 4355 8376 4367 8376 4367 8377 4355 8377 4353 8377 4367 8378 4353 8378 4368 8378 4368 8379 4353 8379 4351 8379 4368 8380 4351 8380 4369 8380 4369 8381 4351 8381 4349 8381 4369 8382 4349 8382 4370 8382 4370 8383 4349 8383 4332 8383 4370 8384 4332 8384 4340 8384 4340 8385 4348 8385 4370 8385 4370 8386 4348 8386 4361 8386 4370 8387 4361 8387 4369 8387 4369 8388 4361 8388 4360 8388 4369 8389 4360 8389 4368 8389 4368 8390 4360 8390 4357 8390 4368 8391 4357 8391 4367 8391 4367 8392 4357 8392 4326 8392 4367 8393 4326 8393 4325 8393 3805 8394 4371 8394 4372 8394 4373 8395 3803 8395 4372 8395 4372 8396 3803 8396 3804 8396 4372 8397 3804 8397 3805 8397 4374 8398 3799 8398 4375 8398 4375 8399 3799 8399 3800 8399 4375 8400 3800 8400 4376 8400 4376 8401 3800 8401 3801 8401 4376 8402 3801 8402 4373 8402 4373 8403 3801 8403 3802 8403 4373 8404 3802 8404 3803 8404 4377 8405 3797 8405 4374 8405 4374 8406 3797 8406 3798 8406 4374 8407 3798 8407 3799 8407 4378 8408 3795 8408 4377 8408 4377 8409 3795 8409 3796 8409 4377 8410 3796 8410 3797 8410 4379 8411 3791 8411 4380 8411 4380 8412 3791 8412 3792 8412 4380 8413 3792 8413 4381 8413 4381 8414 3792 8414 3793 8414 4381 8415 3793 8415 4378 8415 4378 8416 3793 8416 3794 8416 4378 8417 3794 8417 3795 8417 4382 8418 3813 8418 4379 8418 4379 8419 3813 8419 3814 8419 4379 8420 3814 8420 3791 8420 4383 8421 3811 8421 4382 8421 4382 8422 3811 8422 3812 8422 4382 8423 3812 8423 3813 8423 3805 8424 3806 8424 4371 8424 4371 8425 3806 8425 3807 8425 4371 8426 3807 8426 4384 8426 4384 8427 3807 8427 3808 8427 4384 8428 3808 8428 4385 8428 4385 8429 3808 8429 3809 8429 4385 8430 3809 8430 4383 8430 4383 8431 3809 8431 3810 8431 4383 8432 3810 8432 3811 8432 4386 8433 4387 8433 4388 8433 4388 8434 4387 8434 4389 8434 4388 8435 4389 8435 4390 8435 4390 8436 4389 8436 4391 8436 4390 8437 4391 8437 4392 8437 4392 8438 4391 8438 4393 8438 4392 8439 4393 8439 4394 8439 4394 8440 4393 8440 4395 8440 4394 8441 4395 8441 4396 8441 4396 8442 4395 8442 4397 8442 4396 8443 4397 8443 4398 8443 4398 8444 4397 8444 4399 8444 4398 8445 4399 8445 4400 8445 4400 8446 4399 8446 4401 8446 4400 8447 4401 8447 4402 8447 4402 8448 4401 8448 4403 8448 4402 8449 4403 8449 4404 8449 4404 8450 4403 8450 4405 8450 4404 8451 4405 8451 4406 8451 4406 8452 4405 8452 4407 8452 4406 8453 4407 8453 4408 8453 4408 8454 4407 8454 4409 8454 4408 8455 4409 8455 4410 8455 4410 8456 4409 8456 4411 8456 4410 8457 4411 8457 4412 8457 4412 8458 4411 8458 4413 8458 4412 8459 4413 8459 4414 8459 4414 8460 4413 8460 4415 8460 4414 8461 4415 8461 4416 8461 4416 8462 4415 8462 4386 8462 4416 8463 4386 8463 4388 8463 4384 8464 4417 8464 4371 8464 4371 8465 4417 8465 4418 8465 4371 8466 4418 8466 4372 8466 4372 8467 4418 8467 4419 8467 4372 8468 4419 8468 4373 8468 4373 8469 4419 8469 4420 8469 4373 8470 4420 8470 4376 8470 4376 8471 4420 8471 4421 8471 4376 8472 4421 8472 4375 8472 4375 8473 4421 8473 4422 8473 4375 8474 4422 8474 4374 8474 4374 8475 4422 8475 4423 8475 4374 8476 4423 8476 4377 8476 4377 8477 4423 8477 4424 8477 4377 8478 4424 8478 4378 8478 4378 8479 4424 8479 4425 8479 4378 8480 4425 8480 4381 8480 4381 8481 4425 8481 4426 8481 4381 8482 4426 8482 4380 8482 4380 8483 4426 8483 4427 8483 4380 8484 4427 8484 4379 8484 4379 8485 4427 8485 4428 8485 4379 8486 4428 8486 4382 8486 4382 8487 4428 8487 4429 8487 4382 8488 4429 8488 4383 8488 4383 8489 4429 8489 4430 8489 4383 8490 4430 8490 4385 8490 4385 8491 4430 8491 4431 8491 4385 8492 4431 8492 4384 8492 4384 8493 4431 8493 4417 8493 4417 8494 4402 8494 4418 8494 4418 8495 4402 8495 4404 8495 4418 8496 4404 8496 4419 8496 4419 8497 4404 8497 4406 8497 4419 8498 4406 8498 4420 8498 4420 8499 4406 8499 4408 8499 4420 8500 4408 8500 4421 8500 4421 8501 4408 8501 4410 8501 4421 8502 4410 8502 4422 8502 4422 8503 4410 8503 4412 8503 4422 8504 4412 8504 4423 8504 4423 8505 4412 8505 4414 8505 4423 8506 4414 8506 4424 8506 4424 8507 4414 8507 4416 8507 4424 8508 4416 8508 4425 8508 4425 8509 4416 8509 4388 8509 4425 8510 4388 8510 4426 8510 4426 8511 4388 8511 4390 8511 4426 8512 4390 8512 4427 8512 4427 8513 4390 8513 4392 8513 4427 8514 4392 8514 4428 8514 4428 8515 4392 8515 4394 8515 4428 8516 4394 8516 4429 8516 4429 8517 4394 8517 4396 8517 4429 8518 4396 8518 4430 8518 4430 8519 4396 8519 4398 8519 4430 8520 4398 8520 4431 8520 4431 8521 4398 8521 4400 8521 4431 8522 4400 8522 4417 8522 4417 8523 4400 8523 4402 8523 4432 8524 4433 8524 4434 8524 4435 8525 4436 8525 4433 8525 4437 8526 4438 8526 4439 8526 4440 8527 4441 8527 4442 8527 4442 8528 4441 8528 4443 8528 4442 8529 4443 8529 4444 8529 4444 8530 4443 8530 4437 8530 4444 8531 4437 8531 4445 8531 4445 8532 4437 8532 4439 8532 4445 8533 4439 8533 4436 8533 4446 8534 4447 8534 4440 8534 4440 8535 4447 8535 4448 8535 4440 8536 4448 8536 4441 8536 4449 8537 4450 8537 4451 8537 4452 8538 4450 8538 4453 8538 4453 8539 4450 8539 4449 8539 4453 8540 4449 8540 4454 8540 4454 8541 4449 8541 4455 8541 4456 8542 4457 8542 4455 8542 4455 8543 4457 8543 4458 8543 4455 8544 4458 8544 4454 8544 4434 8545 4459 8545 4432 8545 4432 8546 4459 8546 4460 8546 4432 8547 4460 8547 4456 8547 4456 8548 4460 8548 4461 8548 4456 8549 4461 8549 4457 8549 4436 8550 4435 8550 4445 8550 4445 8551 4435 8551 4462 8551 4445 8552 4462 8552 4444 8552 4444 8553 4462 8553 4463 8553 4444 8554 4463 8554 4442 8554 4442 8555 4463 8555 4464 8555 4442 8556 4464 8556 4440 8556 4440 8557 4464 8557 4465 8557 4440 8558 4465 8558 4446 8558 4433 8559 4432 8559 4435 8559 4435 8560 4432 8560 4456 8560 4435 8561 4456 8561 4462 8561 4462 8562 4456 8562 4455 8562 4462 8563 4455 8563 4463 8563 4463 8564 4455 8564 4449 8564 4463 8565 4449 8565 4464 8565 4464 8566 4449 8566 4451 8566 4464 8567 4451 8567 4465 8567 4466 8568 4467 8568 4436 8568 4438 8569 4468 8569 4439 8569 4439 8570 4468 8570 4469 8570 4470 8571 4434 8571 4471 8571 4471 8572 4434 8572 4433 8572 4472 8573 4473 8573 4474 8573 4467 8574 4472 8574 4436 8574 4436 8575 4472 8575 4474 8575 4436 8576 4474 8576 4433 8576 4433 8577 4474 8577 4475 8577 4433 8578 4475 8578 4471 8578 4469 8579 4476 8579 4439 8579 4439 8580 4476 8580 4477 8580 4439 8581 4477 8581 4436 8581 4436 8582 4477 8582 4478 8582 4436 8583 4478 8583 4466 8583 4452 8584 4479 8584 4450 8584 4450 8585 4479 8585 4480 8585 4450 8586 4480 8586 4481 8586 4482 8587 4446 8587 4483 8587 4483 8588 4446 8588 4465 8588 4483 8589 4465 8589 4484 8589 4485 8590 4486 8590 4451 8590 4485 8591 4487 8591 4486 8591 4486 8592 4487 8592 4484 8592 4486 8593 4484 8593 4451 8593 4451 8594 4484 8594 4465 8594 4481 8595 4488 8595 4450 8595 4450 8596 4488 8596 4489 8596 4450 8597 4489 8597 4451 8597 4451 8598 4489 8598 4490 8598 4451 8599 4490 8599 4485 8599 4491 8600 3826 8600 4492 8600 4492 8601 3826 8601 3825 8601 4492 8602 3825 8602 4493 8602 4493 8603 3825 8603 3822 8603 4493 8604 3822 8604 4494 8604 4494 8605 3822 8605 3821 8605 4494 8606 3821 8606 4495 8606 4495 8607 3821 8607 3817 8607 4495 8608 3817 8608 4496 8608 4496 8609 3817 8609 3819 8609 4496 8610 3819 8610 4497 8610 4497 8611 3819 8611 3815 8611 4497 8612 3815 8612 4498 8612 4498 8613 3815 8613 3816 8613 4498 8614 3816 8614 4499 8614 4499 8615 3816 8615 3824 8615 4499 8616 3824 8616 4500 8616 4500 8617 3824 8617 3823 8617 4500 8618 3823 8618 4501 8618 4501 8619 3823 8619 3818 8619 4501 8620 3818 8620 4502 8620 4502 8621 3818 8621 3820 8621 4502 8622 3820 8622 4491 8622 4491 8623 3820 8623 3826 8623 4503 8624 4504 8624 4505 8624 4506 8625 4507 8625 4508 8625 4509 8626 4507 8626 4510 8626 4510 8627 4507 8627 4506 8627 4510 8628 4506 8628 4511 8628 4511 8629 4506 8629 4512 8629 4511 8630 4512 8630 4513 8630 4513 8631 4512 8631 4514 8631 4513 8632 4514 8632 4515 8632 4515 8633 4514 8633 4516 8633 4515 8634 4516 8634 4517 8634 4518 8635 4519 8635 4520 8635 4521 8636 4519 8636 4522 8636 4522 8637 4519 8637 4518 8637 4522 8638 4518 8638 4523 8638 4523 8639 4518 8639 4524 8639 4525 8640 4526 8640 4524 8640 4524 8641 4526 8641 4527 8641 4524 8642 4527 8642 4523 8642 4505 8643 4528 8643 4503 8643 4503 8644 4528 8644 4529 8644 4503 8645 4529 8645 4525 8645 4525 8646 4529 8646 4530 8646 4525 8647 4530 8647 4526 8647 4531 8648 4517 8648 4532 8648 4532 8649 4517 8649 4516 8649 4532 8650 4516 8650 4533 8650 4533 8651 4516 8651 4514 8651 4533 8652 4514 8652 4534 8652 4534 8653 4514 8653 4512 8653 4534 8654 4512 8654 4535 8654 4535 8655 4512 8655 4506 8655 4535 8656 4506 8656 4536 8656 4536 8657 4506 8657 4508 8657 4536 8658 4508 8658 4504 8658 4504 8659 4503 8659 4536 8659 4536 8660 4503 8660 4525 8660 4536 8661 4525 8661 4535 8661 4535 8662 4525 8662 4524 8662 4535 8663 4524 8663 4534 8663 4534 8664 4524 8664 4518 8664 4534 8665 4518 8665 4533 8665 4533 8666 4518 8666 4520 8666 4533 8667 4520 8667 4532 8667 4537 8668 4538 8668 4508 8668 4509 8669 4539 8669 4507 8669 4507 8670 4539 8670 4540 8670 4541 8671 4505 8671 4542 8671 4542 8672 4505 8672 4504 8672 4543 8673 4544 8673 4545 8673 4538 8674 4543 8674 4508 8674 4508 8675 4543 8675 4545 8675 4508 8676 4545 8676 4504 8676 4504 8677 4545 8677 4546 8677 4504 8678 4546 8678 4542 8678 4540 8679 4547 8679 4507 8679 4507 8680 4547 8680 4548 8680 4507 8681 4548 8681 4508 8681 4508 8682 4548 8682 4549 8682 4508 8683 4549 8683 4537 8683 4521 8684 4550 8684 4519 8684 4519 8685 4550 8685 4551 8685 4519 8686 4551 8686 4552 8686 4553 8687 4531 8687 4554 8687 4554 8688 4531 8688 4532 8688 4554 8689 4532 8689 4555 8689 4556 8690 4557 8690 4520 8690 4556 8691 4558 8691 4557 8691 4557 8692 4558 8692 4555 8692 4557 8693 4555 8693 4520 8693 4520 8694 4555 8694 4532 8694 4552 8695 4559 8695 4519 8695 4519 8696 4559 8696 4560 8696 4519 8697 4560 8697 4520 8697 4520 8698 4560 8698 4561 8698 4520 8699 4561 8699 4556 8699 3925 8700 4562 8700 3890 8700 3890 8701 4562 8701 4563 8701 3890 8702 4563 8702 4564 8702 4564 8703 4565 8703 3890 8703 3890 8704 4565 8704 4566 8704 3890 8705 4566 8705 4567 8705 3912 8706 3890 8706 4567 8706 4568 8707 4569 8707 3907 8707 4570 8708 3905 8708 4569 8708 4569 8709 3905 8709 3906 8709 4569 8710 3906 8710 3907 8710 4571 8711 4572 8711 3910 8711 3910 8712 4572 8712 4573 8712 3910 8713 4573 8713 3911 8713 4573 8714 4574 8714 3911 8714 3911 8715 4574 8715 4575 8715 3911 8716 4575 8716 3907 8716 3907 8717 4575 8717 4576 8717 3907 8718 4576 8718 4568 8718 4567 8719 4577 8719 3912 8719 3912 8720 4577 8720 4578 8720 3912 8721 4578 8721 3913 8721 3913 8722 4578 8722 4579 8722 3913 8723 4579 8723 3914 8723 4579 8724 4580 8724 3914 8724 3914 8725 4580 8725 4581 8725 3914 8726 4581 8726 3910 8726 3910 8727 4581 8727 4582 8727 3910 8728 4582 8728 4583 8728 4583 8729 4584 8729 3910 8729 3910 8730 4584 8730 4585 8730 3910 8731 4585 8731 4571 8731 4570 8732 4586 8732 3905 8732 3905 8733 4586 8733 4587 8733 3905 8734 4587 8734 4588 8734 4588 8735 4589 8735 3905 8735 3905 8736 4589 8736 4590 8736 3905 8737 4590 8737 3934 8737 3871 8738 3899 8738 3901 8738 4591 8739 4592 8739 3857 8739 3899 8740 3871 8740 3897 8740 3897 8741 3871 8741 3869 8741 3897 8742 3869 8742 3894 8742 3894 8743 3869 8743 3867 8743 3894 8744 3867 8744 3895 8744 3895 8745 3867 8745 3865 8745 3895 8746 3865 8746 3923 8746 3865 8747 3863 8747 3923 8747 3923 8748 3863 8748 3861 8748 3923 8749 3861 8749 4592 8749 4592 8750 3861 8750 3859 8750 4592 8751 3859 8751 3857 8751 3857 8752 3855 8752 4591 8752 4591 8753 3855 8753 3853 8753 4591 8754 3853 8754 4593 8754 4593 8755 3853 8755 3851 8755 4593 8756 3851 8756 3937 8756 3937 8757 3851 8757 3849 8757 3849 8758 3847 8758 3937 8758 3937 8759 3847 8759 3845 8759 3937 8760 3845 8760 3915 8760 3915 8761 3845 8761 3843 8761 3915 8762 3843 8762 3901 8762 3901 8763 3843 8763 3842 8763 3901 8764 3842 8764 3871 8764 4044 8765 4594 8765 4009 8765 4009 8766 4594 8766 4595 8766 4009 8767 4595 8767 4596 8767 4596 8768 4597 8768 4009 8768 4009 8769 4597 8769 4598 8769 4009 8770 4598 8770 4599 8770 4031 8771 4009 8771 4599 8771 4600 8772 4024 8772 4601 8772 4601 8773 4024 8773 4025 8773 4601 8774 4025 8774 4602 8774 4602 8775 4025 8775 4026 8775 4602 8776 4026 8776 4603 8776 4603 8777 4026 8777 4604 8777 4604 8778 4026 8778 4030 8778 4604 8779 4030 8779 4605 8779 4606 8780 4607 8780 4029 8780 4029 8781 4607 8781 4608 8781 4029 8782 4608 8782 4030 8782 4030 8783 4608 8783 4609 8783 4030 8784 4609 8784 4605 8784 4610 8785 4029 8785 4033 8785 4599 8786 4611 8786 4031 8786 4031 8787 4611 8787 4612 8787 4031 8788 4612 8788 4032 8788 4032 8789 4612 8789 4613 8789 4032 8790 4613 8790 4033 8790 4033 8791 4613 8791 4614 8791 4033 8792 4614 8792 4610 8792 4615 8793 4606 8793 4616 8793 4616 8794 4606 8794 4029 8794 4616 8795 4029 8795 4617 8795 4617 8796 4029 8796 4610 8796 4600 8797 4618 8797 4024 8797 4024 8798 4618 8798 4619 8798 4024 8799 4619 8799 4620 8799 4620 8800 4621 8800 4024 8800 4024 8801 4621 8801 4622 8801 4024 8802 4622 8802 4053 8802 4042 8803 4014 8803 3988 8803 3988 8804 4014 8804 3990 8804 3988 8805 3986 8805 4042 8805 4042 8806 3986 8806 3984 8806 4042 8807 3984 8807 4623 8807 4623 8808 3984 8808 3982 8808 4623 8809 3982 8809 4624 8809 3982 8810 3980 8810 4624 8810 4624 8811 3980 8811 3978 8811 4624 8812 3978 8812 4625 8812 3978 8813 3976 8813 4625 8813 4625 8814 3976 8814 3974 8814 4625 8815 3974 8815 4056 8815 3974 8816 3972 8816 4056 8816 4056 8817 3972 8817 3970 8817 4056 8818 3970 8818 3968 8818 3990 8819 4014 8819 3961 8819 3961 8820 4014 8820 4013 8820 3961 8821 4013 8821 3962 8821 3962 8822 4013 8822 4016 8822 3962 8823 4016 8823 3964 8823 3964 8824 4016 8824 4018 8824 3964 8825 4018 8825 3966 8825 3966 8826 4018 8826 4020 8826 3966 8827 4020 8827 3968 8827 3968 8828 4020 8828 4034 8828 3968 8829 4034 8829 4056 8829 4626 8830 4627 8830 4314 8830 4314 8831 4627 8831 4628 8831 4314 8832 4628 8832 4629 8832 4629 8833 4630 8833 4314 8833 4314 8834 4630 8834 4631 8834 4314 8835 4631 8835 4315 8835 4632 8836 4633 8836 4107 8836 3766 8837 2985 8837 4634 8837 4634 8838 2985 8838 4083 8838 4634 8839 4083 8839 4635 8839 4635 8840 4083 8840 4084 8840 4635 8841 4084 8841 4636 8841 4636 8842 4084 8842 4637 8842 4638 8843 4086 8843 4639 8843 4639 8844 4086 8844 4087 8844 4639 8845 4087 8845 4640 8845 4638 8846 4641 8846 4086 8846 4086 8847 4641 8847 4642 8847 4086 8848 4642 8848 4084 8848 4084 8849 4642 8849 4643 8849 4084 8850 4643 8850 4637 8850 4644 8851 4645 8851 4092 8851 4092 8852 4645 8852 4091 8852 4645 8853 4646 8853 4091 8853 4091 8854 4646 8854 4647 8854 4091 8855 4647 8855 4089 8855 4089 8856 4647 8856 4648 8856 4089 8857 4648 8857 4087 8857 4087 8858 4648 8858 4649 8858 4087 8859 4649 8859 4640 8859 4644 8860 4092 8860 4650 8860 4650 8861 4092 8861 4094 8861 4650 8862 4094 8862 4651 8862 4651 8863 4094 8863 4652 8863 4652 8864 4094 8864 4095 8864 4652 8865 4095 8865 4653 8865 4097 8866 4654 8866 4095 8866 4095 8867 4654 8867 4655 8867 4095 8868 4655 8868 4653 8868 4098 8869 4656 8869 4097 8869 4097 8870 4656 8870 4657 8870 4097 8871 4657 8871 4654 8871 4100 8872 4658 8872 4098 8872 4098 8873 4658 8873 4659 8873 4098 8874 4659 8874 4656 8874 4660 8875 4661 8875 4101 8875 4101 8876 4661 8876 4662 8876 4101 8877 4662 8877 4100 8877 4100 8878 4662 8878 4663 8878 4100 8879 4663 8879 4658 8879 4103 8880 4664 8880 4101 8880 4101 8881 4664 8881 4665 8881 4101 8882 4665 8882 4660 8882 4107 8883 4633 8883 4109 8883 4666 8884 4110 8884 4667 8884 4667 8885 4110 8885 4109 8885 4667 8886 4109 8886 4668 8886 4668 8887 4109 8887 4633 8887 4666 8888 4669 8888 4110 8888 4110 8889 4669 8889 4670 8889 4110 8890 4670 8890 4105 8890 4105 8891 4670 8891 4671 8891 4105 8892 4671 8892 4103 8892 4103 8893 4671 8893 4672 8893 4103 8894 4672 8894 4664 8894 2648 8895 2634 8895 4673 8895 2648 8896 4673 8896 4106 8896 4106 8897 4673 8897 4674 8897 4106 8898 4674 8898 4107 8898 4107 8899 4674 8899 4675 8899 4107 8900 4675 8900 4632 8900 4175 8901 4676 8901 4140 8901 4140 8902 4676 8902 4677 8902 4140 8903 4677 8903 4678 8903 4678 8904 4679 8904 4140 8904 4140 8905 4679 8905 4680 8905 4140 8906 4680 8906 4681 8906 4162 8907 4140 8907 4681 8907 4682 8908 4155 8908 4683 8908 4683 8909 4155 8909 4156 8909 4683 8910 4156 8910 4684 8910 4684 8911 4156 8911 4157 8911 4684 8912 4157 8912 4685 8912 4685 8913 4157 8913 4686 8913 4686 8914 4157 8914 4161 8914 4686 8915 4161 8915 4687 8915 4688 8916 4689 8916 4160 8916 4160 8917 4689 8917 4690 8917 4160 8918 4690 8918 4161 8918 4161 8919 4690 8919 4691 8919 4161 8920 4691 8920 4687 8920 4692 8921 4693 8921 4694 8921 4681 8922 4695 8922 4162 8922 4162 8923 4695 8923 4696 8923 4162 8924 4696 8924 4163 8924 4163 8925 4696 8925 4697 8925 4163 8926 4697 8926 4164 8926 4698 8927 4688 8927 4694 8927 4694 8928 4688 8928 4160 8928 4694 8929 4160 8929 4692 8929 4692 8930 4160 8930 4164 8930 4692 8931 4164 8931 4699 8931 4699 8932 4164 8932 4697 8932 4682 8933 4700 8933 4155 8933 4155 8934 4700 8934 4701 8934 4155 8935 4701 8935 4702 8935 4702 8936 4703 8936 4155 8936 4155 8937 4703 8937 4704 8937 4155 8938 4704 8938 4184 8938 4187 8939 4132 8939 4133 8939 4147 8940 4149 8940 4135 8940 4135 8941 4149 8941 4134 8941 4134 8942 4149 8942 4151 8942 4134 8943 4151 8943 4133 8943 4133 8944 4151 8944 4165 8944 4133 8945 4165 8945 4187 8945 4147 8946 4135 8946 4144 8946 4144 8947 4135 8947 4136 8947 4144 8948 4136 8948 4145 8948 4145 8949 4136 8949 4137 8949 4145 8950 4137 8950 4173 8950 4137 8951 4126 8951 4173 8951 4173 8952 4126 8952 4127 8952 4173 8953 4127 8953 4705 8953 4705 8954 4127 8954 4128 8954 4705 8955 4128 8955 4706 8955 4706 8956 4128 8956 4129 8956 4706 8957 4129 8957 4707 8957 4707 8958 4129 8958 4130 8958 4707 8959 4130 8959 4187 8959 4187 8960 4130 8960 4131 8960 4187 8961 4131 8961 4132 8961 4708 8962 4675 8962 4709 8962 4709 8963 4675 8963 4674 8963 4709 8964 4674 8964 4710 8964 4710 8965 4674 8965 2633 8965 2633 8966 4674 8966 4673 8966 2633 8967 4673 8967 2634 8967 4711 8968 4670 8968 4712 8968 4712 8969 4670 8969 4669 8969 4712 8970 4669 8970 4713 8970 4713 8971 4669 8971 4666 8971 4713 8972 4666 8972 4714 8972 4714 8973 4666 8973 4667 8973 4714 8974 4667 8974 4715 8974 4715 8975 4667 8975 4668 8975 4715 8976 4668 8976 4716 8976 4716 8977 4668 8977 4633 8977 4716 8978 4633 8978 4708 8978 4708 8979 4633 8979 4632 8979 4708 8980 4632 8980 4675 8980 4717 8981 4665 8981 4718 8981 4718 8982 4665 8982 4664 8982 4718 8983 4664 8983 4719 8983 4719 8984 4664 8984 4672 8984 4719 8985 4672 8985 4711 8985 4711 8986 4672 8986 4671 8986 4711 8987 4671 8987 4670 8987 4720 8988 4662 8988 4721 8988 4721 8989 4662 8989 4661 8989 4721 8990 4661 8990 4717 8990 4717 8991 4661 8991 4660 8991 4717 8992 4660 8992 4665 8992 2624 8993 3440 8993 4722 8993 4722 8994 3440 8994 4199 8994 4250 8995 3317 8995 4723 8995 4723 8996 3317 8996 4251 8996 4723 8997 4724 8997 4250 8997 4250 8998 4724 8998 4725 8998 4250 8999 4725 8999 4249 8999 4249 9000 4725 9000 4726 9000 4249 9001 4726 9001 4247 9001 4247 9002 4726 9002 4727 9002 4247 9003 4727 9003 4248 9003 4248 9004 4727 9004 4728 9004 4248 9005 4728 9005 4246 9005 4246 9006 4728 9006 4729 9006 4246 9007 4729 9007 4245 9007 4730 9008 4240 9008 4239 9008 4729 9009 4731 9009 4245 9009 4245 9010 4731 9010 4732 9010 4245 9011 4732 9011 4244 9011 4244 9012 4732 9012 4733 9012 4244 9013 4733 9013 4243 9013 4243 9014 4733 9014 4734 9014 4243 9015 4734 9015 4242 9015 4242 9016 4734 9016 4735 9016 4242 9017 4735 9017 4241 9017 4241 9018 4735 9018 4736 9018 4241 9019 4736 9019 4239 9019 4239 9020 4736 9020 4737 9020 4239 9021 4737 9021 4730 9021 4730 9022 4738 9022 4240 9022 4240 9023 4738 9023 4739 9023 4240 9024 4739 9024 4232 9024 4232 9025 4739 9025 4740 9025 4232 9026 4740 9026 4233 9026 4233 9027 4740 9027 4741 9027 4233 9028 4741 9028 4234 9028 4741 9029 4742 9029 4234 9029 4234 9030 4742 9030 4743 9030 4234 9031 4743 9031 4235 9031 4235 9032 4743 9032 4744 9032 4235 9033 4744 9033 4236 9033 4236 9034 4744 9034 4745 9034 4236 9035 4745 9035 4237 9035 4745 9036 4746 9036 4237 9036 4237 9037 4746 9037 4747 9037 4237 9038 4747 9038 4238 9038 4238 9039 4747 9039 4748 9039 4238 9040 4748 9040 4230 9040 4230 9041 4748 9041 4749 9041 4230 9042 4749 9042 4229 9042 4229 9043 4749 9043 4750 9043 4229 9044 4750 9044 4225 9044 4225 9045 4750 9045 4751 9045 4225 9046 4751 9046 4222 9046 4752 9047 4224 9047 4223 9047 4751 9048 4753 9048 4222 9048 4222 9049 4753 9049 4754 9049 4222 9050 4754 9050 4223 9050 4223 9051 4754 9051 4755 9051 4223 9052 4755 9052 4752 9052 4752 9053 4756 9053 4224 9053 4224 9054 4756 9054 4757 9054 4224 9055 4757 9055 4228 9055 4228 9056 4757 9056 4758 9056 4228 9057 4758 9057 4227 9057 4227 9058 4758 9058 4759 9058 4227 9059 4759 9059 4226 9059 4759 9060 4760 9060 4226 9060 4226 9061 4760 9061 4761 9061 4226 9062 4761 9062 4221 9062 4761 9063 4762 9063 4221 9063 4221 9064 4762 9064 4763 9064 4221 9065 4763 9065 4220 9065 4763 9066 4764 9066 4220 9066 4220 9067 4764 9067 4765 9067 4220 9068 4765 9068 4219 9068 4219 9069 4765 9069 4766 9069 4219 9070 4766 9070 4218 9070 4218 9071 4766 9071 4767 9071 4218 9072 4767 9072 4217 9072 4767 9073 4768 9073 4217 9073 4217 9074 4768 9074 4769 9074 4217 9075 4769 9075 4216 9075 4216 9076 4769 9076 4770 9076 4216 9077 4770 9077 4215 9077 4215 9078 4770 9078 4771 9078 4215 9079 4771 9079 4214 9079 4771 9080 4772 9080 4214 9080 4214 9081 4772 9081 4773 9081 4214 9082 4773 9082 4213 9082 4213 9083 4773 9083 4774 9083 4213 9084 4774 9084 4212 9084 4212 9085 4774 9085 4775 9085 4212 9086 4775 9086 4211 9086 4775 9087 4776 9087 4211 9087 4211 9088 4776 9088 4777 9088 4211 9089 4777 9089 4210 9089 4210 9090 4777 9090 4778 9090 4210 9091 4778 9091 4209 9091 4209 9092 4778 9092 4779 9092 4209 9093 4779 9093 4208 9093 4779 9094 4780 9094 4208 9094 4208 9095 4780 9095 4781 9095 4208 9096 4781 9096 4207 9096 4781 9097 4782 9097 4207 9097 4207 9098 4782 9098 4783 9098 4207 9099 4783 9099 4206 9099 4206 9100 4783 9100 4784 9100 4206 9101 4784 9101 4197 9101 4197 9102 4784 9102 4198 9102 4198 9103 4784 9103 4785 9103 4198 9104 4785 9104 4205 9104 4785 9105 4786 9105 4205 9105 4205 9106 4786 9106 4787 9106 4205 9107 4787 9107 4204 9107 4204 9108 4787 9108 4788 9108 4204 9109 4788 9109 4200 9109 4200 9110 4788 9110 4789 9110 4200 9111 4789 9111 4202 9111 4789 9112 4790 9112 4202 9112 4202 9113 4790 9113 4791 9113 4202 9114 4791 9114 4201 9114 4201 9115 4791 9115 4792 9115 4201 9116 4792 9116 4203 9116 4203 9117 4792 9117 4793 9117 4203 9118 4793 9118 4199 9118 4199 9119 4793 9119 4794 9119 4199 9120 4794 9120 4722 9120 4795 9121 4796 9121 3763 9121 4796 9122 4251 9122 3763 9122 3763 9123 4251 9123 4252 9123 3763 9124 4252 9124 3757 9124 3757 9125 4252 9125 3318 9125 3763 9126 3762 9126 4795 9126 4795 9127 3762 9127 3761 9127 4795 9128 3761 9128 4797 9128 4797 9129 3761 9129 3758 9129 4797 9130 3758 9130 4798 9130 4798 9131 3758 9131 3759 9131 4798 9132 3759 9132 4799 9132 3759 9133 3760 9133 4799 9133 4799 9134 3760 9134 3764 9134 4799 9135 3764 9135 4800 9135 4800 9136 3764 9136 3765 9136 4800 9137 3765 9137 4801 9137 4801 9138 3765 9138 3766 9138 4802 9139 4647 9139 4646 9139 4802 9140 4646 9140 4803 9140 4644 9141 4650 9141 4804 9141 4646 9142 4645 9142 4803 9142 4803 9143 4645 9143 4644 9143 4803 9144 4644 9144 4805 9144 4805 9145 4644 9145 4804 9145 4648 9146 4806 9146 4649 9146 4649 9147 4806 9147 4807 9147 4647 9148 4802 9148 4648 9148 4648 9149 4802 9149 4808 9149 4648 9150 4808 9150 4806 9150 4809 9151 4641 9151 4810 9151 4810 9152 4641 9152 4638 9152 4810 9153 4638 9153 4811 9153 4811 9154 4638 9154 4639 9154 4811 9155 4639 9155 4807 9155 4807 9156 4639 9156 4640 9156 4807 9157 4640 9157 4649 9157 4812 9158 4637 9158 4813 9158 4813 9159 4637 9159 4643 9159 4813 9160 4643 9160 4809 9160 4809 9161 4643 9161 4642 9161 4809 9162 4642 9162 4641 9162 4801 9163 3766 9163 4814 9163 4814 9164 3766 9164 4634 9164 4814 9165 4634 9165 4815 9165 4815 9166 4634 9166 4635 9166 4815 9167 4635 9167 4812 9167 4812 9168 4635 9168 4636 9168 4812 9169 4636 9169 4637 9169 4816 9170 4817 9170 4293 9170 4269 9171 4268 9171 4334 9171 4334 9172 4268 9172 4297 9172 4334 9173 4297 9173 4817 9173 4817 9174 4297 9174 4295 9174 4817 9175 4295 9175 4293 9175 4285 9176 4322 9176 4287 9176 4287 9177 4322 9177 4818 9177 4287 9178 4818 9178 4289 9178 4289 9179 4818 9179 4816 9179 4289 9180 4816 9180 4291 9180 4291 9181 4816 9181 4293 9181 4269 9182 4334 9182 4271 9182 4271 9183 4334 9183 4333 9183 4271 9184 4333 9184 4273 9184 4273 9185 4333 9185 4350 9185 4273 9186 4350 9186 4275 9186 4275 9187 4350 9187 4352 9187 4275 9188 4352 9188 4277 9188 4285 9189 4283 9189 4322 9189 4322 9190 4283 9190 4281 9190 4322 9191 4281 9191 4323 9191 4323 9192 4281 9192 4279 9192 4323 9193 4279 9193 4356 9193 4356 9194 4279 9194 4277 9194 4356 9195 4277 9195 4354 9195 4354 9196 4277 9196 4352 9196 4337 9197 4819 9197 4338 9197 4338 9198 4819 9198 4820 9198 4338 9199 4820 9199 4821 9199 4821 9200 4822 9200 4338 9200 4338 9201 4822 9201 4823 9201 4338 9202 4823 9202 4824 9202 4825 9203 4826 9203 4362 9203 4364 9204 4338 9204 4824 9204 4626 9205 4314 9205 4827 9205 4827 9206 4314 9206 4358 9206 4827 9207 4358 9207 4828 9207 4828 9208 4358 9208 4359 9208 4828 9209 4359 9209 4829 9209 4830 9210 4831 9210 4832 9210 4832 9211 4831 9211 4362 9211 4832 9212 4362 9212 4833 9212 4833 9213 4362 9213 4826 9213 4829 9214 4359 9214 4831 9214 4831 9215 4359 9215 4363 9215 4831 9216 4363 9216 4362 9216 4834 9217 4835 9217 4836 9217 4824 9218 4837 9218 4364 9218 4364 9219 4837 9219 4838 9219 4364 9220 4838 9220 4365 9220 4365 9221 4838 9221 4839 9221 4365 9222 4839 9222 4366 9222 4366 9223 4839 9223 4840 9223 4840 9224 4834 9224 4366 9224 4366 9225 4834 9225 4836 9225 4366 9226 4836 9226 4362 9226 4362 9227 4836 9227 4841 9227 4362 9228 4841 9228 4825 9228 4470 9229 4842 9229 4434 9229 4434 9230 4842 9230 4843 9230 4434 9231 4843 9231 4844 9231 4844 9232 4845 9232 4434 9232 4434 9233 4845 9233 4846 9233 4434 9234 4846 9234 4847 9234 4459 9235 4434 9235 4847 9235 4848 9236 4452 9236 4849 9236 4849 9237 4452 9237 4453 9237 4849 9238 4453 9238 4850 9238 4850 9239 4453 9239 4851 9239 4851 9240 4453 9240 4454 9240 4851 9241 4454 9241 4852 9241 4853 9242 4854 9242 4855 9242 4852 9243 4454 9243 4856 9243 4856 9244 4454 9244 4458 9244 4856 9245 4458 9245 4857 9245 4457 9246 4853 9246 4855 9246 4457 9247 4855 9247 4458 9247 4458 9248 4855 9248 4858 9248 4458 9249 4858 9249 4857 9249 4847 9250 4859 9250 4459 9250 4459 9251 4859 9251 4860 9251 4459 9252 4860 9252 4460 9252 4460 9253 4860 9253 4861 9253 4460 9254 4861 9254 4461 9254 4461 9255 4861 9255 4862 9255 4461 9256 4862 9256 4863 9256 4853 9257 4457 9257 4864 9257 4864 9258 4457 9258 4461 9258 4864 9259 4461 9259 4865 9259 4865 9260 4461 9260 4863 9260 4865 9261 4863 9261 4866 9261 4848 9262 4867 9262 4452 9262 4452 9263 4867 9263 4868 9263 4452 9264 4868 9264 4869 9264 4869 9265 4870 9265 4452 9265 4452 9266 4870 9266 4871 9266 4452 9267 4871 9267 4479 9267 4872 9268 4873 9268 4413 9268 4874 9269 4386 9269 4873 9269 4873 9270 4386 9270 4415 9270 4873 9271 4415 9271 4413 9271 4403 9272 4401 9272 4447 9272 4407 9273 4482 9273 4409 9273 4409 9274 4482 9274 4872 9274 4409 9275 4872 9275 4411 9275 4411 9276 4872 9276 4413 9276 4407 9277 4405 9277 4482 9277 4482 9278 4405 9278 4403 9278 4482 9279 4403 9279 4446 9279 4446 9280 4403 9280 4447 9280 4397 9281 4395 9281 4438 9281 4438 9282 4395 9282 4393 9282 4438 9283 4393 9283 4468 9283 4393 9284 4391 9284 4468 9284 4468 9285 4391 9285 4389 9285 4468 9286 4389 9286 4874 9286 4874 9287 4389 9287 4387 9287 4874 9288 4387 9288 4386 9288 4438 9289 4437 9289 4397 9289 4397 9290 4437 9290 4443 9290 4397 9291 4443 9291 4399 9291 4399 9292 4443 9292 4441 9292 4399 9293 4441 9293 4401 9293 4401 9294 4441 9294 4448 9294 4401 9295 4448 9295 4447 9295 4541 9296 4875 9296 4505 9296 4505 9297 4875 9297 4876 9297 4505 9298 4876 9298 4877 9298 4877 9299 4878 9299 4505 9299 4505 9300 4878 9300 4879 9300 4505 9301 4879 9301 4880 9301 4881 9302 4882 9302 4883 9302 4529 9303 4528 9303 4884 9303 4505 9304 4880 9304 4528 9304 4528 9305 4880 9305 4885 9305 4528 9306 4885 9306 4884 9306 4886 9307 4521 9307 4887 9307 4887 9308 4521 9308 4522 9308 4887 9309 4522 9309 4888 9309 4888 9310 4522 9310 4523 9310 4888 9311 4523 9311 4889 9311 4890 9312 4891 9312 4892 9312 4890 9313 4892 9313 4523 9313 4523 9314 4892 9314 4893 9314 4523 9315 4893 9315 4889 9315 4884 9316 4894 9316 4529 9316 4529 9317 4894 9317 4895 9317 4529 9318 4895 9318 4530 9318 4895 9319 4896 9319 4530 9319 4530 9320 4896 9320 4897 9320 4530 9321 4897 9321 4526 9321 4526 9322 4897 9322 4898 9322 4898 9323 4881 9323 4526 9323 4526 9324 4881 9324 4883 9324 4526 9325 4883 9325 4527 9325 4527 9326 4883 9326 4899 9326 4527 9327 4899 9327 4523 9327 4523 9328 4899 9328 4900 9328 4523 9329 4900 9329 4890 9329 4886 9330 4901 9330 4521 9330 4521 9331 4901 9331 4902 9331 4521 9332 4902 9332 4903 9332 4903 9333 4904 9333 4521 9333 4521 9334 4904 9334 4905 9334 4521 9335 4905 9335 4550 9335 4499 9336 4500 9336 4553 9336 4502 9337 4491 9337 4511 9337 4511 9338 4491 9338 4510 9338 4539 9339 4494 9339 4906 9339 4906 9340 4494 9340 4495 9340 4906 9341 4495 9341 4907 9341 4907 9342 4495 9342 4496 9342 4907 9343 4496 9343 4908 9343 4908 9344 4496 9344 4497 9344 4908 9345 4497 9345 4553 9345 4553 9346 4497 9346 4498 9346 4553 9347 4498 9347 4499 9347 4511 9348 4513 9348 4502 9348 4502 9349 4513 9349 4515 9349 4502 9350 4515 9350 4501 9350 4501 9351 4515 9351 4517 9351 4501 9352 4517 9352 4500 9352 4500 9353 4517 9353 4531 9353 4500 9354 4531 9354 4553 9354 4510 9355 4491 9355 4509 9355 4509 9356 4491 9356 4492 9356 4509 9357 4492 9357 4539 9357 4539 9358 4492 9358 4493 9358 4539 9359 4493 9359 4494 9359 3930 9360 3929 9360 4909 9360 3932 9361 4910 9361 4911 9361 3923 9362 4912 9362 3924 9362 3924 9363 4912 9363 4910 9363 3924 9364 4910 9364 3931 9364 3931 9365 4910 9365 3932 9365 4913 9366 4914 9366 4911 9366 4911 9367 4914 9367 3933 9367 4911 9368 3933 9368 3932 9368 3930 9369 4909 9369 3926 9369 3928 9370 3927 9370 4914 9370 3927 9371 3922 9371 4914 9371 4914 9372 3922 9372 3921 9372 4914 9373 3921 9373 3933 9373 4915 9374 4916 9374 4909 9374 4909 9375 4916 9375 4917 9375 4909 9376 4917 9376 3926 9376 3926 9377 4917 9377 3925 9377 4918 9378 4919 9378 4920 9378 4921 9379 4922 9379 4923 9379 4923 9380 4922 9380 4918 9380 4923 9381 4918 9381 4924 9381 4924 9382 4918 9382 4920 9382 4915 9383 4925 9383 4916 9383 4916 9384 4925 9384 4926 9384 4916 9385 4926 9385 4927 9385 4924 9386 4913 9386 4923 9386 4923 9387 4913 9387 4911 9387 4923 9388 4911 9388 4921 9388 4921 9389 4911 9389 4910 9389 4921 9390 4910 9390 4928 9390 4928 9391 4910 9391 4912 9391 4920 9392 4929 9392 4924 9392 4924 9393 4929 9393 4925 9393 4924 9394 4925 9394 4913 9394 4913 9395 4925 9395 4915 9395 4913 9396 4915 9396 4914 9396 4914 9397 4915 9397 4909 9397 4914 9398 4909 9398 3928 9398 3928 9399 4909 9399 3929 9399 4930 9400 4567 9400 4566 9400 4931 9401 4564 9401 4932 9401 4932 9402 4564 9402 4563 9402 4932 9403 4563 9403 4562 9403 3925 9404 4917 9404 4562 9404 4562 9405 4917 9405 4916 9405 4562 9406 4916 9406 4932 9406 4933 9407 4930 9407 4934 9407 4934 9408 4930 9408 4566 9408 4934 9409 4566 9409 4931 9409 4931 9410 4566 9410 4565 9410 4931 9411 4565 9411 4564 9411 4935 9412 4931 9412 4936 9412 4936 9413 4931 9413 4932 9413 4936 9414 4932 9414 4937 9414 4937 9415 4932 9415 4916 9415 4937 9416 4916 9416 4927 9416 4935 9417 4938 9417 4931 9417 4931 9418 4938 9418 4939 9418 4931 9419 4939 9419 4934 9419 4934 9420 4939 9420 4940 9420 4934 9421 4940 9421 4941 9421 4941 9422 4942 9422 4934 9422 4934 9423 4942 9423 4943 9423 4934 9424 4943 9424 4933 9424 4933 9425 4943 9425 4944 9425 4933 9426 4944 9426 4945 9426 4577 9427 4567 9427 4930 9427 4946 9428 4947 9428 4948 9428 4949 9429 4950 9429 4951 9429 4949 9430 4951 9430 4952 9430 4946 9431 4948 9431 4953 9431 4954 9432 4955 9432 4956 9432 4956 9433 4955 9433 4957 9433 4956 9434 4957 9434 4958 9434 4956 9435 4585 9435 4584 9435 4582 9436 4959 9436 4954 9436 4954 9437 4959 9437 4960 9437 4954 9438 4960 9438 4955 9438 4956 9439 4584 9439 4954 9439 4954 9440 4584 9440 4583 9440 4954 9441 4583 9441 4582 9441 4582 9442 4581 9442 4959 9442 4959 9443 4581 9443 4580 9443 4959 9444 4580 9444 4961 9444 4961 9445 4580 9445 4579 9445 4961 9446 4579 9446 4962 9446 4962 9447 4579 9447 4578 9447 4949 9448 4575 9448 4574 9448 4949 9449 4574 9449 4963 9449 4575 9450 4949 9450 4576 9450 4576 9451 4949 9451 4952 9451 4576 9452 4952 9452 4568 9452 4568 9453 4952 9453 4964 9453 4568 9454 4964 9454 4569 9454 4951 9455 4953 9455 4952 9455 4952 9456 4953 9456 4948 9456 4952 9457 4948 9457 4964 9457 4964 9458 4948 9458 4965 9458 4964 9459 4965 9459 4569 9459 4569 9460 4965 9460 4570 9460 4945 9461 4966 9461 4961 9461 4961 9462 4966 9462 4967 9462 4961 9463 4967 9463 4959 9463 4959 9464 4967 9464 4968 9464 4959 9465 4968 9465 4960 9465 4958 9466 4969 9466 4956 9466 4956 9467 4969 9467 4970 9467 4956 9468 4970 9468 4963 9468 4963 9469 4970 9469 4971 9469 4963 9470 4971 9470 4949 9470 4949 9471 4971 9471 4972 9471 4949 9472 4972 9472 4950 9472 4578 9473 4577 9473 4962 9473 4962 9474 4577 9474 4930 9474 4962 9475 4930 9475 4961 9475 4961 9476 4930 9476 4933 9476 4961 9477 4933 9477 4945 9477 4574 9478 4573 9478 4963 9478 4963 9479 4573 9479 4572 9479 4963 9480 4572 9480 4956 9480 4956 9481 4572 9481 4571 9481 4956 9482 4571 9482 4585 9482 4973 9483 4587 9483 4586 9483 4974 9484 4975 9484 4976 9484 4976 9485 4975 9485 4977 9485 4976 9486 4977 9486 4978 9486 4979 9487 4980 9487 4975 9487 4975 9488 4980 9488 4981 9488 4975 9489 4981 9489 4977 9489 4587 9490 4973 9490 4588 9490 4588 9491 4973 9491 4979 9491 4588 9492 4979 9492 4589 9492 4589 9493 4979 9493 4975 9493 4589 9494 4975 9494 4590 9494 4590 9495 4975 9495 4974 9495 4590 9496 4974 9496 3934 9496 4982 9497 4948 9497 4983 9497 4983 9498 4948 9498 4947 9498 4570 9499 4965 9499 4586 9499 4586 9500 4965 9500 4948 9500 4586 9501 4948 9501 4973 9501 4973 9502 4948 9502 4982 9502 4973 9503 4982 9503 4984 9503 4984 9504 4985 9504 4973 9504 4973 9505 4985 9505 4986 9505 4973 9506 4986 9506 4979 9506 4979 9507 4986 9507 4987 9507 4979 9508 4987 9508 4980 9508 4988 9509 4989 9509 4990 9509 3935 9510 3934 9510 4974 9510 3944 9511 3943 9511 4991 9511 4992 9512 3940 9512 3945 9512 3935 9513 4974 9513 3936 9513 4993 9514 3937 9514 3938 9514 4990 9515 4994 9515 4995 9515 4995 9516 4994 9516 4996 9516 4995 9517 4996 9517 4997 9517 4997 9518 4996 9518 4998 9518 4997 9519 4998 9519 4993 9519 4993 9520 3938 9520 4997 9520 4997 9521 3938 9521 3939 9521 4997 9522 3939 9522 3942 9522 3945 9523 3944 9523 4992 9523 4992 9524 3944 9524 4991 9524 4992 9525 4991 9525 4999 9525 4999 9526 4991 9526 5000 9526 4999 9527 5000 9527 5001 9527 5002 9528 5001 9528 5003 9528 5003 9529 5001 9529 5000 9529 5003 9530 5000 9530 4978 9530 4988 9531 4990 9531 5002 9531 3943 9532 3936 9532 4991 9532 4991 9533 3936 9533 4974 9533 4991 9534 4974 9534 5000 9534 5000 9535 4974 9535 4976 9535 5000 9536 4976 9536 4978 9536 5002 9537 4990 9537 5001 9537 5001 9538 4990 9538 4995 9538 5001 9539 4995 9539 4999 9539 4999 9540 4995 9540 4997 9540 4999 9541 4997 9541 4992 9541 4992 9542 4997 9542 3942 9542 4992 9543 3942 9543 3940 9543 4918 9544 4922 9544 5004 9544 4993 9545 4998 9545 5005 9545 4593 9546 3937 9546 4993 9546 4921 9547 4928 9547 5006 9547 5006 9548 4928 9548 4912 9548 4993 9549 5005 9549 4593 9549 4593 9550 5005 9550 5007 9550 4593 9551 5007 9551 4591 9551 4591 9552 5007 9552 5006 9552 4591 9553 5006 9553 4592 9553 4592 9554 5006 9554 4912 9554 4592 9555 4912 9555 3923 9555 4919 9556 4918 9556 5008 9556 5008 9557 4918 9557 5009 9557 4918 9558 5004 9558 5009 9558 5009 9559 5004 9559 5010 9559 5009 9560 5010 9560 5011 9560 5011 9561 5010 9561 5012 9561 5011 9562 5012 9562 5013 9562 4989 9563 5014 9563 4990 9563 4990 9564 5014 9564 5013 9564 4990 9565 5013 9565 4994 9565 4994 9566 5013 9566 5012 9566 4994 9567 5012 9567 4996 9567 4998 9568 4996 9568 5005 9568 5005 9569 4996 9569 5012 9569 5005 9570 5012 9570 5007 9570 5007 9571 5012 9571 5010 9571 5007 9572 5010 9572 5006 9572 5006 9573 5010 9573 5004 9573 5006 9574 5004 9574 4921 9574 4921 9575 5004 9575 4922 9575 4049 9576 4048 9576 5015 9576 4051 9577 5016 9577 5017 9577 4042 9578 5018 9578 4043 9578 4043 9579 5018 9579 5016 9579 4043 9580 5016 9580 4050 9580 4050 9581 5016 9581 4051 9581 5019 9582 5020 9582 5017 9582 5017 9583 5020 9583 4052 9583 5017 9584 4052 9584 4051 9584 4049 9585 5015 9585 4045 9585 4047 9586 4046 9586 5020 9586 4046 9587 4041 9587 5020 9587 5020 9588 4041 9588 4040 9588 5020 9589 4040 9589 4052 9589 5021 9590 5022 9590 5015 9590 5015 9591 5022 9591 5023 9591 5015 9592 5023 9592 4045 9592 4045 9593 5023 9593 4044 9593 5024 9594 5025 9594 5026 9594 5027 9595 5028 9595 5029 9595 5029 9596 5028 9596 5024 9596 5029 9597 5024 9597 5030 9597 5030 9598 5024 9598 5026 9598 5021 9599 5031 9599 5022 9599 5022 9600 5031 9600 5032 9600 5022 9601 5032 9601 5033 9601 5030 9602 5019 9602 5029 9602 5029 9603 5019 9603 5017 9603 5029 9604 5017 9604 5027 9604 5027 9605 5017 9605 5016 9605 5027 9606 5016 9606 5034 9606 5034 9607 5016 9607 5018 9607 5026 9608 5035 9608 5030 9608 5030 9609 5035 9609 5031 9609 5030 9610 5031 9610 5019 9610 5019 9611 5031 9611 5021 9611 5019 9612 5021 9612 5020 9612 5020 9613 5021 9613 5015 9613 5020 9614 5015 9614 4047 9614 4047 9615 5015 9615 4048 9615 5036 9616 4599 9616 4598 9616 5037 9617 4596 9617 5038 9617 5038 9618 4596 9618 4595 9618 5038 9619 4595 9619 4594 9619 4044 9620 5023 9620 4594 9620 4594 9621 5023 9621 5022 9621 4594 9622 5022 9622 5038 9622 5039 9623 5036 9623 5040 9623 5040 9624 5036 9624 4598 9624 5040 9625 4598 9625 5037 9625 5037 9626 4598 9626 4597 9626 5037 9627 4597 9627 4596 9627 5041 9628 5037 9628 5042 9628 5042 9629 5037 9629 5038 9629 5042 9630 5038 9630 5043 9630 5043 9631 5038 9631 5022 9631 5043 9632 5022 9632 5033 9632 5041 9633 5044 9633 5037 9633 5037 9634 5044 9634 5045 9634 5037 9635 5045 9635 5040 9635 5040 9636 5045 9636 5046 9636 5040 9637 5046 9637 5047 9637 5047 9638 5048 9638 5040 9638 5040 9639 5048 9639 5049 9639 5040 9640 5049 9640 5039 9640 5039 9641 5049 9641 5050 9641 5039 9642 5050 9642 5051 9642 4611 9643 4599 9643 5036 9643 5052 9644 5053 9644 5054 9644 5055 9645 5056 9645 5057 9645 5055 9646 5057 9646 5058 9646 5052 9647 5054 9647 5059 9647 5060 9648 5061 9648 5062 9648 5062 9649 5061 9649 5063 9649 5062 9650 5063 9650 5064 9650 5062 9651 4606 9651 4615 9651 4617 9652 5065 9652 5060 9652 5060 9653 5065 9653 5066 9653 5060 9654 5066 9654 5061 9654 5062 9655 4615 9655 5060 9655 5060 9656 4615 9656 4616 9656 5060 9657 4616 9657 4617 9657 4617 9658 4610 9658 5065 9658 5065 9659 4610 9659 4614 9659 5065 9660 4614 9660 5067 9660 5067 9661 4614 9661 4613 9661 5067 9662 4613 9662 5068 9662 5068 9663 4613 9663 4612 9663 5055 9664 4604 9664 4605 9664 5055 9665 4605 9665 5069 9665 4604 9666 5055 9666 4603 9666 4603 9667 5055 9667 5058 9667 4603 9668 5058 9668 4602 9668 4602 9669 5058 9669 5070 9669 4602 9670 5070 9670 4601 9670 5057 9671 5059 9671 5058 9671 5058 9672 5059 9672 5054 9672 5058 9673 5054 9673 5070 9673 5070 9674 5054 9674 5071 9674 5070 9675 5071 9675 4601 9675 4601 9676 5071 9676 4600 9676 5051 9677 5072 9677 5067 9677 5067 9678 5072 9678 5073 9678 5067 9679 5073 9679 5065 9679 5065 9680 5073 9680 5074 9680 5065 9681 5074 9681 5066 9681 5064 9682 5075 9682 5062 9682 5062 9683 5075 9683 5076 9683 5062 9684 5076 9684 5069 9684 5069 9685 5076 9685 5077 9685 5069 9686 5077 9686 5055 9686 5055 9687 5077 9687 5078 9687 5055 9688 5078 9688 5056 9688 4612 9689 4611 9689 5068 9689 5068 9690 4611 9690 5036 9690 5068 9691 5036 9691 5067 9691 5067 9692 5036 9692 5039 9692 5067 9693 5039 9693 5051 9693 4605 9694 4609 9694 5069 9694 5069 9695 4609 9695 4608 9695 5069 9696 4608 9696 5062 9696 5062 9697 4608 9697 4607 9697 5062 9698 4607 9698 4606 9698 5079 9699 4619 9699 4618 9699 5080 9700 5081 9700 5082 9700 5082 9701 5081 9701 5083 9701 5082 9702 5083 9702 5084 9702 5085 9703 5086 9703 5081 9703 5081 9704 5086 9704 5087 9704 5081 9705 5087 9705 5083 9705 4619 9706 5079 9706 4620 9706 4620 9707 5079 9707 5085 9707 4620 9708 5085 9708 4621 9708 4621 9709 5085 9709 5081 9709 4621 9710 5081 9710 4622 9710 4622 9711 5081 9711 5080 9711 4622 9712 5080 9712 4053 9712 5053 9713 5088 9713 5054 9713 5054 9714 5088 9714 5089 9714 4600 9715 5071 9715 4618 9715 4618 9716 5071 9716 5054 9716 4618 9717 5054 9717 5079 9717 5079 9718 5054 9718 5089 9718 5079 9719 5089 9719 5090 9719 5090 9720 5091 9720 5079 9720 5079 9721 5091 9721 5092 9721 5079 9722 5092 9722 5085 9722 5085 9723 5092 9723 5093 9723 5085 9724 5093 9724 5086 9724 5094 9725 5095 9725 5096 9725 4054 9726 4053 9726 5080 9726 4063 9727 4062 9727 5097 9727 5098 9728 4059 9728 4064 9728 4054 9729 5080 9729 4055 9729 5099 9730 4056 9730 4057 9730 5096 9731 5100 9731 5101 9731 5101 9732 5100 9732 5102 9732 5101 9733 5102 9733 5103 9733 5103 9734 5102 9734 5104 9734 5103 9735 5104 9735 5099 9735 5099 9736 4057 9736 5103 9736 5103 9737 4057 9737 4058 9737 5103 9738 4058 9738 4061 9738 4064 9739 4063 9739 5098 9739 5098 9740 4063 9740 5097 9740 5098 9741 5097 9741 5105 9741 5105 9742 5097 9742 5106 9742 5105 9743 5106 9743 5107 9743 5108 9744 5107 9744 5109 9744 5109 9745 5107 9745 5106 9745 5109 9746 5106 9746 5084 9746 5094 9747 5096 9747 5108 9747 4062 9748 4055 9748 5097 9748 5097 9749 4055 9749 5080 9749 5097 9750 5080 9750 5106 9750 5106 9751 5080 9751 5082 9751 5106 9752 5082 9752 5084 9752 5108 9753 5096 9753 5107 9753 5107 9754 5096 9754 5101 9754 5107 9755 5101 9755 5105 9755 5105 9756 5101 9756 5103 9756 5105 9757 5103 9757 5098 9757 5098 9758 5103 9758 4061 9758 5098 9759 4061 9759 4059 9759 5024 9760 5028 9760 5110 9760 5099 9761 5104 9761 5111 9761 4625 9762 4056 9762 5099 9762 5027 9763 5034 9763 5112 9763 5112 9764 5034 9764 5018 9764 5099 9765 5111 9765 4625 9765 4625 9766 5111 9766 5113 9766 4625 9767 5113 9767 4624 9767 4624 9768 5113 9768 5112 9768 4624 9769 5112 9769 4623 9769 4623 9770 5112 9770 5018 9770 4623 9771 5018 9771 4042 9771 5025 9772 5024 9772 5114 9772 5114 9773 5024 9773 5115 9773 5024 9774 5110 9774 5115 9774 5115 9775 5110 9775 5116 9775 5115 9776 5116 9776 5117 9776 5117 9777 5116 9777 5118 9777 5117 9778 5118 9778 5119 9778 5095 9779 5120 9779 5096 9779 5096 9780 5120 9780 5119 9780 5096 9781 5119 9781 5100 9781 5100 9782 5119 9782 5118 9782 5100 9783 5118 9783 5102 9783 5104 9784 5102 9784 5111 9784 5111 9785 5102 9785 5118 9785 5111 9786 5118 9786 5113 9786 5113 9787 5118 9787 5116 9787 5113 9788 5116 9788 5112 9788 5112 9789 5116 9789 5110 9789 5112 9790 5110 9790 5027 9790 5027 9791 5110 9791 5028 9791 5121 9792 4628 9792 4627 9792 5122 9793 5123 9793 5124 9793 5124 9794 5123 9794 5125 9794 5124 9795 5125 9795 5126 9795 5127 9796 5128 9796 5123 9796 5123 9797 5128 9797 5129 9797 5123 9798 5129 9798 5125 9798 4628 9799 5121 9799 4629 9799 4629 9800 5121 9800 5127 9800 4629 9801 5127 9801 4630 9801 4630 9802 5127 9802 5123 9802 4630 9803 5123 9803 4631 9803 4631 9804 5123 9804 5122 9804 4631 9805 5122 9805 4315 9805 5130 9806 5131 9806 5132 9806 5132 9807 5131 9807 5133 9807 4626 9808 5134 9808 4627 9808 4627 9809 5134 9809 5132 9809 4627 9810 5132 9810 5121 9810 5121 9811 5132 9811 5133 9811 5121 9812 5133 9812 5135 9812 5135 9813 5136 9813 5121 9813 5121 9814 5136 9814 5137 9814 5121 9815 5137 9815 5127 9815 5127 9816 5137 9816 5138 9816 5127 9817 5138 9817 5128 9817 5139 9818 5140 9818 5141 9818 4317 9819 4315 9819 5122 9819 4328 9820 4327 9820 5142 9820 5143 9821 4319 9821 4329 9821 4317 9822 5122 9822 4318 9822 5144 9823 4322 9823 4324 9823 5141 9824 5145 9824 5146 9824 5146 9825 5145 9825 5147 9825 5146 9826 5147 9826 5148 9826 5148 9827 5147 9827 5149 9827 5148 9828 5149 9828 5144 9828 5144 9829 4324 9829 5148 9829 5148 9830 4324 9830 4321 9830 5148 9831 4321 9831 4320 9831 4329 9832 4328 9832 5143 9832 5143 9833 4328 9833 5142 9833 5143 9834 5142 9834 5150 9834 5150 9835 5142 9835 5151 9835 5150 9836 5151 9836 5152 9836 5153 9837 5152 9837 5154 9837 5154 9838 5152 9838 5151 9838 5154 9839 5151 9839 5126 9839 5139 9840 5141 9840 5153 9840 4327 9841 4318 9841 5142 9841 5142 9842 4318 9842 5122 9842 5142 9843 5122 9843 5151 9843 5151 9844 5122 9844 5124 9844 5151 9845 5124 9845 5126 9845 5153 9846 5141 9846 5152 9846 5152 9847 5141 9847 5146 9847 5152 9848 5146 9848 5150 9848 5150 9849 5146 9849 5148 9849 5150 9850 5148 9850 5143 9850 5143 9851 5148 9851 4320 9851 5143 9852 4320 9852 4319 9852 4662 9853 4720 9853 4663 9853 4663 9854 4720 9854 5155 9854 4663 9855 5155 9855 4658 9855 4658 9856 5155 9856 5156 9856 4652 9857 4653 9857 5157 9857 5157 9858 4653 9858 4655 9858 5157 9859 4655 9859 5158 9859 5158 9860 4655 9860 4654 9860 5158 9861 4654 9861 5159 9861 5159 9862 4654 9862 4657 9862 5159 9863 4657 9863 5160 9863 5160 9864 4657 9864 4656 9864 5160 9865 4656 9865 5156 9865 5156 9866 4656 9866 4659 9866 5156 9867 4659 9867 4658 9867 5157 9868 5161 9868 4652 9868 4652 9869 5161 9869 5162 9869 4652 9870 5162 9870 4651 9870 4651 9871 5162 9871 4804 9871 4651 9872 4804 9872 4650 9872 4180 9873 4179 9873 5163 9873 4182 9874 5164 9874 5165 9874 4173 9875 5166 9875 4174 9875 4174 9876 5166 9876 5164 9876 4174 9877 5164 9877 4181 9877 4181 9878 5164 9878 4182 9878 5167 9879 5168 9879 5165 9879 5165 9880 5168 9880 4183 9880 5165 9881 4183 9881 4182 9881 4180 9882 5163 9882 4176 9882 4178 9883 4177 9883 5168 9883 4177 9884 4172 9884 5168 9884 5168 9885 4172 9885 4171 9885 5168 9886 4171 9886 4183 9886 5169 9887 5170 9887 5163 9887 5163 9888 5170 9888 5171 9888 5163 9889 5171 9889 4176 9889 4176 9890 5171 9890 4175 9890 5172 9891 5173 9891 5174 9891 5175 9892 5176 9892 5177 9892 5177 9893 5176 9893 5172 9893 5177 9894 5172 9894 5178 9894 5178 9895 5172 9895 5174 9895 5169 9896 5179 9896 5170 9896 5170 9897 5179 9897 5180 9897 5170 9898 5180 9898 5181 9898 5178 9899 5167 9899 5177 9899 5177 9900 5167 9900 5165 9900 5177 9901 5165 9901 5175 9901 5175 9902 5165 9902 5164 9902 5175 9903 5164 9903 5182 9903 5182 9904 5164 9904 5166 9904 5174 9905 5183 9905 5178 9905 5178 9906 5183 9906 5179 9906 5178 9907 5179 9907 5167 9907 5167 9908 5179 9908 5169 9908 5167 9909 5169 9909 5168 9909 5168 9910 5169 9910 5163 9910 5168 9911 5163 9911 4178 9911 4178 9912 5163 9912 4179 9912 5184 9913 4681 9913 4680 9913 5185 9914 4678 9914 5186 9914 5186 9915 4678 9915 4677 9915 5186 9916 4677 9916 4676 9916 4175 9917 5171 9917 4676 9917 4676 9918 5171 9918 5170 9918 4676 9919 5170 9919 5186 9919 5187 9920 5184 9920 5188 9920 5188 9921 5184 9921 4680 9921 5188 9922 4680 9922 5185 9922 5185 9923 4680 9923 4679 9923 5185 9924 4679 9924 4678 9924 5189 9925 5185 9925 5190 9925 5190 9926 5185 9926 5186 9926 5190 9927 5186 9927 5191 9927 5191 9928 5186 9928 5170 9928 5191 9929 5170 9929 5181 9929 5189 9930 5192 9930 5185 9930 5185 9931 5192 9931 5193 9931 5185 9932 5193 9932 5188 9932 5188 9933 5193 9933 5194 9933 5188 9934 5194 9934 5195 9934 5195 9935 5196 9935 5188 9935 5188 9936 5196 9936 5197 9936 5188 9937 5197 9937 5187 9937 5187 9938 5197 9938 5198 9938 5187 9939 5198 9939 5199 9939 4695 9940 4681 9940 5184 9940 5200 9941 5201 9941 5202 9941 5203 9942 5204 9942 5205 9942 5205 9943 5204 9943 5206 9943 5207 9944 5208 9944 5209 9944 5209 9945 5208 9945 5210 9945 5209 9946 5210 9946 5211 9946 5209 9947 4688 9947 4698 9947 4693 9948 5212 9948 5207 9948 5207 9949 5212 9949 5213 9949 5207 9950 5213 9950 5208 9950 5209 9951 4698 9951 5207 9951 5207 9952 4698 9952 4694 9952 5207 9953 4694 9953 4693 9953 4693 9954 4692 9954 5212 9954 5212 9955 4692 9955 4699 9955 5212 9956 4699 9956 5214 9956 5214 9957 4699 9957 4697 9957 5214 9958 4697 9958 5215 9958 5215 9959 4697 9959 4696 9959 5206 9960 4686 9960 4687 9960 5206 9961 4687 9961 5216 9961 4686 9962 5206 9962 4685 9962 4685 9963 5206 9963 5204 9963 4685 9964 5204 9964 4684 9964 4684 9965 5204 9965 5217 9965 4684 9966 5217 9966 4683 9966 5203 9967 5200 9967 5204 9967 5204 9968 5200 9968 5202 9968 5204 9969 5202 9969 5217 9969 5217 9970 5202 9970 5218 9970 5217 9971 5218 9971 4683 9971 4683 9972 5218 9972 4682 9972 5199 9973 5219 9973 5214 9973 5214 9974 5219 9974 5220 9974 5214 9975 5220 9975 5212 9975 5212 9976 5220 9976 5221 9976 5212 9977 5221 9977 5213 9977 5211 9978 5222 9978 5209 9978 5209 9979 5222 9979 5223 9979 5209 9980 5223 9980 5216 9980 5216 9981 5223 9981 5224 9981 5216 9982 5224 9982 5206 9982 5206 9983 5224 9983 5225 9983 5206 9984 5225 9984 5205 9984 4696 9985 4695 9985 5215 9985 5215 9986 4695 9986 5184 9986 5215 9987 5184 9987 5214 9987 5214 9988 5184 9988 5187 9988 5214 9989 5187 9989 5199 9989 4687 9990 4691 9990 5216 9990 5216 9991 4691 9991 4690 9991 5216 9992 4690 9992 5209 9992 5209 9993 4690 9993 4689 9993 5209 9994 4689 9994 4688 9994 5226 9995 4701 9995 4700 9995 5227 9996 5228 9996 5229 9996 5229 9997 5228 9997 5230 9997 5229 9998 5230 9998 5231 9998 5232 9999 5233 9999 5228 9999 5228 10000 5233 10000 5234 10000 5228 10001 5234 10001 5230 10001 4701 10002 5226 10002 4702 10002 4702 10003 5226 10003 5232 10003 4702 10004 5232 10004 4703 10004 4703 10005 5232 10005 5228 10005 4703 10006 5228 10006 4704 10006 4704 10007 5228 10007 5227 10007 4704 10008 5227 10008 4184 10008 5201 10009 5235 10009 5202 10009 5202 10010 5235 10010 5236 10010 4682 10011 5218 10011 4700 10011 4700 10012 5218 10012 5202 10012 4700 10013 5202 10013 5226 10013 5226 10014 5202 10014 5236 10014 5226 10015 5236 10015 5237 10015 5237 10016 5238 10016 5226 10016 5226 10017 5238 10017 5239 10017 5226 10018 5239 10018 5232 10018 5232 10019 5239 10019 5240 10019 5232 10020 5240 10020 5233 10020 5241 10021 5242 10021 5243 10021 4185 10022 4184 10022 5227 10022 4194 10023 4193 10023 5244 10023 5245 10024 4190 10024 4195 10024 4185 10025 5227 10025 4186 10025 5246 10026 4187 10026 4188 10026 5243 10027 5247 10027 5248 10027 5248 10028 5247 10028 5249 10028 5248 10029 5249 10029 5250 10029 5250 10030 5249 10030 5251 10030 5250 10031 5251 10031 5246 10031 5246 10032 4188 10032 5250 10032 5250 10033 4188 10033 4189 10033 5250 10034 4189 10034 4192 10034 4195 10035 4194 10035 5245 10035 5245 10036 4194 10036 5244 10036 5245 10037 5244 10037 5252 10037 5252 10038 5244 10038 5253 10038 5252 10039 5253 10039 5254 10039 5255 10040 5254 10040 5256 10040 5256 10041 5254 10041 5253 10041 5256 10042 5253 10042 5231 10042 5241 10043 5243 10043 5255 10043 4193 10044 4186 10044 5244 10044 5244 10045 4186 10045 5227 10045 5244 10046 5227 10046 5253 10046 5253 10047 5227 10047 5229 10047 5253 10048 5229 10048 5231 10048 5255 10049 5243 10049 5254 10049 5254 10050 5243 10050 5248 10050 5254 10051 5248 10051 5252 10051 5252 10052 5248 10052 5250 10052 5252 10053 5250 10053 5245 10053 5245 10054 5250 10054 4192 10054 5245 10055 4192 10055 4190 10055 5246 10056 5251 10056 5257 10056 5249 10057 5247 10057 5258 10057 5242 10058 5259 10058 5243 10058 5243 10059 5259 10059 5260 10059 5243 10060 5260 10060 5247 10060 4707 10061 4187 10061 5246 10061 5175 10062 5182 10062 5261 10062 5261 10063 5182 10063 5166 10063 5246 10064 5257 10064 4707 10064 4707 10065 5257 10065 5262 10065 4707 10066 5262 10066 4706 10066 4706 10067 5262 10067 5261 10067 4706 10068 5261 10068 4705 10068 4705 10069 5261 10069 5166 10069 4705 10070 5166 10070 4173 10070 5173 10071 5172 10071 5263 10071 5263 10072 5172 10072 5264 10072 5247 10073 5260 10073 5258 10073 5258 10074 5260 10074 5265 10074 5258 10075 5265 10075 5266 10075 5266 10076 5265 10076 5264 10076 5266 10077 5264 10077 5267 10077 5267 10078 5264 10078 5172 10078 5267 10079 5172 10079 5176 10079 5251 10080 5249 10080 5257 10080 5257 10081 5249 10081 5258 10081 5257 10082 5258 10082 5262 10082 5262 10083 5258 10083 5266 10083 5262 10084 5266 10084 5261 10084 5261 10085 5266 10085 5267 10085 5261 10086 5267 10086 5175 10086 5175 10087 5267 10087 5176 10087 4720 10088 4721 10088 5268 10088 5268 10089 4721 10089 4717 10089 5268 10090 4717 10090 5269 10090 4717 10091 4718 10091 5269 10091 5269 10092 4718 10092 4719 10092 5269 10093 4719 10093 4711 10093 4711 10094 4712 10094 5269 10094 5269 10095 4712 10095 4713 10095 5269 10096 4713 10096 4714 10096 4715 10097 4716 10097 4722 10097 4722 10098 4716 10098 4708 10098 4708 10099 4709 10099 4722 10099 4722 10100 4709 10100 4710 10100 4722 10101 4710 10101 2633 10101 2633 10102 2632 10102 4722 10102 4722 10103 2632 10103 2627 10103 4722 10104 2627 10104 2629 10104 2623 10105 2624 10105 2622 10105 2622 10106 2624 10106 4722 10106 2622 10107 4722 10107 2620 10107 2620 10108 4722 10108 2629 10108 4796 10109 4795 10109 4797 10109 4723 10110 4251 10110 4796 10110 4796 10111 4797 10111 4723 10111 4723 10112 4797 10112 4798 10112 4723 10113 4798 10113 4799 10113 4799 10114 4800 10114 4723 10114 4723 10115 4800 10115 4801 10115 4723 10116 4801 10116 4814 10116 4814 10117 4815 10117 4723 10117 4723 10118 4815 10118 4812 10118 4723 10119 4812 10119 4813 10119 4813 10120 4809 10120 5270 10120 5270 10121 4809 10121 4810 10121 5270 10122 4810 10122 4811 10122 4811 10123 4807 10123 5270 10123 5270 10124 4807 10124 4806 10124 5270 10125 4806 10125 4808 10125 4808 10126 4802 10126 5270 10126 5270 10127 4802 10127 4803 10127 5270 10128 4803 10128 5271 10128 5271 10129 4803 10129 4805 10129 5271 10130 4805 10130 4804 10130 4793 10131 5272 10131 4794 10131 4794 10132 5272 10132 5273 10132 4794 10133 5273 10133 4722 10133 4722 10134 5273 10134 5269 10134 4722 10135 5269 10135 4715 10135 4715 10136 5269 10136 4714 10136 4789 10137 5274 10137 4790 10137 4790 10138 5274 10138 5275 10138 4790 10139 5275 10139 4791 10139 4791 10140 5275 10140 5276 10140 4791 10141 5276 10141 4792 10141 4792 10142 5276 10142 5277 10142 4792 10143 5277 10143 4793 10143 4793 10144 5277 10144 5278 10144 4793 10145 5278 10145 5272 10145 4783 10146 5279 10146 4784 10146 4784 10147 5279 10147 5280 10147 4784 10148 5280 10148 4785 10148 4785 10149 5280 10149 5281 10149 4785 10150 5281 10150 4786 10150 4786 10151 5281 10151 5282 10151 4786 10152 5282 10152 4787 10152 4787 10153 5282 10153 5283 10153 4787 10154 5283 10154 4788 10154 4788 10155 5283 10155 5284 10155 4788 10156 5284 10156 4789 10156 4789 10157 5284 10157 5285 10157 4789 10158 5285 10158 5274 10158 4779 10159 5286 10159 4780 10159 4780 10160 5286 10160 5287 10160 4780 10161 5287 10161 4781 10161 4781 10162 5287 10162 5288 10162 4781 10163 5288 10163 4782 10163 4782 10164 5288 10164 5289 10164 4782 10165 5289 10165 4783 10165 4783 10166 5289 10166 5290 10166 4783 10167 5290 10167 5279 10167 4775 10168 5291 10168 4776 10168 4776 10169 5291 10169 5292 10169 4776 10170 5292 10170 4777 10170 4777 10171 5292 10171 5293 10171 4777 10172 5293 10172 4778 10172 4778 10173 5293 10173 5294 10173 4778 10174 5294 10174 4779 10174 4779 10175 5294 10175 5295 10175 4779 10176 5295 10176 5286 10176 4769 10177 5296 10177 4770 10177 4770 10178 5296 10178 5297 10178 4770 10179 5297 10179 4771 10179 4771 10180 5297 10180 5298 10180 4771 10181 5298 10181 4772 10181 4772 10182 5298 10182 5299 10182 4772 10183 5299 10183 4773 10183 4773 10184 5299 10184 5300 10184 4773 10185 5300 10185 4774 10185 4774 10186 5300 10186 5301 10186 4774 10187 5301 10187 4775 10187 4775 10188 5301 10188 5302 10188 4775 10189 5302 10189 5291 10189 4765 10190 5303 10190 4766 10190 4766 10191 5303 10191 5304 10191 4766 10192 5304 10192 4767 10192 4767 10193 5304 10193 5305 10193 4767 10194 5305 10194 4768 10194 4768 10195 5305 10195 5306 10195 4768 10196 5306 10196 4769 10196 4769 10197 5306 10197 5307 10197 4769 10198 5307 10198 5296 10198 4761 10199 5308 10199 4762 10199 4762 10200 5308 10200 5309 10200 4762 10201 5309 10201 4763 10201 4763 10202 5309 10202 5310 10202 4763 10203 5310 10203 4764 10203 4764 10204 5310 10204 5311 10204 4764 10205 5311 10205 4765 10205 4765 10206 5311 10206 5312 10206 4765 10207 5312 10207 5303 10207 4752 10208 5313 10208 4756 10208 4756 10209 5313 10209 5314 10209 4756 10210 5314 10210 4757 10210 4757 10211 5314 10211 5315 10211 4757 10212 5315 10212 4758 10212 4758 10213 5315 10213 5316 10213 4758 10214 5316 10214 4759 10214 4759 10215 5316 10215 5317 10215 4759 10216 5317 10216 4760 10216 4760 10217 5317 10217 5318 10217 4760 10218 5318 10218 4761 10218 4761 10219 5318 10219 5319 10219 4761 10220 5319 10220 5308 10220 4751 10221 5320 10221 4753 10221 4753 10222 5320 10222 5321 10222 4753 10223 5321 10223 4754 10223 4754 10224 5321 10224 5322 10224 4754 10225 5322 10225 4755 10225 4755 10226 5322 10226 5323 10226 4755 10227 5323 10227 4752 10227 4752 10228 5323 10228 5324 10228 4752 10229 5324 10229 5313 10229 4747 10230 5325 10230 4748 10230 4748 10231 5325 10231 5326 10231 4748 10232 5326 10232 4749 10232 4749 10233 5326 10233 5327 10233 4749 10234 5327 10234 4750 10234 4750 10235 5327 10235 5328 10235 4750 10236 5328 10236 4751 10236 4751 10237 5328 10237 5329 10237 4751 10238 5329 10238 5320 10238 4743 10239 5330 10239 4744 10239 4744 10240 5330 10240 5331 10240 4744 10241 5331 10241 4745 10241 4745 10242 5331 10242 5332 10242 4745 10243 5332 10243 4746 10243 4746 10244 5332 10244 5333 10244 4746 10245 5333 10245 4747 10245 4747 10246 5333 10246 5334 10246 4747 10247 5334 10247 5325 10247 4730 10248 5335 10248 4738 10248 4738 10249 5335 10249 5336 10249 4738 10250 5336 10250 4739 10250 4739 10251 5336 10251 5337 10251 4739 10252 5337 10252 4740 10252 4740 10253 5337 10253 5338 10253 4740 10254 5338 10254 4741 10254 4741 10255 5338 10255 5339 10255 4741 10256 5339 10256 4742 10256 4742 10257 5339 10257 5340 10257 4742 10258 5340 10258 4743 10258 4743 10259 5340 10259 5341 10259 4743 10260 5341 10260 5330 10260 4734 10261 5342 10261 4735 10261 4735 10262 5342 10262 5343 10262 4735 10263 5343 10263 4736 10263 4736 10264 5343 10264 5344 10264 4736 10265 5344 10265 4737 10265 4737 10266 5344 10266 5345 10266 4737 10267 5345 10267 4730 10267 4730 10268 5345 10268 5346 10268 4730 10269 5346 10269 5335 10269 4729 10270 5347 10270 4731 10270 4731 10271 5347 10271 5348 10271 4731 10272 5348 10272 4732 10272 4732 10273 5348 10273 5349 10273 4732 10274 5349 10274 4733 10274 4733 10275 5349 10275 5350 10275 4733 10276 5350 10276 4734 10276 4734 10277 5350 10277 5351 10277 4734 10278 5351 10278 5342 10278 4813 10279 5270 10279 4723 10279 4723 10280 5270 10280 5352 10280 4723 10281 5352 10281 4724 10281 4724 10282 5352 10282 5353 10282 4724 10283 5353 10283 4725 10283 4725 10284 5353 10284 5354 10284 4725 10285 5354 10285 4726 10285 4726 10286 5354 10286 5355 10286 4726 10287 5355 10287 4727 10287 4727 10288 5355 10288 5356 10288 4727 10289 5356 10289 4728 10289 4728 10290 5356 10290 5357 10290 4728 10291 5357 10291 4729 10291 4729 10292 5357 10292 5358 10292 4729 10293 5358 10293 5347 10293 5144 10294 5149 10294 5359 10294 5147 10295 5145 10295 5360 10295 5140 10296 5361 10296 5141 10296 5141 10297 5361 10297 5362 10297 5141 10298 5362 10298 5145 10298 4818 10299 4322 10299 5144 10299 5363 10300 5364 10300 5365 10300 5365 10301 5364 10301 5366 10301 5144 10302 5359 10302 4818 10302 4818 10303 5359 10303 5367 10303 4818 10304 5367 10304 4816 10304 4816 10305 5367 10305 5365 10305 4816 10306 5365 10306 4817 10306 4817 10307 5365 10307 5366 10307 4817 10308 5366 10308 4334 10308 5368 10309 5369 10309 5370 10309 5370 10310 5369 10310 5371 10310 5145 10311 5362 10311 5360 10311 5360 10312 5362 10312 5372 10312 5360 10313 5372 10313 5373 10313 5373 10314 5372 10314 5371 10314 5373 10315 5371 10315 5374 10315 5374 10316 5371 10316 5369 10316 5374 10317 5369 10317 5375 10317 5149 10318 5147 10318 5359 10318 5359 10319 5147 10319 5360 10319 5359 10320 5360 10320 5367 10320 5367 10321 5360 10321 5373 10321 5367 10322 5373 10322 5365 10322 5365 10323 5373 10323 5374 10323 5365 10324 5374 10324 5363 10324 5363 10325 5374 10325 5375 10325 4344 10326 4343 10326 5376 10326 4346 10327 5377 10327 5378 10327 4334 10328 5366 10328 4336 10328 4336 10329 5366 10329 5377 10329 4336 10330 5377 10330 4345 10330 4345 10331 5377 10331 4346 10331 5379 10332 5380 10332 5378 10332 5378 10333 5380 10333 4347 10333 5378 10334 4347 10334 4346 10334 4344 10335 5376 10335 4339 10335 4342 10336 4341 10336 5380 10336 4341 10337 4331 10337 5380 10337 5380 10338 4331 10338 4330 10338 5380 10339 4330 10339 4347 10339 5381 10340 5382 10340 5376 10340 5376 10341 5382 10341 5383 10341 5376 10342 5383 10342 4339 10342 4339 10343 5383 10343 4337 10343 5369 10344 5368 10344 5384 10344 5363 10345 5375 10345 5385 10345 5385 10346 5375 10346 5369 10346 5385 10347 5369 10347 5386 10347 5386 10348 5369 10348 5384 10348 5381 10349 5387 10349 5382 10349 5382 10350 5387 10350 5388 10350 5382 10351 5388 10351 5389 10351 5386 10352 5379 10352 5385 10352 5385 10353 5379 10353 5378 10353 5385 10354 5378 10354 5363 10354 5363 10355 5378 10355 5377 10355 5363 10356 5377 10356 5364 10356 5364 10357 5377 10357 5366 10357 5384 10358 5390 10358 5386 10358 5386 10359 5390 10359 5387 10359 5386 10360 5387 10360 5379 10360 5379 10361 5387 10361 5381 10361 5379 10362 5381 10362 5380 10362 5380 10363 5381 10363 5376 10363 5380 10364 5376 10364 4342 10364 4342 10365 5376 10365 4343 10365 5391 10366 4824 10366 4823 10366 5392 10367 4821 10367 5393 10367 5393 10368 4821 10368 4820 10368 5393 10369 4820 10369 4819 10369 4337 10370 5383 10370 4819 10370 4819 10371 5383 10371 5382 10371 4819 10372 5382 10372 5393 10372 5394 10373 5391 10373 5395 10373 5395 10374 5391 10374 4823 10374 5395 10375 4823 10375 5392 10375 5392 10376 4823 10376 4822 10376 5392 10377 4822 10377 4821 10377 5396 10378 5392 10378 5397 10378 5397 10379 5392 10379 5393 10379 5397 10380 5393 10380 5398 10380 5398 10381 5393 10381 5382 10381 5398 10382 5382 10382 5389 10382 5396 10383 5399 10383 5392 10383 5392 10384 5399 10384 5400 10384 5392 10385 5400 10385 5395 10385 5395 10386 5400 10386 5401 10386 5395 10387 5401 10387 5402 10387 5402 10388 5403 10388 5395 10388 5395 10389 5403 10389 5404 10389 5395 10390 5404 10390 5394 10390 5394 10391 5404 10391 5405 10391 5394 10392 5405 10392 5406 10392 4837 10393 4824 10393 5391 10393 5407 10394 5130 10394 5132 10394 5408 10395 5409 10395 5410 10395 5410 10396 5409 10396 5411 10396 5412 10397 5413 10397 5414 10397 5414 10398 5413 10398 5415 10398 5414 10399 5415 10399 5416 10399 5414 10400 4825 10400 4841 10400 4835 10401 5417 10401 5412 10401 5412 10402 5417 10402 5418 10402 5412 10403 5418 10403 5413 10403 5414 10404 4841 10404 5412 10404 5412 10405 4841 10405 4836 10405 5412 10406 4836 10406 4835 10406 4835 10407 4834 10407 5417 10407 5417 10408 4834 10408 4840 10408 5417 10409 4840 10409 5419 10409 5419 10410 4840 10410 4839 10410 5419 10411 4839 10411 5420 10411 5420 10412 4839 10412 4838 10412 5411 10413 4831 10413 4830 10413 5411 10414 4830 10414 5421 10414 4831 10415 5411 10415 4829 10415 4829 10416 5411 10416 5409 10416 4829 10417 5409 10417 4828 10417 4828 10418 5409 10418 5422 10418 4828 10419 5422 10419 4827 10419 5408 10420 5407 10420 5409 10420 5409 10421 5407 10421 5132 10421 5409 10422 5132 10422 5422 10422 5422 10423 5132 10423 5134 10423 5422 10424 5134 10424 4827 10424 4827 10425 5134 10425 4626 10425 5406 10426 5423 10426 5419 10426 5419 10427 5423 10427 5424 10427 5419 10428 5424 10428 5417 10428 5417 10429 5424 10429 5425 10429 5417 10430 5425 10430 5418 10430 5416 10431 5426 10431 5414 10431 5414 10432 5426 10432 5427 10432 5414 10433 5427 10433 5421 10433 5421 10434 5427 10434 5428 10434 5421 10435 5428 10435 5411 10435 5411 10436 5428 10436 5429 10436 5411 10437 5429 10437 5410 10437 4838 10438 4837 10438 5420 10438 5420 10439 4837 10439 5391 10439 5420 10440 5391 10440 5419 10440 5419 10441 5391 10441 5394 10441 5419 10442 5394 10442 5406 10442 4830 10443 4832 10443 5421 10443 5421 10444 4832 10444 4833 10444 5421 10445 4833 10445 5414 10445 5414 10446 4833 10446 4826 10446 5414 10447 4826 10447 4825 10447 4475 10448 4474 10448 5430 10448 4477 10449 5431 10449 5432 10449 4468 10450 5433 10450 4469 10450 4469 10451 5433 10451 5431 10451 4469 10452 5431 10452 4476 10452 4476 10453 5431 10453 4477 10453 5434 10454 5435 10454 5432 10454 5432 10455 5435 10455 4478 10455 5432 10456 4478 10456 4477 10456 4475 10457 5430 10457 4471 10457 4473 10458 4472 10458 5435 10458 4472 10459 4467 10459 5435 10459 5435 10460 4467 10460 4466 10460 5435 10461 4466 10461 4478 10461 5436 10462 5437 10462 5430 10462 5430 10463 5437 10463 5438 10463 5430 10464 5438 10464 4471 10464 4471 10465 5438 10465 4470 10465 5439 10466 5440 10466 5441 10466 5442 10467 5443 10467 5444 10467 5444 10468 5443 10468 5439 10468 5444 10469 5439 10469 5445 10469 5445 10470 5439 10470 5441 10470 5436 10471 5446 10471 5437 10471 5437 10472 5446 10472 5447 10472 5437 10473 5447 10473 5448 10473 5445 10474 5434 10474 5444 10474 5444 10475 5434 10475 5432 10475 5444 10476 5432 10476 5442 10476 5442 10477 5432 10477 5431 10477 5442 10478 5431 10478 5449 10478 5449 10479 5431 10479 5433 10479 5441 10480 5450 10480 5445 10480 5445 10481 5450 10481 5446 10481 5445 10482 5446 10482 5434 10482 5434 10483 5446 10483 5436 10483 5434 10484 5436 10484 5435 10484 5435 10485 5436 10485 5430 10485 5435 10486 5430 10486 4473 10486 4473 10487 5430 10487 4474 10487 5451 10488 5452 10488 5453 10488 5454 10489 4847 10489 4846 10489 5455 10490 5456 10490 4846 10490 5457 10491 5456 10491 5458 10491 5458 10492 5456 10492 5455 10492 5458 10493 5455 10493 5459 10493 5459 10494 5455 10494 5460 10494 4846 10495 4845 10495 5455 10495 5455 10496 4845 10496 4844 10496 5455 10497 4844 10497 5461 10497 5461 10498 4844 10498 4843 10498 5461 10499 4843 10499 4842 10499 4470 10500 5438 10500 4842 10500 4842 10501 5438 10501 5437 10501 4842 10502 5437 10502 5461 10502 5460 10503 5455 10503 5462 10503 5462 10504 5455 10504 5461 10504 5462 10505 5461 10505 5463 10505 5463 10506 5461 10506 5437 10506 5463 10507 5437 10507 5448 10507 5457 10508 5464 10508 5456 10508 5456 10509 5464 10509 5465 10509 5456 10510 5465 10510 5466 10510 5454 10511 4846 10511 5467 10511 5467 10512 4846 10512 5456 10512 5467 10513 5456 10513 5453 10513 5453 10514 5456 10514 5466 10514 5453 10515 5466 10515 5451 10515 5468 10516 5469 10516 5470 10516 4859 10517 4847 10517 5454 10517 4860 10518 5471 10518 4861 10518 4861 10519 5471 10519 5472 10519 4861 10520 5472 10520 4862 10520 4862 10521 5472 10521 5473 10521 4862 10522 5473 10522 4863 10522 4863 10523 5473 10523 4866 10523 4866 10524 5473 10524 5474 10524 4866 10525 5474 10525 4865 10525 4865 10526 5474 10526 4864 10526 4864 10527 5474 10527 5470 10527 4864 10528 5470 10528 4853 10528 5475 10529 4854 10529 5470 10529 5470 10530 4854 10530 4853 10530 4856 10531 4857 10531 5476 10531 5476 10532 4857 10532 4858 10532 5476 10533 4858 10533 5475 10533 5475 10534 4858 10534 4855 10534 5475 10535 4855 10535 4854 10535 4849 10536 4850 10536 5477 10536 5477 10537 4850 10537 4851 10537 5477 10538 4851 10538 4852 10538 5476 10539 5478 10539 5479 10539 4852 10540 4856 10540 5477 10540 5477 10541 4856 10541 5476 10541 5477 10542 5476 10542 5480 10542 5480 10543 5476 10543 5479 10543 5480 10544 5479 10544 5481 10544 5482 10545 5483 10545 5484 10545 5468 10546 5470 10546 5485 10546 5485 10547 5470 10547 5474 10547 5485 10548 5474 10548 5486 10548 5486 10549 5474 10549 5473 10549 5486 10550 5473 10550 5487 10550 5487 10551 5473 10551 5488 10551 5488 10552 5473 10552 5472 10552 5488 10553 5472 10553 5489 10553 4848 10554 4849 10554 5490 10554 5490 10555 4849 10555 5477 10555 5490 10556 5477 10556 5491 10556 5491 10557 5477 10557 5480 10557 5491 10558 5480 10558 5484 10558 5484 10559 5480 10559 5481 10559 5484 10560 5481 10560 5482 10560 5469 10561 5492 10561 5470 10561 5470 10562 5492 10562 5493 10562 5470 10563 5493 10563 5475 10563 5475 10564 5493 10564 5494 10564 5475 10565 5494 10565 5476 10565 5476 10566 5494 10566 5495 10566 5476 10567 5495 10567 5478 10567 4860 10568 4859 10568 5471 10568 5471 10569 4859 10569 5454 10569 5471 10570 5454 10570 5472 10570 5472 10571 5454 10571 5467 10571 5472 10572 5467 10572 5489 10572 5489 10573 5467 10573 5453 10573 5489 10574 5453 10574 5452 10574 5496 10575 4868 10575 4867 10575 4867 10576 4848 10576 5490 10576 5497 10577 5498 10577 5499 10577 5499 10578 5498 10578 5500 10578 5499 10579 5500 10579 5501 10579 5502 10580 5503 10580 5498 10580 5498 10581 5503 10581 5504 10581 5498 10582 5504 10582 5500 10582 4868 10583 5496 10583 4869 10583 4869 10584 5496 10584 5502 10584 4869 10585 5502 10585 4870 10585 4870 10586 5502 10586 5498 10586 4870 10587 5498 10587 4871 10587 4871 10588 5498 10588 5497 10588 4871 10589 5497 10589 4479 10589 5505 10590 5484 10590 5506 10590 5506 10591 5484 10591 5483 10591 5490 10592 5491 10592 4867 10592 4867 10593 5491 10593 5484 10593 4867 10594 5484 10594 5496 10594 5496 10595 5484 10595 5505 10595 5496 10596 5505 10596 5507 10596 5507 10597 5508 10597 5496 10597 5496 10598 5508 10598 5509 10598 5496 10599 5509 10599 5502 10599 5502 10600 5509 10600 5510 10600 5502 10601 5510 10601 5503 10601 5511 10602 5512 10602 5513 10602 4480 10603 4479 10603 5497 10603 4489 10604 4488 10604 5514 10604 5515 10605 4485 10605 4490 10605 4480 10606 5497 10606 4481 10606 5516 10607 4482 10607 4483 10607 5513 10608 5517 10608 5518 10608 5518 10609 5517 10609 5519 10609 5518 10610 5519 10610 5520 10610 5520 10611 5519 10611 5521 10611 5520 10612 5521 10612 5516 10612 5516 10613 4483 10613 5520 10613 5520 10614 4483 10614 4484 10614 5520 10615 4484 10615 4487 10615 4490 10616 4489 10616 5515 10616 5515 10617 4489 10617 5514 10617 5515 10618 5514 10618 5522 10618 5522 10619 5514 10619 5523 10619 5522 10620 5523 10620 5524 10620 5525 10621 5524 10621 5526 10621 5526 10622 5524 10622 5523 10622 5526 10623 5523 10623 5501 10623 5511 10624 5513 10624 5525 10624 4488 10625 4481 10625 5514 10625 5514 10626 4481 10626 5497 10626 5514 10627 5497 10627 5523 10627 5523 10628 5497 10628 5499 10628 5523 10629 5499 10629 5501 10629 5525 10630 5513 10630 5524 10630 5524 10631 5513 10631 5518 10631 5524 10632 5518 10632 5522 10632 5522 10633 5518 10633 5520 10633 5522 10634 5520 10634 5515 10634 5515 10635 5520 10635 4487 10635 5515 10636 4487 10636 4485 10636 5439 10637 5443 10637 5527 10637 5516 10638 5521 10638 5528 10638 4872 10639 4482 10639 5516 10639 5442 10640 5449 10640 5529 10640 5529 10641 5449 10641 5433 10641 5516 10642 5528 10642 4872 10642 4872 10643 5528 10643 5530 10643 4872 10644 5530 10644 4873 10644 4873 10645 5530 10645 5529 10645 4873 10646 5529 10646 4874 10646 4874 10647 5529 10647 5433 10647 4874 10648 5433 10648 4468 10648 5440 10649 5439 10649 5531 10649 5531 10650 5439 10650 5532 10650 5439 10651 5527 10651 5532 10651 5532 10652 5527 10652 5533 10652 5532 10653 5533 10653 5534 10653 5534 10654 5533 10654 5535 10654 5534 10655 5535 10655 5536 10655 5512 10656 5537 10656 5513 10656 5513 10657 5537 10657 5536 10657 5513 10658 5536 10658 5517 10658 5517 10659 5536 10659 5535 10659 5517 10660 5535 10660 5519 10660 5521 10661 5519 10661 5528 10661 5528 10662 5519 10662 5535 10662 5528 10663 5535 10663 5530 10663 5530 10664 5535 10664 5533 10664 5530 10665 5533 10665 5529 10665 5529 10666 5533 10666 5527 10666 5529 10667 5527 10667 5442 10667 5442 10668 5527 10668 5443 10668 4546 10669 4545 10669 5538 10669 4548 10670 5539 10670 5540 10670 4539 10671 5541 10671 4540 10671 4540 10672 5541 10672 5539 10672 4540 10673 5539 10673 4547 10673 4547 10674 5539 10674 4548 10674 5542 10675 5543 10675 5540 10675 5540 10676 5543 10676 4549 10676 5540 10677 4549 10677 4548 10677 4546 10678 5538 10678 4542 10678 4544 10679 4543 10679 5543 10679 4543 10680 4538 10680 5543 10680 5543 10681 4538 10681 4537 10681 5543 10682 4537 10682 4549 10682 5544 10683 5545 10683 5538 10683 5538 10684 5545 10684 5546 10684 5538 10685 5546 10685 4542 10685 4542 10686 5546 10686 4541 10686 5547 10687 5548 10687 5549 10687 5550 10688 5551 10688 5552 10688 5552 10689 5551 10689 5547 10689 5552 10690 5547 10690 5553 10690 5553 10691 5547 10691 5549 10691 5544 10692 5554 10692 5545 10692 5545 10693 5554 10693 5555 10693 5545 10694 5555 10694 5556 10694 5553 10695 5542 10695 5552 10695 5552 10696 5542 10696 5540 10696 5552 10697 5540 10697 5550 10697 5550 10698 5540 10698 5539 10698 5550 10699 5539 10699 5557 10699 5557 10700 5539 10700 5541 10700 5549 10701 5558 10701 5553 10701 5553 10702 5558 10702 5554 10702 5553 10703 5554 10703 5542 10703 5542 10704 5554 10704 5544 10704 5542 10705 5544 10705 5543 10705 5543 10706 5544 10706 5538 10706 5543 10707 5538 10707 4544 10707 4544 10708 5538 10708 4545 10708 5559 10709 4880 10709 4879 10709 5560 10710 4877 10710 5561 10710 5561 10711 4877 10711 4876 10711 5561 10712 4876 10712 4875 10712 4541 10713 5546 10713 4875 10713 4875 10714 5546 10714 5545 10714 4875 10715 5545 10715 5561 10715 5559 10716 4879 10716 5562 10716 5563 10717 5562 10717 5564 10717 5564 10718 5562 10718 4879 10718 5564 10719 4879 10719 5560 10719 5560 10720 4879 10720 4878 10720 5560 10721 4878 10721 4877 10721 5565 10722 5560 10722 5566 10722 5566 10723 5560 10723 5561 10723 5566 10724 5561 10724 5567 10724 5567 10725 5561 10725 5545 10725 5567 10726 5545 10726 5556 10726 5565 10727 5568 10727 5560 10727 5560 10728 5568 10728 5569 10728 5560 10729 5569 10729 5564 10729 5564 10730 5569 10730 5570 10730 5564 10731 5570 10731 5571 10731 5571 10732 5572 10732 5564 10732 5564 10733 5572 10733 5573 10733 5564 10734 5573 10734 5563 10734 5563 10735 5573 10735 5574 10735 5563 10736 5574 10736 5575 10736 5576 10737 5577 10737 5578 10737 4885 10738 4880 10738 5559 10738 4885 10739 5559 10739 4884 10739 4898 10740 4897 10740 5579 10740 5579 10741 4897 10741 4896 10741 5579 10742 4896 10742 5580 10742 5580 10743 4896 10743 4895 10743 5580 10744 4895 10744 5581 10744 5581 10745 4895 10745 4894 10745 4898 10746 5579 10746 4881 10746 4881 10747 5579 10747 5582 10747 4881 10748 5582 10748 4882 10748 4882 10749 5582 10749 5578 10749 4882 10750 5578 10750 4883 10750 5583 10751 4900 10751 5578 10751 5578 10752 4900 10752 4899 10752 5578 10753 4899 10753 4883 10753 4893 10754 4892 10754 5584 10754 5584 10755 4892 10755 4891 10755 5584 10756 4891 10756 5583 10756 5583 10757 4891 10757 4890 10757 5583 10758 4890 10758 4900 10758 4893 10759 5585 10759 4889 10759 4889 10760 5585 10760 5586 10760 4889 10761 5586 10761 4888 10761 4888 10762 5586 10762 4887 10762 5584 10763 5587 10763 5588 10763 4893 10764 5584 10764 5585 10764 5585 10765 5584 10765 5588 10765 5585 10766 5588 10766 5589 10766 5590 10767 5591 10767 5592 10767 5576 10768 5578 10768 5593 10768 5593 10769 5578 10769 5582 10769 5593 10770 5582 10770 5594 10770 5594 10771 5582 10771 5579 10771 5594 10772 5579 10772 5595 10772 5595 10773 5579 10773 5596 10773 5596 10774 5579 10774 5580 10774 5596 10775 5580 10775 5597 10775 4886 10776 4887 10776 5598 10776 5598 10777 4887 10777 5586 10777 5598 10778 5586 10778 5599 10778 5599 10779 5586 10779 5585 10779 5599 10780 5585 10780 5592 10780 5592 10781 5585 10781 5589 10781 5592 10782 5589 10782 5590 10782 5577 10783 5600 10783 5578 10783 5578 10784 5600 10784 5601 10784 5578 10785 5601 10785 5583 10785 5583 10786 5601 10786 5602 10786 5583 10787 5602 10787 5584 10787 5584 10788 5602 10788 5603 10788 5584 10789 5603 10789 5587 10789 4894 10790 4884 10790 5581 10790 5581 10791 4884 10791 5559 10791 5581 10792 5559 10792 5580 10792 5580 10793 5559 10793 5562 10793 5580 10794 5562 10794 5597 10794 5597 10795 5562 10795 5563 10795 5597 10796 5563 10796 5575 10796 5604 10797 4902 10797 4901 10797 4901 10798 4886 10798 5598 10798 5605 10799 5606 10799 5607 10799 5607 10800 5606 10800 5608 10800 5607 10801 5608 10801 5609 10801 5610 10802 5611 10802 5606 10802 5606 10803 5611 10803 5612 10803 5606 10804 5612 10804 5608 10804 4902 10805 5604 10805 4903 10805 4903 10806 5604 10806 5610 10806 4903 10807 5610 10807 4904 10807 4904 10808 5610 10808 5606 10808 4904 10809 5606 10809 4905 10809 4905 10810 5606 10810 5605 10810 4905 10811 5605 10811 4550 10811 5613 10812 5592 10812 5614 10812 5614 10813 5592 10813 5591 10813 5598 10814 5599 10814 4901 10814 4901 10815 5599 10815 5592 10815 4901 10816 5592 10816 5604 10816 5604 10817 5592 10817 5613 10817 5604 10818 5613 10818 5615 10818 5615 10819 5616 10819 5604 10819 5604 10820 5616 10820 5617 10820 5604 10821 5617 10821 5610 10821 5610 10822 5617 10822 5618 10822 5610 10823 5618 10823 5611 10823 5619 10824 5620 10824 5621 10824 4551 10825 4550 10825 5605 10825 4560 10826 4559 10826 5622 10826 5623 10827 4556 10827 4561 10827 4551 10828 5605 10828 4552 10828 5624 10829 4553 10829 4554 10829 5621 10830 5625 10830 5626 10830 5626 10831 5625 10831 5627 10831 5626 10832 5627 10832 5628 10832 5628 10833 5627 10833 5629 10833 5628 10834 5629 10834 5624 10834 5624 10835 4554 10835 5628 10835 5628 10836 4554 10836 4555 10836 5628 10837 4555 10837 4558 10837 4561 10838 4560 10838 5623 10838 5623 10839 4560 10839 5622 10839 5623 10840 5622 10840 5630 10840 5630 10841 5622 10841 5631 10841 5630 10842 5631 10842 5632 10842 5633 10843 5632 10843 5634 10843 5634 10844 5632 10844 5631 10844 5634 10845 5631 10845 5609 10845 5619 10846 5621 10846 5633 10846 4559 10847 4552 10847 5622 10847 5622 10848 4552 10848 5605 10848 5622 10849 5605 10849 5631 10849 5631 10850 5605 10850 5607 10850 5631 10851 5607 10851 5609 10851 5633 10852 5621 10852 5632 10852 5632 10853 5621 10853 5626 10853 5632 10854 5626 10854 5630 10854 5630 10855 5626 10855 5628 10855 5630 10856 5628 10856 5623 10856 5623 10857 5628 10857 4558 10857 5623 10858 4558 10858 4556 10858 5547 10859 5551 10859 5635 10859 5624 10860 5629 10860 5636 10860 4908 10861 4553 10861 5624 10861 5550 10862 5557 10862 5637 10862 5637 10863 5557 10863 5541 10863 5624 10864 5636 10864 4908 10864 4908 10865 5636 10865 5638 10865 4908 10866 5638 10866 4907 10866 4907 10867 5638 10867 5637 10867 4907 10868 5637 10868 4906 10868 4906 10869 5637 10869 5541 10869 4906 10870 5541 10870 4539 10870 5548 10871 5547 10871 5639 10871 5639 10872 5547 10872 5640 10872 5547 10873 5635 10873 5640 10873 5640 10874 5635 10874 5641 10874 5640 10875 5641 10875 5642 10875 5642 10876 5641 10876 5643 10876 5642 10877 5643 10877 5644 10877 5620 10878 5645 10878 5621 10878 5621 10879 5645 10879 5644 10879 5621 10880 5644 10880 5625 10880 5625 10881 5644 10881 5643 10881 5625 10882 5643 10882 5627 10882 5629 10883 5627 10883 5636 10883 5636 10884 5627 10884 5643 10884 5636 10885 5643 10885 5638 10885 5638 10886 5643 10886 5641 10886 5638 10887 5641 10887 5637 10887 5637 10888 5641 10888 5635 10888 5637 10889 5635 10889 5550 10889 5550 10890 5635 10890 5551 10890 5280 10891 5279 10891 5646 10891 5282 10892 5281 10892 5647 10892 5351 10893 5350 10893 5648 10893 5649 10894 5650 10894 5651 10894 5652 10895 5653 10895 5654 10895 5655 10896 5656 10896 5657 10896 5658 10897 5659 10897 5660 10897 5661 10898 5662 10898 5650 10898 5663 10899 5664 10899 5665 10899 5666 10900 5667 10900 5668 10900 5669 10901 5670 10901 5671 10901 5199 10902 5198 10902 5672 10902 5264 10903 5265 10903 5673 10903 5084 10904 5083 10904 5674 10904 4942 10905 4941 10905 5675 10905 4988 10906 5002 10906 5676 10906 5002 10907 5003 10907 5676 10907 5676 10908 5003 10908 4978 10908 5676 10909 4978 10909 5677 10909 5678 10910 5013 10910 5679 10910 5679 10911 5013 10911 5014 10911 5679 10912 5014 10912 5676 10912 5676 10913 5014 10913 4989 10913 5676 10914 4989 10914 4988 10914 5680 10915 5009 10915 5678 10915 5678 10916 5009 10916 5011 10916 5678 10917 5011 10917 5013 10917 4926 10918 4925 10918 5681 10918 5681 10919 4925 10919 4929 10919 4929 10920 4920 10920 5681 10920 5681 10921 4920 10921 4919 10921 5681 10922 4919 10922 5680 10922 5680 10923 4919 10923 5008 10923 5680 10924 5008 10924 5009 10924 4940 10925 4939 10925 5682 10925 5682 10926 4939 10926 4938 10926 4935 10927 4936 10927 5683 10927 5683 10928 4936 10928 4937 10928 5683 10929 4937 10929 4927 10929 4942 10930 5675 10930 4943 10930 4958 10931 4957 10931 5684 10931 4955 10932 4960 10932 5685 10932 4960 10933 4968 10933 5685 10933 5685 10934 4968 10934 4967 10934 5685 10935 4967 10935 4966 10935 4971 10936 4970 10936 5684 10936 5684 10937 4970 10937 4969 10937 5684 10938 4969 10938 4958 10938 4982 10939 4983 10939 5686 10939 5686 10940 4983 10940 4947 10940 5686 10941 4947 10941 5687 10941 5687 10942 4947 10942 4946 10942 5687 10943 4946 10943 4953 10943 4953 10944 4951 10944 5687 10944 5687 10945 4951 10945 4950 10945 5687 10946 4950 10946 4972 10946 5688 10947 5689 10947 4984 10947 4980 10948 5690 10948 4981 10948 4981 10949 5690 10949 5677 10949 4981 10950 5677 10950 4977 10950 4977 10951 5677 10951 4978 10951 4980 10952 4987 10952 5690 10952 5690 10953 4987 10953 4986 10953 5690 10954 4986 10954 5689 10954 5689 10955 4986 10955 4985 10955 5689 10956 4985 10956 4984 10956 5108 10957 5109 10957 5691 10957 5120 10958 5095 10958 5691 10958 5691 10959 5095 10959 5094 10959 5691 10960 5094 10960 5108 10960 5119 10961 5692 10961 5693 10961 5694 10962 5115 10962 5693 10962 5693 10963 5115 10963 5117 10963 5693 10964 5117 10964 5119 10964 5695 10965 5043 10965 5033 10965 5695 10966 5033 10966 5696 10966 5033 10967 5032 10967 5696 10967 5696 10968 5032 10968 5031 10968 5696 10969 5031 10969 5035 10969 5035 10970 5026 10970 5696 10970 5696 10971 5026 10971 5025 10971 5696 10972 5025 10972 5694 10972 5694 10973 5025 10973 5114 10973 5694 10974 5114 10974 5115 10974 5045 10975 5044 10975 5697 10975 5697 10976 5044 10976 5041 10976 5697 10977 5041 10977 5695 10977 5695 10978 5041 10978 5042 10978 5695 10979 5042 10979 5043 10979 5045 10980 5697 10980 5046 10980 5046 10981 5697 10981 5698 10981 5046 10982 5698 10982 5047 10982 5699 10983 5049 10983 5698 10983 5698 10984 5049 10984 5048 10984 5698 10985 5048 10985 5047 10985 5063 10986 5061 10986 5700 10986 5700 10987 5061 10987 5066 10987 5700 10988 5066 10988 5074 10988 5074 10989 5073 10989 5700 10989 5700 10990 5073 10990 5072 10990 5700 10991 5072 10991 5701 10991 5701 10992 5072 10992 5051 10992 5701 10993 5051 10993 5050 10993 5077 10994 5076 10994 5702 10994 5702 10995 5076 10995 5075 10995 5702 10996 5075 10996 5064 10996 5089 10997 5088 10997 5703 10997 5703 10998 5088 10998 5053 10998 5703 10999 5053 10999 5704 10999 5704 11000 5053 11000 5052 11000 5704 11001 5052 11001 5059 11001 5059 11002 5057 11002 5704 11002 5704 11003 5057 11003 5056 11003 5704 11004 5056 11004 5078 11004 5092 11005 5091 11005 5705 11005 5087 11006 5086 11006 5706 11006 5706 11007 5086 11007 5093 11007 5408 11008 5410 11008 5707 11008 5133 11009 5131 11009 5708 11009 5708 11010 5131 11010 5130 11010 5708 11011 5130 11011 5707 11011 5707 11012 5130 11012 5407 11012 5707 11013 5407 11013 5408 11013 5410 11014 5429 11014 5707 11014 5707 11015 5429 11015 5428 11015 5707 11016 5428 11016 5427 11016 5709 11017 5710 11017 5135 11017 5128 11018 5711 11018 5129 11018 5129 11019 5711 11019 5712 11019 5128 11020 5138 11020 5711 11020 5711 11021 5138 11021 5137 11021 5711 11022 5137 11022 5710 11022 5710 11023 5137 11023 5136 11023 5710 11024 5136 11024 5135 11024 5139 11025 5153 11025 5713 11025 5139 11026 5713 11026 5140 11026 5153 11027 5154 11027 5713 11027 5713 11028 5154 11028 5126 11028 5713 11029 5126 11029 5712 11029 5712 11030 5126 11030 5125 11030 5712 11031 5125 11031 5129 11031 5140 11032 5713 11032 5361 11032 5361 11033 5713 11033 5714 11033 5361 11034 5714 11034 5362 11034 5362 11035 5714 11035 5715 11035 5362 11036 5715 11036 5372 11036 5271 11037 4804 11037 5716 11037 5716 11038 4804 11038 5162 11038 5162 11039 5161 11039 5716 11039 5716 11040 5161 11040 5157 11040 5716 11041 5157 11041 5158 11041 5159 11042 5160 11042 5717 11042 5717 11043 5160 11043 5156 11043 5717 11044 5156 11044 5155 11044 5173 11045 5263 11045 5718 11045 5718 11046 5263 11046 5264 11046 5180 11047 5719 11047 5181 11047 5181 11048 5719 11048 5720 11048 5181 11049 5720 11049 5191 11049 5180 11050 5179 11050 5719 11050 5719 11051 5179 11051 5183 11051 5719 11052 5183 11052 5174 11052 5193 11053 5192 11053 5721 11053 5721 11054 5192 11054 5189 11054 5721 11055 5189 11055 5720 11055 5720 11056 5189 11056 5190 11056 5720 11057 5190 11057 5191 11057 5193 11058 5721 11058 5194 11058 5194 11059 5721 11059 5722 11059 5194 11060 5722 11060 5195 11060 5723 11061 5197 11061 5722 11061 5722 11062 5197 11062 5196 11062 5722 11063 5196 11063 5195 11063 5208 11064 5213 11064 5724 11064 5210 11065 5725 11065 5211 11065 5211 11066 5725 11066 5222 11066 5213 11067 5221 11067 5724 11067 5724 11068 5221 11068 5220 11068 5724 11069 5220 11069 5672 11069 5672 11070 5220 11070 5219 11070 5672 11071 5219 11071 5199 11071 5669 11072 5671 11072 5726 11072 5727 11073 5726 11073 5728 11073 5729 11074 5730 11074 5731 11074 5732 11075 5733 11075 5734 11075 5735 11076 5736 11076 5737 11076 5736 11077 5735 11077 5738 11077 5739 11078 5740 11078 5741 11078 5742 11079 5743 11079 5744 11079 5650 11080 5662 11080 5651 11080 5651 11081 5662 11081 5745 11081 5651 11082 5745 11082 5746 11082 5747 11083 5748 11083 5749 11083 5750 11084 5751 11084 5752 11084 5753 11085 5754 11085 5755 11085 5756 11086 5757 11086 5758 11086 5759 11087 5760 11087 5761 11087 5726 11088 5671 11088 5728 11088 5728 11089 5671 11089 5725 11089 5728 11090 5725 11090 5724 11090 5724 11091 5725 11091 5210 11091 5724 11092 5210 11092 5208 11092 4972 11093 4971 11093 5687 11093 5687 11094 4971 11094 5684 11094 5687 11095 5684 11095 5762 11095 5737 11096 5762 11096 5735 11096 5735 11097 5762 11097 5684 11097 5735 11098 5684 11098 5685 11098 5685 11099 5684 11099 4957 11099 5685 11100 4957 11100 4955 11100 5659 11101 5661 11101 5660 11101 5660 11102 5661 11102 5650 11102 5660 11103 5650 11103 5763 11103 5763 11104 5650 11104 5649 11104 5763 11105 5649 11105 5764 11105 5751 11106 5747 11106 5752 11106 5752 11107 5747 11107 5749 11107 5752 11108 5749 11108 5702 11108 5702 11109 5749 11109 5704 11109 5702 11110 5704 11110 5077 11110 5077 11111 5704 11111 5078 11111 5765 11112 5750 11112 5766 11112 5766 11113 5750 11113 5752 11113 5766 11114 5752 11114 5700 11114 5700 11115 5752 11115 5702 11115 5700 11116 5702 11116 5063 11116 5063 11117 5702 11117 5064 11117 5761 11118 5767 11118 5759 11118 5759 11119 5767 11119 5707 11119 5759 11120 5707 11120 5768 11120 5768 11121 5707 11121 5427 11121 5768 11122 5427 11122 5426 11122 5769 11123 5727 11123 5770 11123 5770 11124 5727 11124 5728 11124 5770 11125 5728 11125 5771 11125 5771 11126 5728 11126 5724 11126 5771 11127 5724 11127 5723 11127 5723 11128 5724 11128 5672 11128 5723 11129 5672 11129 5197 11129 5197 11130 5672 11130 5198 11130 5737 11131 5732 11131 5762 11131 5762 11132 5732 11132 5734 11132 5762 11133 5734 11133 5687 11133 5687 11134 5734 11134 5772 11134 5687 11135 5772 11135 5686 11135 5686 11136 5772 11136 5688 11136 5686 11137 5688 11137 4982 11137 4982 11138 5688 11138 4984 11138 5773 11139 5685 11139 5774 11139 5774 11140 5685 11140 4966 11140 5774 11141 4966 11141 4945 11141 5091 11142 5090 11142 5705 11142 5705 11143 5090 11143 5764 11143 5705 11144 5764 11144 5775 11144 5775 11145 5764 11145 5649 11145 5775 11146 5649 11146 5776 11146 5776 11147 5649 11147 5651 11147 5776 11148 5651 11148 5777 11148 5777 11149 5651 11149 5746 11149 5777 11150 5746 11150 5778 11150 5748 11151 5658 11151 5749 11151 5749 11152 5658 11152 5660 11152 5749 11153 5660 11153 5704 11153 5704 11154 5660 11154 5763 11154 5704 11155 5763 11155 5703 11155 5703 11156 5763 11156 5764 11156 5703 11157 5764 11157 5089 11157 5089 11158 5764 11158 5090 11158 5779 11159 5765 11159 5780 11159 5780 11160 5765 11160 5766 11160 5780 11161 5766 11161 5781 11161 5781 11162 5766 11162 5700 11162 5781 11163 5700 11163 5699 11163 5699 11164 5700 11164 5701 11164 5699 11165 5701 11165 5049 11165 5049 11166 5701 11166 5050 11166 5761 11167 5756 11167 5767 11167 5767 11168 5756 11168 5758 11168 5767 11169 5758 11169 5707 11169 5707 11170 5758 11170 5782 11170 5707 11171 5782 11171 5708 11171 5708 11172 5782 11172 5709 11172 5708 11173 5709 11173 5133 11173 5133 11174 5709 11174 5135 11174 5093 11175 5092 11175 5706 11175 5706 11176 5092 11176 5705 11176 5706 11177 5705 11177 5783 11177 5783 11178 5705 11178 5775 11178 5783 11179 5775 11179 5784 11179 5784 11180 5775 11180 5776 11180 5784 11181 5776 11181 5785 11181 5785 11182 5776 11182 5777 11182 5785 11183 5777 11183 5742 11183 5742 11184 5777 11184 5778 11184 5742 11185 5778 11185 5743 11185 5083 11186 5087 11186 5674 11186 5674 11187 5087 11187 5706 11187 5674 11188 5706 11188 5786 11188 5786 11189 5706 11189 5783 11189 5786 11190 5783 11190 5787 11190 5787 11191 5783 11191 5784 11191 5787 11192 5784 11192 5788 11192 5788 11193 5784 11193 5785 11193 5788 11194 5785 11194 5789 11194 5789 11195 5785 11195 5742 11195 5789 11196 5742 11196 5739 11196 5739 11197 5742 11197 5744 11197 5739 11198 5744 11198 5740 11198 5109 11199 5084 11199 5691 11199 5691 11200 5084 11200 5674 11200 5691 11201 5674 11201 5790 11201 5790 11202 5674 11202 5786 11202 5790 11203 5786 11203 5791 11203 5791 11204 5786 11204 5787 11204 5791 11205 5787 11205 5792 11205 5792 11206 5787 11206 5788 11206 5792 11207 5788 11207 5793 11207 5793 11208 5788 11208 5789 11208 5793 11209 5789 11209 5794 11209 5794 11210 5789 11210 5739 11210 5794 11211 5739 11211 5795 11211 5795 11212 5739 11212 5741 11212 5795 11213 5741 11213 5738 11213 5667 11214 5769 11214 5668 11214 5668 11215 5769 11215 5770 11215 5668 11216 5770 11216 5796 11216 5796 11217 5770 11217 5771 11217 5796 11218 5771 11218 5797 11218 5797 11219 5771 11219 5723 11219 5797 11220 5723 11220 5798 11220 5798 11221 5723 11221 5722 11221 5798 11222 5722 11222 5799 11222 5799 11223 5722 11223 5721 11223 5799 11224 5721 11224 5800 11224 5800 11225 5721 11225 5720 11225 5800 11226 5720 11226 5801 11226 5801 11227 5720 11227 5719 11227 5730 11228 5666 11228 5731 11228 5731 11229 5666 11229 5668 11229 5731 11230 5668 11230 5802 11230 5802 11231 5668 11231 5796 11231 5802 11232 5796 11232 5803 11232 5803 11233 5796 11233 5797 11233 5803 11234 5797 11234 5804 11234 5804 11235 5797 11235 5798 11235 5804 11236 5798 11236 5805 11236 5805 11237 5798 11237 5799 11237 5805 11238 5799 11238 5806 11238 5806 11239 5799 11239 5800 11239 5806 11240 5800 11240 5807 11240 5807 11241 5800 11241 5801 11241 5808 11242 5683 11242 5681 11242 5681 11243 5683 11243 4927 11243 5681 11244 4927 11244 4926 11244 4941 11245 4940 11245 5675 11245 5675 11246 4940 11246 5682 11246 5675 11247 5682 11247 5809 11247 5809 11248 5682 11248 5810 11248 5809 11249 5810 11249 5811 11249 5811 11250 5810 11250 5716 11250 5811 11251 5716 11251 5717 11251 5717 11252 5716 11252 5158 11252 5717 11253 5158 11253 5159 11253 5656 11254 5779 11254 5657 11254 5657 11255 5779 11255 5780 11255 5657 11256 5780 11256 5812 11256 5812 11257 5780 11257 5781 11257 5812 11258 5781 11258 5813 11258 5813 11259 5781 11259 5699 11259 5813 11260 5699 11260 5814 11260 5814 11261 5699 11261 5698 11261 5814 11262 5698 11262 5815 11262 5815 11263 5698 11263 5697 11263 5815 11264 5697 11264 5816 11264 5816 11265 5697 11265 5695 11265 5816 11266 5695 11266 5817 11266 5817 11267 5695 11267 5696 11267 5757 11268 5652 11268 5758 11268 5758 11269 5652 11269 5654 11269 5758 11270 5654 11270 5782 11270 5782 11271 5654 11271 5818 11271 5782 11272 5818 11272 5709 11272 5709 11273 5818 11273 5819 11273 5709 11274 5819 11274 5710 11274 5710 11275 5819 11275 5820 11275 5710 11276 5820 11276 5711 11276 5711 11277 5820 11277 5821 11277 5711 11278 5821 11278 5712 11278 5712 11279 5821 11279 5822 11279 5712 11280 5822 11280 5713 11280 5713 11281 5822 11281 5823 11281 5264 11282 5673 11282 5718 11282 5718 11283 5673 11283 5338 11283 5718 11284 5338 11284 5337 11284 5337 11285 5336 11285 5718 11285 5718 11286 5336 11286 5719 11286 5718 11287 5719 11287 5173 11287 5173 11288 5719 11288 5174 11288 5336 11289 5335 11289 5719 11289 5719 11290 5335 11290 5346 11290 5719 11291 5346 11291 5801 11291 5801 11292 5346 11292 5345 11292 5801 11293 5345 11293 5807 11293 5807 11294 5345 11294 5344 11294 5807 11295 5344 11295 5343 11295 5343 11296 5342 11296 5807 11296 5807 11297 5342 11297 5824 11297 5807 11298 5824 11298 5806 11298 5806 11299 5824 11299 5825 11299 5806 11300 5825 11300 5805 11300 5805 11301 5825 11301 5826 11301 5805 11302 5826 11302 5804 11302 5804 11303 5826 11303 5827 11303 5804 11304 5827 11304 5803 11304 5803 11305 5827 11305 5828 11305 5803 11306 5828 11306 5802 11306 5802 11307 5828 11307 5829 11307 5802 11308 5829 11308 5731 11308 5731 11309 5829 11309 5830 11309 5731 11310 5830 11310 5729 11310 5729 11311 5830 11311 5831 11311 5342 11312 5351 11312 5824 11312 5824 11313 5351 11313 5648 11313 5824 11314 5648 11314 5825 11314 5825 11315 5648 11315 5832 11315 5825 11316 5832 11316 5826 11316 5826 11317 5832 11317 5833 11317 5826 11318 5833 11318 5827 11318 5827 11319 5833 11319 5834 11319 5827 11320 5834 11320 5828 11320 5828 11321 5834 11321 5835 11321 5828 11322 5835 11322 5829 11322 5829 11323 5835 11323 5836 11323 5829 11324 5836 11324 5830 11324 5830 11325 5836 11325 5665 11325 5830 11326 5665 11326 5831 11326 5831 11327 5665 11327 5664 11327 5350 11328 5349 11328 5648 11328 5648 11329 5349 11329 5676 11329 5648 11330 5676 11330 5832 11330 5832 11331 5676 11331 5677 11331 5832 11332 5677 11332 5833 11332 5833 11333 5677 11333 5690 11333 5833 11334 5690 11334 5834 11334 5834 11335 5690 11335 5689 11335 5834 11336 5689 11336 5835 11336 5835 11337 5689 11337 5688 11337 5835 11338 5688 11338 5836 11338 5836 11339 5688 11339 5772 11339 5836 11340 5772 11340 5665 11340 5665 11341 5772 11341 5734 11341 5665 11342 5734 11342 5663 11342 5663 11343 5734 11343 5733 11343 5349 11344 5348 11344 5676 11344 5676 11345 5348 11345 5347 11345 5676 11346 5347 11346 5679 11346 5679 11347 5347 11347 5358 11347 5679 11348 5358 11348 5678 11348 5358 11349 5357 11349 5678 11349 5678 11350 5357 11350 5356 11350 5678 11351 5356 11351 5680 11351 5680 11352 5356 11352 5355 11352 5680 11353 5355 11353 5681 11353 5355 11354 5354 11354 5681 11354 5681 11355 5354 11355 5353 11355 5681 11356 5353 11356 5808 11356 5808 11357 5353 11357 5352 11357 5808 11358 5352 11358 5270 11358 4938 11359 4935 11359 5682 11359 5682 11360 4935 11360 5683 11360 5682 11361 5683 11361 5810 11361 5810 11362 5683 11362 5808 11362 5810 11363 5808 11363 5716 11363 5716 11364 5808 11364 5270 11364 5716 11365 5270 11365 5271 11365 5269 11366 5717 11366 5268 11366 5268 11367 5717 11367 5155 11367 5268 11368 5155 11368 4720 11368 4945 11369 4944 11369 5774 11369 5774 11370 4944 11370 4943 11370 5774 11371 4943 11371 5773 11371 5773 11372 4943 11372 5675 11372 5773 11373 5675 11373 5837 11373 5837 11374 5675 11374 5809 11374 5837 11375 5809 11375 5838 11375 5838 11376 5809 11376 5811 11376 5838 11377 5811 11377 5839 11377 5839 11378 5811 11378 5717 11378 5839 11379 5717 11379 5840 11379 5840 11380 5717 11380 5269 11380 5840 11381 5269 11381 5273 11381 5738 11382 5735 11382 5795 11382 5795 11383 5735 11383 5685 11383 5795 11384 5685 11384 5794 11384 5794 11385 5685 11385 5773 11385 5794 11386 5773 11386 5793 11386 5793 11387 5773 11387 5837 11387 5793 11388 5837 11388 5792 11388 5792 11389 5837 11389 5838 11389 5792 11390 5838 11390 5791 11390 5791 11391 5838 11391 5839 11391 5791 11392 5839 11392 5790 11392 5790 11393 5839 11393 5840 11393 5790 11394 5840 11394 5691 11394 5691 11395 5840 11395 5273 11395 5691 11396 5273 11396 5272 11396 5272 11397 5278 11397 5691 11397 5691 11398 5278 11398 5692 11398 5691 11399 5692 11399 5120 11399 5120 11400 5692 11400 5119 11400 5278 11401 5277 11401 5692 11401 5692 11402 5277 11402 5276 11402 5692 11403 5276 11403 5693 11403 5693 11404 5276 11404 5275 11404 5693 11405 5275 11405 5694 11405 5275 11406 5274 11406 5694 11406 5694 11407 5274 11407 5285 11407 5694 11408 5285 11408 5696 11408 5696 11409 5285 11409 5284 11409 5696 11410 5284 11410 5817 11410 5817 11411 5284 11411 5283 11411 5283 11412 5282 11412 5817 11412 5817 11413 5282 11413 5647 11413 5817 11414 5647 11414 5816 11414 5816 11415 5647 11415 5841 11415 5816 11416 5841 11416 5815 11416 5815 11417 5841 11417 5842 11417 5815 11418 5842 11418 5814 11418 5814 11419 5842 11419 5843 11419 5814 11420 5843 11420 5813 11420 5813 11421 5843 11421 5844 11421 5813 11422 5844 11422 5812 11422 5812 11423 5844 11423 5845 11423 5812 11424 5845 11424 5657 11424 5657 11425 5845 11425 5755 11425 5657 11426 5755 11426 5655 11426 5655 11427 5755 11427 5754 11427 5281 11428 5280 11428 5647 11428 5647 11429 5280 11429 5646 11429 5647 11430 5646 11430 5841 11430 5841 11431 5646 11431 5846 11431 5841 11432 5846 11432 5842 11432 5842 11433 5846 11433 5847 11433 5842 11434 5847 11434 5843 11434 5843 11435 5847 11435 5848 11435 5843 11436 5848 11436 5844 11436 5844 11437 5848 11437 5849 11437 5844 11438 5849 11438 5845 11438 5845 11439 5849 11439 5850 11439 5845 11440 5850 11440 5755 11440 5755 11441 5850 11441 5851 11441 5755 11442 5851 11442 5753 11442 5753 11443 5851 11443 5852 11443 5279 11444 5290 11444 5646 11444 5646 11445 5290 11445 5823 11445 5646 11446 5823 11446 5846 11446 5846 11447 5823 11447 5822 11447 5846 11448 5822 11448 5847 11448 5847 11449 5822 11449 5821 11449 5847 11450 5821 11450 5848 11450 5848 11451 5821 11451 5820 11451 5848 11452 5820 11452 5849 11452 5849 11453 5820 11453 5819 11453 5849 11454 5819 11454 5850 11454 5850 11455 5819 11455 5818 11455 5850 11456 5818 11456 5851 11456 5851 11457 5818 11457 5654 11457 5851 11458 5654 11458 5852 11458 5852 11459 5654 11459 5653 11459 5290 11460 5289 11460 5823 11460 5823 11461 5289 11461 5288 11461 5823 11462 5288 11462 5713 11462 5713 11463 5288 11463 5287 11463 5713 11464 5287 11464 5714 11464 5294 11465 5715 11465 5295 11465 5295 11466 5715 11466 5714 11466 5295 11467 5714 11467 5286 11467 5286 11468 5714 11468 5287 11468 5334 11469 5333 11469 5853 11469 5326 11470 5325 11470 5854 11470 5297 11471 5296 11471 5855 11471 5856 11472 5857 11472 5858 11472 5859 11473 5860 11473 5861 11473 5862 11474 5863 11474 5864 11474 5865 11475 5866 11475 5867 11475 5868 11476 5869 11476 5870 11476 5871 11477 5872 11477 5873 11477 5874 11478 5875 11478 5876 11478 5609 11479 5608 11479 5877 11479 5465 11480 5464 11480 5878 11480 5406 11481 5405 11481 5879 11481 5371 11482 5372 11482 5715 11482 5203 11483 5205 11483 5880 11483 5236 11484 5235 11484 5881 11484 5881 11485 5235 11485 5201 11485 5881 11486 5201 11486 5880 11486 5880 11487 5201 11487 5200 11487 5880 11488 5200 11488 5203 11488 5205 11489 5225 11489 5880 11489 5880 11490 5225 11490 5224 11490 5880 11491 5224 11491 5223 11491 5882 11492 5883 11492 5237 11492 5233 11493 5884 11493 5234 11493 5234 11494 5884 11494 5885 11494 5233 11495 5240 11495 5884 11495 5884 11496 5240 11496 5239 11496 5884 11497 5239 11497 5883 11497 5883 11498 5239 11498 5238 11498 5883 11499 5238 11499 5237 11499 5241 11500 5255 11500 5886 11500 5241 11501 5886 11501 5242 11501 5255 11502 5256 11502 5886 11502 5886 11503 5256 11503 5231 11503 5886 11504 5231 11504 5885 11504 5885 11505 5231 11505 5230 11505 5885 11506 5230 11506 5234 11506 5242 11507 5886 11507 5259 11507 5259 11508 5886 11508 5887 11508 5259 11509 5887 11509 5260 11509 5260 11510 5887 11510 5673 11510 5260 11511 5673 11511 5265 11511 5368 11512 5370 11512 5888 11512 5888 11513 5370 11513 5371 11513 5388 11514 5889 11514 5389 11514 5389 11515 5889 11515 5890 11515 5389 11516 5890 11516 5398 11516 5388 11517 5387 11517 5889 11517 5889 11518 5387 11518 5390 11518 5889 11519 5390 11519 5384 11519 5400 11520 5399 11520 5891 11520 5891 11521 5399 11521 5396 11521 5891 11522 5396 11522 5890 11522 5890 11523 5396 11523 5397 11523 5890 11524 5397 11524 5398 11524 5400 11525 5891 11525 5401 11525 5401 11526 5891 11526 5892 11526 5401 11527 5892 11527 5402 11527 5893 11528 5404 11528 5892 11528 5892 11529 5404 11529 5403 11529 5892 11530 5403 11530 5402 11530 5413 11531 5418 11531 5894 11531 5415 11532 5768 11532 5416 11532 5416 11533 5768 11533 5426 11533 5418 11534 5425 11534 5894 11534 5894 11535 5425 11535 5424 11535 5894 11536 5424 11536 5879 11536 5879 11537 5424 11537 5423 11537 5879 11538 5423 11538 5406 11538 5511 11539 5525 11539 5895 11539 5525 11540 5526 11540 5895 11540 5895 11541 5526 11541 5501 11541 5895 11542 5501 11542 5896 11542 5897 11543 5536 11543 5898 11543 5898 11544 5536 11544 5537 11544 5898 11545 5537 11545 5895 11545 5895 11546 5537 11546 5512 11546 5895 11547 5512 11547 5511 11547 5899 11548 5532 11548 5897 11548 5897 11549 5532 11549 5534 11549 5897 11550 5534 11550 5536 11550 5447 11551 5446 11551 5900 11551 5900 11552 5446 11552 5450 11552 5450 11553 5441 11553 5900 11553 5900 11554 5441 11554 5440 11554 5900 11555 5440 11555 5899 11555 5899 11556 5440 11556 5531 11556 5899 11557 5531 11557 5532 11557 5457 11558 5458 11558 5901 11558 5901 11559 5458 11559 5459 11559 5460 11560 5462 11560 5902 11560 5902 11561 5462 11561 5463 11561 5902 11562 5463 11562 5448 11562 5465 11563 5878 11563 5466 11563 5469 11564 5468 11564 5903 11564 5485 11565 5486 11565 5904 11565 5485 11566 5904 11566 5468 11566 5486 11567 5487 11567 5904 11567 5904 11568 5487 11568 5488 11568 5904 11569 5488 11569 5489 11569 5494 11570 5493 11570 5903 11570 5903 11571 5493 11571 5492 11571 5903 11572 5492 11572 5469 11572 5505 11573 5506 11573 5905 11573 5905 11574 5506 11574 5483 11574 5905 11575 5483 11575 5906 11575 5906 11576 5483 11576 5482 11576 5906 11577 5482 11577 5481 11577 5481 11578 5479 11578 5906 11578 5906 11579 5479 11579 5478 11579 5906 11580 5478 11580 5495 11580 5907 11581 5908 11581 5507 11581 5503 11582 5909 11582 5504 11582 5504 11583 5909 11583 5896 11583 5504 11584 5896 11584 5500 11584 5500 11585 5896 11585 5501 11585 5503 11586 5510 11586 5909 11586 5909 11587 5510 11587 5509 11587 5909 11588 5509 11588 5908 11588 5908 11589 5509 11589 5508 11589 5908 11590 5508 11590 5507 11590 5633 11591 5634 11591 5910 11591 5645 11592 5620 11592 5910 11592 5910 11593 5620 11593 5619 11593 5910 11594 5619 11594 5633 11594 5644 11595 5911 11595 5912 11595 5913 11596 5640 11596 5912 11596 5912 11597 5640 11597 5642 11597 5912 11598 5642 11598 5644 11598 5914 11599 5567 11599 5556 11599 5914 11600 5556 11600 5915 11600 5556 11601 5555 11601 5915 11601 5915 11602 5555 11602 5554 11602 5915 11603 5554 11603 5558 11603 5558 11604 5549 11604 5915 11604 5915 11605 5549 11605 5548 11605 5915 11606 5548 11606 5913 11606 5913 11607 5548 11607 5639 11607 5913 11608 5639 11608 5640 11608 5569 11609 5568 11609 5916 11609 5916 11610 5568 11610 5565 11610 5916 11611 5565 11611 5914 11611 5914 11612 5565 11612 5566 11612 5914 11613 5566 11613 5567 11613 5569 11614 5916 11614 5570 11614 5570 11615 5916 11615 5917 11615 5570 11616 5917 11616 5571 11616 5918 11617 5573 11617 5917 11617 5917 11618 5573 11618 5572 11618 5917 11619 5572 11619 5571 11619 5576 11620 5593 11620 5919 11620 5919 11621 5593 11621 5594 11621 5919 11622 5594 11622 5595 11622 5595 11623 5596 11623 5919 11623 5919 11624 5596 11624 5597 11624 5919 11625 5597 11625 5920 11625 5920 11626 5597 11626 5575 11626 5920 11627 5575 11627 5574 11627 5602 11628 5601 11628 5921 11628 5921 11629 5601 11629 5600 11629 5921 11630 5600 11630 5577 11630 5613 11631 5614 11631 5922 11631 5922 11632 5614 11632 5591 11632 5922 11633 5591 11633 5923 11633 5923 11634 5591 11634 5590 11634 5923 11635 5590 11635 5589 11635 5589 11636 5588 11636 5923 11636 5923 11637 5588 11637 5587 11637 5923 11638 5587 11638 5603 11638 5617 11639 5616 11639 5924 11639 5612 11640 5611 11640 5925 11640 5925 11641 5611 11641 5618 11641 5875 11642 5760 11642 5759 11642 5926 11643 5927 11643 5928 11643 5929 11644 5930 11644 5931 11644 5865 11645 5867 11645 5932 11645 5933 11646 5934 11646 5935 11646 5936 11647 5937 11647 5938 11647 5939 11648 5858 11648 5940 11648 5940 11649 5858 11649 5857 11649 5940 11650 5857 11650 5941 11650 5941 11651 5857 11651 5942 11651 5943 11652 5944 11652 5945 11652 5946 11653 5947 11653 5948 11653 5949 11654 5950 11654 5951 11654 5952 11655 5953 11655 5954 11655 5670 11656 5955 11656 5956 11656 5875 11657 5759 11657 5876 11657 5876 11658 5759 11658 5768 11658 5876 11659 5768 11659 5894 11659 5894 11660 5768 11660 5415 11660 5894 11661 5415 11661 5413 11661 5495 11662 5494 11662 5906 11662 5906 11663 5494 11663 5903 11663 5906 11664 5903 11664 5957 11664 5468 11665 5904 11665 5903 11665 5903 11666 5904 11666 5867 11666 5903 11667 5867 11667 5957 11667 5957 11668 5867 11668 5866 11668 5957 11669 5866 11669 5958 11669 5944 11670 5942 11670 5945 11670 5945 11671 5942 11671 5857 11671 5945 11672 5857 11672 5959 11672 5959 11673 5857 11673 5856 11673 5959 11674 5856 11674 5960 11674 5947 11675 5961 11675 5948 11675 5948 11676 5961 11676 5962 11676 5948 11677 5962 11677 5921 11677 5921 11678 5962 11678 5923 11678 5921 11679 5923 11679 5602 11679 5602 11680 5923 11680 5603 11680 5963 11681 5946 11681 5964 11681 5964 11682 5946 11682 5948 11682 5964 11683 5948 11683 5919 11683 5919 11684 5948 11684 5921 11684 5919 11685 5921 11685 5576 11685 5576 11686 5921 11686 5577 11686 5670 11687 5956 11687 5671 11687 5671 11688 5956 11688 5880 11688 5671 11689 5880 11689 5725 11689 5725 11690 5880 11690 5223 11690 5725 11691 5223 11691 5222 11691 5872 11692 5874 11692 5873 11692 5873 11693 5874 11693 5876 11693 5873 11694 5876 11694 5965 11694 5965 11695 5876 11695 5894 11695 5965 11696 5894 11696 5893 11696 5893 11697 5894 11697 5879 11697 5893 11698 5879 11698 5404 11698 5404 11699 5879 11699 5405 11699 5958 11700 5868 11700 5957 11700 5957 11701 5868 11701 5870 11701 5957 11702 5870 11702 5906 11702 5906 11703 5870 11703 5966 11703 5906 11704 5966 11704 5905 11704 5905 11705 5966 11705 5907 11705 5905 11706 5907 11706 5505 11706 5505 11707 5907 11707 5507 11707 5967 11708 5904 11708 5968 11708 5968 11709 5904 11709 5489 11709 5968 11710 5489 11710 5452 11710 5616 11711 5615 11711 5924 11711 5924 11712 5615 11712 5960 11712 5924 11713 5960 11713 5969 11713 5969 11714 5960 11714 5856 11714 5969 11715 5856 11715 5970 11715 5970 11716 5856 11716 5858 11716 5970 11717 5858 11717 5936 11717 5936 11718 5858 11718 5939 11718 5936 11719 5939 11719 5937 11719 5961 11720 5943 11720 5962 11720 5962 11721 5943 11721 5945 11721 5962 11722 5945 11722 5923 11722 5923 11723 5945 11723 5959 11723 5923 11724 5959 11724 5922 11724 5922 11725 5959 11725 5960 11725 5922 11726 5960 11726 5613 11726 5613 11727 5960 11727 5615 11727 5863 11728 5963 11728 5864 11728 5864 11729 5963 11729 5964 11729 5864 11730 5964 11730 5971 11730 5971 11731 5964 11731 5919 11731 5971 11732 5919 11732 5918 11732 5918 11733 5919 11733 5920 11733 5918 11734 5920 11734 5573 11734 5573 11735 5920 11735 5574 11735 5955 11736 5859 11736 5956 11736 5956 11737 5859 11737 5861 11737 5956 11738 5861 11738 5880 11738 5880 11739 5861 11739 5972 11739 5880 11740 5972 11740 5881 11740 5881 11741 5972 11741 5882 11741 5881 11742 5882 11742 5236 11742 5236 11743 5882 11743 5237 11743 5618 11744 5617 11744 5925 11744 5925 11745 5617 11745 5924 11745 5925 11746 5924 11746 5973 11746 5973 11747 5924 11747 5969 11747 5973 11748 5969 11748 5974 11748 5974 11749 5969 11749 5970 11749 5974 11750 5970 11750 5975 11750 5975 11751 5970 11751 5936 11751 5975 11752 5936 11752 5933 11752 5933 11753 5936 11753 5938 11753 5933 11754 5938 11754 5934 11754 5608 11755 5612 11755 5877 11755 5877 11756 5612 11756 5925 11756 5877 11757 5925 11757 5976 11757 5976 11758 5925 11758 5973 11758 5976 11759 5973 11759 5977 11759 5977 11760 5973 11760 5974 11760 5977 11761 5974 11761 5978 11761 5978 11762 5974 11762 5975 11762 5978 11763 5975 11763 5979 11763 5979 11764 5975 11764 5933 11764 5979 11765 5933 11765 5980 11765 5980 11766 5933 11766 5935 11766 5980 11767 5935 11767 5981 11767 5634 11768 5609 11768 5910 11768 5910 11769 5609 11769 5877 11769 5910 11770 5877 11770 5982 11770 5982 11771 5877 11771 5976 11771 5982 11772 5976 11772 5983 11772 5983 11773 5976 11773 5977 11773 5983 11774 5977 11774 5984 11774 5984 11775 5977 11775 5978 11775 5984 11776 5978 11776 5985 11776 5985 11777 5978 11777 5979 11777 5985 11778 5979 11778 5986 11778 5986 11779 5979 11779 5980 11779 5986 11780 5980 11780 5987 11780 5987 11781 5980 11781 5981 11781 5987 11782 5981 11782 5932 11782 5927 11783 5871 11783 5928 11783 5928 11784 5871 11784 5873 11784 5928 11785 5873 11785 5988 11785 5988 11786 5873 11786 5965 11786 5988 11787 5965 11787 5989 11787 5989 11788 5965 11788 5893 11788 5989 11789 5893 11789 5990 11789 5990 11790 5893 11790 5892 11790 5990 11791 5892 11791 5991 11791 5991 11792 5892 11792 5891 11792 5991 11793 5891 11793 5992 11793 5992 11794 5891 11794 5890 11794 5992 11795 5890 11795 5993 11795 5993 11796 5890 11796 5889 11796 5994 11797 5926 11797 5995 11797 5995 11798 5926 11798 5928 11798 5995 11799 5928 11799 5996 11799 5996 11800 5928 11800 5988 11800 5996 11801 5988 11801 5997 11801 5997 11802 5988 11802 5989 11802 5997 11803 5989 11803 5998 11803 5998 11804 5989 11804 5990 11804 5998 11805 5990 11805 5999 11805 5999 11806 5990 11806 5991 11806 5999 11807 5991 11807 6000 11807 6000 11808 5991 11808 5992 11808 6000 11809 5992 11809 6001 11809 6001 11810 5992 11810 5993 11810 6002 11811 5902 11811 5900 11811 5900 11812 5902 11812 5448 11812 5900 11813 5448 11813 5447 11813 5950 11814 5862 11814 5951 11814 5951 11815 5862 11815 5864 11815 5951 11816 5864 11816 6003 11816 6003 11817 5864 11817 5971 11817 6003 11818 5971 11818 6004 11818 6004 11819 5971 11819 5918 11819 6004 11820 5918 11820 6005 11820 6005 11821 5918 11821 5917 11821 6005 11822 5917 11822 6006 11822 6006 11823 5917 11823 5916 11823 6006 11824 5916 11824 6007 11824 6007 11825 5916 11825 5914 11825 6007 11826 5914 11826 6008 11826 6008 11827 5914 11827 5915 11827 5860 11828 6009 11828 5861 11828 5861 11829 6009 11829 6010 11829 5861 11830 6010 11830 5972 11830 5972 11831 6010 11831 6011 11831 5972 11832 6011 11832 5882 11832 5882 11833 6011 11833 6012 11833 5882 11834 6012 11834 5883 11834 5883 11835 6012 11835 6013 11835 5883 11836 6013 11836 5884 11836 5884 11837 6013 11837 6014 11837 5884 11838 6014 11838 5885 11838 5885 11839 6014 11839 6015 11839 5885 11840 6015 11840 5886 11840 5886 11841 6015 11841 6016 11841 5371 11842 5715 11842 5888 11842 5888 11843 5715 11843 5294 11843 5888 11844 5294 11844 5293 11844 5293 11845 5292 11845 5888 11845 5888 11846 5292 11846 5889 11846 5888 11847 5889 11847 5368 11847 5368 11848 5889 11848 5384 11848 5292 11849 5291 11849 5889 11849 5889 11850 5291 11850 5302 11850 5889 11851 5302 11851 5993 11851 5993 11852 5302 11852 5301 11852 5993 11853 5301 11853 6001 11853 6001 11854 5301 11854 5300 11854 6001 11855 5300 11855 5299 11855 5299 11856 5298 11856 6001 11856 6001 11857 5298 11857 6017 11857 6001 11858 6017 11858 6000 11858 6000 11859 6017 11859 6018 11859 6000 11860 6018 11860 5999 11860 5999 11861 6018 11861 6019 11861 5999 11862 6019 11862 5998 11862 5998 11863 6019 11863 6020 11863 5998 11864 6020 11864 5997 11864 5997 11865 6020 11865 6021 11865 5997 11866 6021 11866 5996 11866 5996 11867 6021 11867 6022 11867 5996 11868 6022 11868 5995 11868 5995 11869 6022 11869 5931 11869 5995 11870 5931 11870 5994 11870 5994 11871 5931 11871 5930 11871 5298 11872 5297 11872 6017 11872 6017 11873 5297 11873 5855 11873 6017 11874 5855 11874 6018 11874 6018 11875 5855 11875 6023 11875 6018 11876 6023 11876 6019 11876 6019 11877 6023 11877 6024 11877 6019 11878 6024 11878 6020 11878 6020 11879 6024 11879 6025 11879 6020 11880 6025 11880 6021 11880 6021 11881 6025 11881 6026 11881 6021 11882 6026 11882 6022 11882 6022 11883 6026 11883 6027 11883 6022 11884 6027 11884 5931 11884 5931 11885 6027 11885 6028 11885 5931 11886 6028 11886 5929 11886 5929 11887 6028 11887 6029 11887 5296 11888 5307 11888 5855 11888 5855 11889 5307 11889 5895 11889 5855 11890 5895 11890 6023 11890 6023 11891 5895 11891 5896 11891 6023 11892 5896 11892 6024 11892 6024 11893 5896 11893 5909 11893 6024 11894 5909 11894 6025 11894 6025 11895 5909 11895 5908 11895 6025 11896 5908 11896 6026 11896 6026 11897 5908 11897 5907 11897 6026 11898 5907 11898 6027 11898 6027 11899 5907 11899 5966 11899 6027 11900 5966 11900 6028 11900 6028 11901 5966 11901 5870 11901 6028 11902 5870 11902 6029 11902 6029 11903 5870 11903 5869 11903 5307 11904 5306 11904 5895 11904 5895 11905 5306 11905 5305 11905 5895 11906 5305 11906 5898 11906 5898 11907 5305 11907 5304 11907 5898 11908 5304 11908 5897 11908 5304 11909 5303 11909 5897 11909 5897 11910 5303 11910 5312 11910 5897 11911 5312 11911 5899 11911 5899 11912 5312 11912 5311 11912 5899 11913 5311 11913 5900 11913 5311 11914 5310 11914 5900 11914 5900 11915 5310 11915 5309 11915 5900 11916 5309 11916 6002 11916 6002 11917 5309 11917 5308 11917 6002 11918 5308 11918 5319 11918 5459 11919 5460 11919 5901 11919 5901 11920 5460 11920 5902 11920 5901 11921 5902 11921 6030 11921 6030 11922 5902 11922 6002 11922 6030 11923 6002 11923 6031 11923 6031 11924 6002 11924 5319 11924 6031 11925 5319 11925 5318 11925 5464 11926 5457 11926 5878 11926 5878 11927 5457 11927 5901 11927 5878 11928 5901 11928 6032 11928 6032 11929 5901 11929 6030 11929 6032 11930 6030 11930 6033 11930 6033 11931 6030 11931 6031 11931 6033 11932 6031 11932 6034 11932 6034 11933 6031 11933 5318 11933 5318 11934 5317 11934 6034 11934 6034 11935 5317 11935 5316 11935 6034 11936 5316 11936 5315 11936 5452 11937 5451 11937 5968 11937 5968 11938 5451 11938 5466 11938 5968 11939 5466 11939 5967 11939 5967 11940 5466 11940 5878 11940 5967 11941 5878 11941 6035 11941 6035 11942 5878 11942 6032 11942 6035 11943 6032 11943 6036 11943 6036 11944 6032 11944 6033 11944 6036 11945 6033 11945 6037 11945 6037 11946 6033 11946 6034 11946 6037 11947 6034 11947 6038 11947 6038 11948 6034 11948 5315 11948 6038 11949 5315 11949 5314 11949 5932 11950 5867 11950 5987 11950 5987 11951 5867 11951 5904 11951 5987 11952 5904 11952 5986 11952 5986 11953 5904 11953 5967 11953 5986 11954 5967 11954 5985 11954 5985 11955 5967 11955 6035 11955 5985 11956 6035 11956 5984 11956 5984 11957 6035 11957 6036 11957 5984 11958 6036 11958 5983 11958 5983 11959 6036 11959 6037 11959 5983 11960 6037 11960 5982 11960 5982 11961 6037 11961 6038 11961 5982 11962 6038 11962 5910 11962 5910 11963 6038 11963 5314 11963 5910 11964 5314 11964 5313 11964 5313 11965 5324 11965 5910 11965 5910 11966 5324 11966 5911 11966 5910 11967 5911 11967 5645 11967 5645 11968 5911 11968 5644 11968 5324 11969 5323 11969 5911 11969 5911 11970 5323 11970 5322 11970 5911 11971 5322 11971 5912 11971 5912 11972 5322 11972 5321 11972 5912 11973 5321 11973 5913 11973 5321 11974 5320 11974 5913 11974 5913 11975 5320 11975 5329 11975 5913 11976 5329 11976 5915 11976 5915 11977 5329 11977 5328 11977 5915 11978 5328 11978 6008 11978 6008 11979 5328 11979 5327 11979 5327 11980 5326 11980 6008 11980 6008 11981 5326 11981 5854 11981 6008 11982 5854 11982 6007 11982 6007 11983 5854 11983 6039 11983 6007 11984 6039 11984 6006 11984 6006 11985 6039 11985 6040 11985 6006 11986 6040 11986 6005 11986 6005 11987 6040 11987 6041 11987 6005 11988 6041 11988 6004 11988 6004 11989 6041 11989 6042 11989 6004 11990 6042 11990 6003 11990 6003 11991 6042 11991 6043 11991 6003 11992 6043 11992 5951 11992 5951 11993 6043 11993 6044 11993 5951 11994 6044 11994 5949 11994 5949 11995 6044 11995 6045 11995 5325 11996 5334 11996 5854 11996 5854 11997 5334 11997 5853 11997 5854 11998 5853 11998 6039 11998 6039 11999 5853 11999 6046 11999 6039 12000 6046 12000 6040 12000 6040 12001 6046 12001 6047 12001 6040 12002 6047 12002 6041 12002 6041 12003 6047 12003 6048 12003 6041 12004 6048 12004 6042 12004 6042 12005 6048 12005 6049 12005 6042 12006 6049 12006 6043 12006 6043 12007 6049 12007 6050 12007 6043 12008 6050 12008 6044 12008 6044 12009 6050 12009 5954 12009 6044 12010 5954 12010 6045 12010 6045 12011 5954 12011 5953 12011 5333 12012 5332 12012 5853 12012 5853 12013 5332 12013 6016 12013 5853 12014 6016 12014 6046 12014 6046 12015 6016 12015 6015 12015 6046 12016 6015 12016 6047 12016 6047 12017 6015 12017 6014 12017 6047 12018 6014 12018 6048 12018 6048 12019 6014 12019 6013 12019 6048 12020 6013 12020 6049 12020 6049 12021 6013 12021 6012 12021 6049 12022 6012 12022 6050 12022 6050 12023 6012 12023 6011 12023 6050 12024 6011 12024 5954 12024 5954 12025 6011 12025 6010 12025 5954 12026 6010 12026 5952 12026 5952 12027 6010 12027 6009 12027 5332 12028 5331 12028 6016 12028 6016 12029 5331 12029 5330 12029 6016 12030 5330 12030 5886 12030 5886 12031 5330 12031 5341 12031 5886 12032 5341 12032 5887 12032 5338 12033 5673 12033 5339 12033 5339 12034 5673 12034 5887 12034 5339 12035 5887 12035 5340 12035 5340 12036 5887 12036 5341 12036 5659 12037 6051 12037 5661 12037 5661 12038 6051 12038 6052 12038 5661 12039 6052 12039 5662 12039 5662 12040 6052 12040 6053 12040 5662 12041 6053 12041 5745 12041 5747 12042 6054 12042 5748 12042 5748 12043 6054 12043 6051 12043 5748 12044 6051 12044 5658 12044 5658 12045 6051 12045 5659 12045 5747 12046 5751 12046 6054 12046 6054 12047 5751 12047 5750 12047 6054 12048 5750 12048 6055 12048 5750 12049 5765 12049 6055 12049 6055 12050 5765 12050 5779 12050 6055 12051 5779 12051 6056 12051 6056 12052 5779 12052 5656 12052 6056 12053 5656 12053 5655 12053 5655 12054 5754 12054 6056 12054 6056 12055 5754 12055 5753 12055 6056 12056 5753 12056 6057 12056 5753 12057 5852 12057 6057 12057 6057 12058 5852 12058 5653 12058 6057 12059 5653 12059 6058 12059 5653 12060 5652 12060 6058 12060 6058 12061 5652 12061 5757 12061 6058 12062 5757 12062 6059 12062 6059 12063 5757 12063 5756 12063 6059 12064 5756 12064 5761 12064 5761 12065 5760 12065 6059 12065 6059 12066 5760 12066 5875 12066 6059 12067 5875 12067 6060 12067 5871 12068 6061 12068 5872 12068 5872 12069 6061 12069 6060 12069 5872 12070 6060 12070 5874 12070 5874 12071 6060 12071 5875 12071 5871 12072 5927 12072 6061 12072 6061 12073 5927 12073 5926 12073 6061 12074 5926 12074 6062 12074 5926 12075 5994 12075 6062 12075 6062 12076 5994 12076 5930 12076 6062 12077 5930 12077 6063 12077 5930 12078 5929 12078 6063 12078 6063 12079 5929 12079 6029 12079 6063 12080 6029 12080 6064 12080 6064 12081 6029 12081 5869 12081 6064 12082 5869 12082 5868 12082 5865 12083 6065 12083 5866 12083 5866 12084 6065 12084 6064 12084 5866 12085 6064 12085 5958 12085 5958 12086 6064 12086 5868 12086 5865 12087 5932 12087 6065 12087 6065 12088 5932 12088 5981 12088 6065 12089 5981 12089 6066 12089 6066 12090 5981 12090 5935 12090 6066 12091 5935 12091 6067 12091 6067 12092 5935 12092 5934 12092 6067 12093 5934 12093 5938 12093 5938 12094 5937 12094 6067 12094 6067 12095 5937 12095 5939 12095 6067 12096 5939 12096 6068 12096 5942 12097 6069 12097 5941 12097 5941 12098 6069 12098 6068 12098 5941 12099 6068 12099 5940 12099 5940 12100 6068 12100 5939 12100 5961 12101 6070 12101 5943 12101 5943 12102 6070 12102 6069 12102 5943 12103 6069 12103 5944 12103 5944 12104 6069 12104 5942 12104 5961 12105 5947 12105 6070 12105 6070 12106 5947 12106 5946 12106 6070 12107 5946 12107 6071 12107 5946 12108 5963 12108 6071 12108 6071 12109 5963 12109 5863 12109 6071 12110 5863 12110 6072 12110 5949 12111 6073 12111 5950 12111 5950 12112 6073 12112 6072 12112 5950 12113 6072 12113 5862 12113 5862 12114 6072 12114 5863 12114 5949 12115 6045 12115 6073 12115 6073 12116 6045 12116 5953 12116 6073 12117 5953 12117 6074 12117 5953 12118 5952 12118 6074 12118 6074 12119 5952 12119 6009 12119 6074 12120 6009 12120 6075 12120 6075 12121 6009 12121 5860 12121 5670 12122 6076 12122 5955 12122 5955 12123 6076 12123 6075 12123 5955 12124 6075 12124 5859 12124 5859 12125 6075 12125 5860 12125 5670 12126 5669 12126 6076 12126 6076 12127 5669 12127 5726 12127 6076 12128 5726 12128 6077 12128 5726 12129 5727 12129 6077 12129 6077 12130 5727 12130 5769 12130 6077 12131 5769 12131 6078 12131 6078 12132 5769 12132 5667 12132 6078 12133 5667 12133 5666 12133 5666 12134 5730 12134 6078 12134 6078 12135 5730 12135 5729 12135 6078 12136 5729 12136 6079 12136 5729 12137 5831 12137 6079 12137 6079 12138 5831 12138 5664 12138 6079 12139 5664 12139 6080 12139 5732 12140 6081 12140 5733 12140 5733 12141 6081 12141 6080 12141 5733 12142 6080 12142 5663 12142 5663 12143 6080 12143 5664 12143 5738 12144 6082 12144 5736 12144 5736 12145 6082 12145 6081 12145 5736 12146 6081 12146 5737 12146 5737 12147 6081 12147 5732 12147 5744 12148 6083 12148 5740 12148 5740 12149 6083 12149 6082 12149 5740 12150 6082 12150 5741 12150 5741 12151 6082 12151 5738 12151 5744 12152 5743 12152 6083 12152 6083 12153 5743 12153 5778 12153 6083 12154 5778 12154 6053 12154 6053 12155 5778 12155 5746 12155 6053 12156 5746 12156 5745 12156 6053 12157 6084 12157 6083 12157 6083 12158 6084 12158 6085 12158 6083 12159 6085 12159 6082 12159 6082 12160 6085 12160 6086 12160 6082 12161 6086 12161 6081 12161 6081 12162 6086 12162 6087 12162 6081 12163 6087 12163 6080 12163 6080 12164 6087 12164 6088 12164 6080 12165 6088 12165 6079 12165 6079 12166 6088 12166 6089 12166 6079 12167 6089 12167 6078 12167 6078 12168 6089 12168 6090 12168 6078 12169 6090 12169 6077 12169 6077 12170 6090 12170 6091 12170 6077 12171 6091 12171 6076 12171 6076 12172 6091 12172 6092 12172 6076 12173 6092 12173 6075 12173 6075 12174 6092 12174 6093 12174 6075 12175 6093 12175 6074 12175 6074 12176 6093 12176 6094 12176 6074 12177 6094 12177 6073 12177 6073 12178 6094 12178 6095 12178 6073 12179 6095 12179 6072 12179 6072 12180 6095 12180 6096 12180 6072 12181 6096 12181 6071 12181 6071 12182 6096 12182 6097 12182 6071 12183 6097 12183 6070 12183 6070 12184 6097 12184 6098 12184 6070 12185 6098 12185 6069 12185 6069 12186 6098 12186 6099 12186 6069 12187 6099 12187 6068 12187 6068 12188 6099 12188 6100 12188 6068 12189 6100 12189 6067 12189 6067 12190 6100 12190 6101 12190 6067 12191 6101 12191 6066 12191 6066 12192 6101 12192 6102 12192 6066 12193 6102 12193 6065 12193 6065 12194 6102 12194 6103 12194 6065 12195 6103 12195 6064 12195 6064 12196 6103 12196 6104 12196 6064 12197 6104 12197 6063 12197 6063 12198 6104 12198 6105 12198 6063 12199 6105 12199 6062 12199 6062 12200 6105 12200 6106 12200 6062 12201 6106 12201 6061 12201 6061 12202 6106 12202 6107 12202 6061 12203 6107 12203 6060 12203 6060 12204 6107 12204 6108 12204 6060 12205 6108 12205 6059 12205 6059 12206 6108 12206 6109 12206 6059 12207 6109 12207 6058 12207 6058 12208 6109 12208 6110 12208 6058 12209 6110 12209 6057 12209 6057 12210 6110 12210 6111 12210 6057 12211 6111 12211 6056 12211 6056 12212 6111 12212 6112 12212 6056 12213 6112 12213 6055 12213 6055 12214 6112 12214 6113 12214 6055 12215 6113 12215 6054 12215 6054 12216 6113 12216 6114 12216 6054 12217 6114 12217 6051 12217 6051 12218 6114 12218 6115 12218 6051 12219 6115 12219 6052 12219 6052 12220 6115 12220 6116 12220 6052 12221 6116 12221 6053 12221 6053 12222 6116 12222 6084 12222 6085 12223 6084 12223 6117 12223 6117 12224 6084 12224 6116 12224 6117 12225 6116 12225 6115 12225 6088 12226 6087 12226 6117 12226 6117 12227 6087 12227 6086 12227 6117 12228 6086 12228 6085 12228 6091 12229 6090 12229 6117 12229 6117 12230 6090 12230 6089 12230 6117 12231 6089 12231 6088 12231 6094 12232 6093 12232 6117 12232 6117 12233 6093 12233 6092 12233 6117 12234 6092 12234 6091 12234 6097 12235 6096 12235 6117 12235 6117 12236 6096 12236 6095 12236 6117 12237 6095 12237 6094 12237 6100 12238 6099 12238 6117 12238 6117 12239 6099 12239 6098 12239 6117 12240 6098 12240 6097 12240 6103 12241 6102 12241 6117 12241 6117 12242 6102 12242 6101 12242 6117 12243 6101 12243 6100 12243 6106 12244 6105 12244 6117 12244 6117 12245 6105 12245 6104 12245 6117 12246 6104 12246 6103 12246 6109 12247 6108 12247 6117 12247 6117 12248 6108 12248 6107 12248 6117 12249 6107 12249 6106 12249 6112 12250 6111 12250 6117 12250 6117 12251 6111 12251 6110 12251 6117 12252 6110 12252 6109 12252 6115 12253 6114 12253 6117 12253 6117 12254 6114 12254 6113 12254 6117 12255 6113 12255 6112 12255</p>
        </triangles>
      </mesh>
    </geometry>
  </library_geometries>
  <library_visual_scenes>
    <visual_scene id="Scene" name="Scene">
      <node id="base" name="base" type="NODE">
        <matrix sid="transform">1 0 0 0 0 1 0 0 0 0 1 0 0 0 0 1</matrix>
        <instance_geometry url="#base-mesh" name="base"/>
      </node>
    </visual_scene>
  </library_visual_scenes>
  <scene>
    <instance_visual_scene url="#Scene"/>
  </scene>
</COLLADA>